season_id,award_year,player_name_raw,player_name_canonical,canonical_id,rank,eval_period_start,eval_period_end,club_at_time,nation_team,position_raw,position_group,is_forward,is_midfielder,is_defender,is_goalkeeper,league_goals,league_apps,goals_per_app,durability_apps,is_missing_stats,ucl_winner,league_winner,domestic_and_ucl_double,is_world_cup_year,is_euro_year,is_copa_year,nation_won_world_cup,nation_won_euro,nation_won_copa,nation_won_any_international,club_prestige_tier,club_prestige_score,market_size_proxy,signature_moment_flag,recency_boost_proxy,era,eval_type,source,league_goals_imputed_flag,league_apps_imputed_flag,goals_per_app_imputed_flag,goals_percentile_in_year,apps_percentile_in_year,goals_per_app_percentile_in_year
1956,1956,Stanley Matthews,Stanley Matthews,stanley-matthews-1915,1,1956-01-01,1956-12-31,Blackpool,England,Outside right,unknown,0,0,0,0,3.0,36.0,0.08333333333333333,36.0,0,0,0,0,0,0,0,0,0,0,0,2,2,2,0,0,classical,calendar,built from ground_truth_resolved + stats_combined + trophies + narrative,0,0,0,22.916666666666664,100.0,20.833333333333336
1956,1956,Alfredo Di Stéfano,Alfredo Di Stéfano,alfredo-di-stefano-1926,2,1956-01-01,1956-12-31,Real Madrid,Spain,Forward midfielder,forward,1,0,0,0,24.0,30.0,0.8,30.0,0,1,1,1,0,0,0,0,0,0,0,1,3,3,1,1,classical,calendar,built from ground_truth_resolved + stats_combined + trophies + narrative,0,0,0,95.83333333333334,45.83333333333333,95.83333333333334
1956,1956,Raymond Kopa,Raymond Kopa,raymond-kopa-1931,3,1956-01-01,1956-12-31,Reims Real Madrid,France,Forward attacking midfielder,forward,1,0,0,0,5.0,30.0,0.16666666666666666,30.0,0,1,0,0,0,0,0,0,0,0,0,1,3,3,1,1,classical,calendar,built from ground_truth_resolved + stats_combined + trophies + narrative,0,0,0,35.41666666666667,45.83333333333333,29.166666666666668
1956,1956,Ferenc Puskás,Ferenc Puskás,ferenc-puskas-1927,4,1956-01-01,1956-12-31,Budapest Honvéd,Hungary,Forward attacking midfielder,forward,1,0,0,0,8.0,19.0,0.42105263157894735,19.0,0,0,0,0,0,0,0,0,0,0,0,3,1,1,0,0,classical,calendar,built from ground_truth_resolved + stats_combined + trophies + narrative,0,0,0,70.83333333333334,6.25,70.83333333333334
1956,1956,Lev Yashin,Lev Yashin,lev-yashin-1929,5,1956-01-01,1956-12-31,Dynamo Moscow,Soviet Union,Goalkeeper,goalkeeper,0,0,0,1,0.0,19.0,0.0,19.0,0,0,0,0,0,0,0,0,0,0,0,3,1,1,0,0,classical,calendar,built from ground_truth_resolved + stats_combined + trophies + narrative,0,0,0,6.25,6.25,6.25
1956,1956,József Bozsik,József Bozsik,jozsef-bozsik-1925,6,1956-01-01,1956-12-31,Budapest Honvéd,Hungary,Central midfielder,midfielder,0,1,0,0,7.0,31.0,0.21875,,1,0,0,0,0,0,0,0,0,0,0,3,1,1,0,0,classical,calendar,built from ground_truth_resolved + stats_combined + trophies + narrative,1,1,1,56.25,68.75,56.25
1956,1956,Ernst Ocwirk,Ernst Ocwirk,ernst-ocwirk-1926,7,1956-01-01,1956-12-31,Austria Wien Sampdoria,Austria,Midfielder,midfielder,0,1,0,0,7.0,31.0,0.21875,,1,0,0,0,0,0,0,0,0,0,0,3,1,1,0,0,classical,calendar,built from ground_truth_resolved + stats_combined + trophies + narrative,1,1,1,56.25,68.75,56.25
1956,1956,Sándor Kocsis,Sándor Kocsis,sandor-kocsis-1929,8,1956-01-01,1956-12-31,Budapest Honvéd,Hungary,Striker,forward,1,0,0,0,13.0,21.0,0.6190476190476191,21.0,0,0,0,0,0,0,0,0,0,0,0,3,1,1,0,0,classical,calendar,built from ground_truth_resolved + stats_combined + trophies + narrative,0,0,0,79.16666666666666,12.5,91.66666666666666
1956,1956,Thadée Cisowski,Thadée Cisowski,thadee-cisowski-1927,9,1956-01-01,1956-12-31,RC Paris,France,Striker,forward,1,0,0,0,31.0,29.0,1.0689655172413792,29.0,0,0,0,0,0,0,0,0,0,0,0,3,1,1,0,0,classical,calendar,built from ground_truth_resolved + stats_combined + trophies + narrative,0,0,0,100.0,33.33333333333333,100.0
1956,1956,Ivan Kolev,Ivan Kolev,ivan-kolev,9,1956-01-01,1956-12-31,CDNA Sofia,Bulgaria,,unknown,0,0,0,0,5.0,28.0,0.1724137931034483,,1,0,0,0,0,0,0,0,0,0,0,3,1,1,0,0,classical,calendar,built from ground_truth_resolved + stats_combined + trophies + narrative,1,1,1,35.41666666666667,25.0,37.5
1956,1956,Billy Wright,Billy Wright,billy-wright,9,1956-01-01,1956-12-31,Wolverhampton Wanderers,England,,unknown,0,0,0,0,5.0,28.0,0.1724137931034483,,1,0,0,0,0,0,0,0,0,0,0,3,1,1,0,0,classical,calendar,built from ground_truth_resolved + stats_combined + trophies + narrative,1,1,1,35.41666666666667,25.0,37.5
1956,1956,Júlio Botelho,Júlio Botelho,julio-botelho-1929,12,1956-01-01,1956-12-31,Fiorentina,Italy,Right winger,forward,1,0,0,0,16.0,30.0,0.5348837209302325,,1,0,0,0,0,0,0,0,0,0,0,2,2,2,0,0,classical,calendar,built from ground_truth_resolved + stats_combined + trophies + narrative,1,1,1,87.5,45.83333333333333,79.16666666666666
1956,1956,Stefan Bozhkov,Stefan Bozhkov,stefan-bozhkov-1923,13,1956-01-01,1956-12-31,CDNA Sofia,Bulgaria,Midfielder,midfielder,0,1,0,0,7.0,31.0,0.21875,,1,0,0,0,0,0,0,0,0,0,0,3,1,1,0,0,classical,calendar,built from ground_truth_resolved + stats_combined + trophies + narrative,1,1,1,56.25,68.75,56.25
1956,1956,Duncan Edwards,Duncan Edwards,duncan-edwards-1936,13,1956-01-01,1956-12-31,Manchester United,England,Left half,unknown,0,0,0,0,3.0,33.0,0.09090909090909091,33.0,0,0,1,0,0,0,0,0,0,0,0,1,3,3,0,0,classical,calendar,built from ground_truth_resolved + stats_combined + trophies + narrative,0,0,0,22.916666666666664,95.83333333333334,25.0
1956,1956,Gerhard Hanappi,Gerhard Hanappi,gerhard-hanappi-1929,13,1956-01-01,1956-12-31,Rapid Wien,Austria,Midfielder,midfielder,0,1,0,0,7.0,31.0,0.21875,,1,0,0,0,0,0,0,0,0,0,0,3,1,1,0,0,classical,calendar,built from ground_truth_resolved + stats_combined + trophies + narrative,1,1,1,56.25,68.75,56.25
1956,1956,Robert Jonquet,Robert Jonquet,robert-jonquet-1925,13,1956-01-01,1956-12-31,Reims,France,Defender,defender,0,0,1,0,2.0,32.0,0.07407407407407407,,1,0,0,0,0,0,0,0,0,0,0,2,2,2,0,0,classical,calendar,built from ground_truth_resolved + stats_combined + trophies + narrative,1,1,1,14.583333333333334,87.5,14.583333333333334
1956,1956,Miguel Montuori,Miguel Montuori,miguel-montuori-1932,13,1956-01-01,1956-12-31,Fiorentina,Italy,Midfielder,midfielder,0,1,0,0,7.0,31.0,0.21875,,1,0,0,0,0,0,0,0,0,0,0,2,2,2,0,0,classical,calendar,built from ground_truth_resolved + stats_combined + trophies + narrative,1,1,1,56.25,68.75,56.25
1956,1956,Pepillo,Pepillo,pepillo,13,1956-01-01,1956-12-31,Sevilla,Spain,,unknown,0,0,0,0,5.0,28.0,0.1724137931034483,,1,0,0,0,0,0,0,0,0,0,0,2,2,2,0,0,classical,calendar,built from ground_truth_resolved + stats_combined + trophies + narrative,1,1,1,35.41666666666667,25.0,37.5
1956,1956,Juan Alberto Schiaffino,Juan Alberto Schiaffino,juan-alberto-schiaffino-1925,13,1956-01-01,1956-12-31,Milan,Italy,Attacking midfielder forward,forward,1,0,0,0,16.0,30.0,0.5348837209302325,,1,0,0,0,0,0,0,0,0,0,0,1,3,3,0,0,classical,calendar,built from ground_truth_resolved + stats_combined + trophies + narrative,1,1,1,87.5,45.83333333333333,79.16666666666666
1956,1956,Eduard Streltsov,Eduard Streltsov,eduard-streltsov-1937,13,1956-01-01,1956-12-31,Torpedo Moscow,Soviet Union,Forward attacking midfielder,forward,1,0,0,0,12.0,22.0,0.5454545454545454,22.0,0,0,0,0,0,0,0,0,0,0,0,3,1,1,0,0,classical,calendar,built from ground_truth_resolved + stats_combined + trophies + narrative,0,0,0,75.0,16.666666666666664,87.5
1956,1956,Marcelino Campanal,Marcelino Campanal,marcelino-campanal-1932,21,1956-01-01,1956-12-31,Sevilla,Spain,Defender,defender,0,0,1,0,2.0,32.0,0.07407407407407407,,1,0,0,0,0,0,0,0,0,0,0,2,2,2,0,0,classical,calendar,built from ground_truth_resolved + stats_combined + trophies + narrative,1,1,1,14.583333333333334,87.5,14.583333333333334
1956,1956,Břetislav Dolejší,Břetislav Dolejší,bretislav-dolejsi-1928,21,1956-01-01,1956-12-31,Dukla Prague,Czechoslovakia,Goalkeeper,goalkeeper,0,0,0,1,0.0,32.0,0.0,,1,0,0,0,0,0,0,0,0,0,0,3,1,1,0,0,classical,calendar,built from ground_truth_resolved + stats_combined + trophies + narrative,1,1,1,6.25,87.5,6.25
1956,1956,Roger Piantoni,Roger Piantoni,roger-piantoni-1931,21,1956-01-01,1956-12-31,FC Nancy,France,Inside forward,forward,1,0,0,0,16.0,30.0,0.5348837209302325,,1,0,0,0,0,0,0,0,0,0,0,3,1,1,0,0,classical,calendar,built from ground_truth_resolved + stats_combined + trophies + narrative,1,1,1,87.5,45.83333333333333,79.16666666666666
1956,1956,Kees Rijvers,Kees Rijvers,kees-rijvers-1926,21,1956-01-01,1956-12-31,Saint-Étienne,Netherlands,Midfielder,midfielder,0,1,0,0,7.0,31.0,0.21875,,1,0,1,0,0,0,0,0,0,0,0,3,1,1,0,0,classical,calendar,built from ground_truth_resolved + stats_combined + trophies + narrative,1,1,1,56.25,68.75,56.25
1957,1957,Alfredo Di Stéfano,Alfredo Di Stéfano,alfredo-di-stefano-1926,1,1957-01-01,1957-12-31,Real Madrid,Spain,Forward midfielder,forward,1,0,0,0,31.0,30.0,1.0333333333333334,30.0,0,1,1,1,0,0,0,0,0,0,0,1,3,3,1,1,classical,calendar,built from ground_truth_resolved + stats_combined + trophies + narrative,0,0,0,95.65217391304348,50.0,100.0
1957,1957,Billy Wright,Billy Wright,billy-wright,2,1957-01-01,1957-12-31,Wolverhampton Wanderers,England,,unknown,0,0,0,0,5.0,28.0,0.1724137931034483,,1,0,1,0,0,0,0,0,0,0,0,3,1,1,0,0,classical,calendar,built from ground_truth_resolved + stats_combined + trophies + narrative,1,1,1,28.26086956521739,36.95652173913043,32.608695652173914
1957,1957,Duncan Edwards,Duncan Edwards,duncan-edwards-1936,3,1957-01-01,1957-12-31,Manchester United,England,Left half,unknown,0,0,0,0,5.0,34.0,0.14705882352941177,34.0,0,0,0,0,0,0,0,0,0,0,0,1,3,3,0,0,classical,calendar,built from ground_truth_resolved + stats_combined + trophies + narrative,0,0,0,28.26086956521739,95.65217391304348,21.73913043478261
1957,1957,Raymond Kopa,Raymond Kopa,raymond-kopa-1931,3,1957-01-01,1957-12-31,Real Madrid,France,Forward attacking midfielder,forward,1,0,0,0,6.0,22.0,0.2727272727272727,22.0,0,1,1,1,0,0,0,0,0,0,0,1,3,3,1,1,classical,calendar,built from ground_truth_resolved + stats_combined + trophies + narrative,0,0,0,39.130434782608695,21.73913043478261,60.86956521739131
1957,1957,László Kubala,László Kubala,laszlo-kubala-1927,5,1957-01-01,1957-12-31,Barcelona,Hungary,Striker,forward,1,0,0,0,9.0,18.0,0.5,18.0,0,0,0,0,0,0,0,0,0,0,0,1,3,3,0,0,classical,calendar,built from ground_truth_resolved + stats_combined + trophies + narrative,0,0,0,69.56521739130434,17.391304347826086,65.21739130434783
1957,1957,John Charles,John Charles,john-charles-1931,6,1957-01-01,1957-12-31,Leeds United Juventus,Wales,Centre-forward centre-back,forward,1,0,0,0,38.0,40.0,0.95,40.0,0,0,0,0,0,0,0,0,0,0,0,1,3,3,0,0,classical,calendar,built from ground_truth_resolved + stats_combined + trophies + narrative,0,0,0,100.0,100.0,95.65217391304348
1957,1957,Eduard Streltsov,Eduard Streltsov,eduard-streltsov-1937,7,1957-01-01,1957-12-31,Torpedo Moscow,Soviet Union,Forward attacking midfielder,forward,1,0,0,0,12.0,15.0,0.8,15.0,0,0,0,0,0,0,0,0,0,0,0,3,1,1,0,0,classical,calendar,built from ground_truth_resolved + stats_combined + trophies + narrative,0,0,0,73.91304347826086,13.043478260869565,91.30434782608695
1957,1957,Tommy Taylor,Tommy Taylor,tommy-taylor-1932,8,1957-01-01,1957-12-31,Manchester United,England,Centre-forward,forward,1,0,0,0,22.0,32.0,0.6875,32.0,0,0,0,0,0,0,0,0,0,0,0,1,3,3,0,0,classical,calendar,built from ground_truth_resolved + stats_combined + trophies + narrative,0,0,0,91.30434782608695,82.6086956521739,86.95652173913044
1957,1957,József Bozsik,József Bozsik,jozsef-bozsik-1925,9,1957-01-01,1957-12-31,Budapest Honvéd,Hungary,Central midfielder,midfielder,0,1,0,0,7.0,31.0,0.21875,,1,0,0,0,0,0,0,0,0,0,0,3,1,1,0,0,classical,calendar,built from ground_truth_resolved + stats_combined + trophies + narrative,1,1,1,54.347826086956516,67.3913043478261,45.65217391304348
1957,1957,Igor Netto,Igor Netto,igor-netto-1930,9,1957-01-01,1957-12-31,Spartak Moscow,Soviet Union,Midfielder,midfielder,0,1,0,0,7.0,31.0,0.21875,,1,0,0,0,0,0,0,0,0,0,0,3,1,1,0,0,classical,calendar,built from ground_truth_resolved + stats_combined + trophies + narrative,1,1,1,54.347826086956516,67.3913043478261,45.65217391304348
1957,1957,Lev Yashin,Lev Yashin,lev-yashin-1929,11,1957-01-01,1957-12-31,Dynamo Moscow,Soviet Union,Goalkeeper,goalkeeper,0,0,0,1,0.0,12.0,0.0,12.0,0,0,0,0,0,0,0,0,0,0,0,3,1,1,0,0,classical,calendar,built from ground_truth_resolved + stats_combined + trophies + narrative,0,0,0,6.521739130434782,8.695652173913043,6.521739130434782
1957,1957,Paco Gento,Paco Gento,paco-gento-1933,12,1957-01-01,1957-12-31,Real Madrid,Spain,Outside left,unknown,0,0,0,0,7.0,27.0,0.25925925925925924,27.0,0,1,1,1,0,0,0,0,0,0,0,1,3,3,1,1,classical,calendar,built from ground_truth_resolved + stats_combined + trophies + narrative,0,0,0,54.347826086956516,30.434782608695656,56.52173913043478
1957,1957,Gyula Grosics,Gyula Grosics,gyula-grosics-1926,12,1957-01-01,1957-12-31,Budapest Honvéd Tatabánya,Hungary,Goalkeeper,goalkeeper,0,0,0,1,0.0,32.0,0.0,,1,0,0,0,0,0,0,0,0,0,0,3,1,1,0,0,classical,calendar,built from ground_truth_resolved + stats_combined + trophies + narrative,1,1,1,6.521739130434782,82.6086956521739,6.521739130434782
1957,1957,Danny Blanchflower,Danny Blanchflower,danny-blanchflower-1926,14,1957-01-01,1957-12-31,Tottenham Hotspur,Northern Ireland,Right-half,unknown,0,0,0,0,5.0,28.0,0.1724137931034483,,1,0,0,0,0,0,0,0,0,0,0,2,2,2,0,0,classical,calendar,built from ground_truth_resolved + stats_combined + trophies + narrative,1,1,1,28.26086956521739,36.95652173913043,32.608695652173914
1957,1957,Miloš Milutinović,Miloš Milutinović,milos-milutinovic-1933,14,1957-01-01,1957-12-31,Partizan,Yugoslavia,Winger striker,forward,1,0,0,0,16.0,30.0,0.5348837209302325,,1,0,0,0,0,0,0,0,0,0,0,3,1,1,0,0,classical,calendar,built from ground_truth_resolved + stats_combined + trophies + narrative,1,1,1,82.6086956521739,50.0,73.91304347826086
1957,1957,Juan Alberto Schiaffino,Juan Alberto Schiaffino,juan-alberto-schiaffino-1925,14,1957-01-01,1957-12-31,Milan,Italy,Attacking midfielder forward,forward,1,0,0,0,16.0,30.0,0.5348837209302325,,1,0,0,0,0,0,0,0,0,0,0,1,3,3,0,0,classical,calendar,built from ground_truth_resolved + stats_combined + trophies + narrative,1,1,1,82.6086956521739,50.0,73.91304347826086
1957,1957,Gerhard Hanappi,Gerhard Hanappi,gerhard-hanappi-1929,17,1957-01-01,1957-12-31,Rapid Wien,Austria,Midfielder,midfielder,0,1,0,0,7.0,31.0,0.21875,,1,0,0,0,0,0,0,0,0,0,0,3,1,1,0,0,classical,calendar,built from ground_truth_resolved + stats_combined + trophies + narrative,1,1,1,54.347826086956516,67.3913043478261,45.65217391304348
1957,1957,Johnny Haynes,Johnny Haynes,johnny-haynes-1934,17,1957-01-01,1957-12-31,Fulham,England,Inside forward,forward,1,0,0,0,5.0,33.0,0.15151515151515152,33.0,0,0,0,0,0,0,0,0,0,0,0,3,1,1,0,0,classical,calendar,built from ground_truth_resolved + stats_combined + trophies + narrative,0,0,0,28.26086956521739,91.30434782608695,26.08695652173913
1957,1957,Stanley Matthews,Stanley Matthews,stanley-matthews-1915,17,1957-01-01,1957-12-31,Blackpool,England,Outside right,unknown,0,0,0,0,2.0,25.0,0.08,25.0,0,0,0,0,0,0,0,0,0,0,0,2,2,2,0,0,classical,calendar,built from ground_truth_resolved + stats_combined + trophies + narrative,0,0,0,15.217391304347828,26.08695652173913,17.391304347826086
1957,1957,Sándor Kocsis,Sándor Kocsis,sandor-kocsis-1929,20,1957-01-01,1957-12-31,Young Fellows Zürich,Hungary,Striker,forward,1,0,0,0,7.0,11.0,0.6363636363636364,11.0,0,0,0,0,0,0,0,0,0,0,0,3,1,1,0,0,classical,calendar,built from ground_truth_resolved + stats_combined + trophies + narrative,0,0,0,54.347826086956516,4.3478260869565215,82.6086956521739
1957,1957,Horst Szymaniak,Horst Szymaniak,horst-szymaniak-1934,20,1957-01-01,1957-12-31,Wuppertaler SV,West Germany,Midfielder,midfielder,0,1,0,0,7.0,31.0,0.21875,,1,0,0,0,0,0,0,0,0,0,0,3,1,1,0,0,classical,calendar,built from ground_truth_resolved + stats_combined + trophies + narrative,1,1,1,54.347826086956516,67.3913043478261,45.65217391304348
1957,1957,Kurt Hamrin,Kurt Hamrin,kurt-hamrin-1934,22,1957-01-01,1957-12-31,Padova,Sweden,Winger,forward,1,0,0,0,16.0,30.0,0.5348837209302325,,1,0,0,0,0,0,0,0,0,0,0,3,1,1,0,0,classical,calendar,built from ground_truth_resolved + stats_combined + trophies + narrative,1,1,1,82.6086956521739,50.0,73.91304347826086
1957,1957,Ladislav Novák,Ladislav Novák,ladislav-novak-1931,22,1957-01-01,1957-12-31,Dukla Prague,Czechoslovakia,Defender,defender,0,0,1,0,2.0,32.0,0.07407407407407407,,1,0,0,0,0,0,0,0,0,0,0,3,1,1,0,0,classical,calendar,built from ground_truth_resolved + stats_combined + trophies + narrative,1,1,1,15.217391304347828,82.6086956521739,13.043478260869565
1958,1958,Raymond Kopa,Raymond Kopa,raymond-kopa-1931,1,1958-01-01,1958-12-31,Real Madrid,France,Forward attacking midfielder,forward,1,0,0,0,8.0,27.0,0.2962962962962963,27.0,0,1,0,0,1,0,0,0,0,0,0,1,3,3,1,1,classical,calendar,built from ground_truth_resolved + stats_combined + trophies + narrative,0,0,0,65.38461538461539,17.307692307692307,67.3076923076923
1958,1958,Helmut Rahn,Helmut Rahn,helmut-rahn-1929,2,1958-01-01,1958-12-31,Rot-Weiss Essen,West Germany,Outside forward,forward,1,0,0,0,8.0,27.0,0.2962962962962963,27.0,0,0,0,0,1,0,0,0,0,0,0,3,1,1,0,0,classical,calendar,built from ground_truth_resolved + stats_combined + trophies + narrative,0,0,0,65.38461538461539,17.307692307692307,67.3076923076923
1958,1958,Just Fontaine,Just Fontaine,just-fontaine-1933,3,1958-01-01,1958-12-31,Reims,France,Striker,forward,1,0,0,0,34.0,26.0,1.3076923076923077,26.0,0,0,0,0,1,0,0,0,0,0,0,2,2,2,0,0,classical,calendar,built from ground_truth_resolved + stats_combined + trophies + narrative,0,0,0,100.0,11.538461538461538,100.0
1958,1958,John Charles,John Charles,john-charles-1931,4,1958-01-01,1958-12-31,Juventus,Wales,Centre-forward centre-back,forward,1,0,0,0,28.0,34.0,0.8235294117647058,34.0,0,0,0,0,1,0,0,0,0,0,0,1,3,3,0,0,classical,calendar,built from ground_truth_resolved + stats_combined + trophies + narrative,0,0,0,96.15384615384616,90.38461538461539,96.15384615384616
1958,1958,Kurt Hamrin,Kurt Hamrin,kurt-hamrin-1934,4,1958-01-01,1958-12-31,Padova Fiorentina,Sweden,Winger,forward,1,0,0,0,16.0,30.0,0.5348837209302325,,1,0,0,0,1,0,0,0,0,0,0,2,2,2,0,0,classical,calendar,built from ground_truth_resolved + stats_combined + trophies + narrative,1,1,1,84.61538461538461,57.692307692307686,84.61538461538461
1958,1958,Billy Wright,Billy Wright,billy-wright,6,1958-01-01,1958-12-31,Wolverhampton Wanderers,England,,unknown,0,0,0,0,5.0,28.0,0.1724137931034483,,1,0,1,0,1,0,0,0,0,0,0,3,1,1,0,0,classical,calendar,built from ground_truth_resolved + stats_combined + trophies + narrative,1,1,1,32.69230769230769,34.61538461538461,32.69230769230769
1958,1958,Johnny Haynes,Johnny Haynes,johnny-haynes-1934,7,1958-01-01,1958-12-31,Fulham,England,Inside forward,forward,1,0,0,0,15.0,38.0,0.39473684210526316,38.0,0,0,0,0,1,0,0,0,0,0,0,3,1,1,0,0,classical,calendar,built from ground_truth_resolved + stats_combined + trophies + narrative,0,0,0,73.07692307692307,96.15384615384616,73.07692307692307
1958,1958,Harry Gregg,Harry Gregg,harry-gregg-1932,8,1958-01-01,1958-12-31,Manchester United,Northern Ireland,Goalkeeper,goalkeeper,0,0,0,1,0.0,40.0,0.0,40.0,0,0,0,0,1,0,0,0,0,0,0,1,3,3,0,0,classical,calendar,built from ground_truth_resolved + stats_combined + trophies + narrative,0,0,0,5.769230769230769,100.0,5.769230769230769
1958,1958,Nils Liedholm,Nils Liedholm,nils-liedholm-1922,8,1958-01-01,1958-12-31,Milan,Sweden,Attacking midfielder,midfielder,0,1,0,0,7.0,24.0,0.2916666666666667,24.0,0,0,0,0,1,0,0,0,0,0,0,1,3,3,0,0,classical,calendar,built from ground_truth_resolved + stats_combined + trophies + narrative,0,0,0,51.92307692307693,7.6923076923076925,61.53846153846154
1958,1958,Horst Szymaniak,Horst Szymaniak,horst-szymaniak-1934,8,1958-01-01,1958-12-31,Wuppertaler SV,West Germany,Midfielder,midfielder,0,1,0,0,7.0,31.0,0.21875,,1,0,0,0,1,0,0,0,0,0,0,3,1,1,0,0,classical,calendar,built from ground_truth_resolved + stats_combined + trophies + narrative,1,1,1,51.92307692307693,71.15384615384616,48.07692307692308
1958,1958,Colin McDonald,Colin McDonald,colin-mcdonald,11,1958-01-01,1958-12-31,Burnley,England,,unknown,0,0,0,0,5.0,28.0,0.1724137931034483,,1,0,0,0,1,0,0,0,0,0,0,3,1,1,0,0,classical,calendar,built from ground_truth_resolved + stats_combined + trophies + narrative,1,1,1,32.69230769230769,34.61538461538461,32.69230769230769
1958,1958,Paco Gento,Paco Gento,paco-gento-1933,12,1958-01-01,1958-12-31,Real Madrid,Spain,Outside left,unknown,0,0,0,0,7.0,28.0,0.25,28.0,0,1,0,0,1,0,0,0,0,0,0,1,3,3,1,1,classical,calendar,built from ground_truth_resolved + stats_combined + trophies + narrative,0,0,0,51.92307692307693,34.61538461538461,57.692307692307686
1958,1958,Gunnar Gren,Gunnar Gren,gunnar-gren-1920,12,1958-01-01,1958-12-31,Örgryte IS,Sweden,Forward attacking midfielder,forward,1,0,0,0,16.0,30.0,0.5348837209302325,,1,0,0,0,1,0,0,0,0,0,0,3,1,1,0,0,classical,calendar,built from ground_truth_resolved + stats_combined + trophies + narrative,1,1,1,84.61538461538461,57.692307692307686,84.61538461538461
1958,1958,Vujadin Boškov,Vujadin Boškov,vujadin-boskov-1931,14,1958-01-01,1958-12-31,Vojvodina,Yugoslavia,Right half,unknown,0,0,0,0,5.0,28.0,0.1724137931034483,,1,0,0,0,1,0,0,0,0,0,0,3,1,1,0,0,classical,calendar,built from ground_truth_resolved + stats_combined + trophies + narrative,1,1,1,32.69230769230769,34.61538461538461,32.69230769230769
1958,1958,Bengt Gustavsson,Bengt Gustavsson,bengt-gustavsson-1928,14,1958-01-01,1958-12-31,Atalanta,Sweden,Defender,defender,0,0,1,0,2.0,32.0,0.07407407407407407,,1,0,0,0,1,0,0,0,0,0,0,2,2,2,0,0,classical,calendar,built from ground_truth_resolved + stats_combined + trophies + narrative,1,1,1,15.384615384615385,80.76923076923077,15.384615384615385
1958,1958,Valentin Ivanov,Valentin Ivanov,valentin-ivanov,14,1958-01-01,1958-12-31,Torpedo Moskva,Soviet Union,,unknown,0,0,0,0,5.0,28.0,0.1724137931034483,,1,0,0,0,1,0,0,0,0,0,0,3,1,1,0,0,classical,calendar,built from ground_truth_resolved + stats_combined + trophies + narrative,1,1,1,32.69230769230769,34.61538461538461,32.69230769230769
1958,1958,Luis Suárez,Luis Suárez,luis-suarez-1987,14,1958-01-01,1958-12-31,Barcelona,Spain,Striker,forward,1,0,0,0,16.0,30.0,0.5348837209302325,,1,0,1,0,1,0,0,0,0,0,0,1,3,3,0,0,classical,calendar,built from ground_truth_resolved + stats_combined + trophies + narrative,1,1,1,84.61538461538461,57.692307692307686,84.61538461538461
1958,1958,Lev Yashin,Lev Yashin,lev-yashin-1929,14,1958-01-01,1958-12-31,Dynamo Moscow,Soviet Union,Goalkeeper,goalkeeper,0,0,0,1,0.0,6.0,0.0,6.0,0,0,0,0,1,0,0,0,0,0,0,3,1,1,0,0,classical,calendar,built from ground_truth_resolved + stats_combined + trophies + narrative,0,0,0,5.769230769230769,3.8461538461538463,5.769230769230769
1958,1958,Orvar Bergmark,Orvar Bergmark,orvar-bergmark-1930,19,1958-01-01,1958-12-31,Örebro SK,Sweden,Right back,defender,0,0,1,0,2.0,32.0,0.07407407407407407,,1,0,0,0,1,0,0,0,0,0,0,3,1,1,0,0,classical,calendar,built from ground_truth_resolved + stats_combined + trophies + narrative,1,1,1,15.384615384615385,80.76923076923077,15.384615384615385
1958,1958,Danny Blanchflower,Danny Blanchflower,danny-blanchflower-1926,19,1958-01-01,1958-12-31,Tottenham Hotspur,Northern Ireland,Right-half,unknown,0,0,0,0,5.0,28.0,0.1724137931034483,,1,0,0,0,1,0,0,0,0,0,0,2,2,2,0,0,classical,calendar,built from ground_truth_resolved + stats_combined + trophies + narrative,1,1,1,32.69230769230769,34.61538461538461,32.69230769230769
1958,1958,Ivan Kolev,Ivan Kolev,ivan-kolev,19,1958-01-01,1958-12-31,CDNA Sofia,Bulgaria,,unknown,0,0,0,0,5.0,28.0,0.1724137931034483,,1,0,0,0,1,0,0,0,0,0,0,3,1,1,0,0,classical,calendar,built from ground_truth_resolved + stats_combined + trophies + narrative,1,1,1,32.69230769230769,34.61538461538461,32.69230769230769
1958,1958,Bruno Nicolè,Bruno Nicolè,bruno-nicole-1940,19,1958-01-01,1958-12-31,Juventus,Italy,Forward,forward,1,0,0,0,16.0,30.0,0.5348837209302325,,1,0,0,0,1,0,0,0,0,0,0,1,3,3,0,0,classical,calendar,built from ground_truth_resolved + stats_combined + trophies + narrative,1,1,1,84.61538461538461,57.692307692307686,84.61538461538461
1958,1958,Ladislav Novák,Ladislav Novák,ladislav-novak-1931,19,1958-01-01,1958-12-31,Dukla Prague,Czechoslovakia,Defender,defender,0,0,1,0,2.0,32.0,0.07407407407407407,,1,0,0,0,1,0,0,0,0,0,0,3,1,1,0,0,classical,calendar,built from ground_truth_resolved + stats_combined + trophies + narrative,1,1,1,15.384615384615385,80.76923076923077,15.384615384615385
1958,1958,Lennart Skoglund,Lennart Skoglund,lennart-skoglund-1929,19,1958-01-01,1958-12-31,Internazionale,Sweden,Left winger,forward,1,0,0,0,16.0,30.0,0.5348837209302325,,1,0,0,0,1,0,0,0,0,0,0,1,3,3,0,0,classical,calendar,built from ground_truth_resolved + stats_combined + trophies + narrative,1,1,1,84.61538461538461,57.692307692307686,84.61538461538461
1958,1958,Giampiero Boniperti,Giampiero Boniperti,giampiero-boniperti-1928,25,1958-01-01,1958-12-31,Juventus,Italy,Striker,forward,1,0,0,0,8.0,34.0,0.23529411764705882,34.0,0,0,0,0,1,0,0,0,0,0,0,1,3,3,0,0,classical,calendar,built from ground_truth_resolved + stats_combined + trophies + narrative,0,0,0,65.38461538461539,90.38461538461539,53.84615384615385
1958,1958,Gerhard Hanappi,Gerhard Hanappi,gerhard-hanappi-1929,25,1958-01-01,1958-12-31,Rapid Wien,Austria,Midfielder,midfielder,0,1,0,0,7.0,31.0,0.21875,,1,0,0,0,1,0,0,0,0,0,0,3,1,1,0,0,classical,calendar,built from ground_truth_resolved + stats_combined + trophies + narrative,1,1,1,51.92307692307693,71.15384615384616,48.07692307692308
1959,1959,Alfredo Di Stéfano,Alfredo Di Stéfano,alfredo-di-stefano-1926,1,1959-01-01,1959-12-31,Real Madrid,Spain,Forward midfielder,forward,1,0,0,0,23.0,28.0,0.8214285714285714,28.0,0,1,0,0,0,0,0,0,0,0,0,1,3,3,1,1,classical,calendar,built from ground_truth_resolved + stats_combined + trophies + narrative,0,0,0,92.3076923076923,36.53846153846153,92.3076923076923
1959,1959,Raymond Kopa,Raymond Kopa,raymond-kopa-1931,2,1959-01-01,1959-12-31,Real Madrid Reims,France,Forward attacking midfielder,forward,1,0,0,0,10.0,30.0,0.3333333333333333,30.0,0,1,0,0,0,0,0,0,0,0,0,1,3,3,1,1,classical,calendar,built from ground_truth_resolved + stats_combined + trophies + narrative,0,0,0,65.38461538461539,55.769230769230774,55.769230769230774
1959,1959,John Charles,John Charles,john-charles-1931,3,1959-01-01,1959-12-31,Juventus,Wales,Centre-forward centre-back,forward,1,0,0,0,19.0,30.0,0.6333333333333333,30.0,0,0,0,0,0,0,0,0,0,0,0,1,3,3,0,0,classical,calendar,built from ground_truth_resolved + stats_combined + trophies + narrative,0,0,0,84.61538461538461,55.769230769230774,80.76923076923077
1959,1959,Luis Suárez,Luis Suárez,luis-suarez-1987,4,1959-01-01,1959-12-31,Barcelona,Spain,Striker,forward,1,0,0,0,16.0,30.0,0.5348837209302325,,1,0,1,0,0,0,0,0,0,0,0,1,3,3,0,0,classical,calendar,built from ground_truth_resolved + stats_combined + trophies + narrative,1,1,1,76.92307692307693,55.769230769230774,73.07692307692307
1959,1959,Agne Simonsson,Agne Simonsson,agne-simonsson-1935,5,1959-01-01,1959-12-31,Örgryte IS,Sweden,Forward,forward,1,0,0,0,16.0,30.0,0.5348837209302325,,1,0,0,0,0,0,0,0,0,0,0,3,1,1,0,0,classical,calendar,built from ground_truth_resolved + stats_combined + trophies + narrative,1,1,1,76.92307692307693,55.769230769230774,73.07692307692307
1959,1959,Lajos Tichy,Lajos Tichy,lajos-tichy-1935,6,1959-01-01,1959-12-31,Budapest Honvéd,Hungary,Striker,forward,1,0,0,0,15.0,22.0,0.6818181818181818,22.0,0,0,0,0,0,0,0,0,0,0,0,3,1,1,0,0,classical,calendar,built from ground_truth_resolved + stats_combined + trophies + narrative,0,0,0,69.23076923076923,15.384615384615385,84.61538461538461
1959,1959,Ferenc Puskás,Ferenc Puskás,ferenc-puskas-1927,7,1959-01-01,1959-12-31,Real Madrid,Hungary,Forward attacking midfielder,forward,1,0,0,0,21.0,24.0,0.875,24.0,0,1,0,0,0,0,0,0,0,0,0,1,3,3,1,1,classical,calendar,built from ground_truth_resolved + stats_combined + trophies + narrative,0,0,0,88.46153846153845,23.076923076923077,96.15384615384616
1959,1959,Francisco Gento,Francisco Gento,francisco-gento-1933,8,1959-01-01,1959-12-31,Real Madrid,Spain,Outside left,unknown,0,0,0,0,7.0,21.0,0.3333333333333333,21.0,0,1,0,0,0,0,0,0,0,0,0,1,3,3,1,1,classical,calendar,built from ground_truth_resolved + stats_combined + trophies + narrative,0,0,0,50.0,11.538461538461538,55.769230769230774
1959,1959,Helmut Rahn,Helmut Rahn,helmut-rahn-1929,9,1959-01-01,1959-12-31,Rot-Weiss Essen 1. FC Köln,West Germany,Outside forward,forward,1,0,0,0,9.0,23.0,0.391304347826087,23.0,0,0,0,0,0,0,0,0,0,0,0,3,1,1,0,0,classical,calendar,built from ground_truth_resolved + stats_combined + trophies + narrative,0,0,0,61.53846153846154,19.230769230769234,61.53846153846154
1959,1959,Horst Szymaniak,Horst Szymaniak,horst-szymaniak-1934,10,1959-01-01,1959-12-31,Wuppertaler SV Karlsruher SC,West Germany,Midfielder,midfielder,0,1,0,0,7.0,31.0,0.21875,,1,0,0,0,0,0,0,0,0,0,0,3,1,1,0,0,classical,calendar,built from ground_truth_resolved + stats_combined + trophies + narrative,1,1,1,50.0,75.0,44.230769230769226
1959,1959,Lev Yashin,Lev Yashin,lev-yashin-1929,11,1959-01-01,1959-12-31,Dynamo Moscow,Soviet Union,Goalkeeper,goalkeeper,0,0,0,1,0.0,19.0,0.0,19.0,0,0,0,0,0,0,0,0,0,0,0,3,1,1,0,0,classical,calendar,built from ground_truth_resolved + stats_combined + trophies + narrative,0,0,0,7.6923076923076925,7.6923076923076925,7.6923076923076925
1959,1959,Yuriy Voynov,Yuriy Voynov,yuriy-voynov-1931,12,1959-01-01,1959-12-31,Dynamo Kyiv,Soviet Union,Midfielder,midfielder,0,1,0,0,7.0,31.0,0.21875,,1,0,0,0,0,0,0,0,0,0,0,2,2,2,0,0,classical,calendar,built from ground_truth_resolved + stats_combined + trophies + narrative,1,1,1,50.0,75.0,44.230769230769226
1959,1959,Dezső Bundzsák,Dezső Bundzsák,dezso-bundzsak-1928,13,1959-01-01,1959-12-31,Vasas,Hungary,Striker midfielder,forward,1,0,0,0,16.0,30.0,0.5348837209302325,,1,0,0,0,0,0,0,0,0,0,0,3,1,1,0,0,classical,calendar,built from ground_truth_resolved + stats_combined + trophies + narrative,1,1,1,76.92307692307693,55.769230769230774,73.07692307692307
1959,1959,Gyula Grosics,Gyula Grosics,gyula-grosics-1926,13,1959-01-01,1959-12-31,Tatabánya,Hungary,Goalkeeper,goalkeeper,0,0,0,1,0.0,32.0,0.0,,1,0,0,0,0,0,0,0,0,0,0,3,1,1,0,0,classical,calendar,built from ground_truth_resolved + stats_combined + trophies + narrative,1,1,1,7.6923076923076925,92.3076923076923,7.6923076923076925
1959,1959,Ivan Kolev,Ivan Kolev,ivan-kolev,13,1959-01-01,1959-12-31,CDNA Sofia,Bulgaria,,unknown,0,0,0,0,5.0,28.0,0.1724137931034483,,1,0,0,0,0,0,0,0,0,0,0,3,1,1,0,0,classical,calendar,built from ground_truth_resolved + stats_combined + trophies + narrative,1,1,1,30.76923076923077,36.53846153846153,30.76923076923077
1959,1959,Nils Liedholm,Nils Liedholm,nils-liedholm-1922,13,1959-01-01,1959-12-31,Milan,Sweden,Attacking midfielder,midfielder,0,1,0,0,1.0,30.0,0.03333333333333333,30.0,0,0,0,0,0,0,0,0,0,0,0,1,3,3,0,0,classical,calendar,built from ground_truth_resolved + stats_combined + trophies + narrative,0,0,0,15.384615384615385,55.769230769230774,15.384615384615385
1959,1959,Titus Buberník,Titus Buberník,titus-bubernik-1933,17,1959-01-01,1959-12-31,ČH Bratislava,Czechoslovakia,Midfielder,midfielder,0,1,0,0,7.0,31.0,0.21875,,1,0,0,0,0,0,0,0,0,0,0,3,1,1,0,0,classical,calendar,built from ground_truth_resolved + stats_combined + trophies + narrative,1,1,1,50.0,75.0,44.230769230769226
1959,1959,Just Fontaine,Just Fontaine,just-fontaine-1933,17,1959-01-01,1959-12-31,Reims,France,Striker,forward,1,0,0,0,24.0,32.0,0.75,32.0,0,0,1,0,0,0,0,0,0,0,0,2,2,2,0,0,classical,calendar,built from ground_truth_resolved + stats_combined + trophies + narrative,0,0,0,96.15384615384616,92.3076923076923,88.46153846153845
1959,1959,Georgi Naydenov,Georgi Naydenov,georgi-naydenov,17,1959-01-01,1959-12-31,CDNA Sofia,Bulgaria,,unknown,0,0,0,0,5.0,28.0,0.1724137931034483,,1,0,0,0,0,0,0,0,0,0,0,3,1,1,0,0,classical,calendar,built from ground_truth_resolved + stats_combined + trophies + narrative,1,1,1,30.76923076923077,36.53846153846153,30.76923076923077
1959,1959,Flórián Albert,Flórián Albert,florian-albert-1941,20,1959-01-01,1959-12-31,Ferencváros,Hungary,Forward,forward,1,0,0,0,6.0,15.0,0.4,15.0,0,0,0,0,0,0,0,0,0,0,0,2,2,2,0,0,classical,calendar,built from ground_truth_resolved + stats_combined + trophies + narrative,0,0,0,38.46153846153847,3.8461538461538463,65.38461538461539
1959,1959,Uwe Seeler,Uwe Seeler,uwe-seeler-1936,20,1959-01-01,1959-12-31,Hamburger SV,West Germany,Striker,forward,1,0,0,0,29.0,27.0,1.0740740740740742,27.0,0,0,0,0,0,0,0,0,0,0,0,2,2,2,0,0,classical,calendar,built from ground_truth_resolved + stats_combined + trophies + narrative,0,0,0,100.0,26.923076923076923,100.0
1959,1959,Joan Segarra,Joan Segarra,joan-segarra-1927,20,1959-01-01,1959-12-31,Barcelona,Spain,Defender,defender,0,0,1,0,2.0,32.0,0.07407407407407407,,1,0,1,0,0,0,0,0,0,0,0,1,3,3,0,0,classical,calendar,built from ground_truth_resolved + stats_combined + trophies + narrative,1,1,1,21.153846153846153,92.3076923076923,21.153846153846153
1959,1959,János Göröcs,János Göröcs,janos-gorocs-1939,23,1959-01-01,1959-12-31,Újpest,Hungary,Midfielder,midfielder,0,1,0,0,7.0,31.0,0.21875,,1,0,0,0,0,0,0,0,0,0,0,3,1,1,0,0,classical,calendar,built from ground_truth_resolved + stats_combined + trophies + narrative,1,1,1,50.0,75.0,44.230769230769226
1959,1959,Ken Jones,Ken Jones,ken-jones,23,1959-01-01,1959-12-31,Scunthorpe United,Wales,,unknown,0,0,0,0,5.0,28.0,0.1724137931034483,,1,0,0,0,0,0,0,0,0,0,0,3,1,1,0,0,classical,calendar,built from ground_truth_resolved + stats_combined + trophies + narrative,1,1,1,30.76923076923077,36.53846153846153,30.76923076923077
1959,1959,Roger Marche,Roger Marche,roger-marche-1924,23,1959-01-01,1959-12-31,RC Paris,France,Left back,defender,0,0,1,0,2.0,32.0,0.07407407407407407,,1,0,0,0,0,0,0,0,0,0,0,3,1,1,0,0,classical,calendar,built from ground_truth_resolved + stats_combined + trophies + narrative,1,1,1,21.153846153846153,92.3076923076923,21.153846153846153
1959,1959,Antoni Ramallets,Antoni Ramallets,antoni-ramallets-1924,23,1959-01-01,1959-12-31,Barcelona,Spain,Goalkeeper,goalkeeper,0,0,0,1,0.0,32.0,0.0,,1,0,1,0,0,0,0,0,0,0,0,1,3,3,0,0,classical,calendar,built from ground_truth_resolved + stats_combined + trophies + narrative,1,1,1,7.6923076923076925,92.3076923076923,7.6923076923076925
1960,1960,Luis Suárez,Luis Suárez,luis-suarez-1987,1,1960-01-01,1960-12-31,Barcelona,Spain,Striker,forward,1,0,0,0,16.0,30.0,0.5348837209302325,,1,0,0,0,0,1,0,0,0,0,0,1,3,3,0,0,classical,calendar,built from ground_truth_resolved + stats_combined + trophies + narrative,1,1,1,63.46153846153846,44.230769230769226,63.46153846153846
1960,1960,Ferenc Puskás,Ferenc Puskás,ferenc-puskas-1927,2,1960-01-01,1960-12-31,Real Madrid,Hungary,Forward attacking midfielder,forward,1,0,0,0,25.0,24.0,1.0416666666666667,24.0,0,1,1,1,0,1,0,0,0,0,0,1,3,3,0,0,classical,calendar,built from ground_truth_resolved + stats_combined + trophies + narrative,0,0,0,88.46153846153845,11.538461538461538,96.15384615384616
1960,1960,Uwe Seeler,Uwe Seeler,uwe-seeler-1936,3,1960-01-01,1960-12-31,Hamburger SV,West Germany,Striker,forward,1,0,0,0,36.0,26.0,1.3846153846153846,26.0,0,0,0,0,0,1,0,0,0,0,0,2,2,2,0,0,classical,calendar,built from ground_truth_resolved + stats_combined + trophies + narrative,0,0,0,100.0,15.384615384615385,100.0
1960,1960,Alfredo Di Stéfano,Alfredo Di Stéfano,alfredo-di-stefano-1926,4,1960-01-01,1960-12-31,Real Madrid,Spain,Forward midfielder,forward,1,0,0,0,12.0,23.0,0.5217391304347826,23.0,0,1,1,1,0,1,0,0,0,0,0,1,3,3,0,0,classical,calendar,built from ground_truth_resolved + stats_combined + trophies + narrative,0,0,0,38.46153846153847,7.6923076923076925,46.15384615384615
1960,1960,Lev Yashin,Lev Yashin,lev-yashin-1929,5,1960-01-01,1960-12-31,Dynamo Moscow,Soviet Union,Goalkeeper,goalkeeper,0,0,0,1,0.0,18.0,0.0,18.0,0,0,0,0,0,1,0,0,1,0,1,3,1,1,1,1,classical,calendar,built from ground_truth_resolved + stats_combined + trophies + narrative,0,0,0,5.769230769230769,3.8461538461538463,5.769230769230769
1960,1960,Raymond Kopa,Raymond Kopa,raymond-kopa-1931,6,1960-01-01,1960-12-31,Reims,France,Forward attacking midfielder,forward,1,0,0,0,14.0,36.0,0.3888888888888889,36.0,0,0,0,0,0,1,0,0,0,0,0,2,2,2,0,0,classical,calendar,built from ground_truth_resolved + stats_combined + trophies + narrative,0,0,0,42.30769230769231,92.3076923076923,38.46153846153847
1960,1960,John Charles,John Charles,john-charles-1931,7,1960-01-01,1960-12-31,Juventus,Wales,Centre-forward centre-back,forward,1,0,0,0,23.0,34.0,0.6764705882352942,34.0,0,0,0,0,0,1,0,0,0,0,0,1,3,3,0,0,classical,calendar,built from ground_truth_resolved + stats_combined + trophies + narrative,0,0,0,84.61538461538461,88.46153846153845,84.61538461538461
1960,1960,Bobby Charlton,Bobby Charlton,bobby-charlton-1937,7,1960-01-01,1960-12-31,Manchester United,England,Midfielder forward,forward,1,0,0,0,18.0,37.0,0.4864864864864865,37.0,0,0,0,0,0,1,0,0,0,0,0,1,3,3,0,0,classical,calendar,built from ground_truth_resolved + stats_combined + trophies + narrative,0,0,0,80.76923076923077,96.15384615384616,42.30769230769231
1960,1960,Omar Sívori,Omar Sívori,omar-sivori-1935,9,1960-01-01,1960-12-31,Juventus,Italy,Forward,forward,1,0,0,0,28.0,31.0,0.9032258064516129,31.0,0,0,0,0,0,1,0,0,0,0,0,1,3,3,0,0,classical,calendar,built from ground_truth_resolved + stats_combined + trophies + narrative,0,0,0,92.3076923076923,71.15384615384616,92.3076923076923
1960,1960,Horst Szymaniak,Horst Szymaniak,horst-szymaniak-1934,9,1960-01-01,1960-12-31,Karlsruher SC,West Germany,Midfielder,midfielder,0,1,0,0,7.0,31.0,0.21875,,1,0,0,0,0,1,0,0,0,0,0,3,1,1,0,0,classical,calendar,built from ground_truth_resolved + stats_combined + trophies + narrative,1,1,1,26.923076923076923,71.15384615384616,26.923076923076923
1960,1960,Paco Gento,Paco Gento,paco-gento-1933,11,1960-01-01,1960-12-31,Real Madrid,Spain,Outside left,unknown,0,0,0,0,15.0,27.0,0.5555555555555556,27.0,0,1,1,1,0,1,0,0,0,0,0,1,3,3,0,0,classical,calendar,built from ground_truth_resolved + stats_combined + trophies + narrative,0,0,0,46.15384615384615,19.230769230769234,80.76923076923077
1960,1960,Bora Kostić,Bora Kostić,bora-kostic-1930,12,1960-01-01,1960-12-31,Red Star Belgrade,Yugoslavia,Left winger centre forward,forward,1,0,0,0,16.0,30.0,0.5348837209302325,,1,0,0,0,0,1,0,0,0,0,0,3,1,1,0,0,classical,calendar,built from ground_truth_resolved + stats_combined + trophies + narrative,1,1,1,63.46153846153846,44.230769230769226,63.46153846153846
1960,1960,Joseph Ujlaki,Joseph Ujlaki,joseph-ujlaki-1929,13,1960-01-01,1960-12-31,RC Paris,France,Right winger,forward,1,0,0,0,16.0,30.0,0.5348837209302325,,1,0,0,0,0,1,0,0,0,0,0,3,1,1,0,0,classical,calendar,built from ground_truth_resolved + stats_combined + trophies + narrative,1,1,1,63.46153846153846,44.230769230769226,63.46153846153846
1960,1960,Kurt Hamrin,Kurt Hamrin,kurt-hamrin-1934,14,1960-01-01,1960-12-31,Fiorentina,Sweden,Winger,forward,1,0,0,0,16.0,30.0,0.5348837209302325,,1,0,0,0,0,1,0,0,0,0,0,2,2,2,0,0,classical,calendar,built from ground_truth_resolved + stats_combined + trophies + narrative,1,1,1,63.46153846153846,44.230769230769226,63.46153846153846
1960,1960,Bobby Smith,Bobby Smith,bobby-smith,14,1960-01-01,1960-12-31,Tottenham Hotspur,England,,unknown,0,0,0,0,5.0,28.0,0.1724137931034483,,1,0,1,0,0,1,0,0,0,0,0,2,2,2,0,0,classical,calendar,built from ground_truth_resolved + stats_combined + trophies + narrative,1,1,1,13.461538461538462,25.0,13.461538461538462
1960,1960,Luis del Sol,Luis del Sol,luis-del-sol-1935,16,1960-01-01,1960-12-31,Real Betis Real Madrid,Spain,Midfielder,midfielder,0,1,0,0,7.0,31.0,0.21875,,1,1,0,0,0,1,0,0,0,0,0,1,3,3,0,0,classical,calendar,built from ground_truth_resolved + stats_combined + trophies + narrative,1,1,1,26.923076923076923,71.15384615384616,26.923076923076923
1960,1960,Jimmy Greaves,Jimmy Greaves,jimmy-greaves-1940,16,1960-01-01,1960-12-31,Chelsea,England,Striker,forward,1,0,0,0,29.0,40.0,0.725,40.0,0,0,0,0,0,1,0,0,0,0,0,1,3,3,0,0,classical,calendar,built from ground_truth_resolved + stats_combined + trophies + narrative,0,0,0,96.15384615384616,100.0,88.46153846153845
1960,1960,Ivan Kolev,Ivan Kolev,ivan-kolev,16,1960-01-01,1960-12-31,CDNA Sofia,Bulgaria,,unknown,0,0,0,0,5.0,28.0,0.1724137931034483,,1,0,0,0,0,1,0,0,0,0,0,3,1,1,0,0,classical,calendar,built from ground_truth_resolved + stats_combined + trophies + narrative,1,1,1,13.461538461538462,25.0,13.461538461538462
1960,1960,János Göröcs,János Göröcs,janos-gorocs-1939,19,1960-01-01,1960-12-31,Újpest,Hungary,Midfielder,midfielder,0,1,0,0,7.0,31.0,0.21875,,1,0,0,0,0,1,0,0,0,0,0,3,1,1,0,0,classical,calendar,built from ground_truth_resolved + stats_combined + trophies + narrative,1,1,1,26.923076923076923,71.15384615384616,26.923076923076923
1960,1960,Károly Sándor,Károly Sándor,karoly-sandor-1928,19,1960-01-01,1960-12-31,MTK Budapest,Hungary,Right winger,forward,1,0,0,0,16.0,30.0,0.5348837209302325,,1,0,0,0,0,1,0,0,0,0,0,3,1,1,0,0,classical,calendar,built from ground_truth_resolved + stats_combined + trophies + narrative,1,1,1,63.46153846153846,44.230769230769226,63.46153846153846
1960,1960,Dragoslav Šekularac,Dragoslav Šekularac,dragoslav-sekularac-1937,19,1960-01-01,1960-12-31,Red Star Belgrade,Yugoslavia,Attacking midfielder,midfielder,0,1,0,0,7.0,31.0,0.21875,,1,0,0,0,0,1,0,0,0,0,0,3,1,1,0,0,classical,calendar,built from ground_truth_resolved + stats_combined + trophies + narrative,1,1,1,26.923076923076923,71.15384615384616,26.923076923076923
1960,1960,Agne Simonsson,Agne Simonsson,agne-simonsson-1935,19,1960-01-01,1960-12-31,Örgryte IS Real Madrid,Sweden,Forward,forward,1,0,0,0,16.0,30.0,0.5348837209302325,,1,1,0,0,0,1,0,0,0,0,0,1,3,3,0,0,classical,calendar,built from ground_truth_resolved + stats_combined + trophies + narrative,1,1,1,63.46153846153846,44.230769230769226,63.46153846153846
1960,1960,Antonio Angelillo,Antonio Angelillo,antonio-angelillo-1937,23,1960-01-01,1960-12-31,Internazionale,Italy,Inside forward midfielder,forward,1,0,0,0,16.0,30.0,0.5348837209302325,,1,0,0,0,0,1,0,0,0,0,0,1,3,3,0,0,classical,calendar,built from ground_truth_resolved + stats_combined + trophies + narrative,1,1,1,63.46153846153846,44.230769230769226,63.46153846153846
1960,1960,Gerhard Hanappi,Gerhard Hanappi,gerhard-hanappi-1929,23,1960-01-01,1960-12-31,Rapid Wien,Austria,Midfielder,midfielder,0,1,0,0,7.0,31.0,0.21875,,1,0,0,0,0,1,0,0,0,0,0,3,1,1,0,0,classical,calendar,built from ground_truth_resolved + stats_combined + trophies + narrative,1,1,1,26.923076923076923,71.15384615384616,26.923076923076923
1960,1960,Erich Hof,Erich Hof,erich-hof-1936,23,1960-01-01,1960-12-31,Wiener SC,Austria,Forward,forward,1,0,0,0,16.0,30.0,0.5348837209302325,,1,0,0,0,0,1,0,0,0,0,0,3,1,1,0,0,classical,calendar,built from ground_truth_resolved + stats_combined + trophies + narrative,1,1,1,63.46153846153846,44.230769230769226,63.46153846153846
1960,1960,Blagoje Vidinić,Blagoje Vidinić,blagoje-vidinic-1934,23,1960-01-01,1960-12-31,Radnički Belgrade,Yugoslavia,Goalkeeper,goalkeeper,0,0,0,1,0.0,32.0,0.0,,1,0,0,0,0,1,0,0,0,0,0,3,1,1,0,0,classical,calendar,built from ground_truth_resolved + stats_combined + trophies + narrative,1,1,1,5.769230769230769,84.61538461538461,5.769230769230769
1961,1961,Omar Sívori,Omar Sívori,omar-sivori-1935,1,1961-01-01,1961-12-31,Juventus,Italy,Forward,forward,1,0,0,0,25.0,27.0,0.9259259259259259,27.0,0,0,0,0,0,0,0,0,0,0,0,1,3,3,0,0,classical,calendar,built from ground_truth_resolved + stats_combined + trophies + narrative,0,0,0,90.69767441860465,18.6046511627907,88.37209302325581
1961,1961,Luis Suárez,Luis Suárez,luis-suarez-1987,2,1961-01-01,1961-12-31,Barcelona Internazionale,Spain,Striker,forward,1,0,0,0,16.0,30.0,0.5348837209302325,,1,0,0,0,0,0,0,0,0,0,0,1,3,3,0,0,classical,calendar,built from ground_truth_resolved + stats_combined + trophies + narrative,1,1,1,68.6046511627907,47.674418604651166,68.6046511627907
1961,1961,Johnny Haynes,Johnny Haynes,johnny-haynes-1934,3,1961-01-01,1961-12-31,Fulham,England,Inside forward,forward,1,0,0,0,9.0,39.0,0.23076923076923078,39.0,0,0,0,0,0,0,0,0,0,0,0,3,1,1,0,0,classical,calendar,built from ground_truth_resolved + stats_combined + trophies + narrative,0,0,0,47.674418604651166,96.51162790697676,44.18604651162791
1961,1961,Lev Yashin,Lev Yashin,lev-yashin-1929,4,1961-01-01,1961-12-31,Dynamo Moscow,Soviet Union,Goalkeeper,goalkeeper,0,0,0,1,0.0,19.0,0.0,19.0,0,0,0,0,0,0,0,0,0,0,0,3,1,1,0,0,classical,calendar,built from ground_truth_resolved + stats_combined + trophies + narrative,0,0,0,5.813953488372093,4.651162790697675,5.813953488372093
1961,1961,Ferenc Puskás,Ferenc Puskás,ferenc-puskas-1927,5,1961-01-01,1961-12-31,Real Madrid,Hungary,Forward attacking midfielder,forward,1,0,0,0,28.0,28.0,1.0,28.0,0,0,1,0,0,0,0,0,0,0,0,1,3,3,0,0,classical,calendar,built from ground_truth_resolved + stats_combined + trophies + narrative,0,0,0,95.34883720930233,27.906976744186046,91.86046511627907
1961,1961,Alfredo Di Stéfano,Alfredo Di Stéfano,alfredo-di-stefano-1926,6,1961-01-01,1961-12-31,Real Madrid,Spain,Forward midfielder,forward,1,0,0,0,21.0,23.0,0.9130434782608695,23.0,0,0,1,0,0,0,0,0,0,0,0,1,3,3,0,0,classical,calendar,built from ground_truth_resolved + stats_combined + trophies + narrative,0,0,0,86.04651162790698,9.30232558139535,86.04651162790698
1961,1961,Uwe Seeler,Uwe Seeler,uwe-seeler-1936,6,1961-01-01,1961-12-31,Hamburger SV,West Germany,Striker,forward,1,0,0,0,29.0,23.0,1.2608695652173914,23.0,0,0,0,0,0,0,0,0,0,0,0,2,2,2,0,0,classical,calendar,built from ground_truth_resolved + stats_combined + trophies + narrative,0,0,0,97.67441860465115,9.30232558139535,100.0
1961,1961,John Charles,John Charles,john-charles-1931,8,1961-01-01,1961-12-31,Juventus,Wales,Centre-forward centre-back,forward,1,0,0,0,15.0,32.0,0.46875,32.0,0,0,0,0,0,0,0,0,0,0,0,1,3,3,0,0,classical,calendar,built from ground_truth_resolved + stats_combined + trophies + narrative,0,0,0,55.81395348837209,81.3953488372093,53.48837209302325
1961,1961,Paco Gento,Paco Gento,paco-gento-1933,9,1961-01-01,1961-12-31,Real Madrid,Spain,Outside left,unknown,0,0,0,0,9.0,28.0,0.32142857142857145,28.0,0,0,1,0,0,0,0,0,0,0,0,1,3,3,0,0,classical,calendar,built from ground_truth_resolved + stats_combined + trophies + narrative,0,0,0,47.674418604651166,27.906976744186046,48.837209302325576
1961,1961,José Águas,José Águas,jose-aguas-1930,10,1961-01-01,1961-12-31,Benfica,Portugal,Striker,forward,1,0,0,0,27.0,23.0,1.173913043478261,23.0,0,1,0,0,0,0,0,0,0,0,0,2,2,2,1,1,classical,calendar,built from ground_truth_resolved + stats_combined + trophies + narrative,0,0,0,93.02325581395348,9.30232558139535,97.67441860465115
1961,1961,Bobby Charlton,Bobby Charlton,bobby-charlton-1937,10,1961-01-01,1961-12-31,Manchester United,England,Midfielder forward,forward,1,0,0,0,21.0,39.0,0.5384615384615384,39.0,0,0,0,0,0,0,0,0,0,0,0,1,3,3,0,0,classical,calendar,built from ground_truth_resolved + stats_combined + trophies + narrative,0,0,0,86.04651162790698,96.51162790697676,81.3953488372093
1961,1961,Gyula Grosics,Gyula Grosics,gyula-grosics-1926,10,1961-01-01,1961-12-31,Tatabánya,Hungary,Goalkeeper,goalkeeper,0,0,0,1,0.0,32.0,0.0,,1,0,0,0,0,0,0,0,0,0,0,3,1,1,0,0,classical,calendar,built from ground_truth_resolved + stats_combined + trophies + narrative,1,1,1,5.813953488372093,81.3953488372093,5.813953488372093
1961,1961,Gerhard Hanappi,Gerhard Hanappi,gerhard-hanappi-1929,10,1961-01-01,1961-12-31,Rapid Wien,Austria,Midfielder,midfielder,0,1,0,0,7.0,31.0,0.21875,,1,0,0,0,0,0,0,0,0,0,0,3,1,1,0,0,classical,calendar,built from ground_truth_resolved + stats_combined + trophies + narrative,1,1,1,38.372093023255815,66.27906976744185,36.04651162790697
1961,1961,Josef Masopust,Josef Masopust,josef-masopust-1931,10,1961-01-01,1961-12-31,Dukla Prague,Czechoslovakia,Midfielder,midfielder,0,1,0,0,11.0,26.0,0.4230769230769231,26.0,0,0,0,0,0,0,0,0,0,0,0,3,1,1,0,0,classical,calendar,built from ground_truth_resolved + stats_combined + trophies + narrative,0,0,0,53.48837209302325,16.27906976744186,51.162790697674424
1961,1961,José Santamaría,José Santamaría,jose-santamaria-1929,10,1961-01-01,1961-12-31,Real Madrid,Spain,Centre-back,defender,0,0,1,0,2.0,32.0,0.07407407407407407,,1,0,1,0,0,0,0,0,0,0,0,1,3,3,0,0,classical,calendar,built from ground_truth_resolved + stats_combined + trophies + narrative,1,1,1,16.27906976744186,81.3953488372093,13.953488372093023
1961,1961,Dragoslav Šekularac,Dragoslav Šekularac,dragoslav-sekularac-1937,10,1961-01-01,1961-12-31,Red Star Belgrade,Yugoslavia,Attacking midfielder,midfielder,0,1,0,0,7.0,31.0,0.21875,,1,0,0,0,0,0,0,0,0,0,0,3,1,1,0,0,classical,calendar,built from ground_truth_resolved + stats_combined + trophies + narrative,1,1,1,38.372093023255815,66.27906976744185,36.04651162790697
1961,1961,Danny Blanchflower,Danny Blanchflower,danny-blanchflower-1926,17,1961-01-01,1961-12-31,Tottenham Hotspur,Northern Ireland,Right-half,unknown,0,0,0,0,5.0,28.0,0.1724137931034483,,1,0,0,0,0,0,0,0,0,0,0,2,2,2,0,0,classical,calendar,built from ground_truth_resolved + stats_combined + trophies + narrative,1,1,1,25.581395348837212,27.906976744186046,23.25581395348837
1961,1961,Germano,Germano,germano,17,1961-01-01,1961-12-31,Benfica,Portugal,,unknown,0,0,0,0,5.0,28.0,0.1724137931034483,,1,1,0,0,0,0,0,0,0,0,0,2,2,2,1,1,classical,calendar,built from ground_truth_resolved + stats_combined + trophies + narrative,1,1,1,25.581395348837212,27.906976744186046,23.25581395348837
1961,1961,Kurt Hamrin,Kurt Hamrin,kurt-hamrin-1934,17,1961-01-01,1961-12-31,Fiorentina,Sweden,Winger,forward,1,0,0,0,16.0,30.0,0.5348837209302325,,1,0,0,0,0,0,0,0,0,0,0,2,2,2,0,0,classical,calendar,built from ground_truth_resolved + stats_combined + trophies + narrative,1,1,1,68.6046511627907,47.674418604651166,68.6046511627907
1961,1961,Mikheil Meskhi,Mikheil Meskhi,mikheil-meskhi-1937,17,1961-01-01,1961-12-31,Dinamo Tbilisi,Soviet Union,Winger,forward,1,0,0,0,16.0,30.0,0.5348837209302325,,1,0,0,0,0,0,0,0,0,0,0,3,1,1,0,0,classical,calendar,built from ground_truth_resolved + stats_combined + trophies + narrative,1,1,1,68.6046511627907,47.674418604651166,68.6046511627907
1961,1961,Viktor Ponedelnik,Viktor Ponedelnik,viktor-ponedelnik-1937,17,1961-01-01,1961-12-31,SKA Rostov-on-Don,Soviet Union,Striker,forward,1,0,0,0,16.0,30.0,0.5348837209302325,,1,0,0,0,0,0,0,0,0,0,0,3,1,1,0,0,classical,calendar,built from ground_truth_resolved + stats_combined + trophies + narrative,1,1,1,68.6046511627907,47.674418604651166,68.6046511627907
1961,1961,Horst Szymaniak,Horst Szymaniak,horst-szymaniak-1934,17,1961-01-01,1961-12-31,Karlsruher SC Catania,West Germany,Midfielder,midfielder,0,1,0,0,7.0,31.0,0.21875,,1,0,0,0,0,0,0,0,0,0,0,3,1,1,0,0,classical,calendar,built from ground_truth_resolved + stats_combined + trophies + narrative,1,1,1,38.372093023255815,66.27906976744185,36.04651162790697
1961,1961,José Augusto,José Augusto,jose-augusto,23,1961-01-01,1961-12-31,Benfica,Portugal,,unknown,0,0,0,0,5.0,28.0,0.1724137931034483,,1,1,0,0,0,0,0,0,0,0,0,2,2,2,1,1,classical,calendar,built from ground_truth_resolved + stats_combined + trophies + narrative,1,1,1,25.581395348837212,27.906976744186046,23.25581395348837
1961,1961,Denis Law,Denis Law,denis-law-1940,23,1961-01-01,1961-12-31,Manchester City Torino,Scotland,Centre forward,forward,1,0,0,0,19.0,37.0,0.5135135135135135,37.0,0,0,0,0,0,0,0,0,0,0,0,1,3,3,0,0,classical,calendar,built from ground_truth_resolved + stats_combined + trophies + narrative,0,0,0,81.3953488372093,93.02325581395348,55.81395348837209
1961,1961,Slava Metreveli,Slava Metreveli,slava-metreveli-1936,23,1961-01-01,1961-12-31,Torpedo Moscow,Soviet Union,Winger,forward,1,0,0,0,16.0,30.0,0.5348837209302325,,1,0,0,0,0,0,0,0,0,0,0,3,1,1,0,0,classical,calendar,built from ground_truth_resolved + stats_combined + trophies + narrative,1,1,1,68.6046511627907,47.674418604651166,68.6046511627907
1961,1961,Max Morlock,Max Morlock,max-morlock-1925,23,1961-01-01,1961-12-31,1. FC Nürnberg,West Germany,Forward,forward,1,0,0,0,16.0,30.0,0.5348837209302325,,1,0,0,0,0,0,0,0,0,0,0,3,1,1,0,0,classical,calendar,built from ground_truth_resolved + stats_combined + trophies + narrative,1,1,1,68.6046511627907,47.674418604651166,68.6046511627907
1961,1961,Horst Nemec,Horst Nemec,horst-nemec-1939,23,1961-01-01,1961-12-31,Austria Wien,Austria,Forward,forward,1,0,0,0,16.0,30.0,0.5348837209302325,,1,0,0,0,0,0,0,0,0,0,0,3,1,1,0,0,classical,calendar,built from ground_truth_resolved + stats_combined + trophies + narrative,1,1,1,68.6046511627907,47.674418604651166,68.6046511627907
1961,1961,Pierre Bernard,Pierre Bernard,pierre-bernard,28,1961-01-01,1961-12-31,Sedan Nîmes,France,,unknown,0,0,0,0,5.0,28.0,0.1724137931034483,,1,0,0,0,0,0,0,0,0,0,0,3,1,1,0,0,classical,calendar,built from ground_truth_resolved + stats_combined + trophies + narrative,1,1,1,25.581395348837212,27.906976744186046,23.25581395348837
1961,1961,Gert Dörfel,Gert Dörfel,gert-dorfel-1939,28,1961-01-01,1961-12-31,Hamburger SV,West Germany,Striker winger,forward,1,0,0,0,16.0,30.0,0.5348837209302325,,1,0,0,0,0,0,0,0,0,0,0,2,2,2,0,0,classical,calendar,built from ground_truth_resolved + stats_combined + trophies + narrative,1,1,1,68.6046511627907,47.674418604651166,68.6046511627907
1961,1961,Norbert Eschmann,Norbert Eschmann,norbert-eschmann-1933,28,1961-01-01,1961-12-31,Stade Français,Switzerland,Midfielder,midfielder,0,1,0,0,7.0,31.0,0.21875,,1,0,0,0,0,0,0,0,0,0,0,3,1,1,0,0,classical,calendar,built from ground_truth_resolved + stats_combined + trophies + narrative,1,1,1,38.372093023255815,66.27906976744185,36.04651162790697
1961,1961,Jimmy Greaves,Jimmy Greaves,jimmy-greaves-1940,28,1961-01-01,1961-12-31,Chelsea Milan Tottenham Hotspur,England,Striker,forward,1,0,0,0,41.0,40.0,1.025,40.0,0,0,0,0,0,0,0,0,0,0,0,1,3,3,0,0,classical,calendar,built from ground_truth_resolved + stats_combined + trophies + narrative,0,0,0,100.0,100.0,95.34883720930233
1961,1961,Lucien Muller,Lucien Muller,lucien-muller-1934,28,1961-01-01,1961-12-31,Reims,France,Midfielder,midfielder,0,1,0,0,7.0,31.0,0.21875,,1,0,1,0,0,0,0,0,0,0,0,2,2,2,0,0,classical,calendar,built from ground_truth_resolved + stats_combined + trophies + narrative,1,1,1,38.372093023255815,66.27906976744185,36.04651162790697
1961,1961,Costa Pereira,Costa Pereira,costa-pereira-1929,28,1961-01-01,1961-12-31,Benfica,Portugal,Goalkeeper,goalkeeper,0,0,0,1,0.0,32.0,0.0,,1,1,0,0,0,0,0,0,0,0,0,2,2,2,1,1,classical,calendar,built from ground_truth_resolved + stats_combined + trophies + narrative,1,1,1,5.813953488372093,81.3953488372093,5.813953488372093
1961,1961,Lajos Tichy,Lajos Tichy,lajos-tichy-1935,28,1961-01-01,1961-12-31,Budapest Honvéd,Hungary,Striker,forward,1,0,0,0,21.0,25.0,0.84,25.0,0,0,0,0,0,0,0,0,0,0,0,3,1,1,0,0,classical,calendar,built from ground_truth_resolved + stats_combined + trophies + narrative,0,0,0,86.04651162790698,13.953488372093023,83.72093023255815
1961,1961,Charles Antenen,Charles Antenen,charles-antenen-1929,35,1961-01-01,1961-12-31,La Chaux-de-Fonds,Switzerland,Forward,forward,1,0,0,0,16.0,30.0,0.5348837209302325,,1,0,0,0,0,0,0,0,0,0,0,3,1,1,0,0,classical,calendar,built from ground_truth_resolved + stats_combined + trophies + narrative,1,1,1,68.6046511627907,47.674418604651166,68.6046511627907
1961,1961,Mário Coluna,Mário Coluna,mario-coluna-1935,35,1961-01-01,1961-12-31,Benfica,Portugal,Midfielder,midfielder,0,1,0,0,7.0,31.0,0.21875,,1,1,0,0,0,0,0,0,0,0,0,2,2,2,1,1,classical,calendar,built from ground_truth_resolved + stats_combined + trophies + narrative,1,1,1,38.372093023255815,66.27906976744185,36.04651162790697
1961,1961,Eusébio,Eusébio,eusebio-1942,35,1961-01-01,1961-12-31,Benfica,Portugal,Striker,forward,1,0,0,0,1.0,1.0,1.0,1.0,0,1,0,0,0,0,0,0,0,0,0,2,2,2,1,1,classical,calendar,built from ground_truth_resolved + stats_combined + trophies + narrative,0,0,0,11.627906976744185,2.3255813953488373,91.86046511627907
1961,1961,Gernot Fraydl,Gernot Fraydl,gernot-fraydl-1939,35,1961-01-01,1961-12-31,Austria Wien,Austria,Goalkeeper,goalkeeper,0,0,0,1,0.0,32.0,0.0,,1,0,0,0,0,0,0,0,0,0,0,3,1,1,0,0,classical,calendar,built from ground_truth_resolved + stats_combined + trophies + narrative,1,1,1,5.813953488372093,81.3953488372093,5.813953488372093
1961,1961,Karl Koller,Karl Koller,karl-koller,35,1961-01-01,1961-12-31,First Vienna,Austria,,unknown,0,0,0,0,5.0,28.0,0.1724137931034483,,1,0,0,0,0,0,0,0,0,0,0,3,1,1,0,0,classical,calendar,built from ground_truth_resolved + stats_combined + trophies + narrative,1,1,1,25.581395348837212,27.906976744186046,23.25581395348837
1961,1961,Rudolf Kučera,Rudolf Kučera,rudolf-kucera-1940,35,1961-01-01,1961-12-31,Dukla Prague,Czechoslovakia,Forward,forward,1,0,0,0,16.0,30.0,0.5348837209302325,,1,0,0,0,0,0,0,0,0,0,0,3,1,1,0,0,classical,calendar,built from ground_truth_resolved + stats_combined + trophies + narrative,1,1,1,68.6046511627907,47.674418604651166,68.6046511627907
1961,1961,Dumitru Macri,Dumitru Macri,dumitru-macri-1931,35,1961-01-01,1961-12-31,Rapid București,Romania,Central defender,defender,0,0,1,0,2.0,32.0,0.07407407407407407,,1,0,0,0,0,0,0,0,0,0,0,3,1,1,0,0,classical,calendar,built from ground_truth_resolved + stats_combined + trophies + narrative,1,1,1,16.27906976744186,81.3953488372093,13.953488372093023
1961,1961,Jimmy McIlroy,Jimmy McIlroy,jimmy-mcilroy-1931,35,1961-01-01,1961-12-31,Burnley,Northern Ireland,Forward attacking midfielder,forward,1,0,0,0,10.0,33.0,0.30303030303030304,33.0,0,0,0,0,0,0,0,0,0,0,0,3,1,1,0,0,classical,calendar,built from ground_truth_resolved + stats_combined + trophies + narrative,0,0,0,51.162790697674424,90.69767441860465,46.51162790697674
1961,1961,Karl Stotz,Karl Stotz,karl-stotz-1927,35,1961-01-01,1961-12-31,Austria Wien,Austria,Defender,defender,0,0,1,0,2.0,32.0,0.07407407407407407,,1,0,0,0,0,0,0,0,0,0,0,3,1,1,0,0,classical,calendar,built from ground_truth_resolved + stats_combined + trophies + narrative,1,1,1,16.27906976744186,81.3953488372093,13.953488372093023
1962,1962,Josef Masopust,Josef Masopust,josef-masopust-1931,1,1962-01-01,1962-12-31,Dukla Prague,Czechoslovakia,Midfielder,midfielder,0,1,0,0,3.0,26.0,0.11538461538461539,26.0,0,0,0,0,1,0,0,0,0,0,0,3,1,1,0,0,classical,calendar,built from ground_truth_resolved + stats_combined + trophies + narrative,0,0,0,22.22222222222222,33.33333333333333,22.22222222222222
1962,1962,Eusébio,Eusébio,eusebio-1942,2,1962-01-01,1962-12-31,Benfica,Portugal,Striker,forward,1,0,0,0,12.0,17.0,0.7058823529411765,17.0,0,1,0,0,1,0,0,0,0,0,0,2,2,2,0,0,classical,calendar,built from ground_truth_resolved + stats_combined + trophies + narrative,0,0,0,59.25925925925925,3.7037037037037033,85.18518518518519
1962,1962,Karl-Heinz Schnellinger,Karl-Heinz Schnellinger,karl-heinz-schnellinger-1939,3,1962-01-01,1962-12-31,1. FC Köln,West Germany,Left-back sweeper,defender,0,0,1,0,2.0,32.0,0.07407407407407407,,1,0,0,0,1,0,0,0,0,0,0,3,1,1,0,0,classical,calendar,built from ground_truth_resolved + stats_combined + trophies + narrative,1,1,1,12.962962962962962,92.5925925925926,14.814814814814813
1962,1962,Dragoslav Šekularac,Dragoslav Šekularac,dragoslav-sekularac-1937,4,1962-01-01,1962-12-31,Red Star Belgrade,Yugoslavia,Attacking midfielder,midfielder,0,1,0,0,7.0,31.0,0.21875,,1,0,0,0,1,0,0,0,0,0,0,3,1,1,0,0,classical,calendar,built from ground_truth_resolved + stats_combined + trophies + narrative,1,1,1,37.03703703703704,75.92592592592592,31.48148148148148
1962,1962,Jef Jurion,Jef Jurion,jef-jurion-1937,5,1962-01-01,1962-12-31,Anderlecht,Belgium,Winger,forward,1,0,0,0,16.0,30.0,0.5348837209302325,,1,0,0,0,1,0,0,0,0,0,0,3,1,1,0,0,classical,calendar,built from ground_truth_resolved + stats_combined + trophies + narrative,1,1,1,75.92592592592592,55.55555555555556,72.22222222222221
1962,1962,Gianni Rivera,Gianni Rivera,gianni-rivera-1943,6,1962-01-01,1962-12-31,Milan,Italy,Forward attacking midfielder,forward,1,0,0,0,10.0,27.0,0.37037037037037035,27.0,0,0,0,0,1,0,0,0,0,0,0,1,3,3,1,1,classical,calendar,built from ground_truth_resolved + stats_combined + trophies + narrative,0,0,0,53.70370370370371,38.88888888888889,50.0
1962,1962,Jimmy Greaves,Jimmy Greaves,jimmy-greaves-1940,7,1962-01-01,1962-12-31,Tottenham Hotspur,England,Striker,forward,1,0,0,0,30.0,32.0,0.9375,32.0,0,0,0,0,1,0,0,0,0,0,0,2,2,2,0,0,classical,calendar,built from ground_truth_resolved + stats_combined + trophies + narrative,0,0,0,100.0,92.5925925925926,96.29629629629629
1962,1962,John Charles,John Charles,john-charles-1931,8,1962-01-01,1962-12-31,Juventus Leeds United Roma,Wales,Centre-forward centre-back,forward,1,0,0,0,8.0,21.0,0.38095238095238093,21.0,0,0,0,0,1,0,0,0,0,0,0,1,3,3,0,0,classical,calendar,built from ground_truth_resolved + stats_combined + trophies + narrative,0,0,0,48.148148148148145,9.25925925925926,55.55555555555556
1962,1962,Milan Galić,Milan Galić,milan-galic-1938,8,1962-01-01,1962-12-31,Partizan,Yugoslavia,Striker,forward,1,0,0,0,7.0,21.0,0.3333333333333333,21.0,0,0,0,0,1,0,0,0,0,0,0,3,1,1,0,0,classical,calendar,built from ground_truth_resolved + stats_combined + trophies + narrative,0,0,0,37.03703703703704,9.25925925925926,44.44444444444444
1962,1962,János Göröcs,János Göröcs,janos-gorocs-1939,10,1962-01-01,1962-12-31,Újpest,Hungary,Midfielder,midfielder,0,1,0,0,7.0,31.0,0.21875,,1,0,0,0,1,0,0,0,0,0,0,3,1,1,0,0,classical,calendar,built from ground_truth_resolved + stats_combined + trophies + narrative,1,1,1,37.03703703703704,75.92592592592592,31.48148148148148
1962,1962,José Águas,José Águas,jose-aguas-1930,11,1962-01-01,1962-12-31,Benfica,Portugal,Striker,forward,1,0,0,0,18.0,22.0,0.8181818181818182,22.0,0,1,0,0,1,0,0,0,0,0,0,2,2,2,0,0,classical,calendar,built from ground_truth_resolved + stats_combined + trophies + narrative,0,0,0,92.5925925925926,16.666666666666664,92.5925925925926
1962,1962,Raymond Kopa,Raymond Kopa,raymond-kopa-1931,11,1962-01-01,1962-12-31,Reims,France,Forward attacking midfielder,forward,1,0,0,0,2.0,30.0,0.06666666666666667,30.0,0,0,0,0,1,0,0,0,0,0,0,2,2,2,0,0,classical,calendar,built from ground_truth_resolved + stats_combined + trophies + narrative,0,0,0,12.962962962962962,55.55555555555556,7.4074074074074066
1962,1962,Denis Law,Denis Law,denis-law-1940,11,1962-01-01,1962-12-31,Torino Manchester United,Scotland,Centre forward,forward,1,0,0,0,10.0,27.0,0.37037037037037035,27.0,0,0,0,0,1,0,0,0,0,0,0,1,3,3,0,0,classical,calendar,built from ground_truth_resolved + stats_combined + trophies + narrative,0,0,0,53.70370370370371,38.88888888888889,50.0
1962,1962,Omar Sívori,Omar Sívori,omar-sivori-1935,11,1962-01-01,1962-12-31,Juventus,Argentina,Forward,forward,1,0,0,0,13.0,25.0,0.52,25.0,0,0,0,0,1,0,0,0,0,0,0,1,3,3,0,0,classical,calendar,built from ground_truth_resolved + stats_combined + trophies + narrative,0,0,0,62.96296296296296,27.77777777777778,59.25925925925925
1962,1962,Luis del Sol,Luis del Sol,luis-del-sol-1935,15,1962-01-01,1962-12-31,Real Madrid Juventus,Spain,Midfielder,midfielder,0,1,0,0,7.0,31.0,0.21875,,1,0,0,0,1,0,0,0,0,0,0,1,3,3,0,0,classical,calendar,built from ground_truth_resolved + stats_combined + trophies + narrative,1,1,1,37.03703703703704,75.92592592592592,31.48148148148148
1962,1962,Andrej Kvašňák,Andrej Kvašňák,andrej-kvasnak-1936,15,1962-01-01,1962-12-31,Sparta Prague,Czechoslovakia,Attacking midfielder forward,forward,1,0,0,0,16.0,30.0,0.5348837209302325,,1,0,0,0,1,0,0,0,0,0,0,3,1,1,0,0,classical,calendar,built from ground_truth_resolved + stats_combined + trophies + narrative,1,1,1,75.92592592592592,55.55555555555556,72.22222222222221
1962,1962,André Lerond,André Lerond,andre-lerond-1930,15,1962-01-01,1962-12-31,Stade Français,France,Sweeper,defender,0,0,1,0,2.0,32.0,0.07407407407407407,,1,0,0,0,1,0,0,0,0,0,0,3,1,1,0,0,classical,calendar,built from ground_truth_resolved + stats_combined + trophies + narrative,1,1,1,12.962962962962962,92.5925925925926,14.814814814814813
1962,1962,Luis Suárez,Luis Suárez,luis-suarez-1987,15,1962-01-01,1962-12-31,Internazionale,Spain,Striker,forward,1,0,0,0,16.0,30.0,0.5348837209302325,,1,0,0,0,1,0,0,0,0,0,0,1,3,3,0,0,classical,calendar,built from ground_truth_resolved + stats_combined + trophies + narrative,1,1,1,75.92592592592592,55.55555555555556,72.22222222222221
1962,1962,Flórián Albert,Flórián Albert,florian-albert-1941,19,1962-01-01,1962-12-31,Ferencváros,Hungary,Forward,forward,1,0,0,0,17.0,22.0,0.7727272727272727,22.0,0,0,0,0,1,0,0,0,0,0,0,2,2,2,0,0,classical,calendar,built from ground_truth_resolved + stats_combined + trophies + narrative,0,0,0,88.88888888888889,16.666666666666664,88.88888888888889
1962,1962,Kurt Hamrin,Kurt Hamrin,kurt-hamrin-1934,19,1962-01-01,1962-12-31,Fiorentina,Sweden,Winger,forward,1,0,0,0,16.0,30.0,0.5348837209302325,,1,0,0,0,1,0,0,0,0,0,0,2,2,2,0,0,classical,calendar,built from ground_truth_resolved + stats_combined + trophies + narrative,1,1,1,75.92592592592592,55.55555555555556,72.22222222222221
1962,1962,Horst Nemec,Horst Nemec,horst-nemec-1939,19,1962-01-01,1962-12-31,Austria Wien,Austria,Forward,forward,1,0,0,0,16.0,30.0,0.5348837209302325,,1,0,0,0,1,0,0,0,0,0,0,3,1,1,0,0,classical,calendar,built from ground_truth_resolved + stats_combined + trophies + narrative,1,1,1,75.92592592592592,55.55555555555556,72.22222222222221
1962,1962,Joaquín Peiró,Joaquín Peiró,joaquin-peiro-1936,19,1962-01-01,1962-12-31,Atlético Madrid Torino,Spain,Attacking midfielder,midfielder,0,1,0,0,7.0,31.0,0.21875,,1,0,0,0,1,0,0,0,0,0,0,2,2,2,0,0,classical,calendar,built from ground_truth_resolved + stats_combined + trophies + narrative,1,1,1,37.03703703703704,75.92592592592592,31.48148148148148
1962,1962,Viliam Schrojf,Viliam Schrojf,viliam-schrojf-1931,19,1962-01-01,1962-12-31,Slovan Bratislava,Czechoslovakia,Goalkeeper,goalkeeper,0,0,0,1,0.0,32.0,0.0,,1,0,0,0,1,0,0,0,0,0,0,3,1,1,0,0,classical,calendar,built from ground_truth_resolved + stats_combined + trophies + narrative,1,1,1,3.7037037037037033,92.5925925925926,3.7037037037037033
1962,1962,Ernő Solymosi,Ernő Solymosi,erno-solymosi-1940,19,1962-01-01,1962-12-31,Újpest,Hungary,Midfielder defender,defender,0,0,1,0,2.0,32.0,0.07407407407407407,,1,0,0,0,1,0,0,0,0,0,0,3,1,1,0,0,classical,calendar,built from ground_truth_resolved + stats_combined + trophies + narrative,1,1,1,12.962962962962962,92.5925925925926,14.814814814814813
1962,1962,Paco Gento,Paco Gento,paco-gento-1933,25,1962-01-01,1962-12-31,Real Madrid,Spain,Outside left,unknown,0,0,0,0,6.0,25.0,0.24,25.0,0,0,1,0,1,0,0,0,0,0,0,1,3,3,0,0,classical,calendar,built from ground_truth_resolved + stats_combined + trophies + narrative,0,0,0,25.925925925925924,27.77777777777778,40.74074074074074
1962,1962,Ezio Pascutti,Ezio Pascutti,ezio-pascutti-1937,25,1962-01-01,1962-12-31,Bologna,Italy,Forward,forward,1,0,0,0,16.0,30.0,0.5348837209302325,,1,0,0,0,1,0,0,0,0,0,0,3,1,1,0,0,classical,calendar,built from ground_truth_resolved + stats_combined + trophies + narrative,1,1,1,75.92592592592592,55.55555555555556,72.22222222222221
1962,1962,Lajos Tichy,Lajos Tichy,lajos-tichy-1935,25,1962-01-01,1962-12-31,Budapest Honvéd,Hungary,Striker,forward,1,0,0,0,23.0,23.0,1.0,23.0,0,0,0,0,1,0,0,0,0,0,0,3,1,1,0,0,classical,calendar,built from ground_truth_resolved + stats_combined + trophies + narrative,0,0,0,96.29629629629629,22.22222222222222,100.0
1963,1963,Lev Yashin,Lev Yashin,lev-yashin-1929,1,1963-01-01,1963-12-31,Dynamo Moscow,Soviet Union,Goalkeeper,goalkeeper,0,0,0,1,0.0,27.0,0.0,27.0,0,0,0,0,0,0,0,0,0,0,0,3,1,1,0,0,classical,calendar,built from ground_truth_resolved + stats_combined + trophies + narrative,0,0,0,8.0,18.0,8.0
1963,1963,Gianni Rivera,Gianni Rivera,gianni-rivera-1943,2,1963-01-01,1963-12-31,Milan,Italy,Forward attacking midfielder,forward,1,0,0,0,9.0,27.0,0.3333333333333333,27.0,0,1,0,0,0,0,0,0,0,0,0,1,3,3,1,1,classical,calendar,built from ground_truth_resolved + stats_combined + trophies + narrative,0,0,0,48.0,18.0,48.0
1963,1963,Jimmy Greaves,Jimmy Greaves,jimmy-greaves-1940,3,1963-01-01,1963-12-31,Tottenham Hotspur,England,Striker,forward,1,0,0,0,37.0,41.0,0.9024390243902439,41.0,0,0,0,0,0,0,0,0,0,0,0,2,2,2,0,0,classical,calendar,built from ground_truth_resolved + stats_combined + trophies + narrative,0,0,0,96.0,100.0,88.0
1963,1963,Denis Law,Denis Law,denis-law-1940,4,1963-01-01,1963-12-31,Manchester United,Scotland,Centre forward,forward,1,0,0,0,23.0,38.0,0.6052631578947368,38.0,0,0,0,0,0,0,0,0,0,0,0,1,3,3,0,0,classical,calendar,built from ground_truth_resolved + stats_combined + trophies + narrative,0,0,0,86.0,96.0,80.0
1963,1963,Eusébio,Eusébio,eusebio-1942,5,1963-01-01,1963-12-31,Benfica,Portugal,Striker,forward,1,0,0,0,23.0,24.0,0.9583333333333334,24.0,0,0,0,0,0,0,0,0,0,0,0,2,2,2,0,0,classical,calendar,built from ground_truth_resolved + stats_combined + trophies + narrative,0,0,0,86.0,4.0,92.0
1963,1963,Karl-Heinz Schnellinger,Karl-Heinz Schnellinger,karl-heinz-schnellinger-1939,6,1963-01-01,1963-12-31,1. FC Köln Mantova,West Germany,Left-back sweeper,defender,0,0,1,0,2.0,32.0,0.07407407407407407,,1,0,0,0,0,0,0,0,0,0,0,3,1,1,0,0,classical,calendar,built from ground_truth_resolved + stats_combined + trophies + narrative,1,1,1,20.0,80.0,20.0
1963,1963,Uwe Seeler,Uwe Seeler,uwe-seeler-1936,7,1963-01-01,1963-12-31,Hamburger SV,West Germany,Striker,forward,1,0,0,0,32.0,28.0,1.1428571428571428,28.0,0,0,0,0,0,0,0,0,0,0,0,2,2,2,0,0,classical,calendar,built from ground_truth_resolved + stats_combined + trophies + narrative,0,0,0,92.0,26.0,96.0
1963,1963,Bobby Charlton,Bobby Charlton,bobby-charlton-1937,8,1963-01-01,1963-12-31,Manchester United,England,Midfielder forward,forward,1,0,0,0,7.0,28.0,0.25,28.0,0,0,0,0,0,0,0,0,0,0,0,1,3,3,0,0,classical,calendar,built from ground_truth_resolved + stats_combined + trophies + narrative,0,0,0,34.0,26.0,40.0
1963,1963,Luis Suárez,Luis Suárez,luis-suarez-1987,8,1963-01-01,1963-12-31,Inter Milan,Spain,Striker,forward,1,0,0,0,16.0,30.0,0.5348837209302325,,1,1,0,0,0,0,0,0,0,0,0,1,3,3,1,1,classical,calendar,built from ground_truth_resolved + stats_combined + trophies + narrative,1,1,1,68.0,42.0,70.0
1963,1963,Giovanni Trapattoni,Giovanni Trapattoni,giovanni-trapattoni-1939,8,1963-01-01,1963-12-31,Milan,Italy,Centre back defensive midfielder,defender,0,0,1,0,0.0,30.0,0.0,30.0,0,1,0,0,0,0,0,0,0,0,0,1,3,3,1,1,classical,calendar,built from ground_truth_resolved + stats_combined + trophies + narrative,0,0,0,8.0,42.0,8.0
1963,1963,José Altafini,José Altafini,jose-altafini-1938,11,1963-01-01,1963-12-31,Milan,Brazil,Striker,forward,1,0,0,0,11.0,31.0,0.3548387096774194,31.0,0,1,0,0,0,0,0,0,0,0,0,1,3,3,1,1,classical,calendar,built from ground_truth_resolved + stats_combined + trophies + narrative,0,0,0,52.0,64.0,52.0
1963,1963,Paul Van Himst,Paul Van Himst,paul-van-himst-1943,11,1963-01-01,1963-12-31,Anderlecht,Belgium,Forward,forward,1,0,0,0,14.0,30.0,0.4666666666666667,30.0,0,0,0,0,0,0,0,0,0,0,0,3,1,1,0,0,classical,calendar,built from ground_truth_resolved + stats_combined + trophies + narrative,0,0,0,56.00000000000001,42.0,56.00000000000001
1963,1963,Flórián Albert,Flórián Albert,florian-albert-1941,13,1963-01-01,1963-12-31,Ferencváros,Hungary,Forward,forward,1,0,0,0,22.0,33.0,0.6666666666666666,33.0,0,0,0,0,0,0,0,0,0,0,0,2,2,2,0,0,classical,calendar,built from ground_truth_resolved + stats_combined + trophies + narrative,0,0,0,80.0,90.0,84.0
1963,1963,Harry Bild,Harry Bild,harry-bild-1936,13,1963-01-01,1963-12-31,IFK Norrköping,Sweden,Striker,forward,1,0,0,0,16.0,30.0,0.5348837209302325,,1,0,0,0,0,0,0,0,0,0,0,3,1,1,0,0,classical,calendar,built from ground_truth_resolved + stats_combined + trophies + narrative,1,1,1,68.0,42.0,70.0
1963,1963,Josef Masopust,Josef Masopust,josef-masopust-1931,13,1963-01-01,1963-12-31,Dukla Prague,Czechoslovakia,Midfielder,midfielder,0,1,0,0,8.0,25.0,0.32,25.0,0,0,0,0,0,0,0,0,0,0,0,3,1,1,0,0,classical,calendar,built from ground_truth_resolved + stats_combined + trophies + narrative,0,0,0,44.0,8.0,44.0
1963,1963,Omar Sívori,Omar Sívori,omar-sivori-1935,13,1963-01-01,1963-12-31,Juventus,Argentina,Forward,forward,1,0,0,0,16.0,33.0,0.48484848484848486,33.0,0,0,0,0,0,0,0,0,0,0,0,1,3,3,0,0,classical,calendar,built from ground_truth_resolved + stats_combined + trophies + narrative,0,0,0,68.0,90.0,60.0
1963,1963,Robert Herbin,Robert Herbin,robert-herbin-1939,17,1963-01-01,1963-12-31,Saint-Étienne,France,Defender midfielder,defender,0,0,1,0,2.0,32.0,0.07407407407407407,,1,0,1,0,0,0,0,0,0,0,0,3,1,1,0,0,classical,calendar,built from ground_truth_resolved + stats_combined + trophies + narrative,1,1,1,20.0,80.0,20.0
1963,1963,Jef Jurion,Jef Jurion,jef-jurion-1937,17,1963-01-01,1963-12-31,Anderlecht,Belgium,Winger,forward,1,0,0,0,16.0,30.0,0.5348837209302325,,1,0,0,0,0,0,0,0,0,0,0,3,1,1,0,0,classical,calendar,built from ground_truth_resolved + stats_combined + trophies + narrative,1,1,1,68.0,42.0,70.0
1963,1963,Cesare Maldini,Cesare Maldini,cesare-maldini-1932,17,1963-01-01,1963-12-31,Milan,Italy,Defender,defender,0,0,1,0,0.0,31.0,0.0,31.0,0,1,0,0,0,0,0,0,0,0,0,1,3,3,1,1,classical,calendar,built from ground_truth_resolved + stats_combined + trophies + narrative,0,0,0,8.0,64.0,8.0
1963,1963,Károly Sándor,Károly Sándor,karoly-sandor-1928,17,1963-01-01,1963-12-31,MTK Budapest,Hungary,Right winger,forward,1,0,0,0,16.0,30.0,0.5348837209302325,,1,0,0,0,0,0,0,0,0,0,0,3,1,1,0,0,classical,calendar,built from ground_truth_resolved + stats_combined + trophies + narrative,1,1,1,68.0,42.0,70.0
1963,1963,Mário Coluna,Mário Coluna,mario-coluna-1935,21,1963-01-01,1963-12-31,Benfica,Portugal,Midfielder,midfielder,0,1,0,0,7.0,31.0,0.21875,,1,0,0,0,0,0,0,0,0,0,0,2,2,2,0,0,classical,calendar,built from ground_truth_resolved + stats_combined + trophies + narrative,1,1,1,34.0,64.0,32.0
1963,1963,Ake Johansson,Ake Johansson,ake-johansson-1928,21,1963-01-01,1963-12-31,IFK Norrköping,Sweden,Defender,defender,0,0,1,0,2.0,32.0,0.07407407407407407,,1,0,0,0,0,0,0,0,0,0,0,3,1,1,0,0,classical,calendar,built from ground_truth_resolved + stats_combined + trophies + narrative,1,1,1,20.0,80.0,20.0
1963,1963,Manfred Kaiser,Manfred Kaiser,manfred-kaiser-1929,21,1963-01-01,1963-12-31,Wismut Aue,East Germany,Midfielder,midfielder,0,1,0,0,7.0,31.0,0.21875,,1,0,0,0,0,0,0,0,0,0,0,3,1,1,0,0,classical,calendar,built from ground_truth_resolved + stats_combined + trophies + narrative,1,1,1,34.0,64.0,32.0
1963,1963,Metin Oktay,Metin Oktay,metin-oktay-1936,21,1963-01-01,1963-12-31,Galatasaray,Turkey,Striker,forward,1,0,0,0,38.0,26.0,1.4615384615384615,26.0,0,0,0,0,0,0,0,0,0,0,0,3,1,1,0,0,classical,calendar,built from ground_truth_resolved + stats_combined + trophies + narrative,0,0,0,100.0,12.0,100.0
1963,1963,Svatopluk Pluskal,Svatopluk Pluskal,svatopluk-pluskal-1930,21,1963-01-01,1963-12-31,Dukla Prague,Czechoslovakia,Defensive midfielder,midfielder,0,1,0,0,7.0,31.0,0.21875,,1,0,0,0,0,0,0,0,0,0,0,3,1,1,0,0,classical,calendar,built from ground_truth_resolved + stats_combined + trophies + narrative,1,1,1,34.0,64.0,32.0
1964,1964,Denis Law,Denis Law,denis-law-1940,1,1964-01-01,1964-12-31,Manchester United,Scotland,Centre forward,forward,1,0,0,0,30.0,30.0,1.0,30.0,0,0,1,0,0,1,0,0,0,0,0,1,3,3,0,0,classical,calendar,built from ground_truth_resolved + stats_combined + trophies + narrative,0,0,0,96.15384615384616,55.769230769230774,92.3076923076923
1964,1964,Luis Suárez,Luis Suárez,luis-suarez-1987,2,1964-01-01,1964-12-31,Internazionale,Spain,Striker,forward,1,0,0,0,16.0,30.0,0.5348837209302325,,1,0,0,0,0,1,0,0,1,0,1,1,3,3,1,1,classical,calendar,built from ground_truth_resolved + stats_combined + trophies + narrative,1,1,1,65.38461538461539,55.769230769230774,65.38461538461539
1964,1964,Amancio,Amancio,amancio,3,1964-01-01,1964-12-31,Real Madrid,Spain,,unknown,0,0,0,0,5.0,28.0,0.1724137931034483,,1,0,1,0,0,1,0,0,1,0,1,1,3,3,1,1,classical,calendar,built from ground_truth_resolved + stats_combined + trophies + narrative,1,1,1,28.846153846153843,25.0,28.846153846153843
1964,1964,Eusébio,Eusébio,eusebio-1942,4,1964-01-01,1964-12-31,Benfica,Portugal,Striker,forward,1,0,0,0,28.0,19.0,1.4736842105263157,19.0,0,0,0,0,0,1,0,0,0,0,0,2,2,2,0,0,classical,calendar,built from ground_truth_resolved + stats_combined + trophies + narrative,0,0,0,92.3076923076923,7.6923076923076925,100.0
1964,1964,Paul Van Himst,Paul Van Himst,paul-van-himst-1943,5,1964-01-01,1964-12-31,Anderlecht,Belgium,Forward,forward,1,0,0,0,25.0,29.0,0.8620689655172413,29.0,0,0,0,0,0,1,0,0,0,0,0,3,1,1,0,0,classical,calendar,built from ground_truth_resolved + stats_combined + trophies + narrative,0,0,0,88.46153846153845,34.61538461538461,88.46153846153845
1964,1964,Jimmy Greaves,Jimmy Greaves,jimmy-greaves-1940,6,1964-01-01,1964-12-31,Tottenham Hotspur,England,Striker,forward,1,0,0,0,35.0,41.0,0.8536585365853658,41.0,0,0,0,0,0,1,0,0,0,0,0,2,2,2,0,0,classical,calendar,built from ground_truth_resolved + stats_combined + trophies + narrative,0,0,0,100.0,100.0,84.61538461538461
1964,1964,Mario Corso,Mario Corso,mario-corso-1941,7,1964-01-01,1964-12-31,Internazionale,Italy,Winger,forward,1,0,0,0,16.0,30.0,0.5348837209302325,,1,0,0,0,0,1,0,0,0,0,0,1,3,3,0,0,classical,calendar,built from ground_truth_resolved + stats_combined + trophies + narrative,1,1,1,65.38461538461539,55.769230769230774,65.38461538461539
1964,1964,Lev Yashin,Lev Yashin,lev-yashin-1929,8,1964-01-01,1964-12-31,Dynamo Moscow,Soviet Union,Goalkeeper,goalkeeper,0,0,0,1,0.0,28.0,0.0,28.0,0,0,0,0,0,1,0,0,0,0,0,3,1,1,0,0,classical,calendar,built from ground_truth_resolved + stats_combined + trophies + narrative,0,0,0,5.769230769230769,25.0,5.769230769230769
1964,1964,Gianni Rivera,Gianni Rivera,gianni-rivera-1943,9,1964-01-01,1964-12-31,Milan,Italy,Forward attacking midfielder,forward,1,0,0,0,7.0,27.0,0.25925925925925924,27.0,0,1,0,0,0,1,0,0,0,0,0,1,3,3,1,1,classical,calendar,built from ground_truth_resolved + stats_combined + trophies + narrative,0,0,0,36.53846153846153,15.384615384615385,38.46153846153847
1964,1964,Valery Voronin,Valery Voronin,valery-voronin-1939,10,1964-01-01,1964-12-31,Torpedo Moscow,Soviet Union,Defensive midfielder,midfielder,0,1,0,0,7.0,31.0,0.21875,,1,0,0,0,0,1,0,0,0,0,0,3,1,1,0,0,classical,calendar,built from ground_truth_resolved + stats_combined + trophies + narrative,1,1,1,36.53846153846153,76.92307692307693,34.61538461538461
1964,1964,Ferenc Bene,Ferenc Bene,ferenc-bene-1944,11,1964-01-01,1964-12-31,Újpest,Hungary,Striker,forward,1,0,0,0,20.0,26.0,0.7692307692307693,26.0,0,0,0,0,0,1,0,0,0,0,0,3,1,1,0,0,classical,calendar,built from ground_truth_resolved + stats_combined + trophies + narrative,0,0,0,84.61538461538461,11.538461538461538,80.76923076923077
1964,1964,Karl-Heinz Schnellinger,Karl-Heinz Schnellinger,karl-heinz-schnellinger-1939,11,1964-01-01,1964-12-31,Mantova Roma,West Germany,Left-back sweeper,defender,0,0,1,0,2.0,32.0,0.07407407407407407,,1,0,0,0,0,1,0,0,0,0,0,2,2,2,0,0,classical,calendar,built from ground_truth_resolved + stats_combined + trophies + narrative,1,1,1,15.384615384615385,84.61538461538461,17.307692307692307
1964,1964,Jean Nicolay,Jean Nicolay,jean-nicolay-1937,13,1964-01-01,1964-12-31,Standard Liège,Belgium,Goalkeeper,goalkeeper,0,0,0,1,0.0,32.0,0.0,,1,0,0,0,0,1,0,0,0,0,0,3,1,1,0,0,classical,calendar,built from ground_truth_resolved + stats_combined + trophies + narrative,1,1,1,5.769230769230769,84.61538461538461,5.769230769230769
1964,1964,Helmut Haller,Helmut Haller,helmut-haller-1939,14,1964-01-01,1964-12-31,Bologna,West Germany,Forward,forward,1,0,0,0,16.0,30.0,0.5348837209302325,,1,0,0,0,0,1,0,0,0,0,0,3,1,1,0,0,classical,calendar,built from ground_truth_resolved + stats_combined + trophies + narrative,1,1,1,65.38461538461539,55.769230769230774,65.38461538461539
1964,1964,José Torres,José Torres,jose-torres,15,1964-01-01,1964-12-31,Benfica,Portugal,,unknown,0,0,0,0,5.0,28.0,0.1724137931034483,,1,0,0,0,0,1,0,0,0,0,0,2,2,2,0,0,classical,calendar,built from ground_truth_resolved + stats_combined + trophies + narrative,1,1,1,28.846153846153843,25.0,28.846153846153843
1964,1964,Flórián Albert,Flórián Albert,florian-albert-1941,16,1964-01-01,1964-12-31,Ferencváros,Hungary,Forward,forward,1,0,0,0,19.0,16.0,1.1875,16.0,0,0,0,0,0,1,0,0,0,0,0,2,2,2,0,0,classical,calendar,built from ground_truth_resolved + stats_combined + trophies + narrative,0,0,0,80.76923076923077,3.8461538461538463,96.15384615384616
1964,1964,José Altafini,José Altafini,jose-altafini-1938,16,1964-01-01,1964-12-31,Milan,Italy,Striker,forward,1,0,0,0,14.0,30.0,0.4666666666666667,30.0,0,1,0,0,0,1,0,0,0,0,0,1,3,3,1,1,classical,calendar,built from ground_truth_resolved + stats_combined + trophies + narrative,0,0,0,50.0,55.769230769230774,50.0
1964,1964,Coen Moulijn,Coen Moulijn,coen-moulijn-1937,16,1964-01-01,1964-12-31,Feyenoord,Netherlands,Left winger,forward,1,0,0,0,16.0,30.0,0.5348837209302325,,1,0,0,0,0,1,0,0,0,0,0,3,1,1,0,0,classical,calendar,built from ground_truth_resolved + stats_combined + trophies + narrative,1,1,1,65.38461538461539,55.769230769230774,65.38461538461539
1964,1964,Néstor Combin,Néstor Combin,nestor-combin-1940,19,1964-01-01,1964-12-31,Lyon Juventus,France,Forward,forward,1,0,0,0,16.0,30.0,0.5348837209302325,,1,0,0,0,0,1,0,0,0,0,0,1,3,3,0,0,classical,calendar,built from ground_truth_resolved + stats_combined + trophies + narrative,1,1,1,65.38461538461539,55.769230769230774,65.38461538461539
1964,1964,Giacinto Facchetti,Giacinto Facchetti,giacinto-facchetti-1942,19,1964-01-01,1964-12-31,Internazionale,Italy,Left-back,defender,0,0,1,0,4.0,33.0,0.12121212121212122,33.0,0,0,0,0,0,1,0,0,0,0,0,1,3,3,0,0,classical,calendar,built from ground_truth_resolved + stats_combined + trophies + narrative,0,0,0,23.076923076923077,92.3076923076923,23.076923076923077
1964,1964,Ole Madsen,Ole Madsen,ole-madsen-1934,19,1964-01-01,1964-12-31,HIK,Denmark,Striker,forward,1,0,0,0,16.0,30.0,0.5348837209302325,,1,0,0,0,0,1,0,0,0,0,0,3,1,1,0,0,classical,calendar,built from ground_truth_resolved + stats_combined + trophies + narrative,1,1,1,65.38461538461539,55.769230769230774,65.38461538461539
1964,1964,Sandro Mazzola,Sandro Mazzola,sandro-mazzola-1942,19,1964-01-01,1964-12-31,Internazionale,Italy,Forward attacking midfielder,forward,1,0,0,0,9.0,30.0,0.3,30.0,0,0,0,0,0,1,0,0,0,0,0,1,3,3,0,0,classical,calendar,built from ground_truth_resolved + stats_combined + trophies + narrative,0,0,0,42.30769230769231,55.769230769230774,42.30769230769231
1964,1964,Bobby Moore,Bobby Moore,bobby-moore-1941,19,1964-01-01,1964-12-31,West Ham United,England,Defender,defender,0,0,1,0,2.0,37.0,0.05405405405405406,37.0,0,0,0,0,0,1,0,0,0,0,0,2,2,2,0,0,classical,calendar,built from ground_truth_resolved + stats_combined + trophies + narrative,0,0,0,15.384615384615385,96.15384615384616,11.538461538461538
1964,1964,Jef Jurion,Jef Jurion,jef-jurion-1937,19,1964-01-01,1964-12-31,Anderlecht,Belgium,Winger,forward,1,0,0,0,16.0,30.0,0.5348837209302325,,1,0,0,0,0,1,0,0,0,0,0,3,1,1,0,0,classical,calendar,built from ground_truth_resolved + stats_combined + trophies + narrative,1,1,1,65.38461538461539,55.769230769230774,65.38461538461539
1964,1964,Omar Sívori,Omar Sívori,omar-sivori-1935,19,1964-01-01,1964-12-31,Juventus,Italy,Forward,forward,1,0,0,0,13.0,28.0,0.4642857142857143,28.0,0,0,0,0,0,1,0,0,0,0,0,1,3,3,0,0,classical,calendar,built from ground_truth_resolved + stats_combined + trophies + narrative,0,0,0,46.15384615384615,25.0,46.15384615384615
1964,1964,Klaus Urbanczyk,Klaus Urbanczyk,klaus-urbanczyk-1940,19,1964-01-01,1964-12-31,Chemie Halle,East Germany,Defender,defender,0,0,1,0,2.0,32.0,0.07407407407407407,,1,0,0,0,0,1,0,0,0,0,0,3,1,1,0,0,classical,calendar,built from ground_truth_resolved + stats_combined + trophies + narrative,1,1,1,15.384615384615385,84.61538461538461,17.307692307692307
1965,1965,Eusébio,Eusébio,eusebio-1942,1,1965-01-01,1965-12-31,Benfica,Portugal,Striker,forward,1,0,0,0,28.0,20.0,1.4,20.0,0,0,0,0,0,0,0,0,0,0,0,2,2,2,0,0,classical,calendar,built from ground_truth_resolved + stats_combined + trophies + narrative,0,0,0,98.14814814814815,9.25925925925926,100.0
1965,1965,Giacinto Facchetti,Giacinto Facchetti,giacinto-facchetti-1942,2,1965-01-01,1965-12-31,Internazionale,Italy,Left-back,defender,0,0,1,0,2.0,32.0,0.0625,32.0,0,0,0,0,0,0,0,0,0,0,0,1,3,3,0,0,classical,calendar,built from ground_truth_resolved + stats_combined + trophies + narrative,0,0,0,11.11111111111111,87.03703703703704,7.4074074074074066
1965,1965,Luis Suárez,Luis Suárez,luis-suarez-1987,3,1965-01-01,1965-12-31,Internazionale,Spain,Striker,forward,1,0,0,0,16.0,30.0,0.5348837209302325,,1,0,0,0,0,0,0,0,0,0,0,1,3,3,0,0,classical,calendar,built from ground_truth_resolved + stats_combined + trophies + narrative,1,1,1,62.96296296296296,57.407407407407405,57.407407407407405
1965,1965,Paul Van Himst,Paul Van Himst,paul-van-himst-1943,4,1965-01-01,1965-12-31,Anderlecht,Belgium,Forward,forward,1,0,0,0,24.0,29.0,0.8275862068965517,29.0,0,0,0,0,0,0,0,0,0,0,0,3,1,1,0,0,classical,calendar,built from ground_truth_resolved + stats_combined + trophies + narrative,0,0,0,85.18518518518519,40.74074074074074,88.88888888888889
1965,1965,Bobby Charlton,Bobby Charlton,bobby-charlton-1937,5,1965-01-01,1965-12-31,Manchester United,England,Midfielder forward,forward,1,0,0,0,10.0,41.0,0.24390243902439024,41.0,0,0,0,0,0,0,0,0,0,0,0,1,3,3,0,0,classical,calendar,built from ground_truth_resolved + stats_combined + trophies + narrative,0,0,0,37.03703703703704,100.0,37.03703703703704
1965,1965,Flórián Albert,Flórián Albert,florian-albert-1941,6,1965-01-01,1965-12-31,Ferencváros,Hungary,Forward,forward,1,0,0,0,27.0,24.0,1.125,24.0,0,0,0,0,0,0,0,0,0,0,0,2,2,2,0,0,classical,calendar,built from ground_truth_resolved + stats_combined + trophies + narrative,0,0,0,90.74074074074075,16.666666666666664,96.29629629629629
1965,1965,Gianni Rivera,Gianni Rivera,gianni-rivera-1943,7,1965-01-01,1965-12-31,Milan,Italy,Forward attacking midfielder,forward,1,0,0,0,2.0,29.0,0.06896551724137931,29.0,0,1,0,0,0,0,0,0,0,0,0,1,3,3,0,0,classical,calendar,built from ground_truth_resolved + stats_combined + trophies + narrative,0,0,0,11.11111111111111,40.74074074074074,11.11111111111111
1965,1965,Georgi Asparuhov,Georgi Asparuhov,georgi-asparuhov-1943,8,1965-01-01,1965-12-31,Levski Sofia,Bulgaria,Striker,forward,1,0,0,0,27.0,29.0,0.9310344827586207,29.0,0,0,0,0,0,0,0,0,0,0,0,3,1,1,0,0,classical,calendar,built from ground_truth_resolved + stats_combined + trophies + narrative,0,0,0,90.74074074074075,40.74074074074074,92.5925925925926
1965,1965,Sandro Mazzola,Sandro Mazzola,sandro-mazzola-1942,8,1965-01-01,1965-12-31,Internazionale,Italy,Forward attacking midfielder,forward,1,0,0,0,17.0,33.0,0.5151515151515151,33.0,0,0,0,0,0,0,0,0,0,0,0,1,3,3,0,0,classical,calendar,built from ground_truth_resolved + stats_combined + trophies + narrative,0,0,0,77.77777777777779,92.5925925925926,40.74074074074074
1965,1965,Valery Voronin,Valery Voronin,valery-voronin-1939,8,1965-01-01,1965-12-31,Torpedo Moskva,Soviet Union,Defensive midfielder,midfielder,0,1,0,0,7.0,31.0,0.21875,,1,0,0,0,0,0,0,0,0,0,0,3,1,1,0,0,classical,calendar,built from ground_truth_resolved + stats_combined + trophies + narrative,1,1,1,29.629629629629626,75.92592592592592,29.629629629629626
1965,1965,Denis Law,Denis Law,denis-law-1940,11,1965-01-01,1965-12-31,Manchester United,Scotland,Centre forward,forward,1,0,0,0,28.0,36.0,0.7777777777777778,36.0,0,0,0,0,0,0,0,0,0,0,0,1,3,3,0,0,classical,calendar,built from ground_truth_resolved + stats_combined + trophies + narrative,0,0,0,98.14814814814815,96.29629629629629,81.48148148148148
1965,1965,Karl-Heinz Schnellinger,Karl-Heinz Schnellinger,karl-heinz-schnellinger-1939,12,1965-01-01,1965-12-31,Roma Milan,West Germany,Left-back sweeper,defender,0,0,1,0,2.0,32.0,0.07407407407407407,,1,0,0,0,0,0,0,0,0,0,0,1,3,3,0,0,classical,calendar,built from ground_truth_resolved + stats_combined + trophies + narrative,1,1,1,11.11111111111111,87.03703703703704,14.814814814814813
1965,1965,Jim Baxter,Jim Baxter,jim-baxter-1939,13,1965-01-01,1965-12-31,Rangers Sunderland,Scotland,Left-half,unknown,0,0,0,0,5.0,28.0,0.1724137931034483,,1,0,0,0,0,0,0,0,0,0,0,3,1,1,0,0,classical,calendar,built from ground_truth_resolved + stats_combined + trophies + narrative,1,1,1,20.37037037037037,31.48148148148148,20.37037037037037
1965,1965,Ferenc Puskás,Ferenc Puskás,ferenc-puskas-1927,13,1965-01-01,1965-12-31,Real Madrid,Spain,Forward attacking midfielder,forward,1,0,0,0,11.0,18.0,0.6111111111111112,18.0,0,0,0,0,0,0,0,0,0,0,0,1,3,3,1,1,classical,calendar,built from ground_truth_resolved + stats_combined + trophies + narrative,0,0,0,40.74074074074074,3.7037037037037033,74.07407407407408
1965,1965,Mario Corso,Mario Corso,mario-corso-1941,15,1965-01-01,1965-12-31,Internazionale,Italy,Winger,forward,1,0,0,0,16.0,30.0,0.5348837209302325,,1,0,0,0,0,0,0,0,0,0,0,1,3,3,0,0,classical,calendar,built from ground_truth_resolved + stats_combined + trophies + narrative,1,1,1,62.96296296296296,57.407407407407405,57.407407407407405
1965,1965,Lev Yashin,Lev Yashin,lev-yashin-1929,15,1965-01-01,1965-12-31,Dynamo Moscow,Soviet Union,Goalkeeper,goalkeeper,0,0,0,1,0.0,20.0,0.0,20.0,0,0,0,0,0,0,0,0,0,0,0,3,1,1,0,0,classical,calendar,built from ground_truth_resolved + stats_combined + trophies + narrative,0,0,0,3.7037037037037033,9.25925925925926,3.7037037037037033
1965,1965,Amancio,Amancio,amancio,17,1965-01-01,1965-12-31,Real Madrid,Spain,,unknown,0,0,0,0,5.0,28.0,0.1724137931034483,,1,0,0,0,0,0,0,0,0,0,0,1,3,3,1,1,classical,calendar,built from ground_truth_resolved + stats_combined + trophies + narrative,1,1,1,20.37037037037037,31.48148148148148,20.37037037037037
1965,1965,Franz Beckenbauer,Franz Beckenbauer,franz-beckenbauer-1945,17,1965-01-01,1965-12-31,Bayern Munich,West Germany,Defender sweeper,defender,0,0,1,0,16.0,31.0,0.5161290322580645,31.0,0,0,0,0,0,0,0,0,0,0,0,1,3,3,0,0,classical,calendar,built from ground_truth_resolved + stats_combined + trophies + narrative,0,0,0,62.96296296296296,75.92592592592592,44.44444444444444
1965,1965,Ferenc Bene,Ferenc Bene,ferenc-bene-1944,17,1965-01-01,1965-12-31,Újpest,Hungary,Striker,forward,1,0,0,0,20.0,25.0,0.8,25.0,0,0,0,0,0,0,0,0,0,0,0,3,1,1,0,0,classical,calendar,built from ground_truth_resolved + stats_combined + trophies + narrative,0,0,0,81.48148148148148,22.22222222222222,85.18518518518519
1965,1965,Mário Coluna,Mário Coluna,mario-coluna-1935,17,1965-01-01,1965-12-31,Benfica,Portugal,Midfielder,midfielder,0,1,0,0,7.0,31.0,0.21875,,1,0,0,0,0,0,0,0,0,0,0,2,2,2,0,0,classical,calendar,built from ground_truth_resolved + stats_combined + trophies + narrative,1,1,1,29.629629629629626,75.92592592592592,29.629629629629626
1965,1965,Milan Galić,Milan Galić,milan-galic-1938,17,1965-01-01,1965-12-31,Partizan,Yugoslavia,Striker,forward,1,0,0,0,15.0,24.0,0.625,24.0,0,0,0,0,0,0,0,0,0,0,0,3,1,1,0,0,classical,calendar,built from ground_truth_resolved + stats_combined + trophies + narrative,0,0,0,46.2962962962963,16.666666666666664,77.77777777777779
1965,1965,Philippe Gondet,Philippe Gondet,philippe-gondet-1942,17,1965-01-01,1965-12-31,Nantes,France,Forward,forward,1,0,0,0,16.0,30.0,0.5348837209302325,,1,0,1,0,0,0,0,0,0,0,0,3,1,1,0,0,classical,calendar,built from ground_truth_resolved + stats_combined + trophies + narrative,1,1,1,62.96296296296296,57.407407407407405,57.407407407407405
1965,1965,Andrej Kvašňák,Andrej Kvašňák,andrej-kvasnak-1936,17,1965-01-01,1965-12-31,Sparta Prague,Czechoslovakia,Attacking midfielder forward,forward,1,0,0,0,16.0,30.0,0.5348837209302325,,1,0,0,0,0,0,0,0,0,0,0,3,1,1,0,0,classical,calendar,built from ground_truth_resolved + stats_combined + trophies + narrative,1,1,1,62.96296296296296,57.407407407407405,57.407407407407405
1965,1965,Slava Metreveli,Slava Metreveli,slava-metreveli-1936,17,1965-01-01,1965-12-31,Dinamo Tbilisi,Soviet Union,Winger,forward,1,0,0,0,16.0,30.0,0.5348837209302325,,1,0,0,0,0,0,0,0,0,0,0,3,1,1,0,0,classical,calendar,built from ground_truth_resolved + stats_combined + trophies + narrative,1,1,1,62.96296296296296,57.407407407407405,57.407407407407405
1965,1965,Ivor Allchurch,Ivor Allchurch,ivor-allchurch-1929,25,1965-01-01,1965-12-31,Cardiff City Swansea Town,Wales,Inside forward,forward,1,0,0,0,15.0,27.0,0.5555555555555556,27.0,0,0,0,0,0,0,0,0,0,0,0,3,1,1,0,0,classical,calendar,built from ground_truth_resolved + stats_combined + trophies + narrative,0,0,0,46.2962962962963,25.925925925925924,70.37037037037037
1965,1965,Sigfried Held,Sigfried Held,sigfried-held-1942,25,1965-01-01,1965-12-31,Kickers Offenbach Borussia Dortmund,West Germany,Attacking midfielder forward,forward,1,0,0,0,16.0,30.0,0.5348837209302325,,1,0,0,0,0,0,0,0,0,0,0,2,2,2,0,0,classical,calendar,built from ground_truth_resolved + stats_combined + trophies + narrative,1,1,1,62.96296296296296,57.407407407407405,57.407407407407405
1965,1965,Köbi Kuhn,Köbi Kuhn,kobi-kuhn-1943,25,1965-01-01,1965-12-31,Zürich,Switzerland,Midfielder,midfielder,0,1,0,0,7.0,31.0,0.21875,,1,0,0,0,0,0,0,0,0,0,0,3,1,1,0,0,classical,calendar,built from ground_truth_resolved + stats_combined + trophies + narrative,1,1,1,29.629629629629626,75.92592592592592,29.629629629629626
1966,1966,Bobby Charlton,Bobby Charlton,bobby-charlton-1937,1,1966-01-01,1966-12-31,Manchester United,England,Midfielder forward,forward,1,0,0,0,16.0,38.0,0.42105263157894735,38.0,0,0,1,0,1,0,0,1,0,0,1,1,3,3,1,1,classical,calendar,built from ground_truth_resolved + stats_combined + trophies + narrative,0,0,0,63.04347826086957,95.65217391304348,47.82608695652174
1966,1966,Eusébio,Eusébio,eusebio-1942,2,1966-01-01,1966-12-31,Benfica,Portugal,Striker,forward,1,0,0,0,25.0,23.0,1.0869565217391304,23.0,0,0,0,0,1,0,0,0,0,0,0,2,2,2,0,0,classical,calendar,built from ground_truth_resolved + stats_combined + trophies + narrative,0,0,0,93.47826086956522,13.043478260869565,100.0
1966,1966,Franz Beckenbauer,Franz Beckenbauer,franz-beckenbauer-1945,3,1966-01-01,1966-12-31,Bayern Munich,West Germany,Defender sweeper,defender,0,0,1,0,4.0,33.0,0.12121212121212122,33.0,0,0,0,0,1,0,0,0,0,0,0,1,3,3,0,0,classical,calendar,built from ground_truth_resolved + stats_combined + trophies + narrative,0,0,0,26.08695652173913,84.78260869565217,26.08695652173913
1966,1966,Bobby Moore,Bobby Moore,bobby-moore-1941,4,1966-01-01,1966-12-31,West Ham United,England,Defender,defender,0,0,1,0,0.0,37.0,0.0,37.0,0,0,0,0,1,0,0,1,0,0,1,2,2,2,1,1,classical,calendar,built from ground_truth_resolved + stats_combined + trophies + narrative,0,0,0,8.695652173913043,91.30434782608695,8.695652173913043
1966,1966,Flórián Albert,Flórián Albert,florian-albert-1941,5,1966-01-01,1966-12-31,Ferencváros,Hungary,Forward,forward,1,0,0,0,24.0,25.0,0.96,25.0,0,0,0,0,1,0,0,0,0,0,0,2,2,2,0,0,classical,calendar,built from ground_truth_resolved + stats_combined + trophies + narrative,0,0,0,84.78260869565217,17.391304347826086,91.30434782608695
1966,1966,Ferenc Bene,Ferenc Bene,ferenc-bene-1944,6,1966-01-01,1966-12-31,Újpest,Hungary,Striker,forward,1,0,0,0,24.0,26.0,0.9230769230769231,26.0,0,0,0,0,1,0,0,0,0,0,0,3,1,1,0,0,classical,calendar,built from ground_truth_resolved + stats_combined + trophies + narrative,0,0,0,84.78260869565217,23.91304347826087,86.95652173913044
1966,1966,Lev Yashin,Lev Yashin,lev-yashin-1929,7,1966-01-01,1966-12-31,Dynamo Moscow,Soviet Union,Goalkeeper,goalkeeper,0,0,0,1,0.0,8.0,0.0,8.0,0,0,0,0,1,0,0,0,0,0,0,3,1,1,0,0,classical,calendar,built from ground_truth_resolved + stats_combined + trophies + narrative,0,0,0,8.695652173913043,4.3478260869565215,8.695652173913043
1966,1966,Alan Ball,Alan Ball,alan-ball,8,1966-01-01,1966-12-31,Blackpool Everton,England,,unknown,0,0,0,0,5.0,28.0,0.1724137931034483,,1,0,0,0,1,0,0,1,0,0,1,2,2,2,1,1,classical,calendar,built from ground_truth_resolved + stats_combined + trophies + narrative,1,1,1,32.608695652173914,32.608695652173914,32.608695652173914
1966,1966,János Farkas,János Farkas,janos-farkas-1942,9,1966-01-01,1966-12-31,Vasas,Hungary,Striker,forward,1,0,0,0,25.0,26.0,0.9615384615384616,26.0,0,0,0,0,1,0,0,0,0,0,0,3,1,1,0,0,classical,calendar,built from ground_truth_resolved + stats_combined + trophies + narrative,0,0,0,93.47826086956522,23.91304347826087,95.65217391304348
1966,1966,José Torres,José Torres,jose-torres,10,1966-01-01,1966-12-31,Benfica,Portugal,,unknown,0,0,0,0,5.0,28.0,0.1724137931034483,,1,0,0,0,1,0,0,0,0,0,0,2,2,2,0,0,classical,calendar,built from ground_truth_resolved + stats_combined + trophies + narrative,1,1,1,32.608695652173914,32.608695652173914,32.608695652173914
1966,1966,Mario Corso,Mario Corso,mario-corso-1941,11,1966-01-01,1966-12-31,Internazionale,Italy,Winger,forward,1,0,0,0,16.0,30.0,0.5348837209302325,,1,0,0,0,1,0,0,0,0,0,0,1,3,3,0,0,classical,calendar,built from ground_truth_resolved + stats_combined + trophies + narrative,1,1,1,63.04347826086957,50.0,60.86956521739131
1966,1966,Valery Voronin,Valery Voronin,valery-voronin-1939,11,1966-01-01,1966-12-31,Torpedo Moscow,Soviet Union,Defensive midfielder,midfielder,0,1,0,0,7.0,31.0,0.21875,,1,0,0,0,1,0,0,0,0,0,0,3,1,1,0,0,classical,calendar,built from ground_truth_resolved + stats_combined + trophies + narrative,1,1,1,41.30434782608695,63.04347826086957,41.30434782608695
1966,1966,Mário Coluna,Mário Coluna,mario-coluna-1935,13,1966-01-01,1966-12-31,Benfica,Portugal,Midfielder,midfielder,0,1,0,0,7.0,31.0,0.21875,,1,0,0,0,1,0,0,0,0,0,0,2,2,2,0,0,classical,calendar,built from ground_truth_resolved + stats_combined + trophies + narrative,1,1,1,41.30434782608695,63.04347826086957,41.30434782608695
1966,1966,Georgi Asparuhov,Georgi Asparuhov,georgi-asparuhov-1943,14,1966-01-01,1966-12-31,Levski Sofia,Bulgaria,Striker,forward,1,0,0,0,13.0,22.0,0.5909090909090909,22.0,0,0,0,0,1,0,0,0,0,0,0,3,1,1,0,0,classical,calendar,built from ground_truth_resolved + stats_combined + trophies + narrative,0,0,0,47.82608695652174,8.695652173913043,73.91304347826086
1966,1966,Gordon Banks,Gordon Banks,gordon-banks-1937,14,1966-01-01,1966-12-31,Leicester City,England,Goalkeeper,goalkeeper,0,0,0,1,0.0,32.0,0.0,32.0,0,0,0,0,1,0,0,1,0,0,1,2,2,2,1,1,classical,calendar,built from ground_truth_resolved + stats_combined + trophies + narrative,0,0,0,8.695652173913043,73.91304347826086,8.695652173913043
1966,1966,Geoff Hurst,Geoff Hurst,geoff-hurst-1941,14,1966-01-01,1966-12-31,West Ham United,England,Striker,forward,1,0,0,0,23.0,39.0,0.5897435897435898,39.0,0,0,0,0,1,0,0,1,0,0,1,2,2,2,1,1,classical,calendar,built from ground_truth_resolved + stats_combined + trophies + narrative,0,0,0,78.26086956521739,100.0,69.56521739130434
1966,1966,Sandro Mazzola,Sandro Mazzola,sandro-mazzola-1942,14,1966-01-01,1966-12-31,Internazionale,Italy,Forward attacking midfielder,forward,1,0,0,0,19.0,30.0,0.6333333333333333,30.0,0,0,0,0,1,0,0,0,0,0,0,1,3,3,0,0,classical,calendar,built from ground_truth_resolved + stats_combined + trophies + narrative,0,0,0,73.91304347826086,50.0,78.26086956521739
1966,1966,Igor Chislenko,Igor Chislenko,igor-chislenko-1939,18,1966-01-01,1966-12-31,Dynamo Moscow,Soviet Union,Forward,forward,1,0,0,0,16.0,30.0,0.5348837209302325,,1,0,0,0,1,0,0,0,0,0,0,3,1,1,0,0,classical,calendar,built from ground_truth_resolved + stats_combined + trophies + narrative,1,1,1,63.04347826086957,50.0,60.86956521739131
1966,1966,Tony Dunne,Tony Dunne,tony-dunne-1941,18,1966-01-01,1966-12-31,Manchester United,Republic of Ireland,Left-back,defender,0,0,1,0,2.0,32.0,0.07407407407407407,,1,0,1,0,1,0,0,0,0,0,0,1,3,3,0,0,classical,calendar,built from ground_truth_resolved + stats_combined + trophies + narrative,1,1,1,19.565217391304348,73.91304347826086,19.565217391304348
1966,1966,Helmut Haller,Helmut Haller,helmut-haller-1939,18,1966-01-01,1966-12-31,Bologna,West Germany,Forward,forward,1,0,0,0,16.0,30.0,0.5348837209302325,,1,0,0,0,1,0,0,0,0,0,0,3,1,1,0,0,classical,calendar,built from ground_truth_resolved + stats_combined + trophies + narrative,1,1,1,63.04347826086957,50.0,60.86956521739131
1966,1966,Denis Law,Denis Law,denis-law-1940,18,1966-01-01,1966-12-31,Manchester United,Scotland,Centre forward,forward,1,0,0,0,15.0,33.0,0.45454545454545453,33.0,0,0,1,0,1,0,0,0,0,0,0,1,3,3,0,0,classical,calendar,built from ground_truth_resolved + stats_combined + trophies + narrative,0,0,0,52.17391304347826,84.78260869565217,52.17391304347826
1966,1966,Willi Schulz,Willi Schulz,willi-schulz-1938,18,1966-01-01,1966-12-31,Hamburger SV,West Germany,Centre back sweeper,defender,0,0,1,0,2.0,32.0,0.07407407407407407,,1,0,0,0,1,0,0,0,0,0,0,2,2,2,0,0,classical,calendar,built from ground_truth_resolved + stats_combined + trophies + narrative,1,1,1,19.565217391304348,73.91304347826086,19.565217391304348
1966,1966,Paul Van Himst,Paul Van Himst,paul-van-himst-1943,18,1966-01-01,1966-12-31,Anderlecht,Belgium,Forward,forward,1,0,0,0,26.0,29.0,0.896551724137931,29.0,0,0,0,0,1,0,0,0,0,0,0,3,1,1,0,0,classical,calendar,built from ground_truth_resolved + stats_combined + trophies + narrative,0,0,0,100.0,39.130434782608695,82.6086956521739
1967,1967,Flórián Albert,Flórián Albert,florian-albert-1941,1,1967-01-01,1967-12-31,Ferencváros,Hungary,Forward,forward,1,0,0,0,28.0,27.0,1.037037037037037,27.0,0,0,0,0,0,0,0,0,0,0,0,2,2,2,0,0,classical,calendar,built from ground_truth_resolved + stats_combined + trophies + narrative,0,0,0,89.70588235294117,19.11764705882353,94.11764705882352
1967,1967,Bobby Charlton,Bobby Charlton,bobby-charlton-1937,2,1967-01-01,1967-12-31,Manchester United,England,Midfielder forward,forward,1,0,0,0,12.0,42.0,0.2857142857142857,42.0,0,0,0,0,0,0,0,0,0,0,0,1,3,3,1,1,classical,calendar,built from ground_truth_resolved + stats_combined + trophies + narrative,0,0,0,45.588235294117645,98.52941176470588,41.17647058823529
1967,1967,Jimmy Johnstone,Jimmy Johnstone,jimmy-johnstone-1944,3,1967-01-01,1967-12-31,Celtic,Scotland,Outside right,unknown,0,0,0,0,13.0,25.0,0.52,25.0,0,1,0,0,0,0,0,0,0,0,0,3,1,1,0,0,classical,calendar,built from ground_truth_resolved + stats_combined + trophies + narrative,0,0,0,50.0,10.294117647058822,50.0
1967,1967,Franz Beckenbauer,Franz Beckenbauer,franz-beckenbauer-1945,4,1967-01-01,1967-12-31,Bayern Munich,West Germany,Defender sweeper,defender,0,0,1,0,0.0,33.0,0.0,33.0,0,0,0,0,0,0,0,0,0,0,0,1,3,3,0,0,classical,calendar,built from ground_truth_resolved + stats_combined + trophies + narrative,0,0,0,2.941176470588235,83.82352941176471,2.941176470588235
1967,1967,Eusébio,Eusébio,eusebio-1942,5,1967-01-01,1967-12-31,Benfica,Portugal,Striker,forward,1,0,0,0,31.0,26.0,1.1923076923076923,26.0,0,0,0,0,0,0,0,0,0,0,0,2,2,2,0,0,classical,calendar,built from ground_truth_resolved + stats_combined + trophies + narrative,0,0,0,97.05882352941177,14.705882352941178,100.0
1967,1967,Tommy Gemmell,Tommy Gemmell,tommy-gemmell-1943,6,1967-01-01,1967-12-31,Celtic,Scotland,Left back,defender,0,0,1,0,2.0,32.0,0.07407407407407407,,1,1,0,0,0,0,0,0,0,0,0,3,1,1,0,0,classical,calendar,built from ground_truth_resolved + stats_combined + trophies + narrative,1,1,1,8.823529411764707,75.0,8.823529411764707
1967,1967,Gerd Müller,Gerd Müller,gerd-muller-1945,7,1967-01-01,1967-12-31,Bayern Munich,West Germany,Striker,forward,1,0,0,0,28.0,32.0,0.875,32.0,0,0,0,0,0,0,0,0,0,0,0,1,3,3,0,0,classical,calendar,built from ground_truth_resolved + stats_combined + trophies + narrative,0,0,0,89.70588235294117,75.0,91.17647058823529
1967,1967,George Best,George Best,george-best-1946,8,1967-01-01,1967-12-31,Manchester United,Northern Ireland,Right winger attacking midfielder,forward,1,0,0,0,10.0,42.0,0.23809523809523808,42.0,0,0,0,0,0,0,0,0,0,0,0,1,3,3,1,1,classical,calendar,built from ground_truth_resolved + stats_combined + trophies + narrative,0,0,0,41.17647058823529,98.52941176470588,38.23529411764706
1967,1967,Igor Chislenko,Igor Chislenko,igor-chislenko-1939,9,1967-01-01,1967-12-31,Dynamo Moscow,Soviet Union,Forward,forward,1,0,0,0,16.0,30.0,0.5348837209302325,,1,0,0,0,0,0,0,0,0,0,0,3,1,1,0,0,classical,calendar,built from ground_truth_resolved + stats_combined + trophies + narrative,1,1,1,61.76470588235294,42.64705882352941,61.76470588235294
1967,1967,János Farkas,János Farkas,janos-farkas-1942,10,1967-01-01,1967-12-31,Vasas,Hungary,Striker,forward,1,0,0,0,19.0,27.0,0.7037037037037037,27.0,0,0,0,0,0,0,0,0,0,0,0,3,1,1,0,0,classical,calendar,built from ground_truth_resolved + stats_combined + trophies + narrative,0,0,0,85.29411764705883,19.11764705882353,79.41176470588235
1967,1967,Sandro Mazzola,Sandro Mazzola,sandro-mazzola-1942,10,1967-01-01,1967-12-31,Internazionale,Italy,Forward attacking midfielder,forward,1,0,0,0,17.0,30.0,0.5666666666666667,30.0,0,0,0,0,0,0,0,0,0,0,0,1,3,3,0,0,classical,calendar,built from ground_truth_resolved + stats_combined + trophies + narrative,0,0,0,73.52941176470588,42.64705882352941,73.52941176470588
1967,1967,Pirri,Pirri,pirri-1945,10,1967-01-01,1967-12-31,Real Madrid,Spain,Central midfielder sweeper,defender,0,0,1,0,2.0,32.0,0.07407407407407407,,1,0,1,0,0,0,0,0,0,0,0,1,3,3,0,0,classical,calendar,built from ground_truth_resolved + stats_combined + trophies + narrative,1,1,1,8.823529411764707,75.0,8.823529411764707
1967,1967,Gigi Riva,Gigi Riva,gigi-riva-1944,13,1967-01-01,1967-12-31,Cagliari,Italy,Striker,forward,1,0,0,0,18.0,23.0,0.782608695652174,23.0,0,0,0,0,0,0,0,0,0,0,0,3,1,1,0,0,classical,calendar,built from ground_truth_resolved + stats_combined + trophies + narrative,0,0,0,79.41176470588235,5.88235294117647,88.23529411764706
1967,1967,Eduard Streltsov,Eduard Streltsov,eduard-streltsov-1937,13,1967-01-01,1967-12-31,Torpedo Moscow,Soviet Union,Forward attacking midfielder,forward,1,0,0,0,6.0,20.0,0.3,20.0,0,0,0,0,0,0,0,0,0,0,0,3,1,1,0,0,classical,calendar,built from ground_truth_resolved + stats_combined + trophies + narrative,0,0,0,25.0,2.941176470588235,44.11764705882353
1967,1967,Anatoliy Byshovets,Anatoliy Byshovets,anatoliy-byshovets-1946,15,1967-01-01,1967-12-31,Dynamo Kyiv,Soviet Union,Striker,forward,1,0,0,0,16.0,30.0,0.5348837209302325,,1,0,0,0,0,0,0,0,0,0,0,2,2,2,0,0,classical,calendar,built from ground_truth_resolved + stats_combined + trophies + narrative,1,1,1,61.76470588235294,42.64705882352941,61.76470588235294
1967,1967,Alan Ball,Alan Ball,alan-ball,16,1967-01-01,1967-12-31,Everton,England,,unknown,0,0,0,0,5.0,28.0,0.1724137931034483,,1,0,0,0,0,0,0,0,0,0,0,2,2,2,0,0,classical,calendar,built from ground_truth_resolved + stats_combined + trophies + narrative,1,1,1,19.11764705882353,25.0,19.11764705882353
1967,1967,Helmut Haller,Helmut Haller,helmut-haller-1939,16,1967-01-01,1967-12-31,Bologna,West Germany,Forward,forward,1,0,0,0,16.0,30.0,0.5348837209302325,,1,0,0,0,0,0,0,0,0,0,0,3,1,1,0,0,classical,calendar,built from ground_truth_resolved + stats_combined + trophies + narrative,1,1,1,61.76470588235294,42.64705882352941,61.76470588235294
1967,1967,Włodzimierz Lubański,Włodzimierz Lubański,w-odzimierz-lubanski-1947,16,1967-01-01,1967-12-31,Górnik Zabrze,Poland,Forward,forward,1,0,0,0,18.0,25.0,0.72,25.0,0,0,0,0,0,0,0,0,0,0,0,3,1,1,0,0,classical,calendar,built from ground_truth_resolved + stats_combined + trophies + narrative,0,0,0,79.41176470588235,10.294117647058822,85.29411764705883
1967,1967,Gianni Rivera,Gianni Rivera,gianni-rivera-1943,16,1967-01-01,1967-12-31,Milan,Italy,Forward attacking midfielder,forward,1,0,0,0,12.0,34.0,0.35294117647058826,34.0,0,0,0,0,0,0,0,0,0,0,0,1,3,3,0,0,classical,calendar,built from ground_truth_resolved + stats_combined + trophies + narrative,0,0,0,45.588235294117645,89.70588235294117,47.05882352941176
1967,1967,Zvezdan Čebinac,Zvezdan Čebinac,zvezdan-cebinac-1939,20,1967-01-01,1967-12-31,PSV Eindhoven 1. FC Nürnberg,Yugoslavia,Midfielder,midfielder,0,1,0,0,7.0,31.0,0.21875,,1,0,0,0,0,0,0,0,0,0,0,3,1,1,0,0,classical,calendar,built from ground_truth_resolved + stats_combined + trophies + narrative,1,1,1,33.82352941176471,63.23529411764706,30.88235294117647
1967,1967,Giacinto Facchetti,Giacinto Facchetti,giacinto-facchetti-1942,20,1967-01-01,1967-12-31,Internazionale,Italy,Left-back,defender,0,0,1,0,4.0,34.0,0.11764705882352941,34.0,0,0,0,0,0,0,0,0,0,0,0,1,3,3,0,0,classical,calendar,built from ground_truth_resolved + stats_combined + trophies + narrative,0,0,0,14.705882352941178,89.70588235294117,14.705882352941178
1967,1967,Geoff Hurst,Geoff Hurst,geoff-hurst-1941,20,1967-01-01,1967-12-31,West Ham United,England,Striker,forward,1,0,0,0,29.0,41.0,0.7073170731707317,41.0,0,0,0,0,0,0,0,0,0,0,0,2,2,2,0,0,classical,calendar,built from ground_truth_resolved + stats_combined + trophies + narrative,0,0,0,94.11764705882352,94.11764705882352,82.35294117647058
1967,1967,Wolfgang Overath,Wolfgang Overath,wolfgang-overath-1943,20,1967-01-01,1967-12-31,1. FC Köln,West Germany,Attacking midfielder,midfielder,0,1,0,0,6.0,33.0,0.18181818181818182,33.0,0,0,0,0,0,0,0,0,0,0,0,3,1,1,0,0,classical,calendar,built from ground_truth_resolved + stats_combined + trophies + narrative,0,0,0,25.0,83.82352941176471,23.52941176470588
1967,1967,Paul Van Himst,Paul Van Himst,paul-van-himst-1943,20,1967-01-01,1967-12-31,Anderlecht,Belgium,Forward,forward,1,0,0,0,18.0,30.0,0.6,30.0,0,0,0,0,0,0,0,0,0,0,0,3,1,1,0,0,classical,calendar,built from ground_truth_resolved + stats_combined + trophies + narrative,0,0,0,79.41176470588235,42.64705882352941,76.47058823529412
1967,1967,Nikola Kotkov,Nikola Kotkov,nikola-kotkov-1938,25,1967-01-01,1967-12-31,Lokomotiv Sofia,Bulgaria,Striker,forward,1,0,0,0,16.0,30.0,0.5348837209302325,,1,0,0,0,0,0,0,0,0,0,0,3,1,1,0,0,classical,calendar,built from ground_truth_resolved + stats_combined + trophies + narrative,1,1,1,61.76470588235294,42.64705882352941,61.76470588235294
1967,1967,Valery Voronin,Valery Voronin,valery-voronin-1939,25,1967-01-01,1967-12-31,Torpedo Moscow,Soviet Union,Defensive midfielder,midfielder,0,1,0,0,7.0,31.0,0.21875,,1,0,0,0,0,0,0,0,0,0,0,3,1,1,0,0,classical,calendar,built from ground_truth_resolved + stats_combined + trophies + narrative,1,1,1,33.82352941176471,63.23529411764706,30.88235294117647
1967,1967,José Augusto,José Augusto,jose-augusto,27,1967-01-01,1967-12-31,Benfica,Portugal,,unknown,0,0,0,0,5.0,28.0,0.1724137931034483,,1,0,0,0,0,0,0,0,0,0,0,2,2,2,0,0,classical,calendar,built from ground_truth_resolved + stats_combined + trophies + narrative,1,1,1,19.11764705882353,25.0,19.11764705882353
1967,1967,Johnny Bjerregaard,Johnny Bjerregaard,johnny-bjerregaard-1943,27,1967-01-01,1967-12-31,Rapid Wien,Denmark,Striker,forward,1,0,0,0,16.0,30.0,0.5348837209302325,,1,0,0,0,0,0,0,0,0,0,0,3,1,1,0,0,classical,calendar,built from ground_truth_resolved + stats_combined + trophies + narrative,1,1,1,61.76470588235294,42.64705882352941,61.76470588235294
1967,1967,Néstor Combin,Néstor Combin,nestor-combin-1940,27,1967-01-01,1967-12-31,Torino,France,Forward,forward,1,0,0,0,16.0,30.0,0.5348837209302325,,1,0,0,0,0,0,0,0,0,0,0,3,1,1,0,0,classical,calendar,built from ground_truth_resolved + stats_combined + trophies + narrative,1,1,1,61.76470588235294,42.64705882352941,61.76470588235294
1967,1967,Johan Cruyff,Johan Cruyff,johan-cruyff-1947,27,1967-01-01,1967-12-31,Ajax,Netherlands,Forward attacking midfielder,forward,1,0,0,0,33.0,30.0,1.1,30.0,0,0,0,0,0,0,0,0,0,0,0,2,2,2,0,0,classical,calendar,built from ground_truth_resolved + stats_combined + trophies + narrative,0,0,0,100.0,42.64705882352941,97.05882352941177
1967,1967,Pedro de Felipe,Pedro de Felipe,pedro-de-felipe-1944,27,1967-01-01,1967-12-31,Real Madrid,Spain,Centre-back,defender,0,0,1,0,2.0,32.0,0.07407407407407407,,1,0,1,0,0,0,0,0,0,0,0,1,3,3,0,0,classical,calendar,built from ground_truth_resolved + stats_combined + trophies + narrative,1,1,1,8.823529411764707,75.0,8.823529411764707
1967,1967,Louis Pilot,Louis Pilot,louis-pilot-1940,27,1967-01-01,1967-12-31,Standard Liège,Luxembourg,Midfielder,midfielder,0,1,0,0,7.0,31.0,0.21875,,1,0,0,0,0,0,0,0,0,0,0,3,1,1,0,0,classical,calendar,built from ground_truth_resolved + stats_combined + trophies + narrative,1,1,1,33.82352941176471,63.23529411764706,30.88235294117647
1967,1967,Ove Kindvall,Ove Kindvall,ove-kindvall-1943,27,1967-01-01,1967-12-31,Feyenoord,Sweden,Striker,forward,1,0,0,0,16.0,30.0,0.5348837209302325,,1,0,0,0,0,0,0,0,0,0,0,3,1,1,0,0,classical,calendar,built from ground_truth_resolved + stats_combined + trophies + narrative,1,1,1,61.76470588235294,42.64705882352941,61.76470588235294
1967,1967,Zygfryd Szołtysik,Zygfryd Szołtysik,zygfryd-szo-tysik-1942,27,1967-01-01,1967-12-31,Górnik Zabrze,Poland,Midfielder,midfielder,0,1,0,0,7.0,31.0,0.21875,,1,0,0,0,0,0,0,0,0,0,0,3,1,1,0,0,classical,calendar,built from ground_truth_resolved + stats_combined + trophies + narrative,1,1,1,33.82352941176471,63.23529411764706,30.88235294117647
1968,1968,George Best,George Best,george-best-1946,1,1968-01-01,1968-12-31,Manchester United,Northern Ireland,Right winger attacking midfielder,forward,1,0,0,0,28.0,41.0,0.6829268292682927,41.0,0,1,0,0,0,1,0,0,0,0,0,1,3,3,0,0,classical,calendar,built from ground_truth_resolved + stats_combined + trophies + narrative,0,0,0,93.75,98.4375,84.375
1968,1968,Bobby Charlton,Bobby Charlton,bobby-charlton-1937,2,1968-01-01,1968-12-31,Manchester United,England,Midfielder forward,forward,1,0,0,0,15.0,41.0,0.36585365853658536,41.0,0,1,0,0,0,1,0,0,0,0,0,1,3,3,0,0,classical,calendar,built from ground_truth_resolved + stats_combined + trophies + narrative,0,0,0,65.625,98.4375,56.25
1968,1968,Dragan Džajić,Dragan Džajić,dragan-dzajic-1946,3,1968-01-01,1968-12-31,Red Star Belgrade,Yugoslavia,Left winger,forward,1,0,0,0,16.0,30.0,0.5348837209302325,,1,0,0,0,0,1,0,0,0,0,0,3,1,1,0,0,classical,calendar,built from ground_truth_resolved + stats_combined + trophies + narrative,1,1,1,71.875,48.4375,68.75
1968,1968,Franz Beckenbauer,Franz Beckenbauer,franz-beckenbauer-1945,4,1968-01-01,1968-12-31,Bayern Munich,West Germany,Defender sweeper,defender,0,0,1,0,4.0,28.0,0.14285714285714285,28.0,0,0,0,0,0,1,0,0,0,0,0,1,3,3,0,0,classical,calendar,built from ground_truth_resolved + stats_combined + trophies + narrative,0,0,0,23.4375,26.5625,25.0
1968,1968,Giacinto Facchetti,Giacinto Facchetti,giacinto-facchetti-1942,5,1968-01-01,1968-12-31,Internazionale,Italy,Left-back,defender,0,0,1,0,7.0,28.0,0.25,28.0,0,0,0,0,0,1,0,0,1,0,1,1,3,3,1,1,classical,calendar,built from ground_truth_resolved + stats_combined + trophies + narrative,0,0,0,50.0,26.5625,53.125
1968,1968,Gigi Riva,Gigi Riva,gigi-riva-1944,6,1968-01-01,1968-12-31,Cagliari,Italy,Striker,forward,1,0,0,0,13.0,26.0,0.5,26.0,0,0,0,0,0,1,0,0,1,0,1,3,1,1,1,1,classical,calendar,built from ground_truth_resolved + stats_combined + trophies + narrative,0,0,0,59.375,10.9375,62.5
1968,1968,Amancio,Amancio,amancio,7,1968-01-01,1968-12-31,Real Madrid,Spain,,unknown,0,0,0,0,5.0,28.0,0.1724137931034483,,1,0,1,0,0,1,0,0,0,0,0,1,3,3,0,0,classical,calendar,built from ground_truth_resolved + stats_combined + trophies + narrative,1,1,1,34.375,26.5625,35.9375
1968,1968,Eusébio,Eusébio,eusebio-1942,8,1968-01-01,1968-12-31,Benfica,Portugal,Striker,forward,1,0,0,0,42.0,24.0,1.75,24.0,0,0,0,0,0,1,0,0,0,0,0,2,2,2,0,0,classical,calendar,built from ground_truth_resolved + stats_combined + trophies + narrative,0,0,0,100.0,3.125,100.0
1968,1968,Gianni Rivera,Gianni Rivera,gianni-rivera-1943,9,1968-01-01,1968-12-31,Milan,Italy,Forward attacking midfielder,forward,1,0,0,0,11.0,29.0,0.3793103448275862,29.0,0,0,0,0,0,1,0,0,1,0,1,1,3,3,1,1,classical,calendar,built from ground_truth_resolved + stats_combined + trophies + narrative,0,0,0,56.25,39.0625,59.375
1968,1968,Jimmy Greaves,Jimmy Greaves,jimmy-greaves-1940,10,1968-01-01,1968-12-31,Tottenham Hotspur,England,Striker,forward,1,0,0,0,23.0,39.0,0.5897435897435898,39.0,0,0,0,0,0,1,0,0,0,0,0,2,2,2,0,0,classical,calendar,built from ground_truth_resolved + stats_combined + trophies + narrative,0,0,0,87.5,90.625,81.25
1968,1968,Pirri,Pirri,pirri-1945,10,1968-01-01,1968-12-31,Real Madrid,Spain,Central midfielder sweeper,defender,0,0,1,0,2.0,32.0,0.07407407407407407,,1,0,1,0,0,1,0,0,0,0,0,1,3,3,0,0,classical,calendar,built from ground_truth_resolved + stats_combined + trophies + narrative,1,1,1,10.9375,70.3125,10.9375
1968,1968,Antal Dunai,Antal Dunai,antal-dunai-1943,12,1968-01-01,1968-12-31,Újpest,Hungary,Striker,forward,1,0,0,0,32.0,30.0,1.0666666666666667,30.0,0,0,0,0,0,1,0,0,0,0,0,3,1,1,0,0,classical,calendar,built from ground_truth_resolved + stats_combined + trophies + narrative,0,0,0,96.875,48.4375,96.875
1968,1968,Willi Schulz,Willi Schulz,willi-schulz-1938,12,1968-01-01,1968-12-31,Hamburger SV,West Germany,Centre back sweeper,defender,0,0,1,0,2.0,32.0,0.07407407407407407,,1,0,0,0,0,1,0,0,0,0,0,2,2,2,0,0,classical,calendar,built from ground_truth_resolved + stats_combined + trophies + narrative,1,1,1,10.9375,70.3125,10.9375
1968,1968,Georgi Asparuhov,Georgi Asparuhov,georgi-asparuhov-1943,14,1968-01-01,1968-12-31,Levski Sofia,Bulgaria,Striker,forward,1,0,0,0,14.0,25.0,0.56,25.0,0,0,0,0,0,1,0,0,0,0,0,3,1,1,0,0,classical,calendar,built from ground_truth_resolved + stats_combined + trophies + narrative,0,0,0,62.5,6.25,78.125
1968,1968,Albert Shesternyov,Albert Shesternyov,albert-shesternyov-1941,14,1968-01-01,1968-12-31,CSKA Moscow,Soviet Union,Libero,defender,0,0,1,0,2.0,32.0,0.07407407407407407,,1,0,0,0,0,1,0,0,0,0,0,3,1,1,0,0,classical,calendar,built from ground_truth_resolved + stats_combined + trophies + narrative,1,1,1,10.9375,70.3125,10.9375
1968,1968,Ove Kindvall,Ove Kindvall,ove-kindvall-1943,16,1968-01-01,1968-12-31,Feyenoord,Sweden,Striker,forward,1,0,0,0,16.0,30.0,0.5348837209302325,,1,0,0,0,0,1,0,0,0,0,0,3,1,1,0,0,classical,calendar,built from ground_truth_resolved + stats_combined + trophies + narrative,1,1,1,71.875,48.4375,68.75
1968,1968,Flórián Albert,Flórián Albert,florian-albert-1941,17,1968-01-01,1968-12-31,Ferencváros,Hungary,Forward,forward,1,0,0,0,19.0,27.0,0.7037037037037037,27.0,0,0,0,0,0,1,0,0,0,0,0,2,2,2,0,0,classical,calendar,built from ground_truth_resolved + stats_combined + trophies + narrative,0,0,0,79.6875,15.625,87.5
1968,1968,Sandro Mazzola,Sandro Mazzola,sandro-mazzola-1942,17,1968-01-01,1968-12-31,Internazionale,Italy,Forward attacking midfielder,forward,1,0,0,0,6.0,28.0,0.21428571428571427,28.0,0,0,0,0,0,1,0,0,1,0,1,1,3,3,1,1,classical,calendar,built from ground_truth_resolved + stats_combined + trophies + narrative,0,0,0,43.75,26.5625,43.75
1968,1968,Lajos Szűcs,Lajos Szűcs,lajos-szucs,17,1968-01-01,1968-12-31,Ferencváros,Hungary,,unknown,0,0,0,0,5.0,28.0,0.1724137931034483,,1,0,0,0,0,1,0,0,0,0,0,2,2,2,0,0,classical,calendar,built from ground_truth_resolved + stats_combined + trophies + narrative,1,1,1,34.375,26.5625,35.9375
1968,1968,Johan Cruyff,Johan Cruyff,johan-cruyff-1947,20,1968-01-01,1968-12-31,Ajax,Netherlands,Forward attacking midfielder,forward,1,0,0,0,27.0,33.0,0.8181818181818182,33.0,0,0,0,0,0,1,0,0,0,0,0,2,2,2,0,0,classical,calendar,built from ground_truth_resolved + stats_combined + trophies + narrative,0,0,0,90.625,81.25,90.625
1968,1968,Gerd Müller,Gerd Müller,gerd-muller-1945,20,1968-01-01,1968-12-31,Bayern Munich,West Germany,Striker,forward,1,0,0,0,19.0,34.0,0.5588235294117647,34.0,0,0,0,0,0,1,0,0,0,0,0,1,3,3,0,0,classical,calendar,built from ground_truth_resolved + stats_combined + trophies + narrative,0,0,0,79.6875,85.9375,75.0
1968,1968,Jack Charlton,Jack Charlton,jack-charlton-1935,22,1968-01-01,1968-12-31,Leeds United,England,Centre back,defender,0,0,1,0,5.0,34.0,0.14705882352941177,34.0,0,0,1,0,0,1,0,0,0,0,0,2,2,2,0,0,classical,calendar,built from ground_truth_resolved + stats_combined + trophies + narrative,0,0,0,34.375,85.9375,28.125
1968,1968,Bobby Moore,Bobby Moore,bobby-moore-1941,22,1968-01-01,1968-12-31,West Ham United,England,Defender,defender,0,0,1,0,4.0,40.0,0.1,40.0,0,0,0,0,0,1,0,0,0,0,0,2,2,2,0,0,classical,calendar,built from ground_truth_resolved + stats_combined + trophies + narrative,0,0,0,23.4375,93.75,21.875
1968,1968,Alan Ball,Alan Ball,alan-ball,24,1968-01-01,1968-12-31,Everton,England,,unknown,0,0,0,0,5.0,28.0,0.1724137931034483,,1,0,0,0,0,1,0,0,0,0,0,2,2,2,0,0,classical,calendar,built from ground_truth_resolved + stats_combined + trophies + narrative,1,1,1,34.375,26.5625,35.9375
1968,1968,Ferenc Bene,Ferenc Bene,ferenc-bene-1944,24,1968-01-01,1968-12-31,Újpest,Hungary,Striker,forward,1,0,0,0,22.0,26.0,0.8461538461538461,26.0,0,0,0,0,0,1,0,0,0,0,0,3,1,1,0,0,classical,calendar,built from ground_truth_resolved + stats_combined + trophies + narrative,0,0,0,84.375,10.9375,93.75
1968,1968,Angelo Domenghini,Angelo Domenghini,angelo-domenghini-1941,24,1968-01-01,1968-12-31,Internazionale,Italy,Forward winger,forward,1,0,0,0,16.0,30.0,0.5348837209302325,,1,0,0,0,0,1,0,0,1,0,1,1,3,3,1,1,classical,calendar,built from ground_truth_resolved + stats_combined + trophies + narrative,1,1,1,71.875,48.4375,68.75
1968,1968,Mirsad Fazlagić,Mirsad Fazlagić,mirsad-fazlagic-1943,24,1968-01-01,1968-12-31,Sarajevo,Yugoslavia,Full-back,defender,0,0,1,0,2.0,32.0,0.07407407407407407,,1,0,0,0,0,1,0,0,0,0,0,3,1,1,0,0,classical,calendar,built from ground_truth_resolved + stats_combined + trophies + narrative,1,1,1,10.9375,70.3125,10.9375
1968,1968,Tommy Gemmell,Tommy Gemmell,tommy-gemmell-1943,24,1968-01-01,1968-12-31,Celtic,Scotland,Left back,defender,0,0,1,0,2.0,32.0,0.07407407407407407,,1,0,0,0,0,1,0,0,0,0,0,3,1,1,0,0,classical,calendar,built from ground_truth_resolved + stats_combined + trophies + narrative,1,1,1,10.9375,70.3125,10.9375
1968,1968,Jimmy Johnstone,Jimmy Johnstone,jimmy-johnstone-1944,24,1968-01-01,1968-12-31,Celtic,Scotland,Outside right,unknown,0,0,0,0,5.0,29.0,0.1724137931034483,29.0,0,0,0,0,0,1,0,0,0,0,0,3,1,1,0,0,classical,calendar,built from ground_truth_resolved + stats_combined + trophies + narrative,0,0,0,34.375,39.0625,35.9375
1968,1968,Murtaz Khurtsilava,Murtaz Khurtsilava,murtaz-khurtsilava-1943,24,1968-01-01,1968-12-31,Dinamo Tbilisi,Soviet Union,Defender,defender,0,0,1,0,2.0,32.0,0.07407407407407407,,1,0,0,0,0,1,0,0,0,0,0,3,1,1,0,0,classical,calendar,built from ground_truth_resolved + stats_combined + trophies + narrative,1,1,1,10.9375,70.3125,10.9375
1968,1968,Ivica Osim,Ivica Osim,ivica-osim-1941,24,1968-01-01,1968-12-31,Željezničar,Yugoslavia,Midfielder,midfielder,0,1,0,0,7.0,31.0,0.21875,,1,0,0,0,0,1,0,0,0,0,0,3,1,1,0,0,classical,calendar,built from ground_truth_resolved + stats_combined + trophies + narrative,1,1,1,50.0,57.8125,48.4375
1968,1968,Louis Pilot,Louis Pilot,louis-pilot-1940,24,1968-01-01,1968-12-31,Standard Liège,Luxembourg,Midfielder,midfielder,0,1,0,0,7.0,31.0,0.21875,,1,0,0,0,0,1,0,0,0,0,0,3,1,1,0,0,classical,calendar,built from ground_truth_resolved + stats_combined + trophies + narrative,1,1,1,50.0,57.8125,48.4375
1969,1969,Gianni Rivera,Gianni Rivera,gianni-rivera-1943,1,1969-01-01,1969-12-31,Milan,Italy,Forward attacking midfielder,forward,1,0,0,0,3.0,28.0,0.10714285714285714,28.0,0,1,0,0,0,0,0,0,0,0,0,1,3,3,0,0,classical,calendar,built from ground_truth_resolved + stats_combined + trophies + narrative,0,0,0,17.741935483870968,17.741935483870968,19.35483870967742
1969,1969,Gigi Riva,Gigi Riva,gigi-riva-1944,2,1969-01-01,1969-12-31,Cagliari,Italy,Striker,forward,1,0,0,0,20.0,29.0,0.6896551724137931,29.0,0,0,0,0,0,0,0,0,0,0,0,3,1,1,0,0,classical,calendar,built from ground_truth_resolved + stats_combined + trophies + narrative,0,0,0,83.87096774193549,27.419354838709676,83.87096774193549
1969,1969,Gerd Müller,Gerd Müller,gerd-muller-1945,3,1969-01-01,1969-12-31,Bayern Munich,West Germany,Striker,forward,1,0,0,0,30.0,30.0,1.0,30.0,0,0,0,0,0,0,0,0,0,0,0,1,3,3,0,0,classical,calendar,built from ground_truth_resolved + stats_combined + trophies + narrative,0,0,0,96.7741935483871,48.38709677419355,96.7741935483871
1969,1969,Johan Cruyff,Johan Cruyff,johan-cruyff-1947,4,1969-01-01,1969-12-31,Ajax,Netherlands,Forward attacking midfielder,forward,1,0,0,0,24.0,29.0,0.8275862068965517,29.0,0,0,0,0,0,0,0,0,0,0,0,2,2,2,0,0,classical,calendar,built from ground_truth_resolved + stats_combined + trophies + narrative,0,0,0,90.32258064516128,27.419354838709676,87.09677419354838
1969,1969,Ove Kindvall,Ove Kindvall,ove-kindvall-1943,4,1969-01-01,1969-12-31,Feyenoord,Sweden,Striker,forward,1,0,0,0,16.0,30.0,0.5348837209302325,,1,0,0,0,0,0,0,0,0,0,0,3,1,1,1,1,classical,calendar,built from ground_truth_resolved + stats_combined + trophies + narrative,1,1,1,64.51612903225806,48.38709677419355,70.96774193548387
1969,1969,George Best,George Best,george-best-1946,6,1969-01-01,1969-12-31,Manchester United,Northern Ireland,Right winger attacking midfielder,forward,1,0,0,0,19.0,41.0,0.4634146341463415,41.0,0,0,0,0,0,0,0,0,0,0,0,1,3,3,0,0,classical,calendar,built from ground_truth_resolved + stats_combined + trophies + narrative,0,0,0,79.03225806451613,91.93548387096774,54.83870967741935
1969,1969,Franz Beckenbauer,Franz Beckenbauer,franz-beckenbauer-1945,7,1969-01-01,1969-12-31,Bayern Munich,West Germany,Defender sweeper,defender,0,0,1,0,2.0,33.0,0.06060606060606061,33.0,0,0,0,0,0,0,0,0,0,0,0,1,3,3,0,0,classical,calendar,built from ground_truth_resolved + stats_combined + trophies + narrative,0,0,0,11.29032258064516,87.09677419354838,9.67741935483871
1969,1969,Pierino Prati,Pierino Prati,pierino-prati-1946,8,1969-01-01,1969-12-31,Milan,Italy,Striker,forward,1,0,0,0,14.0,30.0,0.4666666666666667,30.0,0,1,0,0,0,0,0,0,0,0,0,1,3,3,0,0,classical,calendar,built from ground_truth_resolved + stats_combined + trophies + narrative,0,0,0,51.61290322580645,48.38709677419355,58.06451612903226
1969,1969,Petar Zhekov,Petar Zhekov,petar-zhekov-1944,9,1969-01-01,1969-12-31,CSKA Sofia,Bulgaria,Forward,forward,1,0,0,0,36.0,29.0,1.2413793103448276,29.0,0,0,0,0,0,0,0,0,0,0,0,3,1,1,0,0,classical,calendar,built from ground_truth_resolved + stats_combined + trophies + narrative,0,0,0,100.0,27.419354838709676,100.0
1969,1969,Jack Charlton,Jack Charlton,jack-charlton-1935,10,1969-01-01,1969-12-31,Leeds United,England,Centre back,defender,0,0,1,0,3.0,41.0,0.07317073170731707,41.0,0,0,0,0,0,0,0,0,0,0,0,2,2,2,0,0,classical,calendar,built from ground_truth_resolved + stats_combined + trophies + narrative,0,0,0,17.741935483870968,91.93548387096774,12.903225806451612
1969,1969,Albert Shesternyov,Albert Shesternyov,albert-shesternyov-1941,11,1969-01-01,1969-12-31,CSKA Moscow,Soviet Union,Libero,defender,0,0,1,0,2.0,32.0,0.07407407407407407,,1,0,0,0,0,0,0,0,0,0,0,3,1,1,0,0,classical,calendar,built from ground_truth_resolved + stats_combined + trophies + narrative,1,1,1,11.29032258064516,79.03225806451613,16.129032258064516
1969,1969,Dragan Džajić,Dragan Džajić,dragan-dzajic-1946,12,1969-01-01,1969-12-31,Red Star Belgrade,Yugoslavia,Left winger,forward,1,0,0,0,16.0,30.0,0.5348837209302325,,1,0,0,0,0,0,0,0,0,0,0,3,1,1,0,0,classical,calendar,built from ground_truth_resolved + stats_combined + trophies + narrative,1,1,1,64.51612903225806,48.38709677419355,70.96774193548387
1969,1969,Francis Lee,Francis Lee,francis-lee,13,1969-01-01,1969-12-31,Manchester City,England,,unknown,0,0,0,0,5.0,28.0,0.1724137931034483,,1,0,0,0,0,0,0,0,0,0,0,1,3,3,0,0,classical,calendar,built from ground_truth_resolved + stats_combined + trophies + narrative,1,1,1,27.419354838709676,17.741935483870968,35.483870967741936
1969,1969,Martin Peters,Martin Peters,martin-peters-1943,13,1969-01-01,1969-12-31,West Ham United,England,Midfielder,midfielder,0,1,0,0,19.0,42.0,0.4523809523809524,42.0,0,0,0,0,0,0,0,0,0,0,0,2,2,2,0,0,classical,calendar,built from ground_truth_resolved + stats_combined + trophies + narrative,0,0,0,79.03225806451613,98.38709677419355,48.38709677419355
1969,1969,Jozef Adamec,Jozef Adamec,jozef-adamec-1942,15,1969-01-01,1969-12-31,Spartak Trnava,Czechoslovakia,Forward,forward,1,0,0,0,16.0,30.0,0.5348837209302325,,1,0,0,0,0,0,0,0,0,0,0,3,1,1,0,0,classical,calendar,built from ground_truth_resolved + stats_combined + trophies + narrative,1,1,1,64.51612903225806,48.38709677419355,70.96774193548387
1969,1969,Bobby Charlton,Bobby Charlton,bobby-charlton-1937,15,1969-01-01,1969-12-31,Manchester United,England,Midfielder forward,forward,1,0,0,0,5.0,32.0,0.15625,32.0,0,0,0,0,0,0,0,0,0,0,0,1,3,3,0,0,classical,calendar,built from ground_truth_resolved + stats_combined + trophies + narrative,0,0,0,27.419354838709676,79.03225806451613,27.419354838709676
1969,1969,Angelo Sormani,Angelo Sormani,angelo-sormani-1939,15,1969-01-01,1969-12-31,Milan,Italy,Striker,forward,1,0,0,0,16.0,30.0,0.5348837209302325,,1,1,0,0,0,0,0,0,0,0,0,1,3,3,0,0,classical,calendar,built from ground_truth_resolved + stats_combined + trophies + narrative,1,1,1,64.51612903225806,48.38709677419355,70.96774193548387
1969,1969,Ferenc Bene,Ferenc Bene,ferenc-bene-1944,18,1969-01-01,1969-12-31,Újpest,Hungary,Striker,forward,1,0,0,0,27.0,29.0,0.9310344827586207,29.0,0,0,0,0,0,0,0,0,0,0,0,3,1,1,0,0,classical,calendar,built from ground_truth_resolved + stats_combined + trophies + narrative,0,0,0,93.54838709677419,27.419354838709676,90.32258064516128
1969,1969,Andrej Kvašňák,Andrej Kvašňák,andrej-kvasnak-1936,18,1969-01-01,1969-12-31,KRC Mechelen,Czechoslovakia,Attacking midfielder forward,forward,1,0,0,0,16.0,30.0,0.5348837209302325,,1,0,0,0,0,0,0,0,0,0,0,3,1,1,0,0,classical,calendar,built from ground_truth_resolved + stats_combined + trophies + narrative,1,1,1,64.51612903225806,48.38709677419355,70.96774193548387
1969,1969,Louis Pilot,Louis Pilot,louis-pilot-1940,18,1969-01-01,1969-12-31,Standard Liège,Luxembourg,Midfielder,midfielder,0,1,0,0,7.0,31.0,0.21875,,1,0,0,0,0,0,0,0,0,0,0,3,1,1,0,0,classical,calendar,built from ground_truth_resolved + stats_combined + trophies + narrative,1,1,1,43.54838709677419,67.74193548387096,40.32258064516129
1969,1969,Giorgos Sideris,Giorgos Sideris,giorgos-sideris-1938,18,1969-01-01,1969-12-31,Olympiacos,Greece,Striker,forward,1,0,0,0,16.0,30.0,0.5348837209302325,,1,0,0,0,0,0,0,0,0,0,0,3,1,1,0,0,classical,calendar,built from ground_truth_resolved + stats_combined + trophies + narrative,1,1,1,64.51612903225806,48.38709677419355,70.96774193548387
1969,1969,Manuel Velázquez,Manuel Velázquez,manuel-velazquez-1943,18,1969-01-01,1969-12-31,Real Madrid,Spain,Midfielder,midfielder,0,1,0,0,7.0,31.0,0.21875,,1,0,0,0,0,0,0,0,0,0,0,1,3,3,0,0,classical,calendar,built from ground_truth_resolved + stats_combined + trophies + narrative,1,1,1,43.54838709677419,67.74193548387096,40.32258064516129
1969,1969,Billy Bremner,Billy Bremner,billy-bremner-1942,23,1969-01-01,1969-12-31,Leeds United,Scotland,Midfielder,midfielder,0,1,0,0,6.0,42.0,0.14285714285714285,42.0,0,0,0,0,0,0,0,0,0,0,0,2,2,2,0,0,classical,calendar,built from ground_truth_resolved + stats_combined + trophies + narrative,0,0,0,37.096774193548384,98.38709677419355,22.58064516129032
1969,1969,Kazimierz Deyna,Kazimierz Deyna,kazimierz-deyna-1947,23,1969-01-01,1969-12-31,Legia Warsaw,Poland,Attacking midfielder,midfielder,0,1,0,0,12.0,26.0,0.46153846153846156,26.0,0,0,0,0,0,0,0,0,0,0,0,3,1,1,0,0,classical,calendar,built from ground_truth_resolved + stats_combined + trophies + narrative,0,0,0,48.38709677419355,9.67741935483871,51.61290322580645
1969,1969,Mimis Domazos,Mimis Domazos,mimis-domazos-1942,23,1969-01-01,1969-12-31,Panathinaikos,Greece,Attacking midfielder,midfielder,0,1,0,0,5.0,32.0,0.15625,32.0,0,0,0,0,0,0,0,0,0,0,0,3,1,1,0,0,classical,calendar,built from ground_truth_resolved + stats_combined + trophies + narrative,0,0,0,27.419354838709676,79.03225806451613,27.419354838709676
1969,1969,Gilbert Gress,Gilbert Gress,gilbert-gress-1941,23,1969-01-01,1969-12-31,VfB Stuttgart,France,Midfielder forward,forward,1,0,0,0,16.0,30.0,0.5348837209302325,,1,0,0,0,0,0,0,0,0,0,0,3,1,1,0,0,classical,calendar,built from ground_truth_resolved + stats_combined + trophies + narrative,1,1,1,64.51612903225806,48.38709677419355,70.96774193548387
1969,1969,Jimmy Johnstone,Jimmy Johnstone,jimmy-johnstone-1944,23,1969-01-01,1969-12-31,Celtic,Scotland,Outside right,unknown,0,0,0,0,5.0,31.0,0.16129032258064516,31.0,0,0,0,0,0,0,0,0,0,0,0,3,1,1,0,0,classical,calendar,built from ground_truth_resolved + stats_combined + trophies + narrative,0,0,0,27.419354838709676,67.74193548387096,32.25806451612903
1969,1969,Włodzimierz Lubański,Włodzimierz Lubański,w-odzimierz-lubanski-1947,23,1969-01-01,1969-12-31,Górnik Zabrze,Poland,Forward,forward,1,0,0,0,22.0,23.0,0.9565217391304348,23.0,0,0,0,0,0,0,0,0,0,0,0,3,1,1,0,0,classical,calendar,built from ground_truth_resolved + stats_combined + trophies + narrative,0,0,0,87.09677419354838,3.225806451612903,93.54838709677419
1969,1969,Vladimir Muntyan,Vladimir Muntyan,vladimir-muntyan-1946,23,1969-01-01,1969-12-31,Dynamo Kyiv,Soviet Union,Midfielder,midfielder,0,1,0,0,6.0,27.0,0.2222222222222222,27.0,0,0,0,0,0,0,0,0,0,0,0,2,2,2,0,0,classical,calendar,built from ground_truth_resolved + stats_combined + trophies + narrative,0,0,0,37.096774193548384,12.903225806451612,45.16129032258064
1969,1969,Wilfried Van Moer,Wilfried Van Moer,wilfried-van-moer-1945,23,1969-01-01,1969-12-31,Standard Liège,Belgium,Midfielder,midfielder,0,1,0,0,1.0,25.0,0.04,25.0,0,0,0,0,0,0,0,0,0,0,0,3,1,1,0,0,classical,calendar,built from ground_truth_resolved + stats_combined + trophies + narrative,0,0,0,6.451612903225806,6.451612903225806,6.451612903225806
1969,1969,Ivo Viktor,Ivo Viktor,ivo-viktor-1942,23,1969-01-01,1969-12-31,Dukla Prague,Czechoslovakia,Goalkeeper,goalkeeper,0,0,0,1,0.0,32.0,0.0,,1,0,0,0,0,0,0,0,0,0,0,3,1,1,0,0,classical,calendar,built from ground_truth_resolved + stats_combined + trophies + narrative,1,1,1,3.225806451612903,79.03225806451613,3.225806451612903
1970,1970,Gerd Müller,Gerd Müller,gerd-muller-1945,1,1970-01-01,1970-12-31,Bayern Munich,West Germany,Striker,forward,1,0,0,0,38.0,33.0,1.1515151515151516,33.0,0,0,0,0,1,0,0,0,0,0,0,1,3,3,0,0,classical,calendar,built from ground_truth_resolved + stats_combined + trophies + narrative,0,0,0,100.0,84.48275862068965,100.0
1970,1970,Bobby Moore,Bobby Moore,bobby-moore-1941,2,1970-01-01,1970-12-31,West Ham United,England,Defender,defender,0,0,1,0,0.0,40.0,0.0,40.0,0,0,0,0,1,0,0,0,0,0,0,2,2,2,0,0,classical,calendar,built from ground_truth_resolved + stats_combined + trophies + narrative,0,0,0,5.172413793103448,100.0,5.172413793103448
1970,1970,Gigi Riva,Gigi Riva,gigi-riva-1944,3,1970-01-01,1970-12-31,Cagliari,Italy,Striker,forward,1,0,0,0,21.0,28.0,0.75,28.0,0,0,0,0,1,0,0,0,0,0,0,3,1,1,0,0,classical,calendar,built from ground_truth_resolved + stats_combined + trophies + narrative,0,0,0,91.37931034482759,29.310344827586203,93.10344827586206
1970,1970,Franz Beckenbauer,Franz Beckenbauer,franz-beckenbauer-1945,4,1970-01-01,1970-12-31,Bayern Munich,West Germany,Defender sweeper,defender,0,0,1,0,6.0,34.0,0.17647058823529413,34.0,0,0,0,0,1,0,0,0,0,0,0,1,3,3,0,0,classical,calendar,built from ground_truth_resolved + stats_combined + trophies + narrative,0,0,0,41.37931034482759,89.65517241379311,37.93103448275862
1970,1970,Wolfgang Overath,Wolfgang Overath,wolfgang-overath-1943,5,1970-01-01,1970-12-31,1. FC Köln,West Germany,Attacking midfielder,midfielder,0,1,0,0,12.0,29.0,0.41379310344827586,29.0,0,0,0,0,1,0,0,0,0,0,0,3,1,1,0,0,classical,calendar,built from ground_truth_resolved + stats_combined + trophies + narrative,0,0,0,58.620689655172406,41.37931034482759,62.06896551724138
1970,1970,Dragan Džajić,Dragan Džajić,dragan-dzajic-1946,6,1970-01-01,1970-12-31,Red Star Belgrade,Yugoslavia,Left winger,forward,1,0,0,0,16.0,30.0,0.5348837209302325,,1,0,0,0,1,0,0,0,0,0,0,3,1,1,0,0,classical,calendar,built from ground_truth_resolved + stats_combined + trophies + narrative,1,1,1,70.6896551724138,53.44827586206896,72.41379310344827
1970,1970,Johan Cruyff,Johan Cruyff,johan-cruyff-1947,7,1970-01-01,1970-12-31,Ajax,Netherlands,Forward attacking midfielder,forward,1,0,0,0,23.0,33.0,0.696969696969697,33.0,0,0,0,0,1,0,0,0,0,0,0,2,2,2,1,1,classical,calendar,built from ground_truth_resolved + stats_combined + trophies + narrative,0,0,0,96.55172413793103,84.48275862068965,89.65517241379311
1970,1970,Gordon Banks,Gordon Banks,gordon-banks-1937,8,1970-01-01,1970-12-31,Stoke City,England,Goalkeeper,goalkeeper,0,0,0,1,0.0,38.0,0.0,38.0,0,0,0,0,1,0,0,0,0,0,0,3,1,1,0,0,classical,calendar,built from ground_truth_resolved + stats_combined + trophies + narrative,0,0,0,5.172413793103448,93.10344827586206,5.172413793103448
1970,1970,Sandro Mazzola,Sandro Mazzola,sandro-mazzola-1942,8,1970-01-01,1970-12-31,Internazionale,Italy,Forward attacking midfielder,forward,1,0,0,0,4.0,28.0,0.14285714285714285,28.0,0,0,0,0,1,0,0,0,0,0,0,1,3,3,0,0,classical,calendar,built from ground_truth_resolved + stats_combined + trophies + narrative,0,0,0,22.413793103448278,29.310344827586203,20.689655172413794
1970,1970,Rinus Israël,Rinus Israël,rinus-israel-1942,10,1970-01-01,1970-12-31,Feyenoord,Netherlands,Defender,defender,0,0,1,0,2.0,32.0,0.07407407407407407,,1,1,0,0,1,0,0,0,0,0,0,3,1,1,0,0,classical,calendar,built from ground_truth_resolved + stats_combined + trophies + narrative,1,1,1,13.793103448275861,75.86206896551724,13.793103448275861
1970,1970,Gianni Rivera,Gianni Rivera,gianni-rivera-1943,10,1970-01-01,1970-12-31,Milan,Italy,Forward attacking midfielder,forward,1,0,0,0,8.0,25.0,0.32,25.0,0,0,0,0,1,0,0,0,0,0,0,1,3,3,0,0,classical,calendar,built from ground_truth_resolved + stats_combined + trophies + narrative,0,0,0,55.172413793103445,12.068965517241379,55.172413793103445
1970,1970,Uwe Seeler,Uwe Seeler,uwe-seeler-1936,10,1970-01-01,1970-12-31,Hamburger SV,West Germany,Striker,forward,1,0,0,0,17.0,30.0,0.5666666666666667,30.0,0,0,0,0,1,0,0,0,0,0,0,2,2,2,0,0,classical,calendar,built from ground_truth_resolved + stats_combined + trophies + narrative,0,0,0,84.48275862068965,53.44827586206896,82.75862068965517
1970,1970,Albert Shesternyov,Albert Shesternyov,albert-shesternyov-1941,10,1970-01-01,1970-12-31,CSKA Moscow,Soviet Union,Libero,defender,0,0,1,0,2.0,32.0,0.07407407407407407,,1,0,0,0,1,0,0,0,0,0,0,3,1,1,0,0,classical,calendar,built from ground_truth_resolved + stats_combined + trophies + narrative,1,1,1,13.793103448275861,75.86206896551724,13.793103448275861
1970,1970,Angelo Domenghini,Angelo Domenghini,angelo-domenghini-1941,14,1970-01-01,1970-12-31,Cagliari,Italy,Forward winger,forward,1,0,0,0,16.0,30.0,0.5348837209302325,,1,0,0,0,1,0,0,0,0,0,0,3,1,1,0,0,classical,calendar,built from ground_truth_resolved + stats_combined + trophies + narrative,1,1,1,70.6896551724138,53.44827586206896,72.41379310344827
1970,1970,Ove Kindvall,Ove Kindvall,ove-kindvall-1943,14,1970-01-01,1970-12-31,Feyenoord,Sweden,Striker,forward,1,0,0,0,16.0,30.0,0.5348837209302325,,1,1,0,0,1,0,0,0,0,0,0,3,1,1,0,0,classical,calendar,built from ground_truth_resolved + stats_combined + trophies + narrative,1,1,1,70.6896551724138,53.44827586206896,72.41379310344827
1970,1970,Francis Lee,Francis Lee,francis-lee,14,1970-01-01,1970-12-31,Manchester City,England,,unknown,0,0,0,0,5.0,28.0,0.1724137931034483,,1,0,0,0,1,0,0,0,0,0,0,1,3,3,0,0,classical,calendar,built from ground_truth_resolved + stats_combined + trophies + narrative,1,1,1,32.758620689655174,29.310344827586203,27.586206896551722
1970,1970,Willem van Hanegem,Willem van Hanegem,willem-van-hanegem-1944,14,1970-01-01,1970-12-31,Feyenoord,Netherlands,Midfielder,midfielder,0,1,0,0,7.0,31.0,0.21875,,1,1,0,0,1,0,0,0,0,0,0,3,1,1,0,0,classical,calendar,built from ground_truth_resolved + stats_combined + trophies + narrative,1,1,1,48.275862068965516,67.24137931034483,46.55172413793103
1970,1970,Alan Ball,Alan Ball,alan-ball,18,1970-01-01,1970-12-31,Everton,England,,unknown,0,0,0,0,5.0,28.0,0.1724137931034483,,1,0,0,0,1,0,0,0,0,0,0,2,2,2,0,0,classical,calendar,built from ground_truth_resolved + stats_combined + trophies + narrative,1,1,1,32.758620689655174,29.310344827586203,27.586206896551722
1970,1970,Terry Cooper,Terry Cooper,terry-cooper,18,1970-01-01,1970-12-31,Leeds United,England,,unknown,0,0,0,0,5.0,28.0,0.1724137931034483,,1,0,0,0,1,0,0,0,0,0,0,2,2,2,0,0,classical,calendar,built from ground_truth_resolved + stats_combined + trophies + narrative,1,1,1,32.758620689655174,29.310344827586203,27.586206896551722
1970,1970,Giacinto Facchetti,Giacinto Facchetti,giacinto-facchetti-1942,18,1970-01-01,1970-12-31,Internazionale,Italy,Left-back,defender,0,0,1,0,5.0,28.0,0.17857142857142858,28.0,0,0,0,0,1,0,0,0,0,0,0,1,3,3,0,0,classical,calendar,built from ground_truth_resolved + stats_combined + trophies + narrative,0,0,0,32.758620689655174,29.310344827586203,41.37931034482759
1970,1970,Geoff Hurst,Geoff Hurst,geoff-hurst-1941,18,1970-01-01,1970-12-31,West Ham United,England,Striker,forward,1,0,0,0,16.0,39.0,0.41025641025641024,39.0,0,0,0,0,1,0,0,0,0,0,0,2,2,2,0,0,classical,calendar,built from ground_truth_resolved + stats_combined + trophies + narrative,0,0,0,70.6896551724138,96.55172413793103,58.620689655172406
1970,1970,Eusébio,Eusébio,eusebio-1942,22,1970-01-01,1970-12-31,Benfica,Portugal,Striker,forward,1,0,0,0,21.0,22.0,0.9545454545454546,22.0,0,0,0,0,1,0,0,0,0,0,0,2,2,2,0,0,classical,calendar,built from ground_truth_resolved + stats_combined + trophies + narrative,0,0,0,91.37931034482759,3.4482758620689653,96.55172413793103
1970,1970,Josip Skoblar,Josip Skoblar,josip-skoblar-1941,22,1970-01-01,1970-12-31,Marseille,Yugoslavia,Forward,forward,1,0,0,0,17.0,25.0,0.68,25.0,0,0,1,0,1,0,0,0,0,0,0,2,2,2,0,0,classical,calendar,built from ground_truth_resolved + stats_combined + trophies + narrative,0,0,0,84.48275862068965,12.068965517241379,86.20689655172413
1970,1970,Cornel Dinu,Cornel Dinu,cornel-dinu-1948,24,1970-01-01,1970-12-31,Dinamo București,Romania,Sweeper defensive midfielder,defender,0,0,1,0,4.0,23.0,0.17391304347826086,23.0,0,0,0,0,1,0,0,0,0,0,0,3,1,1,0,0,classical,calendar,built from ground_truth_resolved + stats_combined + trophies + narrative,0,0,0,22.413793103448278,6.896551724137931,34.48275862068966
1970,1970,Jean Djorkaeff,Jean Djorkaeff,jean-djorkaeff-1939,24,1970-01-01,1970-12-31,Paris Saint-Germain,France,Defender,defender,0,0,1,0,2.0,32.0,0.07407407407407407,,1,0,0,0,1,0,0,0,0,0,0,1,3,3,0,0,classical,calendar,built from ground_truth_resolved + stats_combined + trophies + narrative,1,1,1,13.793103448275861,75.86206896551724,13.793103448275861
1970,1970,Florea Dumitrache,Florea Dumitrache,florea-dumitrache-1948,24,1970-01-01,1970-12-31,Dinamo București,Romania,Striker,forward,1,0,0,0,16.0,30.0,0.5348837209302325,,1,0,0,0,1,0,0,0,0,0,0,3,1,1,0,0,classical,calendar,built from ground_truth_resolved + stats_combined + trophies + narrative,1,1,1,70.6896551724138,53.44827586206896,72.41379310344827
1970,1970,Franz Hasil,Franz Hasil,franz-hasil-1944,24,1970-01-01,1970-12-31,Feyenoord,Austria,Midfielder,midfielder,0,1,0,0,7.0,31.0,0.21875,,1,1,0,0,1,0,0,0,0,0,0,3,1,1,0,0,classical,calendar,built from ground_truth_resolved + stats_combined + trophies + narrative,1,1,1,48.275862068965516,67.24137931034483,46.55172413793103
1970,1970,Hans-Jürgen Kreische,Hans-Jürgen Kreische,hans-jurgen-kreische-1947,24,1970-01-01,1970-12-31,Dynamo Dresden,East Germany,Forward,forward,1,0,0,0,16.0,30.0,0.5348837209302325,,1,0,0,0,1,0,0,0,0,0,0,3,1,1,0,0,classical,calendar,built from ground_truth_resolved + stats_combined + trophies + narrative,1,1,1,70.6896551724138,53.44827586206896,72.41379310344827
1970,1970,Carles Rexach,Carles Rexach,carles-rexach-1947,24,1970-01-01,1970-12-31,Barcelona,Spain,Winger,forward,1,0,0,0,7.0,26.0,0.2692307692307692,26.0,0,0,0,0,1,0,0,0,0,0,0,1,3,3,0,0,classical,calendar,built from ground_truth_resolved + stats_combined + trophies + narrative,0,0,0,48.275862068965516,17.24137931034483,51.724137931034484
1971,1971,Johan Cruyff,Johan Cruyff,johan-cruyff-1947,1,1971-01-01,1971-12-31,Ajax,Netherlands,Forward attacking midfielder,forward,1,0,0,0,21.0,25.0,0.84,25.0,0,1,0,0,0,0,0,0,0,0,0,2,2,2,1,1,classical,calendar,built from ground_truth_resolved + stats_combined + trophies + narrative,0,0,0,86.95652173913044,4.3478260869565215,95.65217391304348
1971,1971,Sandro Mazzola,Sandro Mazzola,sandro-mazzola-1942,2,1971-01-01,1971-12-31,Internazionale,Italy,Forward attacking midfielder,forward,1,0,0,0,7.0,29.0,0.2413793103448276,29.0,0,0,0,0,0,0,0,0,0,0,0,1,3,3,0,0,classical,calendar,built from ground_truth_resolved + stats_combined + trophies + narrative,0,0,0,58.69565217391305,26.08695652173913,60.86956521739131
1971,1971,George Best,George Best,george-best-1946,3,1971-01-01,1971-12-31,Manchester United,Northern Ireland,Right winger attacking midfielder,forward,1,0,0,0,18.0,40.0,0.45,40.0,0,0,0,0,0,0,0,0,0,0,0,1,3,3,0,0,classical,calendar,built from ground_truth_resolved + stats_combined + trophies + narrative,0,0,0,78.26086956521739,95.65217391304348,69.56521739130434
1971,1971,Günter Netzer,Günter Netzer,gunter-netzer-1944,4,1971-01-01,1971-12-31,Borussia Mönchengladbach,West Germany,Midfielder,midfielder,0,1,0,0,7.0,31.0,0.21875,,1,0,0,0,0,0,0,0,0,0,0,2,2,2,0,0,classical,calendar,built from ground_truth_resolved + stats_combined + trophies + narrative,1,1,1,58.69565217391305,47.82608695652174,56.52173913043478
1971,1971,Franz Beckenbauer,Franz Beckenbauer,franz-beckenbauer-1945,5,1971-01-01,1971-12-31,Bayern Munich,West Germany,Defender sweeper,defender,0,0,1,0,3.0,33.0,0.09090909090909091,33.0,0,0,0,0,0,0,0,0,0,0,0,1,3,3,0,0,classical,calendar,built from ground_truth_resolved + stats_combined + trophies + narrative,0,0,0,26.08695652173913,78.26086956521739,26.08695652173913
1971,1971,Gerd Müller,Gerd Müller,gerd-muller-1945,6,1971-01-01,1971-12-31,Bayern Munich,West Germany,Striker,forward,1,0,0,0,22.0,32.0,0.6875,32.0,0,0,0,0,0,0,0,0,0,0,0,1,3,3,0,0,classical,calendar,built from ground_truth_resolved + stats_combined + trophies + narrative,0,0,0,91.30434782608695,63.04347826086957,86.95652173913044
1971,1971,Josip Skoblar,Josip Skoblar,josip-skoblar-1941,6,1971-01-01,1971-12-31,Marseille,Yugoslavia,Forward,forward,1,0,0,0,44.0,36.0,1.2222222222222223,36.0,0,0,1,0,0,0,0,0,0,0,0,2,2,2,0,0,classical,calendar,built from ground_truth_resolved + stats_combined + trophies + narrative,0,0,0,100.0,86.95652173913044,100.0
1971,1971,Martin Chivers,Martin Chivers,martin-chivers-1945,8,1971-01-01,1971-12-31,Tottenham Hotspur,England,Forward,forward,1,0,0,0,16.0,30.0,0.5348837209302325,,1,0,0,0,0,0,0,0,0,0,0,2,2,2,0,0,classical,calendar,built from ground_truth_resolved + stats_combined + trophies + narrative,1,1,1,71.73913043478261,36.95652173913043,76.08695652173914
1971,1971,Piet Keizer,Piet Keizer,piet-keizer-1943,9,1971-01-01,1971-12-31,Ajax,Netherlands,Left winger,forward,1,0,0,0,9.0,32.0,0.28125,32.0,0,1,0,0,0,0,0,0,0,0,0,2,2,2,1,1,classical,calendar,built from ground_truth_resolved + stats_combined + trophies + narrative,0,0,0,65.21739130434783,63.04347826086957,65.21739130434783
1971,1971,Bobby Moore,Bobby Moore,bobby-moore-1941,10,1971-01-01,1971-12-31,West Ham United,England,Defender,defender,0,0,1,0,2.0,39.0,0.05128205128205128,39.0,0,0,0,0,0,0,0,0,0,0,0,2,2,2,0,0,classical,calendar,built from ground_truth_resolved + stats_combined + trophies + narrative,0,0,0,17.391304347826086,91.30434782608695,13.043478260869565
1971,1971,Ferenc Bene,Ferenc Bene,ferenc-bene-1944,10,1971-01-01,1971-12-31,Újpest,Hungary,Striker,forward,1,0,0,0,24.0,30.0,0.8,30.0,0,0,0,0,0,0,0,0,0,0,0,3,1,1,0,0,classical,calendar,built from ground_truth_resolved + stats_combined + trophies + narrative,0,0,0,95.65217391304348,36.95652173913043,91.30434782608695
1971,1971,Yevhen Rudakov,Yevhen Rudakov,yevhen-rudakov-1942,12,1971-01-01,1971-12-31,Dynamo Kyiv,Soviet Union,Goalkeeper,goalkeeper,0,0,0,1,0.0,32.0,0.0,,1,0,0,0,0,0,0,0,0,0,0,2,2,2,0,0,classical,calendar,built from ground_truth_resolved + stats_combined + trophies + narrative,1,1,1,4.3478260869565215,63.04347826086957,4.3478260869565215
1971,1971,Giacinto Facchetti,Giacinto Facchetti,giacinto-facchetti-1942,13,1971-01-01,1971-12-31,Internazionale,Italy,Left-back,defender,0,0,1,0,5.0,30.0,0.16666666666666666,30.0,0,0,0,0,0,0,0,0,0,0,0,1,3,3,0,0,classical,calendar,built from ground_truth_resolved + stats_combined + trophies + narrative,0,0,0,41.30434782608695,36.95652173913043,39.130434782608695
1971,1971,Mimis Domazos,Mimis Domazos,mimis-domazos-1942,13,1971-01-01,1971-12-31,Panathinaikos,Greece,Attacking midfielder,midfielder,0,1,0,0,20.0,32.0,0.625,32.0,0,0,0,0,0,0,0,0,0,0,0,3,1,1,0,0,classical,calendar,built from ground_truth_resolved + stats_combined + trophies + narrative,0,0,0,82.6086956521739,63.04347826086957,82.6086956521739
1971,1971,Pirri,Pirri,pirri-1945,15,1971-01-01,1971-12-31,Real Madrid,Spain,Central midfielder sweeper,defender,0,0,1,0,2.0,32.0,0.07407407407407407,,1,0,1,0,0,0,0,0,0,0,0,1,3,3,0,0,classical,calendar,built from ground_truth_resolved + stats_combined + trophies + narrative,1,1,1,17.391304347826086,63.04347826086957,19.565217391304348
1971,1971,Dragan Džajić,Dragan Džajić,dragan-dzajic-1946,15,1971-01-01,1971-12-31,Red Star Belgrade,Yugoslavia,Left winger,forward,1,0,0,0,16.0,30.0,0.5348837209302325,,1,0,0,0,0,0,0,0,0,0,0,3,1,1,0,0,classical,calendar,built from ground_truth_resolved + stats_combined + trophies + narrative,1,1,1,71.73913043478261,36.95652173913043,76.08695652173914
1971,1971,Berti Vogts,Berti Vogts,berti-vogts-1946,15,1971-01-01,1971-12-31,Borussia Mönchengladbach,West Germany,Defender,defender,0,0,1,0,1.0,34.0,0.029411764705882353,34.0,0,0,0,0,0,0,0,0,0,0,0,2,2,2,0,0,classical,calendar,built from ground_truth_resolved + stats_combined + trophies + narrative,0,0,0,8.695652173913043,82.6086956521739,8.695652173913043
1971,1971,Terry Cooper,Terry Cooper,terry-cooper,18,1971-01-01,1971-12-31,Leeds United,England,,unknown,0,0,0,0,5.0,28.0,0.1724137931034483,,1,0,0,0,0,0,0,0,0,0,0,2,2,2,0,0,classical,calendar,built from ground_truth_resolved + stats_combined + trophies + narrative,1,1,1,41.30434782608695,17.391304347826086,45.65217391304348
1971,1971,Francis Lee,Francis Lee,francis-lee,18,1971-01-01,1971-12-31,Manchester City,England,,unknown,0,0,0,0,5.0,28.0,0.1724137931034483,,1,0,0,0,0,0,0,0,0,0,0,1,3,3,0,0,classical,calendar,built from ground_truth_resolved + stats_combined + trophies + narrative,1,1,1,41.30434782608695,17.391304347826086,45.65217391304348
1971,1971,Wolfgang Overath,Wolfgang Overath,wolfgang-overath-1943,18,1971-01-01,1971-12-31,1. FC Köln,West Germany,Attacking midfielder,midfielder,0,1,0,0,4.0,26.0,0.15384615384615385,26.0,0,0,0,0,0,0,0,0,0,0,0,3,1,1,0,0,classical,calendar,built from ground_truth_resolved + stats_combined + trophies + narrative,0,0,0,30.434782608695656,8.695652173913043,34.78260869565217
1971,1971,Wilfried Van Moer,Wilfried Van Moer,wilfried-van-moer-1945,18,1971-01-01,1971-12-31,Standard Liège,Belgium,Midfielder,midfielder,0,1,0,0,6.0,28.0,0.21428571428571427,28.0,0,0,0,0,0,0,0,0,0,0,0,3,1,1,0,0,classical,calendar,built from ground_truth_resolved + stats_combined + trophies + narrative,0,0,0,52.17391304347826,17.391304347826086,52.17391304347826
1971,1971,Bobby Charlton,Bobby Charlton,bobby-charlton-1937,22,1971-01-01,1971-12-31,Manchester United,England,Midfielder forward,forward,1,0,0,0,5.0,42.0,0.11904761904761904,42.0,0,0,0,0,0,0,0,0,0,0,0,1,3,3,0,0,classical,calendar,built from ground_truth_resolved + stats_combined + trophies + narrative,0,0,0,41.30434782608695,100.0,30.434782608695656
1971,1971,Albert Shesternyov,Albert Shesternyov,albert-shesternyov-1941,22,1971-01-01,1971-12-31,CSKA Moscow,Soviet Union,Libero,defender,0,0,1,0,2.0,32.0,0.07407407407407407,,1,0,0,0,0,0,0,0,0,0,0,3,1,1,0,0,classical,calendar,built from ground_truth_resolved + stats_combined + trophies + narrative,1,1,1,17.391304347826086,63.04347826086957,19.565217391304348
1972,1972,Franz Beckenbauer,Franz Beckenbauer,franz-beckenbauer-1945,1,1972-01-01,1972-12-31,Bayern Munich,West Germany,Defender sweeper,defender,0,0,1,0,6.0,34.0,0.17647058823529413,34.0,0,0,0,0,0,1,0,0,1,0,1,1,3,3,1,1,classical,calendar,built from ground_truth_resolved + stats_combined + trophies + narrative,0,0,0,38.88888888888889,83.33333333333334,40.74074074074074
1972,1972,Gerd Müller,Gerd Müller,gerd-muller-1945,2,1972-01-01,1972-12-31,Bayern Munich,West Germany,Striker,forward,1,0,0,0,40.0,34.0,1.1764705882352942,34.0,0,0,0,0,0,1,0,0,1,0,1,1,3,3,1,1,classical,calendar,built from ground_truth_resolved + stats_combined + trophies + narrative,0,0,0,100.0,83.33333333333334,100.0
1972,1972,Günter Netzer,Günter Netzer,gunter-netzer-1944,2,1972-01-01,1972-12-31,Borussia Mönchengladbach,West Germany,Midfielder,midfielder,0,1,0,0,7.0,31.0,0.21875,,1,0,0,0,0,1,0,0,1,0,1,2,2,2,1,1,classical,calendar,built from ground_truth_resolved + stats_combined + trophies + narrative,1,1,1,50.0,57.407407407407405,48.148148148148145
1972,1972,Johan Cruyff,Johan Cruyff,johan-cruyff-1947,4,1972-01-01,1972-12-31,Ajax,Netherlands,Forward attacking midfielder,forward,1,0,0,0,25.0,32.0,0.78125,32.0,0,1,0,0,0,1,0,0,0,0,0,2,2,2,1,1,classical,calendar,built from ground_truth_resolved + stats_combined + trophies + narrative,0,0,0,96.29629629629629,72.22222222222221,92.5925925925926
1972,1972,Piet Keizer,Piet Keizer,piet-keizer-1943,5,1972-01-01,1972-12-31,Ajax,Netherlands,Left winger,forward,1,0,0,0,14.0,31.0,0.45161290322580644,31.0,0,1,0,0,0,1,0,0,0,0,0,2,2,2,1,1,classical,calendar,built from ground_truth_resolved + stats_combined + trophies + narrative,0,0,0,74.07407407407408,57.407407407407405,70.37037037037037
1972,1972,Kazimierz Deyna,Kazimierz Deyna,kazimierz-deyna-1947,6,1972-01-01,1972-12-31,Legia Warsaw,Poland,Attacking midfielder,midfielder,0,1,0,0,10.0,26.0,0.38461538461538464,26.0,0,0,0,0,0,1,0,0,0,0,0,3,1,1,0,0,classical,calendar,built from ground_truth_resolved + stats_combined + trophies + narrative,0,0,0,64.81481481481481,14.814814814814813,66.66666666666666
1972,1972,Gordon Banks,Gordon Banks,gordon-banks-1937,7,1972-01-01,1972-12-31,Stoke City,England,Goalkeeper,goalkeeper,0,0,0,1,0.0,36.0,0.0,36.0,0,0,0,0,0,1,0,0,0,0,0,3,1,1,0,0,classical,calendar,built from ground_truth_resolved + stats_combined + trophies + narrative,0,0,0,5.555555555555555,88.88888888888889,5.555555555555555
1972,1972,Barry Hulshoff,Barry Hulshoff,barry-hulshoff-1946,7,1972-01-01,1972-12-31,Ajax,Netherlands,Defender,defender,0,0,1,0,2.0,32.0,0.07407407407407407,,1,1,0,0,0,1,0,0,0,0,0,2,2,2,1,1,classical,calendar,built from ground_truth_resolved + stats_combined + trophies + narrative,1,1,1,20.37037037037037,72.22222222222221,20.37037037037037
1972,1972,Włodzimierz Lubański,Włodzimierz Lubański,w-odzimierz-lubanski-1947,7,1972-01-01,1972-12-31,Górnik Zabrze,Poland,Forward,forward,1,0,0,0,14.0,25.0,0.56,25.0,0,0,0,0,0,1,0,0,0,0,0,3,1,1,0,0,classical,calendar,built from ground_truth_resolved + stats_combined + trophies + narrative,0,0,0,74.07407407407408,11.11111111111111,88.88888888888889
1972,1972,Bobby Moore,Bobby Moore,bobby-moore-1941,7,1972-01-01,1972-12-31,West Ham United,England,Defender,defender,0,0,1,0,1.0,40.0,0.025,40.0,0,0,0,0,0,1,0,0,0,0,0,2,2,2,0,0,classical,calendar,built from ground_truth_resolved + stats_combined + trophies + narrative,0,0,0,12.962962962962962,100.0,11.11111111111111
1972,1972,Hristo Bonev,Hristo Bonev,hristo-bonev-1947,11,1972-01-01,1972-12-31,Lokomotiv Plovdiv,Bulgaria,Attacking midfielder,midfielder,0,1,0,0,7.0,31.0,0.21875,,1,0,0,0,0,1,0,0,0,0,0,3,1,1,0,0,classical,calendar,built from ground_truth_resolved + stats_combined + trophies + narrative,1,1,1,50.0,57.407407407407405,48.148148148148145
1972,1972,Murtaz Khurtsilava,Murtaz Khurtsilava,murtaz-khurtsilava-1943,11,1972-01-01,1972-12-31,Dinamo Tbilisi,Soviet Union,Defender,defender,0,0,1,0,2.0,32.0,0.07407407407407407,,1,0,0,0,0,1,0,0,0,0,0,3,1,1,0,0,classical,calendar,built from ground_truth_resolved + stats_combined + trophies + narrative,1,1,1,20.37037037037037,72.22222222222221,20.37037037037037
1972,1972,Gerrie Mühren,Gerrie Mühren,gerrie-muhren-1946,11,1972-01-01,1972-12-31,Ajax,Netherlands,Midfielder,midfielder,0,1,0,0,7.0,31.0,0.21875,,1,1,0,0,0,1,0,0,0,0,0,2,2,2,1,1,classical,calendar,built from ground_truth_resolved + stats_combined + trophies + narrative,1,1,1,50.0,57.407407407407405,48.148148148148145
1972,1972,Paul Van Himst,Paul Van Himst,paul-van-himst-1943,11,1972-01-01,1972-12-31,Anderlecht,Belgium,Forward,forward,1,0,0,0,14.0,30.0,0.4666666666666667,30.0,0,0,0,0,0,1,0,0,0,0,0,3,1,1,0,0,classical,calendar,built from ground_truth_resolved + stats_combined + trophies + narrative,0,0,0,74.07407407407408,42.592592592592595,74.07407407407408
1972,1972,Antal Dunai,Antal Dunai,antal-dunai-1943,15,1972-01-01,1972-12-31,Újpest,Hungary,Striker,forward,1,0,0,0,16.0,29.0,0.5517241379310345,29.0,0,0,0,0,0,1,0,0,0,0,0,3,1,1,0,0,classical,calendar,built from ground_truth_resolved + stats_combined + trophies + narrative,0,0,0,85.18518518518519,33.33333333333333,85.18518518518519
1972,1972,Eusébio,Eusébio,eusebio-1942,15,1972-01-01,1972-12-31,Benfica,Portugal,Striker,forward,1,0,0,0,19.0,24.0,0.7916666666666666,24.0,0,0,0,0,0,1,0,0,0,0,0,2,2,2,0,0,classical,calendar,built from ground_truth_resolved + stats_combined + trophies + narrative,0,0,0,92.5925925925926,7.4074074074074066,96.29629629629629
1972,1972,Sandro Mazzola,Sandro Mazzola,sandro-mazzola-1942,15,1972-01-01,1972-12-31,Internazionale,Italy,Forward attacking midfielder,forward,1,0,0,0,7.0,28.0,0.25,28.0,0,0,0,0,0,1,0,0,0,0,0,1,3,3,0,0,classical,calendar,built from ground_truth_resolved + stats_combined + trophies + narrative,0,0,0,50.0,24.074074074074073,55.55555555555556
1972,1972,Amancio,Amancio,amancio,18,1972-01-01,1972-12-31,Real Madrid,Spain,,unknown,0,0,0,0,5.0,28.0,0.1724137931034483,,1,0,0,0,0,1,0,0,0,0,0,1,3,3,0,0,classical,calendar,built from ground_truth_resolved + stats_combined + trophies + narrative,1,1,1,33.33333333333333,24.074074074074073,37.03703703703704
1972,1972,Paul Breitner,Paul Breitner,paul-breitner-1951,18,1972-01-01,1972-12-31,Bayern Munich,West Germany,Left-back midfielder,defender,0,0,1,0,4.0,30.0,0.13333333333333333,30.0,0,0,0,0,0,1,0,0,1,0,1,1,3,3,1,1,classical,calendar,built from ground_truth_resolved + stats_combined + trophies + narrative,0,0,0,29.629629629629626,42.592592592592595,29.629629629629626
1972,1972,Giorgio Chinaglia,Giorgio Chinaglia,giorgio-chinaglia-1947,18,1972-01-01,1972-12-31,Lazio,Italy,Striker,forward,1,0,0,0,16.0,30.0,0.5348837209302325,,1,0,0,0,0,1,0,0,0,0,0,2,2,2,0,0,classical,calendar,built from ground_truth_resolved + stats_combined + trophies + narrative,1,1,1,85.18518518518519,42.592592592592595,79.62962962962963
1972,1972,Dragan Džajić,Dragan Džajić,dragan-dzajic-1946,18,1972-01-01,1972-12-31,Red Star Belgrade,Yugoslavia,Left winger,forward,1,0,0,0,16.0,30.0,0.5348837209302325,,1,0,0,0,0,1,0,0,0,0,0,3,1,1,0,0,classical,calendar,built from ground_truth_resolved + stats_combined + trophies + narrative,1,1,1,85.18518518518519,42.592592592592595,79.62962962962963
1972,1972,Johnny Giles,Johnny Giles,johnny-giles-1940,18,1972-01-01,1972-12-31,Leeds United,Republic of Ireland,Midfielder,midfielder,0,1,0,0,6.0,38.0,0.15789473684210525,38.0,0,0,0,0,0,1,0,0,0,0,0,2,2,2,0,0,classical,calendar,built from ground_truth_resolved + stats_combined + trophies + narrative,0,0,0,38.88888888888889,94.44444444444444,33.33333333333333
1972,1972,John Greig,John Greig,john-greig-1942,18,1972-01-01,1972-12-31,Rangers,Scotland,Defender,defender,0,0,1,0,8.0,28.0,0.2857142857142857,28.0,0,0,0,0,0,1,0,0,0,0,0,3,1,1,0,0,classical,calendar,built from ground_truth_resolved + stats_combined + trophies + narrative,0,0,0,59.25925925925925,24.074074074074073,59.25925925925925
1972,1972,Johan Neeskens,Johan Neeskens,johan-neeskens-1951,18,1972-01-01,1972-12-31,Ajax,Netherlands,Midfielder,midfielder,0,1,0,0,10.0,28.0,0.35714285714285715,28.0,0,1,0,0,0,1,0,0,0,0,0,2,2,2,1,1,classical,calendar,built from ground_truth_resolved + stats_combined + trophies + narrative,0,0,0,64.81481481481481,24.074074074074073,62.96296296296296
1972,1972,Gianni Rivera,Gianni Rivera,gianni-rivera-1943,18,1972-01-01,1972-12-31,Milan,Italy,Forward attacking midfielder,forward,1,0,0,0,3.0,23.0,0.13043478260869565,23.0,0,0,0,0,0,1,0,0,0,0,0,1,3,3,0,0,classical,calendar,built from ground_truth_resolved + stats_combined + trophies + narrative,0,0,0,25.925925925925924,3.7037037037037033,25.925925925925924
1972,1972,Yevhen Rudakov,Yevhen Rudakov,yevhen-rudakov-1942,18,1972-01-01,1972-12-31,Dynamo Kyiv,Soviet Union,Goalkeeper,goalkeeper,0,0,0,1,0.0,32.0,0.0,,1,0,0,0,0,1,0,0,0,0,0,2,2,2,0,0,classical,calendar,built from ground_truth_resolved + stats_combined + trophies + narrative,1,1,1,5.555555555555555,72.22222222222221,5.555555555555555
1972,1972,Marius Trésor,Marius Trésor,marius-tresor-1950,18,1972-01-01,1972-12-31,Marseille,France,Defender,defender,0,0,1,0,1.0,38.0,0.02631578947368421,38.0,0,0,0,0,0,1,0,0,0,0,0,2,2,2,0,0,classical,calendar,built from ground_truth_resolved + stats_combined + trophies + narrative,0,0,0,12.962962962962962,94.44444444444444,14.814814814814813
1973,1973,Johan Cruyff,Johan Cruyff,johan-cruyff-1947,1,1973-01-01,1973-12-31,Ajax Barcelona,Netherlands,Forward attacking midfielder,forward,1,0,0,0,17.0,32.0,0.53125,32.0,0,1,0,0,0,0,0,0,0,0,0,1,3,3,0,0,classical,calendar,built from ground_truth_resolved + stats_combined + trophies + narrative,0,0,0,88.88888888888889,74.07407407407408,74.07407407407408
1973,1973,Dino Zoff,Dino Zoff,dino-zoff-1942,2,1973-01-01,1973-12-31,Juventus,Italy,Goalkeeper,goalkeeper,0,0,0,1,0.0,30.0,0.0,30.0,0,0,0,0,0,0,0,0,0,0,0,1,3,3,0,0,classical,calendar,built from ground_truth_resolved + stats_combined + trophies + narrative,0,0,0,9.25925925925926,40.74074074074074,9.25925925925926
1973,1973,Gerd Müller,Gerd Müller,gerd-muller-1945,3,1973-01-01,1973-12-31,Bayern Munich,West Germany,Striker,forward,1,0,0,0,36.0,33.0,1.0909090909090908,33.0,0,0,0,0,0,0,0,0,0,0,0,1,3,3,1,1,classical,calendar,built from ground_truth_resolved + stats_combined + trophies + narrative,0,0,0,96.29629629629629,85.18518518518519,96.29629629629629
1973,1973,Franz Beckenbauer,Franz Beckenbauer,franz-beckenbauer-1945,4,1973-01-01,1973-12-31,Bayern Munich,West Germany,Defender sweeper,defender,0,0,1,0,6.0,34.0,0.17647058823529413,34.0,0,0,0,0,0,0,0,0,0,0,0,1,3,3,1,1,classical,calendar,built from ground_truth_resolved + stats_combined + trophies + narrative,0,0,0,50.0,90.74074074074075,48.148148148148145
1973,1973,Billy Bremner,Billy Bremner,billy-bremner-1942,5,1973-01-01,1973-12-31,Leeds United,Scotland,Midfielder,midfielder,0,1,0,0,4.0,38.0,0.10526315789473684,38.0,0,0,1,0,0,0,0,0,0,0,0,2,2,2,0,0,classical,calendar,built from ground_truth_resolved + stats_combined + trophies + narrative,0,0,0,44.44444444444444,96.29629629629629,40.74074074074074
1973,1973,Kazimierz Deyna,Kazimierz Deyna,kazimierz-deyna-1947,6,1973-01-01,1973-12-31,Legia Warsaw,Poland,Attacking midfielder,midfielder,0,1,0,0,8.0,25.0,0.32,25.0,0,0,0,0,0,0,0,0,0,0,0,3,1,1,0,0,classical,calendar,built from ground_truth_resolved + stats_combined + trophies + narrative,0,0,0,70.37037037037037,14.814814814814813,66.66666666666666
1973,1973,Eusébio,Eusébio,eusebio-1942,7,1973-01-01,1973-12-31,Benfica,Portugal,Striker,forward,1,0,0,0,40.0,28.0,1.4285714285714286,28.0,0,0,0,0,0,0,0,0,0,0,0,2,2,2,0,0,classical,calendar,built from ground_truth_resolved + stats_combined + trophies + narrative,0,0,0,100.0,24.074074074074073,100.0
1973,1973,Gianni Rivera,Gianni Rivera,gianni-rivera-1943,8,1973-01-01,1973-12-31,Milan,Italy,Forward attacking midfielder,forward,1,0,0,0,17.0,28.0,0.6071428571428571,28.0,0,0,0,0,0,0,0,0,0,0,0,1,3,3,0,0,classical,calendar,built from ground_truth_resolved + stats_combined + trophies + narrative,0,0,0,88.88888888888889,24.074074074074073,92.5925925925926
1973,1973,Ralf Edström,Ralf Edström,ralf-edstrom-1952,9,1973-01-01,1973-12-31,Åtvidabergs FF PSV Eindhoven,Sweden,Forward,forward,1,0,0,0,6.0,11.0,0.5454545454545454,11.0,0,0,0,0,0,0,0,0,0,0,0,3,1,1,0,0,classical,calendar,built from ground_truth_resolved + stats_combined + trophies + narrative,0,0,0,50.0,5.555555555555555,88.88888888888889
1973,1973,Günter Netzer,Günter Netzer,gunter-netzer-1944,9,1973-01-01,1973-12-31,Borussia Mönchengladbach Real Madrid,West Germany,Midfielder,midfielder,0,1,0,0,7.0,31.0,0.21875,,1,0,0,0,0,0,0,0,0,0,0,1,3,3,0,0,classical,calendar,built from ground_truth_resolved + stats_combined + trophies + narrative,1,1,1,61.111111111111114,57.407407407407405,57.407407407407405
1973,1973,Ulrich Hoeneß,Ulrich Hoeneß,ulrich-hoene-1952,11,1973-01-01,1973-12-31,Bayern Munich,West Germany,Forward,forward,1,0,0,0,17.0,34.0,0.5,34.0,0,0,0,0,0,0,0,0,0,0,0,1,3,3,1,1,classical,calendar,built from ground_truth_resolved + stats_combined + trophies + narrative,0,0,0,88.88888888888889,90.74074074074075,70.37037037037037
1973,1973,Hristo Bonev,Hristo Bonev,hristo-bonev-1947,12,1973-01-01,1973-12-31,Lokomotiv Plovdiv,Bulgaria,Attacking midfielder,midfielder,0,1,0,0,7.0,31.0,0.21875,,1,0,0,0,0,0,0,0,0,0,0,3,1,1,0,0,classical,calendar,built from ground_truth_resolved + stats_combined + trophies + narrative,1,1,1,61.111111111111114,57.407407407407405,57.407407407407405
1973,1973,Giacinto Facchetti,Giacinto Facchetti,giacinto-facchetti-1942,12,1973-01-01,1973-12-31,Internazionale,Italy,Left-back,defender,0,0,1,0,1.0,29.0,0.034482758620689655,29.0,0,0,0,0,0,0,0,0,0,0,0,1,3,3,0,0,classical,calendar,built from ground_truth_resolved + stats_combined + trophies + narrative,0,0,0,20.37037037037037,29.629629629629626,18.51851851851852
1973,1973,Juan Manuel Asensi,Juan Manuel Asensi,juan-manuel-asensi-1949,14,1973-01-01,1973-12-31,Barcelona,Spain,Midfielder,midfielder,0,1,0,0,7.0,31.0,0.21875,,1,0,1,0,0,0,0,0,0,0,0,1,3,3,0,0,classical,calendar,built from ground_truth_resolved + stats_combined + trophies + narrative,1,1,1,61.111111111111114,57.407407407407405,57.407407407407405
1973,1973,Sandro Mazzola,Sandro Mazzola,sandro-mazzola-1942,14,1973-01-01,1973-12-31,Internazionale,Italy,Forward attacking midfielder,forward,1,0,0,0,2.0,26.0,0.07692307692307693,26.0,0,0,0,0,0,0,0,0,0,0,0,1,3,3,0,0,classical,calendar,built from ground_truth_resolved + stats_combined + trophies + narrative,0,0,0,29.629629629629626,18.51851851851852,29.629629629629626
1973,1973,Jan Tomaszewski,Jan Tomaszewski,jan-tomaszewski-1948,14,1973-01-01,1973-12-31,ŁKS Łódź,Poland,Goalkeeper,goalkeeper,0,0,0,1,0.0,32.0,0.0,,1,0,0,0,0,0,0,0,0,0,0,3,1,1,0,0,classical,calendar,built from ground_truth_resolved + stats_combined + trophies + narrative,1,1,1,9.25925925925926,74.07407407407408,9.25925925925926
1973,1973,Włodzimierz Lubański,Włodzimierz Lubański,w-odzimierz-lubanski-1947,17,1973-01-01,1973-12-31,Górnik Zabrze,Poland,Forward,forward,1,0,0,0,2.0,18.0,0.1111111111111111,18.0,0,0,0,0,0,0,0,0,0,0,0,3,1,1,0,0,classical,calendar,built from ground_truth_resolved + stats_combined + trophies + narrative,0,0,0,29.629629629629626,11.11111111111111,44.44444444444444
1973,1973,Wolfgang Overath,Wolfgang Overath,wolfgang-overath-1943,18,1973-01-01,1973-12-31,1. FC Köln,West Germany,Attacking midfielder,midfielder,0,1,0,0,3.0,30.0,0.1,30.0,0,0,0,0,0,0,0,0,0,0,0,3,1,1,0,0,classical,calendar,built from ground_truth_resolved + stats_combined + trophies + narrative,0,0,0,38.88888888888889,40.74074074074074,37.03703703703704
1973,1973,Barry Hulshoff,Barry Hulshoff,barry-hulshoff-1946,19,1973-01-01,1973-12-31,Ajax,Netherlands,Defender,defender,0,0,1,0,2.0,32.0,0.07407407407407407,,1,1,0,0,0,0,0,0,0,0,0,2,2,2,0,0,classical,calendar,built from ground_truth_resolved + stats_combined + trophies + narrative,1,1,1,29.629629629629626,74.07407407407408,25.925925925925924
1973,1973,Hans-Jürgen Kreische,Hans-Jürgen Kreische,hans-jurgen-kreische-1947,19,1973-01-01,1973-12-31,Dynamo Dresden,East Germany,Forward,forward,1,0,0,0,16.0,30.0,0.5348837209302325,,1,0,0,0,0,0,0,0,0,0,0,3,1,1,0,0,classical,calendar,built from ground_truth_resolved + stats_combined + trophies + narrative,1,1,1,77.77777777777779,40.74074074074074,81.48148148148148
1973,1973,Bobby Moore,Bobby Moore,bobby-moore-1941,19,1973-01-01,1973-12-31,West Ham United,England,Defender,defender,0,0,1,0,3.0,42.0,0.07142857142857142,42.0,0,0,0,0,0,0,0,0,0,0,0,2,2,2,0,0,classical,calendar,built from ground_truth_resolved + stats_combined + trophies + narrative,0,0,0,38.88888888888889,100.0,22.22222222222222
1973,1973,Roland Sandberg,Roland Sandberg,roland-sandberg-1946,19,1973-01-01,1973-12-31,Åtvidabergs FF 1. FC Kaiserslautern,Sweden,Striker,forward,1,0,0,0,16.0,30.0,0.5348837209302325,,1,0,0,0,0,0,0,0,0,0,0,3,1,1,0,0,classical,calendar,built from ground_truth_resolved + stats_combined + trophies + narrative,1,1,1,77.77777777777779,40.74074074074074,81.48148148148148
1973,1973,Vladislav Bogićević,Vladislav Bogićević,vladislav-bogicevic-1950,23,1973-01-01,1973-12-31,Red Star Belgrade,Yugoslavia,Midfielder,midfielder,0,1,0,0,7.0,31.0,0.21875,,1,0,0,0,0,0,0,0,0,0,0,3,1,1,0,0,classical,calendar,built from ground_truth_resolved + stats_combined + trophies + narrative,1,1,1,61.111111111111114,57.407407407407405,57.407407407407405
1973,1973,Dragan Džajić,Dragan Džajić,dragan-dzajic-1946,23,1973-01-01,1973-12-31,Red Star Belgrade,Yugoslavia,Left winger,forward,1,0,0,0,16.0,30.0,0.5348837209302325,,1,0,0,0,0,0,0,0,0,0,0,3,1,1,0,0,classical,calendar,built from ground_truth_resolved + stats_combined + trophies + narrative,1,1,1,77.77777777777779,40.74074074074074,81.48148148148148
1973,1973,Pat Jennings,Pat Jennings,pat-jennings-1945,23,1973-01-01,1973-12-31,Tottenham Hotspur,Northern Ireland,Goalkeeper,goalkeeper,0,0,0,1,0.0,32.0,0.0,,1,0,0,0,0,0,0,0,0,0,0,2,2,2,0,0,classical,calendar,built from ground_truth_resolved + stats_combined + trophies + narrative,1,1,1,9.25925925925926,74.07407407407408,9.25925925925926
1973,1973,Denis Law,Denis Law,denis-law-1940,23,1973-01-01,1973-12-31,Manchester City,Scotland,Centre forward,forward,1,0,0,0,1.0,11.0,0.09090909090909091,11.0,0,0,0,0,0,0,0,0,0,0,0,1,3,3,0,0,classical,calendar,built from ground_truth_resolved + stats_combined + trophies + narrative,0,0,0,20.37037037037037,5.555555555555555,33.33333333333333
1973,1973,Ivo Viktor,Ivo Viktor,ivo-viktor-1942,23,1973-01-01,1973-12-31,Dukla Prague,Czechoslovakia,Goalkeeper,goalkeeper,0,0,0,1,0.0,32.0,0.0,,1,0,0,0,0,0,0,0,0,0,0,3,1,1,0,0,classical,calendar,built from ground_truth_resolved + stats_combined + trophies + narrative,1,1,1,9.25925925925926,74.07407407407408,9.25925925925926
1974,1974,Johan Cruyff,Johan Cruyff,johan-cruyff-1947,1,1974-01-01,1974-12-31,Barcelona,Netherlands,Forward attacking midfielder,forward,1,0,0,0,19.0,28.0,0.6785714285714286,28.0,0,0,0,0,1,0,0,0,0,0,0,1,3,3,0,0,classical,calendar,built from ground_truth_resolved + stats_combined + trophies + narrative,0,0,0,89.13043478260869,21.73913043478261,91.30434782608695
1974,1974,Franz Beckenbauer,Franz Beckenbauer,franz-beckenbauer-1945,2,1974-01-01,1974-12-31,Bayern Munich,West Germany,Defender sweeper,defender,0,0,1,0,4.0,34.0,0.11764705882352941,34.0,0,1,0,0,1,0,0,1,0,0,1,1,3,3,1,1,classical,calendar,built from ground_truth_resolved + stats_combined + trophies + narrative,0,0,0,26.08695652173913,89.13043478260869,26.08695652173913
1974,1974,Kazimierz Deyna,Kazimierz Deyna,kazimierz-deyna-1947,3,1974-01-01,1974-12-31,Legia Warsaw,Poland,Attacking midfielder,midfielder,0,1,0,0,8.0,27.0,0.2962962962962963,27.0,0,0,0,0,1,0,0,0,0,0,0,3,1,1,0,0,classical,calendar,built from ground_truth_resolved + stats_combined + trophies + narrative,0,0,0,60.86956521739131,15.217391304347828,60.86956521739131
1974,1974,Paul Breitner,Paul Breitner,paul-breitner-1951,4,1974-01-01,1974-12-31,Bayern Munich,West Germany,Left-back midfielder,defender,0,0,1,0,7.0,26.0,0.2692307692307692,26.0,0,1,0,0,1,0,0,1,0,0,1,1,3,3,1,1,classical,calendar,built from ground_truth_resolved + stats_combined + trophies + narrative,0,0,0,43.47826086956522,8.695652173913043,56.52173913043478
1974,1974,Johan Neeskens,Johan Neeskens,johan-neeskens-1951,5,1974-01-01,1974-12-31,Barcelona,Netherlands,Midfielder,midfielder,0,1,0,0,14.0,31.0,0.45161290322580644,31.0,0,0,0,0,1,0,0,0,0,0,0,1,3,3,0,0,classical,calendar,built from ground_truth_resolved + stats_combined + trophies + narrative,0,0,0,73.91304347826086,50.0,73.91304347826086
1974,1974,Grzegorz Lato,Grzegorz Lato,grzegorz-lato-1950,6,1974-01-01,1974-12-31,Stal Mielec,Poland,Winger,forward,1,0,0,0,13.0,30.0,0.43333333333333335,30.0,0,0,0,0,1,0,0,0,0,0,0,3,1,1,0,0,classical,calendar,built from ground_truth_resolved + stats_combined + trophies + narrative,0,0,0,69.56521739130434,32.608695652173914,69.56521739130434
1974,1974,Gerd Müller,Gerd Müller,gerd-muller-1945,7,1974-01-01,1974-12-31,Bayern Munich,West Germany,Striker,forward,1,0,0,0,30.0,34.0,0.8823529411764706,34.0,0,1,0,0,1,0,0,1,0,0,1,1,3,3,1,1,classical,calendar,built from ground_truth_resolved + stats_combined + trophies + narrative,0,0,0,100.0,89.13043478260869,100.0
1974,1974,Robert Gadocha,Robert Gadocha,robert-gadocha-1946,8,1974-01-01,1974-12-31,Legia Warsaw,Poland,Left winger,forward,1,0,0,0,16.0,30.0,0.5348837209302325,,1,0,0,0,1,0,0,0,0,0,0,3,1,1,0,0,classical,calendar,built from ground_truth_resolved + stats_combined + trophies + narrative,1,1,1,78.26086956521739,32.608695652173914,82.6086956521739
1974,1974,Billy Bremner,Billy Bremner,billy-bremner-1942,9,1974-01-01,1974-12-31,Leeds United,Scotland,Midfielder,midfielder,0,1,0,0,10.0,42.0,0.23809523809523808,42.0,0,0,0,0,1,0,0,0,0,0,0,2,2,2,0,0,classical,calendar,built from ground_truth_resolved + stats_combined + trophies + narrative,0,0,0,65.21739130434783,100.0,52.17391304347826
1974,1974,Ralf Edström,Ralf Edström,ralf-edstrom-1952,10,1974-01-01,1974-12-31,PSV Eindhoven,Sweden,Forward,forward,1,0,0,0,19.0,33.0,0.5757575757575758,33.0,0,0,0,0,1,0,0,0,0,0,0,3,1,1,0,0,classical,calendar,built from ground_truth_resolved + stats_combined + trophies + narrative,0,0,0,89.13043478260869,78.26086956521739,86.95652173913044
1974,1974,Jürgen Sparwasser,Jürgen Sparwasser,jurgen-sparwasser-1948,10,1974-01-01,1974-12-31,1. FC Magdeburg,East Germany,Midfielder,midfielder,0,1,0,0,7.0,31.0,0.21875,,1,0,0,0,1,0,0,0,0,0,0,3,1,1,0,0,classical,calendar,built from ground_truth_resolved + stats_combined + trophies + narrative,1,1,1,43.47826086956522,50.0,39.130434782608695
1974,1974,Berti Vogts,Berti Vogts,berti-vogts-1946,10,1974-01-01,1974-12-31,Borussia Mönchengladbach,West Germany,Defender,defender,0,0,1,0,3.0,27.0,0.1111111111111111,27.0,0,0,0,0,1,0,0,1,0,0,1,2,2,2,1,1,classical,calendar,built from ground_truth_resolved + stats_combined + trophies + narrative,0,0,0,21.73913043478261,15.217391304347828,21.73913043478261
1974,1974,Ronnie Hellström,Ronnie Hellström,ronnie-hellstrom-1949,13,1974-01-01,1974-12-31,1. FC Kaiserslautern,Sweden,Goalkeeper,goalkeeper,0,0,0,1,0.0,32.0,0.0,,1,0,0,0,1,0,0,0,0,0,0,3,1,1,0,0,classical,calendar,built from ground_truth_resolved + stats_combined + trophies + narrative,1,1,1,8.695652173913043,69.56521739130434,8.695652173913043
1974,1974,Jan Tomaszewski,Jan Tomaszewski,jan-tomaszewski-1948,13,1974-01-01,1974-12-31,ŁKS Łódź,Poland,Goalkeeper,goalkeeper,0,0,0,1,0.0,32.0,0.0,,1,0,0,0,1,0,0,0,0,0,0,3,1,1,0,0,classical,calendar,built from ground_truth_resolved + stats_combined + trophies + narrative,1,1,1,8.695652173913043,69.56521739130434,8.695652173913043
1974,1974,José Altafini,José Altafini,jose-altafini-1938,15,1974-01-01,1974-12-31,Juventus,Italy,Striker,forward,1,0,0,0,7.0,21.0,0.3333333333333333,21.0,0,0,0,0,1,0,0,0,0,0,0,1,3,3,0,0,classical,calendar,built from ground_truth_resolved + stats_combined + trophies + narrative,0,0,0,43.47826086956522,4.3478260869565215,65.21739130434783
1974,1974,Hristo Bonev,Hristo Bonev,hristo-bonev-1947,15,1974-01-01,1974-12-31,Lokomotiv Plovdiv,Bulgaria,Attacking midfielder,midfielder,0,1,0,0,7.0,31.0,0.21875,,1,0,0,0,1,0,0,0,0,0,0,3,1,1,0,0,classical,calendar,built from ground_truth_resolved + stats_combined + trophies + narrative,1,1,1,43.47826086956522,50.0,39.130434782608695
1974,1974,Jerzy Gorgoń,Jerzy Gorgoń,jerzy-gorgon-1949,15,1974-01-01,1974-12-31,Górnik Zabrze,Poland,Defender,defender,0,0,1,0,2.0,32.0,0.07407407407407407,,1,0,0,0,1,0,0,0,0,0,0,3,1,1,0,0,classical,calendar,built from ground_truth_resolved + stats_combined + trophies + narrative,1,1,1,17.391304347826086,69.56521739130434,17.391304347826086
1974,1974,Sepp Maier,Sepp Maier,sepp-maier-1944,15,1974-01-01,1974-12-31,Bayern Munich,West Germany,Goalkeeper,goalkeeper,0,0,0,1,0.0,34.0,0.0,34.0,0,1,0,0,1,0,0,1,0,0,1,1,3,3,1,1,classical,calendar,built from ground_truth_resolved + stats_combined + trophies + narrative,0,0,0,8.695652173913043,89.13043478260869,8.695652173913043
1974,1974,Oleg Blokhin,Oleg Blokhin,oleg-blokhin-1952,19,1974-01-01,1974-12-31,Dynamo Kyiv,Soviet Union,Forward,forward,1,0,0,0,20.0,29.0,0.6896551724137931,29.0,0,0,0,0,1,0,0,0,0,0,0,2,2,2,0,0,classical,calendar,built from ground_truth_resolved + stats_combined + trophies + narrative,0,0,0,95.65217391304348,26.08695652173913,95.65217391304348
1974,1974,Rainer Bonhof,Rainer Bonhof,rainer-bonhof-1952,19,1974-01-01,1974-12-31,Borussia Mönchengladbach,West Germany,Midfielder,midfielder,0,1,0,0,7.0,31.0,0.21875,,1,0,0,0,1,0,0,1,0,0,1,2,2,2,1,1,classical,calendar,built from ground_truth_resolved + stats_combined + trophies + narrative,1,1,1,43.47826086956522,50.0,39.130434782608695
1974,1974,Jean-Marc Guillou,Jean-Marc Guillou,jean-marc-guillou-1945,19,1974-01-01,1974-12-31,Angers,France,Midfielder,midfielder,0,1,0,0,7.0,31.0,0.21875,,1,0,0,0,1,0,0,0,0,0,0,3,1,1,0,0,classical,calendar,built from ground_truth_resolved + stats_combined + trophies + narrative,1,1,1,43.47826086956522,50.0,39.130434782608695
1974,1974,Uli Hoeneß,Uli Hoeneß,uli-hoene-1952,19,1974-01-01,1974-12-31,Bayern Munich,West Germany,Forward,forward,1,0,0,0,18.0,34.0,0.5294117647058824,34.0,0,1,0,0,1,0,0,1,0,0,1,1,3,3,1,1,classical,calendar,built from ground_truth_resolved + stats_combined + trophies + narrative,0,0,0,82.6086956521739,89.13043478260869,78.26086956521739
1974,1974,Branko Oblak,Branko Oblak,branko-oblak-1947,19,1974-01-01,1974-12-31,Hajduk Split,Yugoslavia,Midfielder,midfielder,0,1,0,0,7.0,31.0,0.21875,,1,0,0,0,1,0,0,0,0,0,0,3,1,1,0,0,classical,calendar,built from ground_truth_resolved + stats_combined + trophies + narrative,1,1,1,43.47826086956522,50.0,39.130434782608695
1975,1975,Oleg Blokhin,Oleg Blokhin,oleg-blokhin-1952,1,1975-01-01,1975-12-31,Dynamo Kyiv,Soviet Union,Forward,forward,1,0,0,0,18.0,28.0,0.6428571428571429,28.0,0,0,0,0,0,0,1,0,0,0,0,2,2,2,0,0,classical,calendar,built from ground_truth_resolved + stats_combined + trophies + narrative,0,0,0,84.375,14.0625,84.375
1975,1975,Franz Beckenbauer,Franz Beckenbauer,franz-beckenbauer-1945,2,1975-01-01,1975-12-31,Bayern Munich,West Germany,Defender sweeper,defender,0,0,1,0,1.0,33.0,0.030303030303030304,33.0,0,1,0,0,0,0,1,0,0,0,0,1,3,3,1,1,classical,calendar,built from ground_truth_resolved + stats_combined + trophies + narrative,0,0,0,28.125,89.0625,28.125
1975,1975,Johan Cruyff,Johan Cruyff,johan-cruyff-1947,3,1975-01-01,1975-12-31,Barcelona,Netherlands,Forward attacking midfielder,forward,1,0,0,0,7.0,30.0,0.23333333333333334,30.0,0,0,0,0,0,0,1,0,0,0,0,1,3,3,0,0,classical,calendar,built from ground_truth_resolved + stats_combined + trophies + narrative,0,0,0,57.8125,31.25,62.5
1975,1975,Berti Vogts,Berti Vogts,berti-vogts-1946,4,1975-01-01,1975-12-31,Borussia Mönchengladbach,West Germany,Defender,defender,0,0,1,0,0.0,34.0,0.0,34.0,0,0,0,0,0,0,1,0,0,0,0,2,2,2,0,0,classical,calendar,built from ground_truth_resolved + stats_combined + trophies + narrative,0,0,0,14.0625,95.3125,14.0625
1975,1975,Sepp Maier,Sepp Maier,sepp-maier-1944,5,1975-01-01,1975-12-31,Bayern Munich,West Germany,Goalkeeper,goalkeeper,0,0,0,1,0.0,34.0,0.0,34.0,0,1,0,0,0,0,1,0,0,0,0,1,3,3,1,1,classical,calendar,built from ground_truth_resolved + stats_combined + trophies + narrative,0,0,0,14.0625,95.3125,14.0625
1975,1975,Ruud Geels,Ruud Geels,ruud-geels-1948,6,1975-01-01,1975-12-31,Ajax,Netherlands,Striker,forward,1,0,0,0,30.0,32.0,0.9375,32.0,0,0,0,0,0,0,1,0,0,0,0,2,2,2,0,0,classical,calendar,built from ground_truth_resolved + stats_combined + trophies + narrative,0,0,0,96.875,71.875,96.875
1975,1975,Jupp Heynckes,Jupp Heynckes,jupp-heynckes-1945,7,1975-01-01,1975-12-31,Borussia Mönchengladbach,West Germany,Forward,forward,1,0,0,0,27.0,31.0,0.8709677419354839,31.0,0,0,0,0,0,0,1,0,0,0,0,2,2,2,0,0,classical,calendar,built from ground_truth_resolved + stats_combined + trophies + narrative,0,0,0,93.75,48.4375,93.75
1975,1975,Paul Breitner,Paul Breitner,paul-breitner-1951,8,1975-01-01,1975-12-31,Real Madrid,West Germany,Left-back midfielder,defender,0,0,1,0,3.0,29.0,0.10344827586206896,29.0,0,0,1,0,0,0,1,0,0,0,0,1,3,3,0,0,classical,calendar,built from ground_truth_resolved + stats_combined + trophies + narrative,0,0,0,43.75,20.3125,43.75
1975,1975,Colin Todd,Colin Todd,colin-todd-1948,9,1975-01-01,1975-12-31,Derby County,England,Central defender,defender,0,0,1,0,2.0,32.0,0.07407407407407407,,1,0,0,0,0,0,1,0,0,0,0,3,1,1,0,0,classical,calendar,built from ground_truth_resolved + stats_combined + trophies + narrative,1,1,1,35.9375,71.875,35.9375
1975,1975,Dudu Georgescu,Dudu Georgescu,dudu-georgescu-1950,10,1975-01-01,1975-12-31,Dinamo București,Romania,Striker,forward,1,0,0,0,33.0,31.0,1.064516129032258,31.0,0,0,0,0,0,0,1,0,0,0,0,3,1,1,0,0,classical,calendar,built from ground_truth_resolved + stats_combined + trophies + narrative,0,0,0,100.0,48.4375,100.0
1975,1975,Peter Lorimer,Peter Lorimer,peter-lorimer-1946,11,1975-01-01,1975-12-31,Leeds United,Scotland,Attacking midfielder,midfielder,0,1,0,0,9.0,36.0,0.25,36.0,0,0,0,0,0,0,1,0,0,0,0,2,2,2,0,0,classical,calendar,built from ground_truth_resolved + stats_combined + trophies + narrative,0,0,0,68.75,100.0,65.625
1975,1975,Branko Oblak,Branko Oblak,branko-oblak-1947,11,1975-01-01,1975-12-31,Schalke 04,Yugoslavia,Midfielder,midfielder,0,1,0,0,7.0,31.0,0.21875,,1,0,0,0,0,0,1,0,0,0,0,2,2,2,0,0,classical,calendar,built from ground_truth_resolved + stats_combined + trophies + narrative,1,1,1,57.8125,48.4375,54.6875
1975,1975,Pirri,Pirri,pirri-1945,11,1975-01-01,1975-12-31,Real Madrid,Spain,Central midfielder sweeper,defender,0,0,1,0,2.0,32.0,0.07407407407407407,,1,0,1,0,0,0,1,0,0,0,0,1,3,3,0,0,classical,calendar,built from ground_truth_resolved + stats_combined + trophies + narrative,1,1,1,35.9375,71.875,35.9375
1975,1975,Ralf Edström,Ralf Edström,ralf-edstrom-1952,14,1975-01-01,1975-12-31,PSV Eindhoven,Sweden,Forward,forward,1,0,0,0,16.0,32.0,0.5,32.0,0,0,0,0,0,0,1,0,0,0,0,3,1,1,0,0,classical,calendar,built from ground_truth_resolved + stats_combined + trophies + narrative,0,0,0,76.5625,71.875,71.875
1975,1975,Günter Netzer,Günter Netzer,gunter-netzer-1944,14,1975-01-01,1975-12-31,Real Madrid,West Germany,Midfielder,midfielder,0,1,0,0,7.0,31.0,0.21875,,1,0,1,0,0,0,1,0,0,0,0,1,3,3,0,0,classical,calendar,built from ground_truth_resolved + stats_combined + trophies + narrative,1,1,1,57.8125,48.4375,54.6875
1975,1975,Dino Zoff,Dino Zoff,dino-zoff-1942,14,1975-01-01,1975-12-31,Juventus,Italy,Goalkeeper,goalkeeper,0,0,0,1,0.0,30.0,0.0,30.0,0,0,0,0,0,0,1,0,0,0,0,1,3,3,0,0,classical,calendar,built from ground_truth_resolved + stats_combined + trophies + narrative,0,0,0,14.0625,31.25,14.0625
1975,1975,Hristo Bonev,Hristo Bonev,hristo-bonev-1947,17,1975-01-01,1975-12-31,Lokomotiv Plovdiv,Bulgaria,Attacking midfielder,midfielder,0,1,0,0,7.0,31.0,0.21875,,1,0,0,0,0,0,1,0,0,0,0,3,1,1,0,0,classical,calendar,built from ground_truth_resolved + stats_combined + trophies + narrative,1,1,1,57.8125,48.4375,54.6875
1975,1975,Josip Katalinski,Josip Katalinski,josip-katalinski-1948,17,1975-01-01,1975-12-31,Nice,Yugoslavia,Defender,defender,0,0,1,0,2.0,32.0,0.07407407407407407,,1,0,0,0,0,0,1,0,0,0,0,3,1,1,0,0,classical,calendar,built from ground_truth_resolved + stats_combined + trophies + narrative,1,1,1,35.9375,71.875,35.9375
1975,1975,Grzegorz Lato,Grzegorz Lato,grzegorz-lato-1950,17,1975-01-01,1975-12-31,Stal Mielec,Poland,Winger,forward,1,0,0,0,19.0,29.0,0.6551724137931034,29.0,0,0,0,0,0,0,1,0,0,0,0,3,1,1,0,0,classical,calendar,built from ground_truth_resolved + stats_combined + trophies + narrative,0,0,0,87.5,20.3125,87.5
1975,1975,Gerd Müller,Gerd Müller,gerd-muller-1945,17,1975-01-01,1975-12-31,Bayern Munich,West Germany,Striker,forward,1,0,0,0,23.0,33.0,0.696969696969697,33.0,0,1,0,0,0,0,1,0,0,0,0,1,3,3,1,1,classical,calendar,built from ground_truth_resolved + stats_combined + trophies + narrative,0,0,0,90.625,89.0625,90.625
1975,1975,Ivo Viktor,Ivo Viktor,ivo-viktor-1942,17,1975-01-01,1975-12-31,Dukla Prague,Czechoslovakia,Goalkeeper,goalkeeper,0,0,0,1,0.0,32.0,0.0,,1,0,0,0,0,0,1,0,0,0,0,3,1,1,0,0,classical,calendar,built from ground_truth_resolved + stats_combined + trophies + narrative,1,1,1,14.0625,71.875,14.0625
1975,1975,Ján Pivarník,Ján Pivarník,jan-pivarnik-1947,22,1975-01-01,1975-12-31,Slovan Bratislava,Czechoslovakia,Right back,defender,0,0,1,0,2.0,32.0,0.07407407407407407,,1,0,0,0,0,0,1,0,0,0,0,3,1,1,0,0,classical,calendar,built from ground_truth_resolved + stats_combined + trophies + narrative,1,1,1,35.9375,71.875,35.9375
1975,1975,Leonid Buryak,Leonid Buryak,leonid-buryak-1953,23,1975-01-01,1975-12-31,Dynamo Kyiv,Soviet Union,Midfielder,midfielder,0,1,0,0,0.0,25.0,0.0,25.0,0,0,0,0,0,0,1,0,0,0,0,2,2,2,0,0,classical,calendar,built from ground_truth_resolved + stats_combined + trophies + narrative,0,0,0,14.0625,6.25,14.0625
1975,1975,Jürgen Croy,Jürgen Croy,jurgen-croy-1946,23,1975-01-01,1975-12-31,Sachsenring Zwickau,East Germany,Goalkeeper,goalkeeper,0,0,0,1,0.0,32.0,0.0,,1,0,0,0,0,0,1,0,0,0,0,3,1,1,0,0,classical,calendar,built from ground_truth_resolved + stats_combined + trophies + narrative,1,1,1,14.0625,71.875,14.0625
1975,1975,Johan Neeskens,Johan Neeskens,johan-neeskens-1951,23,1975-01-01,1975-12-31,Barcelona,Netherlands,Midfielder,midfielder,0,1,0,0,7.0,27.0,0.25925925925925924,27.0,0,0,0,0,0,0,1,0,0,0,0,1,3,3,0,0,classical,calendar,built from ground_truth_resolved + stats_combined + trophies + narrative,0,0,0,57.8125,9.375,68.75
1975,1975,Jean-Marc Guillou,Jean-Marc Guillou,jean-marc-guillou-1945,23,1975-01-01,1975-12-31,Nice,France,Midfielder,midfielder,0,1,0,0,7.0,31.0,0.21875,,1,0,0,0,0,0,1,0,0,0,0,3,1,1,0,0,classical,calendar,built from ground_truth_resolved + stats_combined + trophies + narrative,1,1,1,57.8125,48.4375,54.6875
1975,1975,João Alves,João Alves,joao-alves,27,1975-01-01,1975-12-31,Boavista,Portugal,,unknown,0,0,0,0,5.0,28.0,0.1724137931034483,,1,0,0,0,0,0,1,0,0,0,0,3,1,1,0,0,classical,calendar,built from ground_truth_resolved + stats_combined + trophies + narrative,1,1,1,46.875,14.0625,46.875
1975,1975,Dragan Džajić,Dragan Džajić,dragan-dzajic-1946,27,1975-01-01,1975-12-31,Bastia,Yugoslavia,Left winger,forward,1,0,0,0,16.0,30.0,0.5348837209302325,,1,0,0,0,0,0,1,0,0,0,0,3,1,1,0,0,classical,calendar,built from ground_truth_resolved + stats_combined + trophies + narrative,1,1,1,76.5625,31.25,78.125
1975,1975,Giacinto Facchetti,Giacinto Facchetti,giacinto-facchetti-1942,27,1975-01-01,1975-12-31,Internazionale,Italy,Left-back,defender,0,0,1,0,0.0,23.0,0.0,23.0,0,0,0,0,0,0,1,0,0,0,0,1,3,3,0,0,classical,calendar,built from ground_truth_resolved + stats_combined + trophies + narrative,0,0,0,14.0625,3.125,14.0625
1975,1975,Don Givens,Don Givens,don-givens-1949,27,1975-01-01,1975-12-31,Queens Park Rangers,Republic of Ireland,Forward,forward,1,0,0,0,16.0,30.0,0.5348837209302325,,1,0,0,0,0,0,1,0,0,0,0,3,1,1,0,0,classical,calendar,built from ground_truth_resolved + stats_combined + trophies + narrative,1,1,1,76.5625,31.25,78.125
1975,1975,Pat Jennings,Pat Jennings,pat-jennings-1945,27,1975-01-01,1975-12-31,Tottenham Hotspur,Northern Ireland,Goalkeeper,goalkeeper,0,0,0,1,0.0,32.0,0.0,,1,0,0,0,0,0,1,0,0,0,0,2,2,2,0,0,classical,calendar,built from ground_truth_resolved + stats_combined + trophies + narrative,1,1,1,14.0625,71.875,14.0625
1975,1975,Allan Simonsen,Allan Simonsen,allan-simonsen-1952,27,1975-01-01,1975-12-31,Borussia Mönchengladbach,Denmark,Striker right winger,forward,1,0,0,0,16.0,30.0,0.5348837209302325,,1,0,0,0,0,0,1,0,0,0,0,2,2,2,0,0,classical,calendar,built from ground_truth_resolved + stats_combined + trophies + narrative,1,1,1,76.5625,31.25,78.125
1976,1976,Franz Beckenbauer,Franz Beckenbauer,franz-beckenbauer-1945,1,1976-01-01,1976-12-31,Bayern Munich,West Germany,Defender sweeper,defender,0,0,1,0,5.0,34.0,0.14705882352941177,34.0,0,1,0,0,0,1,0,0,0,0,0,1,3,3,0,0,classical,calendar,built from ground_truth_resolved + stats_combined + trophies + narrative,0,0,0,31.03448275862069,87.93103448275862,27.586206896551722
1976,1976,Rob Rensenbrink,Rob Rensenbrink,rob-rensenbrink-1947,2,1976-01-01,1976-12-31,Anderlecht,Netherlands,Left winger forward,forward,1,0,0,0,23.0,35.0,0.6571428571428571,35.0,0,0,0,0,0,1,0,0,0,0,0,3,1,1,0,0,classical,calendar,built from ground_truth_resolved + stats_combined + trophies + narrative,0,0,0,94.82758620689656,93.10344827586206,86.20689655172413
1976,1976,Ivo Viktor,Ivo Viktor,ivo-viktor-1942,3,1976-01-01,1976-12-31,Dukla Prague,Czechoslovakia,Goalkeeper,goalkeeper,0,0,0,1,0.0,32.0,0.0,,1,0,0,0,0,1,0,0,1,0,1,3,1,1,1,1,classical,calendar,built from ground_truth_resolved + stats_combined + trophies + narrative,1,1,1,8.620689655172415,75.86206896551724,8.620689655172415
1976,1976,Kevin Keegan,Kevin Keegan,kevin-keegan-1951,4,1976-01-01,1976-12-31,Liverpool,England,Attacking midfielder forward,forward,1,0,0,0,12.0,41.0,0.2926829268292683,41.0,0,0,1,0,0,1,0,0,0,0,0,1,3,3,1,1,classical,calendar,built from ground_truth_resolved + stats_combined + trophies + narrative,0,0,0,63.793103448275865,100.0,55.172413793103445
1976,1976,Michel Platini,Michel Platini,michel-platini-1955,5,1976-01-01,1976-12-31,Nancy,France,Attacking midfielder,midfielder,0,1,0,0,22.0,31.0,0.7096774193548387,31.0,0,0,0,0,0,1,0,0,0,0,0,3,1,1,0,0,classical,calendar,built from ground_truth_resolved + stats_combined + trophies + narrative,0,0,0,89.65517241379311,58.620689655172406,89.65517241379311
1976,1976,Anton Ondruš,Anton Ondruš,anton-ondrus-1950,6,1976-01-01,1976-12-31,Slovan Bratislava,Czechoslovakia,Sweeper,defender,0,0,1,0,2.0,32.0,0.07407407407407407,,1,0,0,0,0,1,0,0,1,0,1,3,1,1,1,1,classical,calendar,built from ground_truth_resolved + stats_combined + trophies + narrative,1,1,1,22.413793103448278,75.86206896551724,22.413793103448278
1976,1976,Johan Cruyff,Johan Cruyff,johan-cruyff-1947,7,1976-01-01,1976-12-31,Barcelona,Netherlands,Forward attacking midfielder,forward,1,0,0,0,6.0,29.0,0.20689655172413793,29.0,0,0,0,0,0,1,0,0,0,0,0,1,3,3,0,0,classical,calendar,built from ground_truth_resolved + stats_combined + trophies + narrative,0,0,0,37.93103448275862,29.310344827586203,37.93103448275862
1976,1976,Ivan Ćurković,Ivan Ćurković,ivan-curkovic-1944,7,1976-01-01,1976-12-31,Saint-Étienne,Yugoslavia,Goalkeeper,goalkeeper,0,0,0,1,0.0,38.0,0.0,38.0,0,0,0,0,0,1,0,0,0,0,0,3,1,1,0,0,classical,calendar,built from ground_truth_resolved + stats_combined + trophies + narrative,0,0,0,8.620689655172415,96.55172413793103,8.620689655172415
1976,1976,Rainer Bonhof,Rainer Bonhof,rainer-bonhof-1952,9,1976-01-01,1976-12-31,Borussia Mönchengladbach,West Germany,Midfielder,midfielder,0,1,0,0,7.0,31.0,0.21875,,1,0,0,0,0,1,0,0,0,0,0,2,2,2,0,0,classical,calendar,built from ground_truth_resolved + stats_combined + trophies + narrative,1,1,1,46.55172413793103,58.620689655172406,46.55172413793103
1976,1976,Gerd Müller,Gerd Müller,gerd-muller-1945,9,1976-01-01,1976-12-31,Bayern Munich,West Germany,Striker,forward,1,0,0,0,23.0,22.0,1.0454545454545454,22.0,0,1,0,0,0,1,0,0,0,0,0,1,3,3,0,0,classical,calendar,built from ground_truth_resolved + stats_combined + trophies + narrative,0,0,0,94.82758620689656,12.068965517241379,100.0
1976,1976,Marián Masný,Marián Masný,marian-masny-1950,9,1976-01-01,1976-12-31,Slovan Bratislava,Czechoslovakia,Winger,forward,1,0,0,0,16.0,30.0,0.5348837209302325,,1,0,0,0,0,1,0,0,1,0,1,3,1,1,1,1,classical,calendar,built from ground_truth_resolved + stats_combined + trophies + narrative,1,1,1,81.03448275862068,41.37931034482759,77.58620689655173
1976,1976,Franco Causio,Franco Causio,franco-causio-1949,12,1976-01-01,1976-12-31,Juventus,Italy,Right winger,forward,1,0,0,0,16.0,30.0,0.5348837209302325,,1,0,0,0,0,1,0,0,0,0,0,1,3,3,0,0,classical,calendar,built from ground_truth_resolved + stats_combined + trophies + narrative,1,1,1,81.03448275862068,41.37931034482759,77.58620689655173
1976,1976,Berti Vogts,Berti Vogts,berti-vogts-1946,13,1976-01-01,1976-12-31,Borussia Mönchengladbach,West Germany,Defender,defender,0,0,1,0,1.0,34.0,0.029411764705882353,34.0,0,0,0,0,0,1,0,0,0,0,0,2,2,2,0,0,classical,calendar,built from ground_truth_resolved + stats_combined + trophies + narrative,0,0,0,17.24137931034483,87.93103448275862,17.24137931034483
1976,1976,Tibor Nyilasi,Tibor Nyilasi,tibor-nyilasi-1955,14,1976-01-01,1976-12-31,Ferencváros,Hungary,Midfielder,midfielder,0,1,0,0,7.0,31.0,0.21875,,1,0,0,0,0,1,0,0,0,0,0,2,2,2,0,0,classical,calendar,built from ground_truth_resolved + stats_combined + trophies + narrative,1,1,1,46.55172413793103,58.620689655172406,46.55172413793103
1976,1976,Roberto Bettega,Roberto Bettega,roberto-bettega-1950,15,1976-01-01,1976-12-31,Juventus,Italy,Forward,forward,1,0,0,0,15.0,29.0,0.5172413793103449,29.0,0,0,0,0,0,1,0,0,0,0,0,1,3,3,0,0,classical,calendar,built from ground_truth_resolved + stats_combined + trophies + narrative,0,0,0,72.41379310344827,29.310344827586203,68.96551724137932
1976,1976,Jürgen Croy,Jürgen Croy,jurgen-croy-1946,15,1976-01-01,1976-12-31,Sachsenring Zwickau,East Germany,Goalkeeper,goalkeeper,0,0,0,1,0.0,32.0,0.0,,1,0,0,0,0,1,0,0,0,0,0,3,1,1,0,0,classical,calendar,built from ground_truth_resolved + stats_combined + trophies + narrative,1,1,1,8.620689655172415,75.86206896551724,8.620689655172415
1976,1976,Dudu Georgescu,Dudu Georgescu,dudu-georgescu-1950,15,1976-01-01,1976-12-31,Dinamo București,Romania,Striker,forward,1,0,0,0,31.0,32.0,0.96875,32.0,0,0,0,0,0,1,0,0,0,0,0,3,1,1,0,0,classical,calendar,built from ground_truth_resolved + stats_combined + trophies + narrative,0,0,0,100.0,75.86206896551724,96.55172413793103
1976,1976,Jaroslav Pollák,Jaroslav Pollák,jaroslav-pollak-1947,15,1976-01-01,1976-12-31,VSS Košice,Czechoslovakia,Midfielder,midfielder,0,1,0,0,7.0,31.0,0.21875,,1,0,0,0,0,1,0,0,1,0,1,3,1,1,1,1,classical,calendar,built from ground_truth_resolved + stats_combined + trophies + narrative,1,1,1,46.55172413793103,58.620689655172406,46.55172413793103
1976,1976,Oleg Blokhin,Oleg Blokhin,oleg-blokhin-1952,19,1976-01-01,1976-12-31,Dinamo Kyiv,Soviet Union,Forward,forward,1,0,0,0,8.0,19.0,0.42105263157894735,19.0,0,0,0,0,0,1,0,0,0,0,0,3,1,1,0,0,classical,calendar,built from ground_truth_resolved + stats_combined + trophies + narrative,0,0,0,55.172413793103445,5.172413793103448,58.620689655172406
1976,1976,Joachim Streich,Joachim Streich,joachim-streich-1951,19,1976-01-01,1976-12-31,1. FC Magdeburg,East Germany,Striker,forward,1,0,0,0,16.0,30.0,0.5348837209302325,,1,0,0,0,0,1,0,0,0,0,0,3,1,1,0,0,classical,calendar,built from ground_truth_resolved + stats_combined + trophies + narrative,1,1,1,81.03448275862068,41.37931034482759,77.58620689655173
1976,1976,Gérard Janvion,Gérard Janvion,gerard-janvion-1953,21,1976-01-01,1976-12-31,Saint-Étienne,France,Defender,defender,0,0,1,0,2.0,32.0,0.07407407407407407,,1,0,0,0,0,1,0,0,0,0,0,3,1,1,0,0,classical,calendar,built from ground_truth_resolved + stats_combined + trophies + narrative,1,1,1,22.413793103448278,75.86206896551724,22.413793103448278
1976,1976,Dieter Müller,Dieter Müller,dieter-muller-1954,21,1976-01-01,1976-12-31,1. FC Köln,West Germany,Striker,forward,1,0,0,0,14.0,19.0,0.7368421052631579,19.0,0,0,0,0,0,1,0,0,0,0,0,3,1,1,0,0,classical,calendar,built from ground_truth_resolved + stats_combined + trophies + narrative,0,0,0,68.96551724137932,5.172413793103448,93.10344827586206
1976,1976,Dominique Rocheteau,Dominique Rocheteau,dominique-rocheteau-1955,21,1976-01-01,1976-12-31,Saint-Étienne,France,Winger,forward,1,0,0,0,11.0,22.0,0.5,22.0,0,0,0,0,0,1,0,0,0,0,0,3,1,1,0,0,classical,calendar,built from ground_truth_resolved + stats_combined + trophies + narrative,0,0,0,58.620689655172406,12.068965517241379,63.793103448275865
1976,1976,Santillana,Santillana,santillana,21,1976-01-01,1976-12-31,Real Madrid,Spain,,unknown,0,0,0,0,5.0,28.0,0.1724137931034483,,1,0,0,0,0,1,0,0,0,0,0,1,3,3,0,0,classical,calendar,built from ground_truth_resolved + stats_combined + trophies + narrative,1,1,1,31.03448275862069,22.413793103448278,32.758620689655174
1976,1976,Benny Wendt,Benny Wendt,benny-wendt-1950,21,1976-01-01,1976-12-31,Tennis Borussia Berlin,Sweden,Forward,forward,1,0,0,0,16.0,30.0,0.5348837209302325,,1,0,0,0,0,1,0,0,0,0,0,3,1,1,0,0,classical,calendar,built from ground_truth_resolved + stats_combined + trophies + narrative,1,1,1,81.03448275862068,41.37931034482759,77.58620689655173
1976,1976,Dominique Bathenay,Dominique Bathenay,dominique-bathenay-1954,26,1976-01-01,1976-12-31,Saint-Étienne,France,Midfielder,midfielder,0,1,0,0,7.0,31.0,0.21875,,1,0,0,0,0,1,0,0,0,0,0,3,1,1,0,0,classical,calendar,built from ground_truth_resolved + stats_combined + trophies + narrative,1,1,1,46.55172413793103,58.620689655172406,46.55172413793103
1976,1976,Jupp Heynckes,Jupp Heynckes,jupp-heynckes-1945,26,1976-01-01,1976-12-31,Borussia Mönchengladbach,West Germany,Forward,forward,1,0,0,0,12.0,24.0,0.5,24.0,0,0,0,0,0,1,0,0,0,0,0,2,2,2,0,0,classical,calendar,built from ground_truth_resolved + stats_combined + trophies + narrative,0,0,0,63.793103448275865,17.24137931034483,63.793103448275865
1976,1976,Ali Kemal,Ali Kemal,ali-kemal-1869,26,1976-01-01,1976-12-31,Trabzonspor,Turkey,,unknown,0,0,0,0,5.0,28.0,0.1724137931034483,,1,0,0,0,0,1,0,0,0,0,0,3,1,1,0,0,classical,calendar,built from ground_truth_resolved + stats_combined + trophies + narrative,1,1,1,31.03448275862069,22.413793103448278,32.758620689655174
1976,1976,Dino Zoff,Dino Zoff,dino-zoff-1942,26,1976-01-01,1976-12-31,Juventus,Italy,Goalkeeper,goalkeeper,0,0,0,1,0.0,30.0,0.0,30.0,0,0,0,0,0,1,0,0,0,0,0,1,3,3,0,0,classical,calendar,built from ground_truth_resolved + stats_combined + trophies + narrative,0,0,0,8.620689655172415,41.37931034482759,8.620689655172415
1977,1977,Allan Simonsen,Allan Simonsen,allan-simonsen-1952,1,1977-01-01,1977-12-31,Borussia Mönchengladbach,Denmark,Striker right winger,forward,1,0,0,0,16.0,30.0,0.5348837209302325,,1,0,0,0,0,0,0,0,0,0,0,2,2,2,0,0,classical,calendar,built from ground_truth_resolved + stats_combined + trophies + narrative,1,1,1,70.3125,21.875,71.875
1977,1977,Kevin Keegan,Kevin Keegan,kevin-keegan-1951,2,1977-01-01,1977-12-31,Liverpool Hamburger SV,England,Attacking midfielder forward,forward,1,0,0,0,12.0,38.0,0.3157894736842105,38.0,0,1,0,0,0,0,0,0,0,0,0,1,3,3,1,1,classical,calendar,built from ground_truth_resolved + stats_combined + trophies + narrative,0,0,0,56.25,89.0625,56.25
1977,1977,Michel Platini,Michel Platini,michel-platini-1955,3,1977-01-01,1977-12-31,Nancy,France,Attacking midfielder,midfielder,0,1,0,0,25.0,38.0,0.6578947368421053,38.0,0,0,0,0,0,0,0,0,0,0,0,3,1,1,0,0,classical,calendar,built from ground_truth_resolved + stats_combined + trophies + narrative,0,0,0,87.5,89.0625,84.375
1977,1977,Roberto Bettega,Roberto Bettega,roberto-bettega-1950,4,1977-01-01,1977-12-31,Juventus,Italy,Forward,forward,1,0,0,0,17.0,30.0,0.5666666666666667,30.0,0,0,0,0,0,0,0,0,0,0,0,1,3,3,0,0,classical,calendar,built from ground_truth_resolved + stats_combined + trophies + narrative,0,0,0,81.25,21.875,81.25
1977,1977,Johan Cruyff,Johan Cruyff,johan-cruyff-1947,5,1977-01-01,1977-12-31,Barcelona,Netherlands,Forward attacking midfielder,forward,1,0,0,0,14.0,30.0,0.4666666666666667,30.0,0,0,0,0,0,0,0,0,0,0,0,1,3,3,0,0,classical,calendar,built from ground_truth_resolved + stats_combined + trophies + narrative,0,0,0,59.375,21.875,59.375
1977,1977,Klaus Fischer,Klaus Fischer,klaus-fischer-1949,6,1977-01-01,1977-12-31,Schalke 04,West Germany,Forward,forward,1,0,0,0,24.0,31.0,0.7741935483870968,31.0,0,0,0,0,0,0,0,0,0,0,0,2,2,2,0,0,classical,calendar,built from ground_truth_resolved + stats_combined + trophies + narrative,0,0,0,84.375,43.75,87.5
1977,1977,Tibor Nyilasi,Tibor Nyilasi,tibor-nyilasi-1955,7,1977-01-01,1977-12-31,Ferencváros,Hungary,Midfielder,midfielder,0,1,0,0,7.0,31.0,0.21875,,1,0,0,0,0,0,0,0,0,0,0,2,2,2,0,0,classical,calendar,built from ground_truth_resolved + stats_combined + trophies + narrative,1,1,1,45.3125,43.75,46.875
1977,1977,Rob Rensenbrink,Rob Rensenbrink,rob-rensenbrink-1947,7,1977-01-01,1977-12-31,Anderlecht,Netherlands,Left winger forward,forward,1,0,0,0,16.0,34.0,0.47058823529411764,34.0,0,0,0,0,0,0,0,0,0,0,0,3,1,1,0,0,classical,calendar,built from ground_truth_resolved + stats_combined + trophies + narrative,0,0,0,70.3125,78.125,62.5
1977,1977,Dudu Georgescu,Dudu Georgescu,dudu-georgescu-1950,9,1977-01-01,1977-12-31,Dinamo București,Romania,Striker,forward,1,0,0,0,47.0,31.0,1.5161290322580645,31.0,0,0,0,0,0,0,0,0,0,0,0,3,1,1,0,0,classical,calendar,built from ground_truth_resolved + stats_combined + trophies + narrative,0,0,0,100.0,43.75,100.0
1977,1977,Emlyn Hughes,Emlyn Hughes,emlyn-hughes-1947,10,1977-01-01,1977-12-31,Liverpool,England,Defender midfielder,defender,0,0,1,0,2.0,32.0,0.07407407407407407,,1,1,0,0,0,0,0,0,0,0,0,1,3,3,1,1,classical,calendar,built from ground_truth_resolved + stats_combined + trophies + narrative,1,1,1,23.4375,62.5,23.4375
1977,1977,Steve Heighway,Steve Heighway,steve-heighway-1947,10,1977-01-01,1977-12-31,Liverpool,Ireland,Winger,forward,1,0,0,0,16.0,30.0,0.5348837209302325,,1,1,0,0,0,0,0,0,0,0,0,1,3,3,1,1,classical,calendar,built from ground_truth_resolved + stats_combined + trophies + narrative,1,1,1,70.3125,21.875,71.875
1977,1977,Berti Vogts,Berti Vogts,berti-vogts-1946,10,1977-01-01,1977-12-31,Borussia Mönchengladbach,West Germany,Defender,defender,0,0,1,0,1.0,27.0,0.037037037037037035,27.0,0,0,0,0,0,0,0,0,0,0,0,2,2,2,0,0,classical,calendar,built from ground_truth_resolved + stats_combined + trophies + narrative,0,0,0,12.5,6.25,12.5
1977,1977,Dominique Bathenay,Dominique Bathenay,dominique-bathenay-1954,13,1977-01-01,1977-12-31,Saint-Étienne,France,Midfielder,midfielder,0,1,0,0,7.0,31.0,0.21875,,1,0,0,0,0,0,0,0,0,0,0,3,1,1,0,0,classical,calendar,built from ground_truth_resolved + stats_combined + trophies + narrative,1,1,1,45.3125,43.75,46.875
1977,1977,Trevor Brooking,Trevor Brooking,trevor-brooking-1948,13,1977-01-01,1977-12-31,West Ham United,England,Midfielder,midfielder,0,1,0,0,4.0,42.0,0.09523809523809523,42.0,0,0,0,0,0,0,0,0,0,0,0,2,2,2,0,0,classical,calendar,built from ground_truth_resolved + stats_combined + trophies + narrative,0,0,0,32.8125,100.0,31.25
1977,1977,Anders Linderoth,Anders Linderoth,anders-linderoth-1950,13,1977-01-01,1977-12-31,Marseille,Sweden,Midfielder,midfielder,0,1,0,0,7.0,31.0,0.21875,,1,0,0,0,0,0,0,0,0,0,0,2,2,2,0,0,classical,calendar,built from ground_truth_resolved + stats_combined + trophies + narrative,1,1,1,45.3125,43.75,46.875
1977,1977,Ronnie Hellström,Ronnie Hellström,ronnie-hellstrom-1949,13,1977-01-01,1977-12-31,1. FC Kaiserslautern,Sweden,Goalkeeper,goalkeeper,0,0,0,1,0.0,32.0,0.0,,1,0,0,0,0,0,0,0,0,0,0,3,1,1,0,0,classical,calendar,built from ground_truth_resolved + stats_combined + trophies + narrative,1,1,1,4.6875,62.5,4.6875
1977,1977,Franco Causio,Franco Causio,franco-causio-1949,13,1977-01-01,1977-12-31,Juventus,Italy,Right winger,forward,1,0,0,0,16.0,30.0,0.5348837209302325,,1,0,0,0,0,0,0,0,0,0,0,1,3,3,0,0,classical,calendar,built from ground_truth_resolved + stats_combined + trophies + narrative,1,1,1,70.3125,21.875,71.875
1977,1977,Ruud Krol,Ruud Krol,ruud-krol-1949,18,1977-01-01,1977-12-31,Ajax,Netherlands,Left-back sweeper,defender,0,0,1,0,1.0,33.0,0.030303030303030304,33.0,0,0,0,0,0,0,0,0,0,0,0,2,2,2,0,0,classical,calendar,built from ground_truth_resolved + stats_combined + trophies + narrative,0,0,0,12.5,71.875,9.375
1977,1977,Marius Trésor,Marius Trésor,marius-tresor-1950,18,1977-01-01,1977-12-31,Marseille,France,Defender,defender,0,0,1,0,1.0,22.0,0.045454545454545456,22.0,0,0,0,0,0,0,0,0,0,0,0,2,2,2,0,0,classical,calendar,built from ground_truth_resolved + stats_combined + trophies + narrative,0,0,0,12.5,3.125,15.625
1977,1977,Rainer Bonhof,Rainer Bonhof,rainer-bonhof-1952,20,1977-01-01,1977-12-31,Borussia Mönchengladbach,West Germany,Midfielder,midfielder,0,1,0,0,7.0,31.0,0.21875,,1,0,0,0,0,0,0,0,0,0,0,2,2,2,0,0,classical,calendar,built from ground_truth_resolved + stats_combined + trophies + narrative,1,1,1,45.3125,43.75,46.875
1977,1977,Heinz Flohe,Heinz Flohe,heinz-flohe-1948,20,1977-01-01,1977-12-31,1. FC Köln,West Germany,Midfielder,midfielder,0,1,0,0,7.0,31.0,0.21875,,1,0,0,0,0,0,0,0,0,0,0,3,1,1,0,0,classical,calendar,built from ground_truth_resolved + stats_combined + trophies + narrative,1,1,1,45.3125,43.75,46.875
1977,1977,Ruud Geels,Ruud Geels,ruud-geels-1948,20,1977-01-01,1977-12-31,Ajax,Netherlands,Striker,forward,1,0,0,0,34.0,34.0,1.0,34.0,0,0,0,0,0,0,0,0,0,0,0,2,2,2,0,0,classical,calendar,built from ground_truth_resolved + stats_combined + trophies + narrative,0,0,0,95.3125,78.125,95.3125
1977,1977,Dieter Müller,Dieter Müller,dieter-muller-1954,20,1977-01-01,1977-12-31,1. FC Köln,West Germany,Striker,forward,1,0,0,0,34.0,34.0,1.0,34.0,0,0,0,0,0,0,0,0,0,0,0,3,1,1,0,0,classical,calendar,built from ground_truth_resolved + stats_combined + trophies + narrative,0,0,0,95.3125,78.125,95.3125
1977,1977,Pirri,Pirri,pirri-1945,20,1977-01-01,1977-12-31,Real Madrid,Spain,Central midfielder sweeper,defender,0,0,1,0,2.0,32.0,0.07407407407407407,,1,0,1,0,0,0,0,0,0,0,0,1,3,3,0,0,classical,calendar,built from ground_truth_resolved + stats_combined + trophies + narrative,1,1,1,23.4375,62.5,23.4375
1977,1977,Peter Shilton,Peter Shilton,peter-shilton-1949,20,1977-01-01,1977-12-31,Nottingham Forest,England,Goalkeeper,goalkeeper,0,0,0,1,0.0,40.0,0.0,40.0,0,0,1,0,0,0,0,0,0,0,0,2,2,2,0,0,classical,calendar,built from ground_truth_resolved + stats_combined + trophies + narrative,0,0,0,4.6875,93.75,4.6875
1977,1977,Giancarlo Antognoni,Giancarlo Antognoni,giancarlo-antognoni-1954,26,1977-01-01,1977-12-31,Fiorentina,Italy,Attacking midfielder,midfielder,0,1,0,0,4.0,28.0,0.14285714285714285,28.0,0,0,0,0,0,0,0,0,0,0,0,2,2,2,0,0,classical,calendar,built from ground_truth_resolved + stats_combined + trophies + narrative,0,0,0,32.8125,9.375,34.375
1977,1977,Jürgen Grabowski,Jürgen Grabowski,jurgen-grabowski-1944,26,1977-01-01,1977-12-31,Eintracht Frankfurt,West Germany,Forward midfielder,forward,1,0,0,0,16.0,30.0,0.5348837209302325,,1,0,0,0,0,0,0,0,0,0,0,3,1,1,0,0,classical,calendar,built from ground_truth_resolved + stats_combined + trophies + narrative,1,1,1,70.3125,21.875,71.875
1977,1977,Gérard Janvion,Gérard Janvion,gerard-janvion-1953,26,1977-01-01,1977-12-31,Saint-Étienne,France,Defender,defender,0,0,1,0,2.0,32.0,0.07407407407407407,,1,0,0,0,0,0,0,0,0,0,0,3,1,1,0,0,classical,calendar,built from ground_truth_resolved + stats_combined + trophies + narrative,1,1,1,23.4375,62.5,23.4375
1977,1977,Ray Kennedy,Ray Kennedy,ray-kennedy-1951,26,1977-01-01,1977-12-31,Liverpool,England,Midfielder centre-forward,forward,1,0,0,0,7.0,41.0,0.17073170731707318,41.0,0,1,0,0,0,0,0,0,0,0,0,1,3,3,1,1,classical,calendar,built from ground_truth_resolved + stats_combined + trophies + narrative,0,0,0,45.3125,96.875,37.5
1977,1977,Hans Krankl,Hans Krankl,hans-krankl-1953,26,1977-01-01,1977-12-31,Rapid Wien,Austria,Striker,forward,1,0,0,0,32.0,35.0,0.9142857142857143,35.0,0,0,0,0,0,0,0,0,0,0,0,3,1,1,0,0,classical,calendar,built from ground_truth_resolved + stats_combined + trophies + narrative,0,0,0,90.625,84.375,90.625
1977,1977,Gordon McQueen,Gordon McQueen,gordon-mcqueen-1952,26,1977-01-01,1977-12-31,Leeds United,Scotland,Defender,defender,0,0,1,0,2.0,32.0,0.07407407407407407,,1,0,0,0,0,0,0,0,0,0,0,2,2,2,0,0,classical,calendar,built from ground_truth_resolved + stats_combined + trophies + narrative,1,1,1,23.4375,62.5,23.4375
1977,1977,András Törőcsik,András Törőcsik,andras-torocsik-1955,26,1977-01-01,1977-12-31,Újpest,Hungary,Forward,forward,1,0,0,0,16.0,30.0,0.5348837209302325,,1,0,0,0,0,0,0,0,0,0,0,3,1,1,0,0,classical,calendar,built from ground_truth_resolved + stats_combined + trophies + narrative,1,1,1,70.3125,21.875,71.875
1978,1978,Kevin Keegan,Kevin Keegan,kevin-keegan-1951,1,1978-01-01,1978-12-31,Hamburger SV,England,Attacking midfielder forward,forward,1,0,0,0,6.0,25.0,0.24,25.0,0,0,0,0,1,0,0,0,0,0,0,2,2,2,0,0,classical,calendar,built from ground_truth_resolved + stats_combined + trophies + narrative,0,0,0,36.666666666666664,10.0,50.0
1978,1978,Hans Krankl,Hans Krankl,hans-krankl-1953,2,1978-01-01,1978-12-31,Barcelona,Austria,Striker,forward,1,0,0,0,41.0,36.0,1.1388888888888888,36.0,0,0,0,0,1,0,0,0,0,0,0,1,3,3,0,0,classical,calendar,built from ground_truth_resolved + stats_combined + trophies + narrative,0,0,0,100.0,91.66666666666666,100.0
1978,1978,Rob Rensenbrink,Rob Rensenbrink,rob-rensenbrink-1947,3,1978-01-01,1978-12-31,Anderlecht,Netherlands,Left winger forward,forward,1,0,0,0,18.0,24.0,0.75,24.0,0,0,0,0,1,0,0,0,0,0,0,3,1,1,0,0,classical,calendar,built from ground_truth_resolved + stats_combined + trophies + narrative,0,0,0,88.33333333333333,6.666666666666667,93.33333333333333
1978,1978,Roberto Bettega,Roberto Bettega,roberto-bettega-1950,4,1978-01-01,1978-12-31,Juventus,Italy,Forward,forward,1,0,0,0,11.0,30.0,0.36666666666666664,30.0,0,0,0,0,1,0,0,0,0,0,0,1,3,3,0,0,classical,calendar,built from ground_truth_resolved + stats_combined + trophies + narrative,0,0,0,61.66666666666667,40.0,61.66666666666667
1978,1978,Paolo Rossi,Paolo Rossi,paolo-rossi-1956,5,1978-01-01,1978-12-31,L.R. Vicenza,Italy,Striker,forward,1,0,0,0,24.0,30.0,0.8,30.0,0,0,0,0,1,0,0,0,0,0,0,3,1,1,0,0,classical,calendar,built from ground_truth_resolved + stats_combined + trophies + narrative,0,0,0,96.66666666666667,40.0,96.66666666666667
1978,1978,Ronnie Hellström,Ronnie Hellström,ronnie-hellstrom-1949,6,1978-01-01,1978-12-31,Kaiserslautern,Sweden,Goalkeeper,goalkeeper,0,0,0,1,0.0,32.0,0.0,,1,0,0,0,1,0,0,0,0,0,0,3,1,1,0,0,classical,calendar,built from ground_truth_resolved + stats_combined + trophies + narrative,1,1,1,5.0,73.33333333333333,5.0
1978,1978,Ruud Krol,Ruud Krol,ruud-krol-1949,6,1978-01-01,1978-12-31,Ajax,Netherlands,Left-back sweeper,defender,0,0,1,0,2.0,34.0,0.058823529411764705,34.0,0,0,0,0,1,0,0,0,0,0,0,2,2,2,0,0,classical,calendar,built from ground_truth_resolved + stats_combined + trophies + narrative,0,0,0,13.333333333333334,81.66666666666667,10.0
1978,1978,Kenny Dalglish,Kenny Dalglish,kenny-dalglish-1951,8,1978-01-01,1978-12-31,Liverpool,Scotland,Forward,forward,1,0,0,0,20.0,42.0,0.47619047619047616,42.0,0,1,1,1,1,0,0,0,0,0,0,1,3,3,0,0,classical,calendar,built from ground_truth_resolved + stats_combined + trophies + narrative,0,0,0,93.33333333333333,100.0,66.66666666666666
1978,1978,Allan Simonsen,Allan Simonsen,allan-simonsen-1952,8,1978-01-01,1978-12-31,Borussia Mönchengladbach,Denmark,Striker right winger,forward,1,0,0,0,16.0,30.0,0.5348837209302325,,1,0,0,0,1,0,0,0,0,0,0,2,2,2,0,0,classical,calendar,built from ground_truth_resolved + stats_combined + trophies + narrative,1,1,1,75.0,40.0,81.66666666666667
1978,1978,Peter Shilton,Peter Shilton,peter-shilton-1949,10,1978-01-01,1978-12-31,Nottingham Forest,England,Goalkeeper,goalkeeper,0,0,0,1,0.0,40.0,0.0,40.0,0,0,0,0,1,0,0,0,0,0,0,2,2,2,1,1,classical,calendar,built from ground_truth_resolved + stats_combined + trophies + narrative,0,0,0,5.0,96.66666666666667,5.0
1978,1978,Arie Haan,Arie Haan,arie-haan-1948,11,1978-01-01,1978-12-31,Anderlecht,Netherlands,Midfielder,midfielder,0,1,0,0,7.0,31.0,0.21875,,1,0,0,0,1,0,0,0,0,0,0,3,1,1,0,0,classical,calendar,built from ground_truth_resolved + stats_combined + trophies + narrative,1,1,1,45.0,61.66666666666667,41.66666666666667
1978,1978,René van de Kerkhof,René van de Kerkhof,rene-van-de-kerkhof-1951,12,1978-01-01,1978-12-31,PSV Eindhoven,Netherlands,Right winger,forward,1,0,0,0,10.0,29.0,0.3448275862068966,29.0,0,0,0,0,1,0,0,0,0,0,0,3,1,1,0,0,classical,calendar,built from ground_truth_resolved + stats_combined + trophies + narrative,0,0,0,56.666666666666664,21.666666666666668,56.666666666666664
1978,1978,Antonio Cabrini,Antonio Cabrini,antonio-cabrini-1957,13,1978-01-01,1978-12-31,Juventus,Italy,Left-back,defender,0,0,1,0,2.0,32.0,0.07407407407407407,,1,0,0,0,1,0,0,0,0,0,0,1,3,3,0,0,classical,calendar,built from ground_truth_resolved + stats_combined + trophies + narrative,1,1,1,13.333333333333334,73.33333333333333,13.333333333333334
1978,1978,Willy van de Kerkhof,Willy van de Kerkhof,willy-van-de-kerkhof-1951,13,1978-01-01,1978-12-31,PSV Eindhoven,Netherlands,Midfielder,midfielder,0,1,0,0,5.0,32.0,0.15625,32.0,0,0,0,0,1,0,0,0,0,0,0,3,1,1,0,0,classical,calendar,built from ground_truth_resolved + stats_combined + trophies + narrative,0,0,0,28.333333333333332,73.33333333333333,26.666666666666668
1978,1978,Johan Cruyff,Johan Cruyff,johan-cruyff-1947,15,1978-01-01,1978-12-31,Barcelona,Netherlands,Forward attacking midfielder,forward,1,0,0,0,5.0,28.0,0.17857142857142858,28.0,0,0,0,0,1,0,0,0,0,0,0,1,3,3,0,0,classical,calendar,built from ground_truth_resolved + stats_combined + trophies + narrative,0,0,0,28.333333333333332,15.0,33.33333333333333
1978,1978,Graeme Souness,Graeme Souness,graeme-souness-1953,15,1978-01-01,1978-12-31,Liverpool,Scotland,Midfielder,midfielder,0,1,0,0,5.0,34.0,0.14705882352941177,34.0,0,1,1,1,1,0,0,0,0,0,0,1,3,3,0,0,classical,calendar,built from ground_truth_resolved + stats_combined + trophies + narrative,0,0,0,28.333333333333332,81.66666666666667,23.333333333333332
1978,1978,Zdeněk Nehoda,Zdeněk Nehoda,zdenek-nehoda-1952,15,1978-01-01,1978-12-31,Dukla Prague,Czechoslovakia,Forward,forward,1,0,0,0,16.0,30.0,0.5348837209302325,,1,0,0,0,1,0,0,0,0,0,0,3,1,1,0,0,classical,calendar,built from ground_truth_resolved + stats_combined + trophies + narrative,1,1,1,75.0,40.0,81.66666666666667
1978,1978,Marián Masný,Marián Masný,marian-masny-1950,18,1978-01-01,1978-12-31,Slovan Bratislava,Czechoslovakia,Winger,forward,1,0,0,0,16.0,30.0,0.5348837209302325,,1,0,0,0,1,0,0,0,0,0,0,3,1,1,0,0,classical,calendar,built from ground_truth_resolved + stats_combined + trophies + narrative,1,1,1,75.0,40.0,81.66666666666667
1978,1978,Archie Gemmill,Archie Gemmill,archie-gemmill-1947,19,1978-01-01,1978-12-31,Nottingham Forest,Scotland,Midfielder,midfielder,0,1,0,0,7.0,31.0,0.21875,,1,0,0,0,1,0,0,0,0,0,0,2,2,2,1,1,classical,calendar,built from ground_truth_resolved + stats_combined + trophies + narrative,1,1,1,45.0,61.66666666666667,41.66666666666667
1978,1978,Marius Trésor,Marius Trésor,marius-tresor-1950,19,1978-01-01,1978-12-31,Marseille,France,Defender,defender,0,0,1,0,4.0,35.0,0.11428571428571428,35.0,0,0,0,0,1,0,0,0,0,0,0,2,2,2,0,0,classical,calendar,built from ground_truth_resolved + stats_combined + trophies + narrative,0,0,0,20.0,86.66666666666667,20.0
1978,1978,João Alves,João Alves,joao-alves,21,1978-01-01,1978-12-31,Benfica,Portugal,,unknown,0,0,0,0,5.0,28.0,0.1724137931034483,,1,0,0,0,1,0,0,0,0,0,0,2,2,2,0,0,classical,calendar,built from ground_truth_resolved + stats_combined + trophies + narrative,1,1,1,28.333333333333332,15.0,30.0
1978,1978,Rainer Bonhof,Rainer Bonhof,rainer-bonhof-1952,21,1978-01-01,1978-12-31,Valencia,West Germany,Midfielder,midfielder,0,1,0,0,7.0,31.0,0.21875,,1,0,0,0,1,0,0,0,0,0,0,2,2,2,0,0,classical,calendar,built from ground_truth_resolved + stats_combined + trophies + narrative,1,1,1,45.0,61.66666666666667,41.66666666666667
1978,1978,Zbigniew Boniek,Zbigniew Boniek,zbigniew-boniek-1956,21,1978-01-01,1978-12-31,Widzew Łódź,Poland,Midfielder forward sweeper,forward,1,0,0,0,11.0,30.0,0.36666666666666664,30.0,0,0,0,0,1,0,0,0,0,0,0,3,1,1,0,0,classical,calendar,built from ground_truth_resolved + stats_combined + trophies + narrative,0,0,0,61.66666666666667,40.0,61.66666666666667
1978,1978,Franco Causio,Franco Causio,franco-causio-1949,21,1978-01-01,1978-12-31,Juventus,Italy,Right winger,forward,1,0,0,0,16.0,30.0,0.5348837209302325,,1,0,0,0,1,0,0,0,0,0,0,1,3,3,0,0,classical,calendar,built from ground_truth_resolved + stats_combined + trophies + narrative,1,1,1,75.0,40.0,81.66666666666667
1978,1978,Hansi Müller,Hansi Müller,hansi-muller-1957,21,1978-01-01,1978-12-31,VfB Stuttgart,West Germany,Midfielder,midfielder,0,1,0,0,7.0,31.0,0.21875,,1,0,0,0,1,0,0,0,0,0,0,3,1,1,0,0,classical,calendar,built from ground_truth_resolved + stats_combined + trophies + narrative,1,1,1,45.0,61.66666666666667,41.66666666666667
1978,1978,Johan Neeskens,Johan Neeskens,johan-neeskens-1951,21,1978-01-01,1978-12-31,Barcelona,Netherlands,Midfielder,midfielder,0,1,0,0,2.0,18.0,0.1111111111111111,18.0,0,0,0,0,1,0,0,0,0,0,0,1,3,3,0,0,classical,calendar,built from ground_truth_resolved + stats_combined + trophies + narrative,0,0,0,13.333333333333334,3.3333333333333335,16.666666666666664
1978,1978,Michel Platini,Michel Platini,michel-platini-1955,21,1978-01-01,1978-12-31,Nancy,France,Attacking midfielder,midfielder,0,1,0,0,18.0,36.0,0.5,36.0,0,0,0,0,1,0,0,0,0,0,0,3,1,1,0,0,classical,calendar,built from ground_truth_resolved + stats_combined + trophies + narrative,0,0,0,88.33333333333333,91.66666666666666,70.0
1978,1978,Karl-Heinz Rummenigge,Karl-Heinz Rummenigge,karl-heinz-rummenigge-1955,21,1978-01-01,1978-12-31,Bayern Munich,West Germany,Forward,forward,1,0,0,0,8.0,29.0,0.27586206896551724,29.0,0,0,0,0,1,0,0,0,0,0,0,1,3,3,0,0,classical,calendar,built from ground_truth_resolved + stats_combined + trophies + narrative,0,0,0,53.333333333333336,21.666666666666668,53.333333333333336
1978,1978,Didier Six,Didier Six,didier-six-1954,21,1978-01-01,1978-12-31,Marseille,France,Left winger,forward,1,0,0,0,16.0,30.0,0.5348837209302325,,1,0,0,0,1,0,0,0,0,0,0,2,2,2,0,0,classical,calendar,built from ground_truth_resolved + stats_combined + trophies + narrative,1,1,1,75.0,40.0,81.66666666666667
1978,1978,François Van Der Elst,François Van Der Elst,francois-van-der-elst-1954,21,1978-01-01,1978-12-31,Anderlecht,Belgium,Winger,forward,1,0,0,0,16.0,30.0,0.5348837209302325,,1,0,0,0,1,0,0,0,0,0,0,3,1,1,0,0,classical,calendar,built from ground_truth_resolved + stats_combined + trophies + narrative,1,1,1,75.0,40.0,81.66666666666667
1979,1979,Kevin Keegan,Kevin Keegan,kevin-keegan-1951,1,1979-01-01,1979-12-31,Hamburger SV,England,Attacking midfielder forward,forward,1,0,0,0,17.0,34.0,0.5,34.0,0,0,0,0,0,0,1,0,0,0,0,2,2,2,0,0,classical,calendar,built from ground_truth_resolved + stats_combined + trophies + narrative,0,0,0,90.625,89.0625,65.625
1979,1979,Karl-Heinz Rummenigge,Karl-Heinz Rummenigge,karl-heinz-rummenigge-1955,2,1979-01-01,1979-12-31,Bayern Munich,West Germany,Forward,forward,1,0,0,0,14.0,34.0,0.4117647058823529,34.0,0,0,0,0,0,0,1,0,0,0,0,1,3,3,0,0,classical,calendar,built from ground_truth_resolved + stats_combined + trophies + narrative,0,0,0,59.375,89.0625,56.25
1979,1979,Ruud Krol,Ruud Krol,ruud-krol-1949,3,1979-01-01,1979-12-31,Ajax,Netherlands,Left-back sweeper,defender,0,0,1,0,2.0,24.0,0.08333333333333333,24.0,0,0,0,0,0,0,1,0,0,0,0,2,2,2,0,0,classical,calendar,built from ground_truth_resolved + stats_combined + trophies + narrative,0,0,0,17.1875,9.375,21.875
1979,1979,Manfred Kaltz,Manfred Kaltz,manfred-kaltz-1953,4,1979-01-01,1979-12-31,Hamburger SV,West Germany,Right-back,defender,0,0,1,0,2.0,32.0,0.07407407407407407,,1,0,0,0,0,0,1,0,0,0,0,2,2,2,0,0,classical,calendar,built from ground_truth_resolved + stats_combined + trophies + narrative,1,1,1,17.1875,75.0,14.0625
1979,1979,Michel Platini,Michel Platini,michel-platini-1955,5,1979-01-01,1979-12-31,Saint-Étienne,France,Attacking midfielder,midfielder,0,1,0,0,12.0,19.0,0.631578947368421,19.0,0,0,0,0,0,0,1,0,0,0,0,3,1,1,0,0,classical,calendar,built from ground_truth_resolved + stats_combined + trophies + narrative,0,0,0,54.6875,3.125,96.875
1979,1979,Paolo Rossi,Paolo Rossi,paolo-rossi-1956,6,1979-01-01,1979-12-31,Perugia,Italy,Striker,forward,1,0,0,0,15.0,28.0,0.5357142857142857,28.0,0,0,0,0,0,0,1,0,0,0,0,3,1,1,0,0,classical,calendar,built from ground_truth_resolved + stats_combined + trophies + narrative,0,0,0,65.625,23.4375,93.75
1979,1979,Trevor Francis,Trevor Francis,trevor-francis-1954,7,1979-01-01,1979-12-31,Nottingham Forest,England,Forward,forward,1,0,0,0,23.0,43.0,0.5348837209302325,43.0,0,1,0,0,0,0,1,0,0,0,0,2,2,2,1,1,classical,calendar,built from ground_truth_resolved + stats_combined + trophies + narrative,0,0,0,96.875,100.0,81.25
1979,1979,Liam Brady,Liam Brady,liam-brady-1956,7,1979-01-01,1979-12-31,Arsenal,Republic of Ireland,Attacking midfielder,midfielder,0,1,0,0,7.0,31.0,0.21875,,1,0,0,0,0,0,1,0,0,0,0,2,2,2,0,0,classical,calendar,built from ground_truth_resolved + stats_combined + trophies + narrative,1,1,1,42.1875,60.9375,42.1875
1979,1979,Zbigniew Boniek,Zbigniew Boniek,zbigniew-boniek-1956,9,1979-01-01,1979-12-31,Widzew Łódź,Poland,Midfielder forward sweeper,forward,1,0,0,0,4.0,28.0,0.14285714285714285,28.0,0,0,0,0,0,0,1,0,0,0,0,3,1,1,0,0,classical,calendar,built from ground_truth_resolved + stats_combined + trophies + narrative,0,0,0,28.125,23.4375,28.125
1979,1979,Zdeněk Nehoda,Zdeněk Nehoda,zdenek-nehoda-1952,9,1979-01-01,1979-12-31,Dukla Prague,Czechoslovakia,Forward,forward,1,0,0,0,16.0,30.0,0.5348837209302325,,1,0,0,0,0,0,1,0,0,0,0,3,1,1,0,0,classical,calendar,built from ground_truth_resolved + stats_combined + trophies + narrative,1,1,1,79.6875,42.1875,81.25
1979,1979,Kenny Dalglish,Kenny Dalglish,kenny-dalglish-1951,11,1979-01-01,1979-12-31,Liverpool,Scotland,Forward,forward,1,0,0,0,21.0,42.0,0.5,42.0,0,0,1,0,0,0,1,0,0,0,0,1,3,3,0,0,classical,calendar,built from ground_truth_resolved + stats_combined + trophies + narrative,0,0,0,93.75,96.875,65.625
1979,1979,Allan Simonsen,Allan Simonsen,allan-simonsen-1952,11,1979-01-01,1979-12-31,Barcelona,Denmark,Striker right winger,forward,1,0,0,0,16.0,30.0,0.5348837209302325,,1,0,0,0,0,0,1,0,0,0,0,1,3,3,0,0,classical,calendar,built from ground_truth_resolved + stats_combined + trophies + narrative,1,1,1,79.6875,42.1875,81.25
1979,1979,Paul Breitner,Paul Breitner,paul-breitner-1951,13,1979-01-01,1979-12-31,Bayern Munich,West Germany,Left-back midfielder,defender,0,0,1,0,12.0,33.0,0.36363636363636365,33.0,0,0,0,0,0,0,1,0,0,0,0,1,3,3,0,0,classical,calendar,built from ground_truth_resolved + stats_combined + trophies + narrative,0,0,0,54.6875,84.375,53.125
1979,1979,Kees Kist,Kees Kist,kees-kist-1952,13,1979-01-01,1979-12-31,AZ,Netherlands,Forward,forward,1,0,0,0,16.0,30.0,0.5348837209302325,,1,0,0,0,0,0,1,0,0,0,0,3,1,1,0,0,classical,calendar,built from ground_truth_resolved + stats_combined + trophies + narrative,1,1,1,79.6875,42.1875,81.25
1979,1979,Johnny Rep,Johnny Rep,johnny-rep-1951,15,1979-01-01,1979-12-31,Saint-Étienne,Netherlands,Right winger,forward,1,0,0,0,15.0,35.0,0.42857142857142855,35.0,0,0,0,0,0,0,1,0,0,0,0,3,1,1,0,0,classical,calendar,built from ground_truth_resolved + stats_combined + trophies + narrative,0,0,0,65.625,93.75,59.375
1979,1979,Tony Woodcock,Tony Woodcock,tony-woodcock,15,1979-01-01,1979-12-31,1. FC Köln,England,,unknown,0,0,0,0,5.0,28.0,0.1724137931034483,,1,0,0,0,0,0,1,0,0,0,0,3,1,1,0,0,classical,calendar,built from ground_truth_resolved + stats_combined + trophies + narrative,1,1,1,32.8125,23.4375,32.8125
1979,1979,Hans Krankl,Hans Krankl,hans-krankl-1953,15,1979-01-01,1979-12-31,Barcelona,Austria,Striker,forward,1,0,0,0,29.0,30.0,0.9666666666666667,30.0,0,0,0,0,0,0,1,0,0,0,0,1,3,3,0,0,classical,calendar,built from ground_truth_resolved + stats_combined + trophies + narrative,0,0,0,100.0,42.1875,100.0
1979,1979,Safet Sušić,Safet Sušić,safet-susic-1955,15,1979-01-01,1979-12-31,FK Sarajevo,SFR Yugoslavia,Attacking midfielder second striker,forward,1,0,0,0,15.0,30.0,0.5,30.0,0,0,0,0,0,0,1,0,0,0,0,3,1,1,0,0,classical,calendar,built from ground_truth_resolved + stats_combined + trophies + narrative,0,0,0,65.625,42.1875,65.625
1979,1979,Uli Stielike,Uli Stielike,uli-stielike-1954,19,1979-01-01,1979-12-31,Real Madrid,West Germany,Midfielder sweeper,defender,0,0,1,0,2.0,32.0,0.07407407407407407,,1,0,1,0,0,0,1,0,0,0,0,1,3,3,0,0,classical,calendar,built from ground_truth_resolved + stats_combined + trophies + narrative,1,1,1,17.1875,75.0,14.0625
1979,1979,Marius Trésor,Marius Trésor,marius-tresor-1950,20,1979-01-01,1979-12-31,Marseille,France,Defender,defender,0,0,1,0,0.0,25.0,0.0,25.0,0,0,0,0,0,0,1,0,0,0,0,2,2,2,0,0,classical,calendar,built from ground_truth_resolved + stats_combined + trophies + narrative,0,0,0,4.6875,12.5,4.6875
1979,1979,João Alves,João Alves,joao-alves,21,1979-01-01,1979-12-31,Paris Saint-Germain,Portugal,,unknown,0,0,0,0,5.0,28.0,0.1724137931034483,,1,0,0,0,0,0,1,0,0,0,0,1,3,3,0,0,classical,calendar,built from ground_truth_resolved + stats_combined + trophies + narrative,1,1,1,32.8125,23.4375,32.8125
1979,1979,Franco Causio,Franco Causio,franco-causio-1949,21,1979-01-01,1979-12-31,Juventus,Italy,Right winger,forward,1,0,0,0,16.0,30.0,0.5348837209302325,,1,0,0,0,0,0,1,0,0,0,0,1,3,3,0,0,classical,calendar,built from ground_truth_resolved + stats_combined + trophies + narrative,1,1,1,79.6875,42.1875,81.25
1979,1979,Gordon McQueen,Gordon McQueen,gordon-mcqueen-1952,21,1979-01-01,1979-12-31,Manchester United,Scotland,Defender,defender,0,0,1,0,2.0,32.0,0.07407407407407407,,1,0,0,0,0,0,1,0,0,0,0,1,3,3,0,0,classical,calendar,built from ground_truth_resolved + stats_combined + trophies + narrative,1,1,1,17.1875,75.0,14.0625
1979,1979,René van de Kerkhof,René van de Kerkhof,rene-van-de-kerkhof-1951,21,1979-01-01,1979-12-31,PSV Eindhoven,Netherlands,Right winger,forward,1,0,0,0,8.0,27.0,0.2962962962962963,27.0,0,0,0,0,0,0,1,0,0,0,0,3,1,1,0,0,classical,calendar,built from ground_truth_resolved + stats_combined + trophies + narrative,0,0,0,50.0,15.625,50.0
1979,1979,Bruno Pezzey,Bruno Pezzey,bruno-pezzey-1955,21,1979-01-01,1979-12-31,Eintracht Frankfurt,Austria,Defender,defender,0,0,1,0,2.0,32.0,0.07407407407407407,,1,0,0,0,0,0,1,0,0,0,0,3,1,1,0,0,classical,calendar,built from ground_truth_resolved + stats_combined + trophies + narrative,1,1,1,17.1875,75.0,14.0625
1979,1979,Simon Tahamata,Simon Tahamata,simon-tahamata-1956,21,1979-01-01,1979-12-31,Ajax,Netherlands,Left winger,forward,1,0,0,0,16.0,30.0,0.5348837209302325,,1,0,0,0,0,0,1,0,0,0,0,2,2,2,0,0,classical,calendar,built from ground_truth_resolved + stats_combined + trophies + narrative,1,1,1,79.6875,42.1875,81.25
1979,1979,Juan Manuel Asensi,Juan Manuel Asensi,juan-manuel-asensi-1949,27,1979-01-01,1979-12-31,Barcelona,Spain,Midfielder,midfielder,0,1,0,0,7.0,31.0,0.21875,,1,0,0,0,0,0,1,0,0,0,0,1,3,3,0,0,classical,calendar,built from ground_truth_resolved + stats_combined + trophies + narrative,1,1,1,42.1875,60.9375,42.1875
1979,1979,Trevor Brooking,Trevor Brooking,trevor-brooking-1948,27,1979-01-01,1979-12-31,West Ham United,England,Midfielder,midfielder,0,1,0,0,2.0,21.0,0.09523809523809523,21.0,0,0,0,0,0,0,1,0,0,0,0,2,2,2,0,0,classical,calendar,built from ground_truth_resolved + stats_combined + trophies + narrative,0,0,0,17.1875,6.25,25.0
1979,1979,Ronnie Hellström,Ronnie Hellström,ronnie-hellstrom-1949,27,1979-01-01,1979-12-31,Kaiserslautern,Sweden,Goalkeeper,goalkeeper,0,0,0,1,0.0,32.0,0.0,,1,0,0,0,0,0,1,0,0,0,0,3,1,1,0,0,classical,calendar,built from ground_truth_resolved + stats_combined + trophies + narrative,1,1,1,4.6875,75.0,4.6875
1979,1979,Hansi Müller,Hansi Müller,hansi-muller-1957,27,1979-01-01,1979-12-31,VfB Stuttgart,West Germany,Midfielder,midfielder,0,1,0,0,7.0,31.0,0.21875,,1,0,0,0,0,0,1,0,0,0,0,3,1,1,0,0,classical,calendar,built from ground_truth_resolved + stats_combined + trophies + narrative,1,1,1,42.1875,60.9375,42.1875
1979,1979,Antonín Panenka,Antonín Panenka,antonin-panenka-1948,27,1979-01-01,1979-12-31,Bohemians 1905,Czechoslovakia,Attacking midfielder,midfielder,0,1,0,0,7.0,31.0,0.21875,,1,0,0,0,0,0,1,0,0,0,0,3,1,1,0,0,classical,calendar,built from ground_truth_resolved + stats_combined + trophies + narrative,1,1,1,42.1875,60.9375,42.1875
1979,1979,Walter Schachner,Walter Schachner,walter-schachner-1957,27,1979-01-01,1979-12-31,Austria Wien,Austria,Forward,forward,1,0,0,0,16.0,30.0,0.5348837209302325,,1,0,0,0,0,0,1,0,0,0,0,3,1,1,0,0,classical,calendar,built from ground_truth_resolved + stats_combined + trophies + narrative,1,1,1,79.6875,42.1875,81.25
1980,1980,Karl-Heinz Rummenigge,Karl-Heinz Rummenigge,karl-heinz-rummenigge-1955,1,1980-01-01,1980-12-31,Bayern Munich,West Germany,Forward,forward,1,0,0,0,26.0,34.0,0.7647058823529411,34.0,0,0,0,0,0,1,0,0,1,0,1,1,3,3,1,1,classical,calendar,built from ground_truth_resolved + stats_combined + trophies + narrative,0,0,0,93.75,81.25,93.75
1980,1980,Bernd Schuster,Bernd Schuster,bernd-schuster-1959,2,1980-01-01,1980-12-31,Barcelona,West Germany,Midfielder,midfielder,0,1,0,0,9.0,32.0,0.28125,32.0,0,0,0,0,0,1,0,0,1,0,1,1,3,3,1,1,classical,calendar,built from ground_truth_resolved + stats_combined + trophies + narrative,0,0,0,59.375,60.9375,59.375
1980,1980,Michel Platini,Michel Platini,michel-platini-1955,3,1980-01-01,1980-12-31,Saint-Étienne,France,Attacking midfielder,midfielder,0,1,0,0,16.0,33.0,0.48484848484848486,33.0,0,0,1,0,0,1,0,0,0,0,0,3,1,1,0,0,classical,calendar,built from ground_truth_resolved + stats_combined + trophies + narrative,0,0,0,81.25,71.875,75.0
1980,1980,Wilfried Van Moer,Wilfried Van Moer,wilfried-van-moer-1945,4,1980-01-01,1980-12-31,Beveren,Belgium,Midfielder,midfielder,0,1,0,0,2.0,29.0,0.06896551724137931,29.0,0,0,0,0,0,1,0,0,0,0,0,3,1,1,0,0,classical,calendar,built from ground_truth_resolved + stats_combined + trophies + narrative,0,0,0,23.4375,10.9375,18.75
1980,1980,Jan Ceulemans,Jan Ceulemans,jan-ceulemans-1957,5,1980-01-01,1980-12-31,Club Brugge,Belgium,Midfielder forward,forward,1,0,0,0,29.0,34.0,0.8529411764705882,34.0,0,0,0,0,0,1,0,0,0,0,0,3,1,1,0,0,classical,calendar,built from ground_truth_resolved + stats_combined + trophies + narrative,0,0,0,96.875,81.25,96.875
1980,1980,Horst Hrubesch,Horst Hrubesch,horst-hrubesch-1951,6,1980-01-01,1980-12-31,Hamburger SV,West Germany,Centre forward,forward,1,0,0,0,21.0,34.0,0.6176470588235294,34.0,0,0,0,0,0,1,0,0,1,0,1,2,2,2,1,1,classical,calendar,built from ground_truth_resolved + stats_combined + trophies + narrative,0,0,0,90.625,81.25,90.625
1980,1980,Herbert Prohaska,Herbert Prohaska,herbert-prohaska-1955,7,1980-01-01,1980-12-31,Internazionale,Austria,Midfielder,midfielder,0,1,0,0,7.0,31.0,0.21875,,1,0,0,0,0,1,0,0,0,0,0,1,3,3,0,0,classical,calendar,built from ground_truth_resolved + stats_combined + trophies + narrative,1,1,1,45.3125,42.1875,45.3125
1980,1980,Hansi Müller,Hansi Müller,hansi-muller-1957,8,1980-01-01,1980-12-31,VfB Stuttgart,West Germany,Midfielder,midfielder,0,1,0,0,7.0,31.0,0.21875,,1,0,0,0,0,1,0,0,1,0,1,3,1,1,1,1,classical,calendar,built from ground_truth_resolved + stats_combined + trophies + narrative,1,1,1,45.3125,42.1875,45.3125
1980,1980,Liam Brady,Liam Brady,liam-brady-1956,8,1980-01-01,1980-12-31,Juventus,Republic of Ireland,Attacking midfielder,midfielder,0,1,0,0,7.0,31.0,0.21875,,1,0,0,0,0,1,0,0,0,0,0,1,3,3,0,0,classical,calendar,built from ground_truth_resolved + stats_combined + trophies + narrative,1,1,1,45.3125,42.1875,45.3125
1980,1980,Manfred Kaltz,Manfred Kaltz,manfred-kaltz-1953,10,1980-01-01,1980-12-31,Hamburger SV,West Germany,Right-back,defender,0,0,1,0,2.0,32.0,0.07407407407407407,,1,0,0,0,0,1,0,0,1,0,1,2,2,2,1,1,classical,calendar,built from ground_truth_resolved + stats_combined + trophies + narrative,1,1,1,23.4375,60.9375,25.0
1980,1980,Erwin Vandenbergh,Erwin Vandenbergh,erwin-vandenbergh-1959,11,1980-01-01,1980-12-31,Lierse,Belgium,Forward,forward,1,0,0,0,39.0,34.0,1.1470588235294117,34.0,0,0,0,0,0,1,0,0,0,0,0,3,1,1,0,0,classical,calendar,built from ground_truth_resolved + stats_combined + trophies + narrative,0,0,0,100.0,81.25,100.0
1980,1980,Luis Arconada,Luis Arconada,luis-arconada-1954,11,1980-01-01,1980-12-31,Real Sociedad,Spain,Goalkeeper,goalkeeper,0,0,0,1,0.0,32.0,0.0,,1,0,1,0,0,1,0,0,0,0,0,3,1,1,0,0,classical,calendar,built from ground_truth_resolved + stats_combined + trophies + narrative,1,1,1,7.8125,60.9375,7.8125
1980,1980,Dino Zoff,Dino Zoff,dino-zoff-1942,11,1980-01-01,1980-12-31,Juventus,Italy,Goalkeeper,goalkeeper,0,0,0,1,0.0,30.0,0.0,30.0,0,0,0,0,0,1,0,0,0,0,0,1,3,3,0,0,classical,calendar,built from ground_truth_resolved + stats_combined + trophies + narrative,0,0,0,7.8125,23.4375,7.8125
1980,1980,Kenny Dalglish,Kenny Dalglish,kenny-dalglish-1951,14,1980-01-01,1980-12-31,Liverpool,Scotland,Forward,forward,1,0,0,0,16.0,42.0,0.38095238095238093,42.0,0,0,0,0,0,1,0,0,0,0,0,1,3,3,1,1,classical,calendar,built from ground_truth_resolved + stats_combined + trophies + narrative,0,0,0,81.25,95.3125,65.625
1980,1980,Bruno Pezzey,Bruno Pezzey,bruno-pezzey-1955,14,1980-01-01,1980-12-31,Eintracht Frankfurt,Austria,Defender,defender,0,0,1,0,2.0,32.0,0.07407407407407407,,1,0,0,0,0,1,0,0,0,0,0,3,1,1,0,0,classical,calendar,built from ground_truth_resolved + stats_combined + trophies + narrative,1,1,1,23.4375,60.9375,25.0
1980,1980,Terry McDermott,Terry McDermott,terry-mcdermott-1951,16,1980-01-01,1980-12-31,Liverpool,England,Midfielder,midfielder,0,1,0,0,11.0,37.0,0.2972972972972973,37.0,0,0,0,0,0,1,0,0,0,0,0,1,3,3,1,1,classical,calendar,built from ground_truth_resolved + stats_combined + trophies + narrative,0,0,0,65.625,90.625,62.5
1980,1980,Viv Anderson,Viv Anderson,viv-anderson-1956,16,1980-01-01,1980-12-31,Nottingham Forest,England,Right-back,defender,0,0,1,0,2.0,32.0,0.07407407407407407,,1,1,0,0,0,1,0,0,0,0,0,2,2,2,0,0,classical,calendar,built from ground_truth_resolved + stats_combined + trophies + narrative,1,1,1,23.4375,60.9375,25.0
1980,1980,Ruud Krol,Ruud Krol,ruud-krol-1949,16,1980-01-01,1980-12-31,Napoli,Netherlands,Left-back sweeper,defender,0,0,1,0,4.0,47.0,0.0851063829787234,47.0,0,0,0,0,0,1,0,0,0,0,0,2,2,2,0,0,classical,calendar,built from ground_truth_resolved + stats_combined + trophies + narrative,0,0,0,31.25,100.0,31.25
1980,1980,Francesco Graziani,Francesco Graziani,francesco-graziani-1952,16,1980-01-01,1980-12-31,Torino,Italy,Forward,forward,1,0,0,0,16.0,30.0,0.5348837209302325,,1,0,0,0,0,1,0,0,0,0,0,3,1,1,0,0,classical,calendar,built from ground_truth_resolved + stats_combined + trophies + narrative,1,1,1,81.25,23.4375,84.375
1980,1980,Ladislav Vízek,Ladislav Vízek,ladislav-vizek-1955,20,1980-01-01,1980-12-31,Dukla Prague,Czechoslovakia,Striker,forward,1,0,0,0,16.0,30.0,0.5348837209302325,,1,0,0,0,0,1,0,0,0,0,0,3,1,1,0,0,classical,calendar,built from ground_truth_resolved + stats_combined + trophies + narrative,1,1,1,81.25,23.4375,84.375
1980,1980,Manuel Bento,Manuel Bento,manuel-bento-1948,20,1980-01-01,1980-12-31,Benfica,Portugal,Goalkeeper,goalkeeper,0,0,0,1,0.0,32.0,0.0,,1,0,0,0,0,1,0,0,0,0,0,2,2,2,0,0,classical,calendar,built from ground_truth_resolved + stats_combined + trophies + narrative,1,1,1,7.8125,60.9375,7.8125
1980,1980,Frank Arnesen,Frank Arnesen,frank-arnesen-1956,22,1980-01-01,1980-12-31,Ajax,Denmark,Midfielder,midfielder,0,1,0,0,7.0,31.0,0.21875,,1,0,0,0,0,1,0,0,0,0,0,2,2,2,0,0,classical,calendar,built from ground_truth_resolved + stats_combined + trophies + narrative,1,1,1,45.3125,42.1875,45.3125
1980,1980,Antonín Panenka,Antonín Panenka,antonin-panenka-1948,22,1980-01-01,1980-12-31,Bohemians 1905,Czechoslovakia,Attacking midfielder,midfielder,0,1,0,0,7.0,31.0,0.21875,,1,0,0,0,0,1,0,0,0,0,0,3,1,1,0,0,classical,calendar,built from ground_truth_resolved + stats_combined + trophies + narrative,1,1,1,45.3125,42.1875,45.3125
1980,1980,David O'Leary,David O'Leary,david-o-leary-1958,22,1980-01-01,1980-12-31,Arsenal,Republic of Ireland,Centre-back,defender,0,0,1,0,1.0,34.0,0.029411764705882353,34.0,0,0,0,0,0,1,0,0,0,0,0,2,2,2,0,0,classical,calendar,built from ground_truth_resolved + stats_combined + trophies + narrative,0,0,0,15.625,81.25,15.625
1980,1980,Vladimir Petrović,Vladimir Petrović,vladimir-petrovic-1955,22,1980-01-01,1980-12-31,Red Star Belgrade,SFR Yugoslavia,Midfielder,midfielder,0,1,0,0,5.0,28.0,0.17857142857142858,28.0,0,0,0,0,0,1,0,0,0,0,0,3,1,1,0,0,classical,calendar,built from ground_truth_resolved + stats_combined + trophies + narrative,0,0,0,34.375,6.25,34.375
1980,1980,Zbigniew Boniek,Zbigniew Boniek,zbigniew-boniek-1956,22,1980-01-01,1980-12-31,Widzew Łódź,Poland,Midfielder forward sweeper,forward,1,0,0,0,10.0,26.0,0.38461538461538464,26.0,0,0,0,0,0,1,0,0,0,0,0,3,1,1,0,0,classical,calendar,built from ground_truth_resolved + stats_combined + trophies + narrative,0,0,0,62.5,3.125,68.75
1980,1980,Giancarlo Antognoni,Giancarlo Antognoni,giancarlo-antognoni-1954,27,1980-01-01,1980-12-31,Fiorentina,Italy,Attacking midfielder,midfielder,0,1,0,0,8.0,30.0,0.26666666666666666,30.0,0,0,0,0,0,1,0,0,0,0,0,2,2,2,0,0,classical,calendar,built from ground_truth_resolved + stats_combined + trophies + narrative,0,0,0,56.25,23.4375,56.25
1980,1980,Alessandro Altobelli,Alessandro Altobelli,alessandro-altobelli-1955,27,1980-01-01,1980-12-31,Internazionale,Italy,Forward,forward,1,0,0,0,15.0,29.0,0.5172413793103449,29.0,0,0,0,0,0,1,0,0,0,0,0,1,3,3,0,0,classical,calendar,built from ground_truth_resolved + stats_combined + trophies + narrative,0,0,0,71.875,10.9375,78.125
1980,1980,Marcel Răducanu,Marcel Răducanu,marcel-raducanu-1954,27,1980-01-01,1980-12-31,Steaua București,Romania,Attacking midfielder,midfielder,0,1,0,0,7.0,31.0,0.21875,,1,0,0,0,0,1,0,0,0,0,0,3,1,1,0,0,classical,calendar,built from ground_truth_resolved + stats_combined + trophies + narrative,1,1,1,45.3125,42.1875,45.3125
1980,1980,Trevor Francis,Trevor Francis,trevor-francis-1954,27,1980-01-01,1980-12-31,Nottingham Forest,England,Forward,forward,1,0,0,0,14.0,30.0,0.4666666666666667,30.0,0,1,0,0,0,1,0,0,0,0,0,2,2,2,0,0,classical,calendar,built from ground_truth_resolved + stats_combined + trophies + narrative,0,0,0,68.75,23.4375,71.875
1980,1980,Zdeněk Nehoda,Zdeněk Nehoda,zdenek-nehoda-1952,27,1980-01-01,1980-12-31,Dukla Prague,Czechoslovakia,Forward,forward,1,0,0,0,16.0,30.0,0.5348837209302325,,1,0,0,0,0,1,0,0,0,0,0,3,1,1,0,0,classical,calendar,built from ground_truth_resolved + stats_combined + trophies + narrative,1,1,1,81.25,23.4375,84.375
1980,1980,Peter Shilton,Peter Shilton,peter-shilton-1949,27,1980-01-01,1980-12-31,Nottingham Forest,England,Goalkeeper,goalkeeper,0,0,0,1,0.0,42.0,0.0,42.0,0,1,0,0,0,1,0,0,0,0,0,2,2,2,0,0,classical,calendar,built from ground_truth_resolved + stats_combined + trophies + narrative,0,0,0,7.8125,95.3125,7.8125
1981,1981,Karl-Heinz Rummenigge,Karl-Heinz Rummenigge,karl-heinz-rummenigge-1955,1,1981-01-01,1981-12-31,Bayern Munich,West Germany,Forward,forward,1,0,0,0,29.0,34.0,0.8529411764705882,34.0,0,0,0,0,0,0,0,0,0,0,0,1,3,3,0,0,classical,calendar,built from ground_truth_resolved + stats_combined + trophies + narrative,0,0,0,97.05882352941177,86.76470588235294,97.05882352941177
1981,1981,Paul Breitner,Paul Breitner,paul-breitner-1951,2,1981-01-01,1981-12-31,Bayern Munich,West Germany,Left-back midfielder,defender,0,0,1,0,17.0,30.0,0.5666666666666667,30.0,0,0,0,0,0,0,0,0,0,0,0,1,3,3,0,0,classical,calendar,built from ground_truth_resolved + stats_combined + trophies + narrative,0,0,0,83.82352941176471,44.11764705882353,82.35294117647058
1981,1981,Bernd Schuster,Bernd Schuster,bernd-schuster-1959,3,1981-01-01,1981-12-31,Barcelona,West Germany,Midfielder,midfielder,0,1,0,0,11.0,28.0,0.39285714285714285,28.0,0,0,0,0,0,0,0,0,0,0,0,1,3,3,0,0,classical,calendar,built from ground_truth_resolved + stats_combined + trophies + narrative,0,0,0,67.64705882352942,23.52941176470588,67.64705882352942
1981,1981,Michel Platini,Michel Platini,michel-platini-1955,4,1981-01-01,1981-12-31,Saint-Étienne,France,Attacking midfielder,midfielder,0,1,0,0,20.0,35.0,0.5714285714285714,35.0,0,0,0,0,0,0,0,0,0,0,0,3,1,1,0,0,classical,calendar,built from ground_truth_resolved + stats_combined + trophies + narrative,0,0,0,91.17647058823529,91.17647058823529,85.29411764705883
1981,1981,Oleg Blokhin,Oleg Blokhin,oleg-blokhin-1952,5,1981-01-01,1981-12-31,Dinamo Kyiv,Soviet Union,Forward,forward,1,0,0,0,19.0,29.0,0.6551724137931034,29.0,0,0,0,0,0,0,0,0,0,0,0,3,1,1,0,0,classical,calendar,built from ground_truth_resolved + stats_combined + trophies + narrative,0,0,0,88.23529411764706,32.35294117647059,91.17647058823529
1981,1981,Dino Zoff,Dino Zoff,dino-zoff-1942,6,1981-01-01,1981-12-31,Juventus,Italy,Goalkeeper,goalkeeper,0,0,0,1,0.0,30.0,0.0,30.0,0,0,0,0,0,0,0,0,0,0,0,1,3,3,0,0,classical,calendar,built from ground_truth_resolved + stats_combined + trophies + narrative,0,0,0,4.411764705882353,44.11764705882353,4.411764705882353
1981,1981,Ramaz Shengelia,Ramaz Shengelia,ramaz-shengelia-1957,7,1981-01-01,1981-12-31,Dinamo Tbilisi,Soviet Union,Striker,forward,1,0,0,0,23.0,31.0,0.7419354838709677,31.0,0,0,0,0,0,0,0,0,0,0,0,3,1,1,0,0,classical,calendar,built from ground_truth_resolved + stats_combined + trophies + narrative,0,0,0,94.11764705882352,57.35294117647059,94.11764705882352
1981,1981,Alexsandr Chivadze,Alexsandr Chivadze,alexsandr-chivadze-1955,8,1981-01-01,1981-12-31,Dinamo Tbilisi,Soviet Union,Defender,defender,0,0,1,0,2.0,32.0,0.07407407407407407,,1,0,0,0,0,0,0,0,0,0,0,3,1,1,0,0,classical,calendar,built from ground_truth_resolved + stats_combined + trophies + narrative,1,1,1,20.588235294117645,72.05882352941177,16.176470588235293
1981,1981,Liam Brady,Liam Brady,liam-brady-1956,9,1981-01-01,1981-12-31,Juventus,Republic of Ireland,Attacking midfielder,midfielder,0,1,0,0,7.0,31.0,0.21875,,1,0,0,0,0,0,0,0,0,0,0,1,3,3,0,0,classical,calendar,built from ground_truth_resolved + stats_combined + trophies + narrative,1,1,1,47.05882352941176,57.35294117647059,41.17647058823529
1981,1981,John Wark,John Wark,john-wark-1957,9,1981-01-01,1981-12-31,Ipswich Town,Scotland,Midfielder,midfielder,0,1,0,0,36.0,40.0,0.9,40.0,0,0,0,0,0,0,0,0,0,0,0,3,1,1,0,0,classical,calendar,built from ground_truth_resolved + stats_combined + trophies + narrative,0,0,0,100.0,98.52941176470588,100.0
1981,1981,David Kipiani,David Kipiani,david-kipiani-1951,11,1981-01-01,1981-12-31,Dinamo Tbilisi,Soviet Union,Attacking midfielder,midfielder,0,1,0,0,8.0,18.0,0.4444444444444444,18.0,0,0,0,0,0,0,0,0,0,0,0,3,1,1,0,0,classical,calendar,built from ground_truth_resolved + stats_combined + trophies + narrative,0,0,0,54.41176470588235,5.88235294117647,70.58823529411765
1981,1981,András Törőcsik,András Törőcsik,andras-torocsik-1955,11,1981-01-01,1981-12-31,Újpest,Hungary,Forward,forward,1,0,0,0,16.0,30.0,0.5348837209302325,,1,0,0,0,0,0,0,0,0,0,0,3,1,1,0,0,classical,calendar,built from ground_truth_resolved + stats_combined + trophies + narrative,1,1,1,76.47058823529412,44.11764705882353,76.47058823529412
1981,1981,Zbigniew Boniek,Zbigniew Boniek,zbigniew-boniek-1956,11,1981-01-01,1981-12-31,Widzew Łódź,Poland,Midfielder forward sweeper,forward,1,0,0,0,1.0,11.0,0.09090909090909091,11.0,0,0,0,0,0,0,0,0,0,0,0,3,1,1,0,0,classical,calendar,built from ground_truth_resolved + stats_combined + trophies + narrative,0,0,0,10.294117647058822,2.941176470588235,23.52941176470588
1981,1981,Maxime Bossis,Maxime Bossis,maxime-bossis-1955,11,1981-01-01,1981-12-31,Nantes,France,Defender,defender,0,0,1,0,2.0,32.0,0.07407407407407407,,1,0,0,0,0,0,0,0,0,0,0,3,1,1,0,0,classical,calendar,built from ground_truth_resolved + stats_combined + trophies + narrative,1,1,1,20.588235294117645,72.05882352941177,16.176470588235293
1981,1981,Bruno Pezzey,Bruno Pezzey,bruno-pezzey-1955,11,1981-01-01,1981-12-31,Eintracht Frankfurt,Austria,Defender,defender,0,0,1,0,2.0,32.0,0.07407407407407407,,1,0,0,0,0,0,0,0,0,0,0,3,1,1,0,0,classical,calendar,built from ground_truth_resolved + stats_combined + trophies + narrative,1,1,1,20.588235294117645,72.05882352941177,16.176470588235293
1981,1981,Horst Hrubesch,Horst Hrubesch,horst-hrubesch-1951,16,1981-01-01,1981-12-31,Hamburger SV,West Germany,Centre forward,forward,1,0,0,0,17.0,29.0,0.5862068965517241,29.0,0,0,0,0,0,0,0,0,0,0,0,2,2,2,0,0,classical,calendar,built from ground_truth_resolved + stats_combined + trophies + narrative,0,0,0,83.82352941176471,32.35294117647059,88.23529411764706
1981,1981,Ruud Krol,Ruud Krol,ruud-krol-1949,16,1981-01-01,1981-12-31,Napoli,Netherlands,Left-back sweeper,defender,0,0,1,0,1.0,29.0,0.034482758620689655,29.0,0,0,0,0,0,0,0,0,0,0,0,2,2,2,0,0,classical,calendar,built from ground_truth_resolved + stats_combined + trophies + narrative,0,0,0,10.294117647058822,32.35294117647059,8.823529411764707
1981,1981,Vladimir Petrović,Vladimir Petrović,vladimir-petrovic-1955,16,1981-01-01,1981-12-31,Red Star Belgrade,Yugoslavia,Midfielder,midfielder,0,1,0,0,6.0,23.0,0.2608695652173913,23.0,0,0,0,0,0,0,0,0,0,0,0,3,1,1,0,0,classical,calendar,built from ground_truth_resolved + stats_combined + trophies + narrative,0,0,0,38.23529411764706,11.76470588235294,55.88235294117647
1981,1981,Zlatko Vujovic,Zlatko Vujovic,zlatko-vujovic-1958,19,1981-01-01,1981-12-31,Hajduk Split,Yugoslavia,Forward,forward,1,0,0,0,16.0,30.0,0.5348837209302325,,1,0,0,0,0,0,0,0,0,0,0,3,1,1,0,0,classical,calendar,built from ground_truth_resolved + stats_combined + trophies + narrative,1,1,1,76.47058823529412,44.11764705882353,76.47058823529412
1981,1981,Trevor Brooking,Trevor Brooking,trevor-brooking-1948,19,1981-01-01,1981-12-31,West Ham United,England,Midfielder,midfielder,0,1,0,0,10.0,36.0,0.2777777777777778,36.0,0,0,0,0,0,0,0,0,0,0,0,2,2,2,0,0,classical,calendar,built from ground_truth_resolved + stats_combined + trophies + narrative,0,0,0,63.23529411764706,94.11764705882352,58.82352941176471
1981,1981,Giancarlo Antognoni,Giancarlo Antognoni,giancarlo-antognoni-1954,21,1981-01-01,1981-12-31,Fiorentina,Italy,Attacking midfielder,midfielder,0,1,0,0,9.0,27.0,0.3333333333333333,27.0,0,0,0,0,0,0,0,0,0,0,0,2,2,2,0,0,classical,calendar,built from ground_truth_resolved + stats_combined + trophies + narrative,0,0,0,58.82352941176471,17.647058823529413,61.76470588235294
1981,1981,Jan Ceulemans,Jan Ceulemans,jan-ceulemans-1957,21,1981-01-01,1981-12-31,Club Brugge,Belgium,Midfielder forward,forward,1,0,0,0,12.0,32.0,0.375,32.0,0,0,0,0,0,0,0,0,0,0,0,3,1,1,0,0,classical,calendar,built from ground_truth_resolved + stats_combined + trophies + narrative,0,0,0,70.58823529411765,72.05882352941177,64.70588235294117
1981,1981,Kenny Dalglish,Kenny Dalglish,kenny-dalglish-1951,21,1981-01-01,1981-12-31,Liverpool,Scotland,Forward,forward,1,0,0,0,8.0,34.0,0.23529411764705882,34.0,0,1,1,1,0,0,0,0,0,0,0,1,3,3,0,0,classical,calendar,built from ground_truth_resolved + stats_combined + trophies + narrative,0,0,0,54.41176470588235,86.76470588235294,47.05882352941176
1981,1981,Bryan Robson,Bryan Robson,bryan-robson-1957,21,1981-01-01,1981-12-31,Manchester United,England,Midfielder,midfielder,0,1,0,0,10.0,40.0,0.25,40.0,0,0,0,0,0,0,0,0,0,0,0,1,3,3,0,0,classical,calendar,built from ground_truth_resolved + stats_combined + trophies + narrative,0,0,0,63.23529411764706,98.52941176470588,52.94117647058824
1981,1981,Frank Stapleton,Frank Stapleton,frank-stapleton-1956,21,1981-01-01,1981-12-31,Manchester United,Ireland,Forward,forward,1,0,0,0,16.0,30.0,0.5348837209302325,,1,0,0,0,0,0,0,0,0,0,0,1,3,3,0,0,classical,calendar,built from ground_truth_resolved + stats_combined + trophies + narrative,1,1,1,76.47058823529412,44.11764705882353,76.47058823529412
1981,1981,Wilfried Van Moer,Wilfried Van Moer,wilfried-van-moer-1945,21,1981-01-01,1981-12-31,Beveren,Belgium,Midfielder,midfielder,0,1,0,0,2.0,21.0,0.09523809523809523,21.0,0,0,0,0,0,0,0,0,0,0,0,3,1,1,0,0,classical,calendar,built from ground_truth_resolved + stats_combined + trophies + narrative,0,0,0,20.588235294117645,8.823529411764707,26.47058823529412
1981,1981,Luis Arconada,Luis Arconada,luis-arconada-1954,21,1981-01-01,1981-12-31,Real Sociedad,Spain,Goalkeeper,goalkeeper,0,0,0,1,0.0,32.0,0.0,,1,0,1,0,0,0,0,0,0,0,0,3,1,1,0,0,classical,calendar,built from ground_truth_resolved + stats_combined + trophies + narrative,1,1,1,4.411764705882353,72.05882352941177,4.411764705882353
1981,1981,Grzegorz Lato,Grzegorz Lato,grzegorz-lato-1950,28,1981-01-01,1981-12-31,Lokeren,Poland,Winger,forward,1,0,0,0,6.0,33.0,0.18181818181818182,33.0,0,0,0,0,0,0,0,0,0,0,0,3,1,1,0,0,classical,calendar,built from ground_truth_resolved + stats_combined + trophies + narrative,0,0,0,38.23529411764706,82.35294117647058,35.294117647058826
1981,1981,Tibor Nyilasi,Tibor Nyilasi,tibor-nyilasi-1955,28,1981-01-01,1981-12-31,Ferencváros,Hungary,Midfielder,midfielder,0,1,0,0,7.0,31.0,0.21875,,1,0,0,0,0,0,0,0,0,0,0,2,2,2,0,0,classical,calendar,built from ground_truth_resolved + stats_combined + trophies + narrative,1,1,1,47.05882352941176,57.35294117647059,41.17647058823529
1981,1981,Wlodzimierz Smolarek,Wlodzimierz Smolarek,wlodzimierz-smolarek-1957,28,1981-01-01,1981-12-31,Widzew Łódź,Poland,Winger attacking midfielder,forward,1,0,0,0,6.0,25.0,0.24,25.0,0,0,0,0,0,0,0,0,0,0,0,3,1,1,0,0,classical,calendar,built from ground_truth_resolved + stats_combined + trophies + narrative,0,0,0,38.23529411764706,14.705882352941178,50.0
1981,1981,Frans Thijssen,Frans Thijssen,frans-thijssen-1952,28,1981-01-01,1981-12-31,Ipswich Town,Netherlands,Midfielder,midfielder,0,1,0,0,7.0,31.0,0.21875,,1,0,0,0,0,0,0,0,0,0,0,3,1,1,0,0,classical,calendar,built from ground_truth_resolved + stats_combined + trophies + narrative,1,1,1,47.05882352941176,57.35294117647059,41.17647058823529
1981,1981,António Oliveira,António Oliveira,antonio-oliveira,32,1981-01-01,1981-12-31,Sporting CP,Portugal,,unknown,0,0,0,0,5.0,28.0,0.1724137931034483,,1,0,0,0,0,0,0,0,0,0,0,2,2,2,0,0,classical,calendar,built from ground_truth_resolved + stats_combined + trophies + narrative,1,1,1,30.88235294117647,23.52941176470588,30.88235294117647
1981,1981,Uli Stielike,Uli Stielike,uli-stielike-1954,32,1981-01-01,1981-12-31,Real Madrid,West Germany,Midfielder sweeper,defender,0,0,1,0,2.0,32.0,0.07407407407407407,,1,0,0,0,0,0,0,0,0,0,0,1,3,3,0,0,classical,calendar,built from ground_truth_resolved + stats_combined + trophies + narrative,1,1,1,20.588235294117645,72.05882352941177,16.176470588235293
1981,1981,Jesús Zamora,Jesús Zamora,jesus-zamora,32,1981-01-01,1981-12-31,Real Sociedad,Spain,,unknown,0,0,0,0,5.0,28.0,0.1724137931034483,,1,0,1,0,0,0,0,0,0,0,0,3,1,1,0,0,classical,calendar,built from ground_truth_resolved + stats_combined + trophies + narrative,1,1,1,30.88235294117647,23.52941176470588,30.88235294117647
1982,1982,Paolo Rossi,Paolo Rossi,paolo-rossi-1956,1,1982-01-01,1982-12-31,Juventus,Italy,Striker,forward,1,0,0,0,1.0,3.0,0.3333333333333333,3.0,0,0,0,0,1,0,0,1,0,0,1,1,3,3,1,1,classical,calendar,built from ground_truth_resolved + stats_combined + trophies + narrative,0,0,0,15.789473684210526,5.263157894736842,52.63157894736842
1982,1982,Alain Giresse,Alain Giresse,alain-giresse-1952,2,1982-01-01,1982-12-31,Bordeaux,France,Midfielder,midfielder,0,1,0,0,14.0,34.0,0.4117647058823529,34.0,0,0,0,0,1,0,0,0,0,0,0,3,1,1,0,0,classical,calendar,built from ground_truth_resolved + stats_combined + trophies + narrative,0,0,0,71.05263157894737,89.47368421052632,57.89473684210527
1982,1982,Zbigniew Boniek,Zbigniew Boniek,zbigniew-boniek-1956,3,1982-01-01,1982-12-31,Juventus,Poland,Midfielder forward sweeper,forward,1,0,0,0,8.0,26.0,0.3076923076923077,26.0,0,0,0,0,1,0,0,0,0,0,0,1,3,3,0,0,classical,calendar,built from ground_truth_resolved + stats_combined + trophies + narrative,0,0,0,60.526315789473685,31.57894736842105,47.368421052631575
1982,1982,Karl-Heinz Rummenigge,Karl-Heinz Rummenigge,karl-heinz-rummenigge-1955,4,1982-01-01,1982-12-31,Bayern Munich,West Germany,Forward,forward,1,0,0,0,14.0,32.0,0.4375,32.0,0,0,0,0,1,0,0,0,0,0,0,1,3,3,0,0,classical,calendar,built from ground_truth_resolved + stats_combined + trophies + narrative,0,0,0,71.05263157894737,71.05263157894737,63.1578947368421
1982,1982,Bruno Conti,Bruno Conti,bruno-conti-1955,5,1982-01-01,1982-12-31,Roma,Italy,Winger,forward,1,0,0,0,16.0,30.0,0.5348837209302325,,1,0,0,0,1,0,0,1,0,0,1,2,2,2,1,1,classical,calendar,built from ground_truth_resolved + stats_combined + trophies + narrative,1,1,1,86.8421052631579,47.368421052631575,76.31578947368422
1982,1982,Rinat Dasayev,Rinat Dasayev,rinat-dasayev-1957,6,1982-01-01,1982-12-31,Spartak Moscow,Soviet Union,Goalkeeper,goalkeeper,0,0,0,1,0.0,32.0,0.0,,1,0,0,0,1,0,0,0,0,0,0,3,1,1,0,0,classical,calendar,built from ground_truth_resolved + stats_combined + trophies + narrative,1,1,1,7.894736842105263,71.05263157894737,7.894736842105263
1982,1982,Pierre Littbarski,Pierre Littbarski,pierre-littbarski-1960,7,1982-01-01,1982-12-31,1. FC Köln,West Germany,Attacking midfielder winger,forward,1,0,0,0,15.0,33.0,0.45454545454545453,33.0,0,0,0,0,1,0,0,0,0,0,0,3,1,1,0,0,classical,calendar,built from ground_truth_resolved + stats_combined + trophies + narrative,0,0,0,78.94736842105263,84.21052631578947,68.42105263157895
1982,1982,Dino Zoff,Dino Zoff,dino-zoff-1942,8,1982-01-01,1982-12-31,Juventus,Italy,Goalkeeper,goalkeeper,0,0,0,1,0.0,30.0,0.0,30.0,0,0,0,0,1,0,0,1,0,0,1,1,3,3,1,1,classical,calendar,built from ground_truth_resolved + stats_combined + trophies + narrative,0,0,0,7.894736842105263,47.368421052631575,7.894736842105263
1982,1982,Michel Platini,Michel Platini,michel-platini-1955,9,1982-01-01,1982-12-31,Juventus,France,Attacking midfielder,midfielder,0,1,0,0,22.0,36.0,0.6111111111111112,36.0,0,0,0,0,1,0,0,0,0,0,0,1,3,3,0,0,classical,calendar,built from ground_truth_resolved + stats_combined + trophies + narrative,0,0,0,100.0,94.73684210526315,84.21052631578947
1982,1982,Bernd Schuster,Bernd Schuster,bernd-schuster-1959,10,1982-01-01,1982-12-31,Barcelona,West Germany,Midfielder,midfielder,0,1,0,0,8.0,13.0,0.6153846153846154,13.0,0,0,0,0,1,0,0,0,0,0,0,1,3,3,0,0,classical,calendar,built from ground_truth_resolved + stats_combined + trophies + narrative,0,0,0,60.526315789473685,15.789473684210526,89.47368421052632
1982,1982,Giancarlo Antognoni,Giancarlo Antognoni,giancarlo-antognoni-1954,11,1982-01-01,1982-12-31,Fiorentina,Italy,Attacking midfielder,midfielder,0,1,0,0,3.0,16.0,0.1875,16.0,0,0,0,0,1,0,0,1,0,0,1,2,2,2,1,1,classical,calendar,built from ground_truth_resolved + stats_combined + trophies + narrative,0,0,0,42.10526315789473,21.052631578947366,42.10526315789473
1982,1982,Bruno Pezzey,Bruno Pezzey,bruno-pezzey-1955,12,1982-01-01,1982-12-31,Eintracht Frankfurt,Austria,Defender,defender,0,0,1,0,2.0,32.0,0.07407407407407407,,1,0,0,0,1,0,0,0,0,0,0,3,1,1,0,0,classical,calendar,built from ground_truth_resolved + stats_combined + trophies + narrative,1,1,1,26.31578947368421,71.05263157894737,23.684210526315788
1982,1982,Gaetano Scirea,Gaetano Scirea,gaetano-scirea-1953,12,1982-01-01,1982-12-31,Juventus,Italy,Defender,defender,0,0,1,0,2.0,32.0,0.07407407407407407,,1,0,0,0,1,0,0,1,0,0,1,1,3,3,1,1,classical,calendar,built from ground_truth_resolved + stats_combined + trophies + narrative,1,1,1,26.31578947368421,71.05263157894737,23.684210526315788
1982,1982,Eric Gerets,Eric Gerets,eric-gerets-1954,12,1982-01-01,1982-12-31,Standard Liège,Belgium,Right-back,defender,0,0,1,0,3.0,31.0,0.0967741935483871,31.0,0,0,0,0,1,0,0,0,0,0,0,3,1,1,0,0,classical,calendar,built from ground_truth_resolved + stats_combined + trophies + narrative,0,0,0,42.10526315789473,57.89473684210527,31.57894736842105
1982,1982,Paul Breitner,Paul Breitner,paul-breitner-1951,15,1982-01-01,1982-12-31,Bayern Munich,West Germany,Left-back midfielder,defender,0,0,1,0,18.0,29.0,0.6206896551724138,29.0,0,0,0,0,1,0,0,0,0,0,0,1,3,3,0,0,classical,calendar,built from ground_truth_resolved + stats_combined + trophies + narrative,0,0,0,94.73684210526315,36.84210526315789,94.73684210526315
1982,1982,Torbjörn Nilsson,Torbjörn Nilsson,torbjorn-nilsson-1954,15,1982-01-01,1982-12-31,IFK Göteborg,Sweden,Forward,forward,1,0,0,0,6.0,7.0,0.8571428571428571,7.0,0,0,0,0,1,0,0,0,0,0,0,3,1,1,0,0,classical,calendar,built from ground_truth_resolved + stats_combined + trophies + narrative,0,0,0,52.63157894736842,10.526315789473683,100.0
1982,1982,Walter Schachner,Walter Schachner,walter-schachner-1957,15,1982-01-01,1982-12-31,Cesena,Austria,Forward,forward,1,0,0,0,16.0,30.0,0.5348837209302325,,1,0,0,0,1,0,0,0,0,0,0,3,1,1,0,0,classical,calendar,built from ground_truth_resolved + stats_combined + trophies + narrative,1,1,1,86.8421052631579,47.368421052631575,76.31578947368422
1982,1982,Marco Tardelli,Marco Tardelli,marco-tardelli-1954,15,1982-01-01,1982-12-31,Juventus,Italy,Midfielder defender,defender,0,0,1,0,3.0,22.0,0.13636363636363635,22.0,0,0,0,0,1,0,0,1,0,0,1,1,3,3,1,1,classical,calendar,built from ground_truth_resolved + stats_combined + trophies + narrative,0,0,0,42.10526315789473,26.31578947368421,36.84210526315789
1982,1982,Marius Trésor,Marius Trésor,marius-tresor-1950,15,1982-01-01,1982-12-31,Bordeaux,France,Defender,defender,0,0,1,0,2.0,37.0,0.05405405405405406,37.0,0,0,0,0,1,0,0,0,0,0,0,3,1,1,0,0,classical,calendar,built from ground_truth_resolved + stats_combined + trophies + narrative,0,0,0,26.31578947368421,100.0,15.789473684210526
1983,1983,Michel Platini,Michel Platini,michel-platini-1955,1,1983-01-01,1983-12-31,Juventus,France,Attacking midfielder,midfielder,0,1,0,0,16.0,30.0,0.5333333333333333,30.0,0,0,0,0,0,0,1,0,0,0,0,1,3,3,0,0,classical,calendar,built from ground_truth_resolved + stats_combined + trophies + narrative,0,0,0,75.0,27.77777777777778,66.66666666666666
1983,1983,Kenny Dalglish,Kenny Dalglish,kenny-dalglish-1951,2,1983-01-01,1983-12-31,Liverpool,Scotland,Forward,forward,1,0,0,0,18.0,42.0,0.42857142857142855,42.0,0,0,1,0,0,0,1,0,0,0,0,1,3,3,1,1,classical,calendar,built from ground_truth_resolved + stats_combined + trophies + narrative,0,0,0,88.88888888888889,100.0,63.888888888888886
1983,1983,Allan Simonsen,Allan Simonsen,allan-simonsen-1952,3,1983-01-01,1983-12-31,Vejle,Denmark,Striker right winger,forward,1,0,0,0,16.0,30.0,0.5348837209302325,,1,0,0,0,0,0,1,0,0,0,0,3,1,1,0,0,classical,calendar,built from ground_truth_resolved + stats_combined + trophies + narrative,1,1,1,75.0,27.77777777777778,76.38888888888889
1983,1983,Gordon Strachan,Gordon Strachan,gordon-strachan-1957,4,1983-01-01,1983-12-31,Aberdeen,Scotland,Midfielder,midfielder,0,1,0,0,12.0,32.0,0.375,32.0,0,0,0,0,0,0,1,0,0,0,0,3,1,1,0,0,classical,calendar,built from ground_truth_resolved + stats_combined + trophies + narrative,0,0,0,62.5,66.66666666666666,61.111111111111114
1983,1983,Felix Magath,Felix Magath,felix-magath-1953,5,1983-01-01,1983-12-31,Hamburger SV,West Germany,Midfielder,midfielder,0,1,0,0,4.0,34.0,0.11764705882352941,34.0,0,1,0,0,0,0,1,0,0,0,0,2,2,2,0,0,classical,calendar,built from ground_truth_resolved + stats_combined + trophies + narrative,0,0,0,22.22222222222222,88.88888888888889,22.22222222222222
1983,1983,Jean-Marie Pfaff,Jean-Marie Pfaff,jean-marie-pfaff-1953,6,1983-01-01,1983-12-31,Bayern Munich,Belgium,Goalkeeper,goalkeeper,0,0,0,1,0.0,27.0,0.0,27.0,0,0,0,0,0,0,1,0,0,0,0,1,3,3,0,0,classical,calendar,built from ground_truth_resolved + stats_combined + trophies + narrative,0,0,0,4.166666666666666,8.333333333333332,4.166666666666666
1983,1983,Rinat Dasayev,Rinat Dasayev,rinat-dasayev-1957,6,1983-01-01,1983-12-31,Spartak Moscow,Soviet Union,Goalkeeper,goalkeeper,0,0,0,1,0.0,32.0,0.0,,1,0,0,0,0,0,1,0,0,0,0,3,1,1,0,0,classical,calendar,built from ground_truth_resolved + stats_combined + trophies + narrative,1,1,1,4.166666666666666,66.66666666666666,4.166666666666666
1983,1983,Karl-Heinz Rummenigge,Karl-Heinz Rummenigge,karl-heinz-rummenigge-1955,8,1983-01-01,1983-12-31,Bayern Munich,West Germany,Forward,forward,1,0,0,0,20.0,34.0,0.5882352941176471,34.0,0,0,0,0,0,0,1,0,0,0,0,1,3,3,0,0,classical,calendar,built from ground_truth_resolved + stats_combined + trophies + narrative,0,0,0,93.05555555555556,88.88888888888889,91.66666666666666
1983,1983,Jesper Olsen,Jesper Olsen,jesper-olsen-1961,8,1983-01-01,1983-12-31,Ajax,Denmark,Left winger,forward,1,0,0,0,16.0,30.0,0.5348837209302325,,1,0,0,0,0,0,1,0,0,0,0,2,2,2,0,0,classical,calendar,built from ground_truth_resolved + stats_combined + trophies + narrative,1,1,1,75.0,27.77777777777778,76.38888888888889
1983,1983,Bryan Robson,Bryan Robson,bryan-robson-1957,10,1983-01-01,1983-12-31,Manchester United,England,Midfielder,midfielder,0,1,0,0,10.0,33.0,0.30303030303030304,33.0,0,0,0,0,0,0,1,0,0,0,0,1,3,3,0,0,classical,calendar,built from ground_truth_resolved + stats_combined + trophies + narrative,0,0,0,58.333333333333336,80.55555555555556,52.77777777777778
1983,1983,Fernando Gomes,Fernando Gomes,fernando-gomes,11,1983-01-01,1983-12-31,Porto,Portugal,,unknown,0,0,0,0,5.0,28.0,0.1724137931034483,,1,0,0,0,0,0,1,0,0,0,0,2,2,2,0,0,classical,calendar,built from ground_truth_resolved + stats_combined + trophies + narrative,1,1,1,26.38888888888889,13.88888888888889,25.0
1983,1983,Bernd Schuster,Bernd Schuster,bernd-schuster-1959,11,1983-01-01,1983-12-31,Barcelona,West Germany,Midfielder,midfielder,0,1,0,0,7.0,28.0,0.25,28.0,0,0,0,0,0,0,1,0,0,0,0,1,3,3,0,0,classical,calendar,built from ground_truth_resolved + stats_combined + trophies + narrative,0,0,0,38.88888888888889,13.88888888888889,50.0
1983,1983,Franky Vercauteren,Franky Vercauteren,franky-vercauteren-1956,11,1983-01-01,1983-12-31,Anderlecht,Belgium,Left winger,forward,1,0,0,0,16.0,30.0,0.5348837209302325,,1,0,0,0,0,0,1,0,0,0,0,3,1,1,0,0,classical,calendar,built from ground_truth_resolved + stats_combined + trophies + narrative,1,1,1,75.0,27.77777777777778,76.38888888888889
1983,1983,Alain Giresse,Alain Giresse,alain-giresse-1952,11,1983-01-01,1983-12-31,Bordeaux,France,Midfielder,midfielder,0,1,0,0,12.0,35.0,0.34285714285714286,35.0,0,0,1,0,0,0,1,0,0,0,0,3,1,1,0,0,classical,calendar,built from ground_truth_resolved + stats_combined + trophies + narrative,0,0,0,62.5,94.44444444444444,58.333333333333336
1983,1983,Safet Sušić,Safet Sušić,safet-susic-1955,15,1983-01-01,1983-12-31,Paris Saint-Germain,Yugoslavia,Attacking midfielder second striker,forward,1,0,0,0,17.0,31.0,0.5483870967741935,31.0,0,0,0,0,0,0,1,0,0,0,0,1,3,3,0,0,classical,calendar,built from ground_truth_resolved + stats_combined + trophies + narrative,0,0,0,86.11111111111111,47.22222222222222,86.11111111111111
1983,1983,Ian Rush,Ian Rush,ian-rush-1961,15,1983-01-01,1983-12-31,Liverpool,Wales,Forward,forward,1,0,0,0,24.0,34.0,0.7058823529411765,34.0,0,0,1,0,0,0,1,0,0,0,0,1,3,3,1,1,classical,calendar,built from ground_truth_resolved + stats_combined + trophies + narrative,0,0,0,100.0,88.88888888888889,97.22222222222221
1983,1983,Morten Olsen,Morten Olsen,morten-olsen-1949,17,1983-01-01,1983-12-31,Anderlecht,Denmark,Sweeper defensive midfielder,defender,0,0,1,0,2.0,32.0,0.07407407407407407,,1,0,0,0,0,0,1,0,0,0,0,3,1,1,0,0,classical,calendar,built from ground_truth_resolved + stats_combined + trophies + narrative,1,1,1,13.88888888888889,66.66666666666666,15.277777777777779
1983,1983,Norman Whiteside,Norman Whiteside,norman-whiteside-1965,18,1983-01-01,1983-12-31,Manchester United,Northern Ireland,Midfielder forward,forward,1,0,0,0,8.0,39.0,0.20512820512820512,39.0,0,0,0,0,0,0,1,0,0,0,0,1,3,3,0,0,classical,calendar,built from ground_truth_resolved + stats_combined + trophies + narrative,0,0,0,52.77777777777778,97.22222222222221,30.555555555555557
1983,1983,Bruno Conti,Bruno Conti,bruno-conti-1955,19,1983-01-01,1983-12-31,Roma,Italy,Winger,forward,1,0,0,0,16.0,30.0,0.5348837209302325,,1,0,0,0,0,0,1,0,0,0,0,2,2,2,0,0,classical,calendar,built from ground_truth_resolved + stats_combined + trophies + narrative,1,1,1,75.0,27.77777777777778,76.38888888888889
1983,1983,Eric Gerets,Eric Gerets,eric-gerets-1954,19,1983-01-01,1983-12-31,Milan,Belgium,Right-back,defender,0,0,1,0,2.0,33.0,0.06060606060606061,33.0,0,0,0,0,0,0,1,0,0,0,0,1,3,3,0,0,classical,calendar,built from ground_truth_resolved + stats_combined + trophies + narrative,0,0,0,13.88888888888889,80.55555555555556,8.333333333333332
1983,1983,Erwin Vandenbergh,Erwin Vandenbergh,erwin-vandenbergh-1959,19,1983-01-01,1983-12-31,Anderlecht,Belgium,Forward,forward,1,0,0,0,20.0,32.0,0.625,32.0,0,0,0,0,0,0,1,0,0,0,0,3,1,1,0,0,classical,calendar,built from ground_truth_resolved + stats_combined + trophies + narrative,0,0,0,93.05555555555556,66.66666666666666,94.44444444444444
1983,1983,Michael Laudrup,Michael Laudrup,michael-laudrup-1964,19,1983-01-01,1983-12-31,Lazio,Denmark,Attacking midfielder second striker,forward,1,0,0,0,8.0,14.0,0.5714285714285714,14.0,0,0,0,0,0,0,1,0,0,0,0,2,2,2,0,0,classical,calendar,built from ground_truth_resolved + stats_combined + trophies + narrative,0,0,0,52.77777777777778,2.7777777777777777,88.88888888888889
1983,1983,Liam Brady,Liam Brady,liam-brady-1956,23,1983-01-01,1983-12-31,Sampdoria,Republic of Ireland,Attacking midfielder,midfielder,0,1,0,0,7.0,31.0,0.21875,,1,0,0,0,0,0,1,0,0,0,0,3,1,1,0,0,classical,calendar,built from ground_truth_resolved + stats_combined + trophies + narrative,1,1,1,38.88888888888889,47.22222222222222,38.88888888888889
1983,1983,Antonio Cabrini,Antonio Cabrini,antonio-cabrini-1957,23,1983-01-01,1983-12-31,Juventus,Italy,Left-back,defender,0,0,1,0,2.0,32.0,0.07407407407407407,,1,0,0,0,0,0,1,0,0,0,0,1,3,3,0,0,classical,calendar,built from ground_truth_resolved + stats_combined + trophies + narrative,1,1,1,13.88888888888889,66.66666666666666,15.277777777777779
1983,1983,Carlos Manuel,Carlos Manuel,carlos-manuel-1958,23,1983-01-01,1983-12-31,Benfica,Portugal,Midfielder,midfielder,0,1,0,0,7.0,31.0,0.21875,,1,0,0,0,0,0,1,0,0,0,0,2,2,2,0,0,classical,calendar,built from ground_truth_resolved + stats_combined + trophies + narrative,1,1,1,38.88888888888889,47.22222222222222,38.88888888888889
1983,1983,Vasilis Hatzipanagis,Vasilis Hatzipanagis,vasilis-hatzipanagis-1954,23,1983-01-01,1983-12-31,Iraklis,Greece,Winger attacking midfielder,forward,1,0,0,0,16.0,30.0,0.5348837209302325,,1,0,0,0,0,0,1,0,0,0,0,3,1,1,0,0,classical,calendar,built from ground_truth_resolved + stats_combined + trophies + narrative,1,1,1,75.0,27.77777777777778,76.38888888888889
1983,1983,Glenn Hysén,Glenn Hysén,glenn-hysen-1959,23,1983-01-01,1983-12-31,IFK Göteborg,Sweden,Defender,defender,0,0,1,0,2.0,32.0,0.07407407407407407,,1,0,0,0,0,0,1,0,0,0,0,3,1,1,0,0,classical,calendar,built from ground_truth_resolved + stats_combined + trophies + narrative,1,1,1,13.88888888888889,66.66666666666666,15.277777777777779
1983,1983,Paolo Rossi,Paolo Rossi,paolo-rossi-1956,23,1983-01-01,1983-12-31,Juventus,Italy,Striker,forward,1,0,0,0,7.0,23.0,0.30434782608695654,23.0,0,0,0,0,0,0,1,0,0,0,0,1,3,3,0,0,classical,calendar,built from ground_truth_resolved + stats_combined + trophies + narrative,0,0,0,38.88888888888889,5.555555555555555,55.55555555555556
1983,1983,Costică Ștefănescu,Costică Ștefănescu,costica-stefanescu-1951,23,1983-01-01,1983-12-31,Universitatea Craiova,Romania,Centre-back,defender,0,0,1,0,2.0,32.0,0.07407407407407407,,1,0,0,0,0,0,1,0,0,0,0,3,1,1,0,0,classical,calendar,built from ground_truth_resolved + stats_combined + trophies + narrative,1,1,1,13.88888888888889,66.66666666666666,15.277777777777779
1983,1983,Zbigniew Boniek,Zbigniew Boniek,zbigniew-boniek-1956,30,1983-01-01,1983-12-31,Juventus,Poland,Midfielder forward sweeper,forward,1,0,0,0,5.0,28.0,0.17857142857142858,28.0,0,0,0,0,0,0,1,0,0,0,0,1,3,3,0,0,classical,calendar,built from ground_truth_resolved + stats_combined + trophies + narrative,0,0,0,26.38888888888889,13.88888888888889,27.77777777777778
1983,1983,Fedor Cherenkov,Fedor Cherenkov,fedor-cherenkov-1959,30,1983-01-01,1983-12-31,Spartak Moscow,Soviet Union,Midfielder,midfielder,0,1,0,0,7.0,31.0,0.21875,,1,0,0,0,0,0,1,0,0,0,0,3,1,1,0,0,classical,calendar,built from ground_truth_resolved + stats_combined + trophies + narrative,1,1,1,38.88888888888889,47.22222222222222,38.88888888888889
1983,1983,Ruud Gullit,Ruud Gullit,ruud-gullit-1962,30,1983-01-01,1983-12-31,Feyenoord,Netherlands,Midfielder,midfielder,0,1,0,0,8.0,33.0,0.24242424242424243,33.0,0,0,0,0,0,0,1,0,0,0,0,3,1,1,0,0,classical,calendar,built from ground_truth_resolved + stats_combined + trophies + narrative,0,0,0,52.77777777777778,80.55555555555556,47.22222222222222
1983,1983,Søren Lerby,Søren Lerby,s-ren-lerby-1958,33,1983-01-01,1983-12-31,Bayern Munich,Denmark,Midfielder,midfielder,0,1,0,0,7.0,31.0,0.21875,,1,0,0,0,0,0,1,0,0,0,0,1,3,3,0,0,classical,calendar,built from ground_truth_resolved + stats_combined + trophies + narrative,1,1,1,38.88888888888889,47.22222222222222,38.88888888888889
1983,1983,Stoycho Mladenov,Stoycho Mladenov,stoycho-mladenov-1957,33,1983-01-01,1983-12-31,CSKA Sofia,Bulgaria,Forward,forward,1,0,0,0,16.0,30.0,0.5348837209302325,,1,0,0,0,0,0,1,0,0,0,0,3,1,1,0,0,classical,calendar,built from ground_truth_resolved + stats_combined + trophies + narrative,1,1,1,75.0,27.77777777777778,76.38888888888889
1983,1983,Tibor Nyilasi,Tibor Nyilasi,tibor-nyilasi-1955,33,1983-01-01,1983-12-31,Austria Wien,Hungary,Midfielder,midfielder,0,1,0,0,7.0,31.0,0.21875,,1,0,0,0,0,0,1,0,0,0,0,3,1,1,0,0,classical,calendar,built from ground_truth_resolved + stats_combined + trophies + narrative,1,1,1,38.88888888888889,47.22222222222222,38.88888888888889
1983,1983,Rudi Völler,Rudi Völler,rudi-voller-1960,33,1983-01-01,1983-12-31,Werder Bremen,West Germany,Forward,forward,1,0,0,0,23.0,31.0,0.7419354838709677,31.0,0,0,0,0,0,0,1,0,0,0,0,3,1,1,0,0,classical,calendar,built from ground_truth_resolved + stats_combined + trophies + narrative,0,0,0,97.22222222222221,47.22222222222222,100.0
1984,1984,Michel Platini,Michel Platini,michel-platini-1955,1,1984-01-01,1984-12-31,Juventus,France,Attacking midfielder,midfielder,0,1,0,0,20.0,28.0,0.7142857142857143,28.0,0,0,0,0,0,1,0,0,1,0,1,1,3,3,1,1,classical,calendar,built from ground_truth_resolved + stats_combined + trophies + narrative,0,0,0,84.61538461538461,15.384615384615385,92.3076923076923
1984,1984,Jean Tigana,Jean Tigana,jean-tigana-1955,2,1984-01-01,1984-12-31,Bordeaux,France,Central midfielder,midfielder,0,1,0,0,1.0,32.0,0.03125,32.0,0,0,1,0,0,1,0,0,1,0,1,3,1,1,1,1,classical,calendar,built from ground_truth_resolved + stats_combined + trophies + narrative,0,0,0,15.384615384615385,53.84615384615385,15.384615384615385
1984,1984,Preben Elkjær,Preben Elkjær,preben-elkj-r-1957,3,1984-01-01,1984-12-31,Hellas Verona,Denmark,Striker,forward,1,0,0,0,16.0,30.0,0.5348837209302325,,1,0,0,0,0,1,0,0,0,0,0,3,1,1,0,0,classical,calendar,built from ground_truth_resolved + stats_combined + trophies + narrative,1,1,1,71.15384615384616,30.76923076923077,73.07692307692307
1984,1984,Ian Rush,Ian Rush,ian-rush-1961,4,1984-01-01,1984-12-31,Liverpool,Wales,Forward,forward,1,0,0,0,32.0,41.0,0.7804878048780488,41.0,0,1,0,0,0,1,0,0,0,0,0,1,3,3,0,0,classical,calendar,built from ground_truth_resolved + stats_combined + trophies + narrative,0,0,0,100.0,96.15384615384616,96.15384615384616
1984,1984,Fernando Chalana,Fernando Chalana,fernando-chalana-1959,5,1984-01-01,1984-12-31,Bordeaux,Portugal,Winger,forward,1,0,0,0,16.0,30.0,0.5348837209302325,,1,0,1,0,0,1,0,0,0,0,0,3,1,1,0,0,classical,calendar,built from ground_truth_resolved + stats_combined + trophies + narrative,1,1,1,71.15384615384616,30.76923076923077,73.07692307692307
1984,1984,Graeme Souness,Graeme Souness,graeme-souness-1953,6,1984-01-01,1984-12-31,Sampdoria,Scotland,Midfielder,midfielder,0,1,0,0,7.0,37.0,0.1891891891891892,37.0,0,0,0,0,0,1,0,0,0,0,0,3,1,1,0,0,classical,calendar,built from ground_truth_resolved + stats_combined + trophies + narrative,0,0,0,48.07692307692308,88.46153846153845,42.30769230769231
1984,1984,Harald Schumacher,Harald Schumacher,harald-schumacher-1954,7,1984-01-01,1984-12-31,1. FC Köln,West Germany,Goalkeeper,goalkeeper,0,0,0,1,0.0,33.0,0.0,33.0,0,0,0,0,0,1,0,0,0,0,0,3,1,1,0,0,classical,calendar,built from ground_truth_resolved + stats_combined + trophies + narrative,0,0,0,7.6923076923076925,73.07692307692307,7.6923076923076925
1984,1984,Karl-Heinz Rummenigge,Karl-Heinz Rummenigge,karl-heinz-rummenigge-1955,8,1984-01-01,1984-12-31,Internazionale,West Germany,Forward,forward,1,0,0,0,26.0,29.0,0.896551724137931,29.0,0,0,0,0,0,1,0,0,0,0,0,1,3,3,0,0,classical,calendar,built from ground_truth_resolved + stats_combined + trophies + narrative,0,0,0,92.3076923076923,19.230769230769234,100.0
1984,1984,Alain Giresse,Alain Giresse,alain-giresse-1952,9,1984-01-01,1984-12-31,Bordeaux,France,Midfielder,midfielder,0,1,0,0,16.0,34.0,0.47058823529411764,34.0,0,0,1,0,0,1,0,0,1,0,1,3,1,1,1,1,classical,calendar,built from ground_truth_resolved + stats_combined + trophies + narrative,0,0,0,71.15384615384616,82.6923076923077,57.692307692307686
1984,1984,Bryan Robson,Bryan Robson,bryan-robson-1957,10,1984-01-01,1984-12-31,Manchester United,England,Midfielder,midfielder,0,1,0,0,12.0,33.0,0.36363636363636365,33.0,0,0,0,0,0,1,0,0,0,0,0,1,3,3,0,0,classical,calendar,built from ground_truth_resolved + stats_combined + trophies + narrative,0,0,0,53.84615384615385,73.07692307692307,53.84615384615385
1984,1984,Bernd Schuster,Bernd Schuster,bernd-schuster-1959,11,1984-01-01,1984-12-31,Barcelona,West Germany,Midfielder,midfielder,0,1,0,0,7.0,22.0,0.3181818181818182,22.0,0,0,1,0,0,1,0,0,0,0,0,1,3,3,0,0,classical,calendar,built from ground_truth_resolved + stats_combined + trophies + narrative,0,0,0,48.07692307692308,3.8461538461538463,50.0
1984,1984,Enzo Scifo,Enzo Scifo,enzo-scifo-1966,12,1984-01-01,1984-12-31,Anderlecht,Belgium,Attacking midfielder,midfielder,0,1,0,0,5.0,25.0,0.2,25.0,0,0,0,0,0,1,0,0,0,0,0,3,1,1,0,0,classical,calendar,built from ground_truth_resolved + stats_combined + trophies + narrative,0,0,0,42.30769230769231,9.615384615384617,46.15384615384615
1984,1984,Maxime Bossis,Maxime Bossis,maxime-bossis-1955,12,1984-01-01,1984-12-31,Nantes,France,Defender,defender,0,0,1,0,2.0,32.0,0.07407407407407407,,1,0,0,0,0,1,0,0,1,0,1,3,1,1,1,1,classical,calendar,built from ground_truth_resolved + stats_combined + trophies + narrative,1,1,1,25.0,53.84615384615385,25.0
1984,1984,Klaus Allofs,Klaus Allofs,klaus-allofs-1956,14,1984-01-01,1984-12-31,1. FC Köln,West Germany,Striker,forward,1,0,0,0,16.0,30.0,0.5348837209302325,,1,0,0,0,0,1,0,0,0,0,0,3,1,1,0,0,classical,calendar,built from ground_truth_resolved + stats_combined + trophies + narrative,1,1,1,71.15384615384616,30.76923076923077,73.07692307692307
1984,1984,Antonio Cabrini,Antonio Cabrini,antonio-cabrini-1957,14,1984-01-01,1984-12-31,Juventus,Italy,Left-back,defender,0,0,1,0,2.0,32.0,0.07407407407407407,,1,0,0,0,0,1,0,0,0,0,0,1,3,3,1,1,classical,calendar,built from ground_truth_resolved + stats_combined + trophies + narrative,1,1,1,25.0,53.84615384615385,25.0
1984,1984,Hans-Peter Briegel,Hans-Peter Briegel,hans-peter-briegel-1955,14,1984-01-01,1984-12-31,Hellas Verona,West Germany,Left back centre back defensive midfielder,defender,0,0,1,0,3.0,33.0,0.09090909090909091,33.0,0,0,0,0,0,1,0,0,0,0,0,3,1,1,0,0,classical,calendar,built from ground_truth_resolved + stats_combined + trophies + narrative,0,0,0,36.53846153846153,73.07692307692307,38.46153846153847
1984,1984,Rui Jordão,Rui Jordão,rui-jordao-1952,14,1984-01-01,1984-12-31,Sporting CP,Portugal,Striker,forward,1,0,0,0,16.0,30.0,0.5348837209302325,,1,0,0,0,0,1,0,0,0,0,0,2,2,2,0,0,classical,calendar,built from ground_truth_resolved + stats_combined + trophies + narrative,1,1,1,71.15384615384616,30.76923076923077,73.07692307692307
1984,1984,Paul McStay,Paul McStay,paul-mcstay-1964,18,1984-01-01,1984-12-31,Celtic,Scotland,Midfielder,midfielder,0,1,0,0,3.0,34.0,0.08823529411764706,34.0,0,0,0,0,0,1,0,0,0,0,0,3,1,1,0,0,classical,calendar,built from ground_truth_resolved + stats_combined + trophies + narrative,0,0,0,36.53846153846153,82.6923076923077,34.61538461538461
1984,1984,Jesper Olsen,Jesper Olsen,jesper-olsen-1961,18,1984-01-01,1984-12-31,Manchester United,Denmark,Left winger,forward,1,0,0,0,16.0,30.0,0.5348837209302325,,1,0,0,0,0,1,0,0,0,0,0,1,3,3,0,0,classical,calendar,built from ground_truth_resolved + stats_combined + trophies + narrative,1,1,1,71.15384615384616,30.76923076923077,73.07692307692307
1984,1984,Morten Olsen,Morten Olsen,morten-olsen-1949,18,1984-01-01,1984-12-31,Anderlecht,Denmark,Sweeper defensive midfielder,defender,0,0,1,0,2.0,32.0,0.07407407407407407,,1,0,0,0,0,1,0,0,0,0,0,3,1,1,0,0,classical,calendar,built from ground_truth_resolved + stats_combined + trophies + narrative,1,1,1,25.0,53.84615384615385,25.0
1984,1984,Gordon Strachan,Gordon Strachan,gordon-strachan-1957,18,1984-01-01,1984-12-31,Manchester United,Scotland,Midfielder,midfielder,0,1,0,0,13.0,25.0,0.52,25.0,0,0,0,0,0,1,0,0,0,0,0,1,3,3,0,0,classical,calendar,built from ground_truth_resolved + stats_combined + trophies + narrative,0,0,0,57.692307692307686,9.615384615384617,61.53846153846154
1984,1984,Rinat Dasayev,Rinat Dasayev,rinat-dasayev-1957,22,1984-01-01,1984-12-31,Spartak Moscow,Soviet Union,Goalkeeper,goalkeeper,0,0,0,1,0.0,32.0,0.0,,1,0,0,0,0,1,0,0,0,0,0,3,1,1,0,0,classical,calendar,built from ground_truth_resolved + stats_combined + trophies + narrative,1,1,1,7.6923076923076925,53.84615384615385,7.6923076923076925
1984,1984,Mark Hateley,Mark Hateley,mark-hateley-1961,22,1984-01-01,1984-12-31,Milan,England,Striker,forward,1,0,0,0,22.0,38.0,0.5789473684210527,38.0,0,0,0,0,0,1,0,0,0,0,0,1,3,3,0,0,classical,calendar,built from ground_truth_resolved + stats_combined + trophies + narrative,0,0,0,88.46153846153845,92.3076923076923,88.46153846153845
1984,1984,Silviu Lung,Silviu Lung,silviu-lung-1956,22,1984-01-01,1984-12-31,Universitatea Craiova,Romania,Goalkeeper,goalkeeper,0,0,0,1,0.0,32.0,0.0,,1,0,0,0,0,1,0,0,0,0,0,3,1,1,0,0,classical,calendar,built from ground_truth_resolved + stats_combined + trophies + narrative,1,1,1,7.6923076923076925,53.84615384615385,7.6923076923076925
1984,1984,Antonio Maceda,Antonio Maceda,antonio-maceda-1957,22,1984-01-01,1984-12-31,Sporting Gijón,Spain,Centre-back,defender,0,0,1,0,2.0,32.0,0.07407407407407407,,1,0,0,0,0,1,0,0,0,0,0,2,2,2,0,0,classical,calendar,built from ground_truth_resolved + stats_combined + trophies + narrative,1,1,1,25.0,53.84615384615385,25.0
1984,1984,Torbjörn Nilsson,Torbjörn Nilsson,torbjorn-nilsson-1954,22,1984-01-01,1984-12-31,IFK Göteborg,Sweden,Forward,forward,1,0,0,0,27.0,49.0,0.5510204081632653,49.0,0,0,0,0,0,1,0,0,0,0,0,3,1,1,0,0,classical,calendar,built from ground_truth_resolved + stats_combined + trophies + narrative,0,0,0,96.15384615384616,100.0,84.61538461538461
1985,1985,Michel Platini,Michel Platini,michel-platini-1955,1,1985-01-01,1985-12-31,Juventus,France,Attacking midfielder,midfielder,0,1,0,0,18.0,30.0,0.6,30.0,0,1,0,0,0,0,0,0,0,0,0,1,3,3,0,0,classical,calendar,built from ground_truth_resolved + stats_combined + trophies + narrative,0,0,0,92.10526315789474,40.78947368421053,89.47368421052632
1985,1985,Preben Elkjær,Preben Elkjær,preben-elkj-r-1957,2,1985-01-01,1985-12-31,Hellas Verona,Denmark,Striker,forward,1,0,0,0,16.0,30.0,0.5348837209302325,,1,0,0,0,0,0,0,0,0,0,0,3,1,1,0,0,classical,calendar,built from ground_truth_resolved + stats_combined + trophies + narrative,1,1,1,84.21052631578947,40.78947368421053,81.57894736842105
1985,1985,Bernd Schuster,Bernd Schuster,bernd-schuster-1959,3,1985-01-01,1985-12-31,Barcelona,West Germany,Midfielder,midfielder,0,1,0,0,11.0,32.0,0.34375,32.0,0,0,0,0,0,0,0,0,0,0,0,1,3,3,0,0,classical,calendar,built from ground_truth_resolved + stats_combined + trophies + narrative,0,0,0,69.73684210526315,71.05263157894737,68.42105263157895
1985,1985,Michael Laudrup,Michael Laudrup,michael-laudrup-1964,4,1985-01-01,1985-12-31,Juventus,Denmark,Attacking midfielder second striker,forward,1,0,0,0,1.0,30.0,0.03333333333333333,30.0,0,1,0,0,0,0,0,0,0,0,0,1,3,3,0,0,classical,calendar,built from ground_truth_resolved + stats_combined + trophies + narrative,0,0,0,15.789473684210526,40.78947368421053,15.789473684210526
1985,1985,Karl-Heinz Rummenigge,Karl-Heinz Rummenigge,karl-heinz-rummenigge-1955,5,1985-01-01,1985-12-31,Internazionale,West Germany,Forward,forward,1,0,0,0,8.0,26.0,0.3076923076923077,26.0,0,0,0,0,0,0,0,0,0,0,0,1,3,3,0,0,classical,calendar,built from ground_truth_resolved + stats_combined + trophies + narrative,0,0,0,56.57894736842105,7.894736842105263,60.526315789473685
1985,1985,Zbigniew Boniek,Zbigniew Boniek,zbigniew-boniek-1956,6,1985-01-01,1985-12-31,Roma,Poland,Midfielder forward sweeper,forward,1,0,0,0,6.0,26.0,0.23076923076923078,26.0,0,0,0,0,0,0,0,0,0,0,0,2,2,2,0,0,classical,calendar,built from ground_truth_resolved + stats_combined + trophies + narrative,0,0,0,36.84210526315789,7.894736842105263,50.0
1985,1985,Oleh Protasov,Oleh Protasov,oleh-protasov-1964,7,1985-01-01,1985-12-31,Dnepr Dnepropetrovsk,Soviet Union,Forward,forward,1,0,0,0,35.0,33.0,1.0606060606060606,33.0,0,0,0,0,0,0,0,0,0,0,0,3,1,1,0,0,classical,calendar,built from ground_truth_resolved + stats_combined + trophies + narrative,0,0,0,100.0,82.89473684210526,100.0
1985,1985,Hans-Peter Briegel,Hans-Peter Briegel,hans-peter-briegel-1955,8,1985-01-01,1985-12-31,Hellas Verona,West Germany,Left back centre back defensive midfielder,defender,0,0,1,0,9.0,27.0,0.3333333333333333,27.0,0,0,0,0,0,0,0,0,0,0,0,3,1,1,0,0,classical,calendar,built from ground_truth_resolved + stats_combined + trophies + narrative,0,0,0,61.8421052631579,14.473684210526317,64.47368421052632
1985,1985,Bryan Robson,Bryan Robson,bryan-robson-1957,9,1985-01-01,1985-12-31,Manchester United,England,Midfielder,midfielder,0,1,0,0,9.0,33.0,0.2727272727272727,33.0,0,0,0,0,0,0,0,0,0,0,0,1,3,3,0,0,classical,calendar,built from ground_truth_resolved + stats_combined + trophies + narrative,0,0,0,61.8421052631579,82.89473684210526,55.26315789473685
1985,1985,Rinat Dasayev,Rinat Dasayev,rinat-dasayev-1957,9,1985-01-01,1985-12-31,Spartak Moscow,Soviet Union,Goalkeeper,goalkeeper,0,0,0,1,0.0,32.0,0.0,,1,0,0,0,0,0,0,0,0,0,0,3,1,1,0,0,classical,calendar,built from ground_truth_resolved + stats_combined + trophies + narrative,1,1,1,7.894736842105263,71.05263157894737,7.894736842105263
1985,1985,Rudi Völler,Rudi Völler,rudi-voller-1960,11,1985-01-01,1985-12-31,Werder Bremen,West Germany,Forward,forward,1,0,0,0,25.0,32.0,0.78125,32.0,0,0,0,0,0,0,0,0,0,0,0,3,1,1,0,0,classical,calendar,built from ground_truth_resolved + stats_combined + trophies + narrative,0,0,0,97.36842105263158,71.05263157894737,97.36842105263158
1985,1985,Luis Fernández,Luis Fernández,luis-fernandez-1959,12,1985-01-01,1985-12-31,Paris Saint-Germain,France,Defensive midfielder,midfielder,0,1,0,0,7.0,31.0,0.21875,,1,0,1,0,0,0,0,0,0,0,0,1,3,3,0,0,classical,calendar,built from ground_truth_resolved + stats_combined + trophies + narrative,1,1,1,46.05263157894737,55.26315789473685,42.10526315789473
1985,1985,Søren Lerby,Søren Lerby,s-ren-lerby-1958,12,1985-01-01,1985-12-31,Bayern Munich,Denmark,Midfielder,midfielder,0,1,0,0,7.0,31.0,0.21875,,1,0,0,0,0,0,0,0,0,0,0,1,3,3,0,0,classical,calendar,built from ground_truth_resolved + stats_combined + trophies + narrative,1,1,1,46.05263157894737,55.26315789473685,42.10526315789473
1985,1985,Rafael Gordillo,Rafael Gordillo,rafael-gordillo-1957,14,1985-01-01,1985-12-31,Real Madrid,Spain,Wing-back,defender,0,0,1,0,2.0,32.0,0.07407407407407407,,1,0,1,0,0,0,0,0,0,0,0,1,3,3,0,0,classical,calendar,built from ground_truth_resolved + stats_combined + trophies + narrative,1,1,1,21.052631578947366,71.05263157894737,22.36842105263158
1985,1985,Ian Rush,Ian Rush,ian-rush-1961,14,1985-01-01,1985-12-31,Liverpool,Wales,Forward,forward,1,0,0,0,14.0,28.0,0.5,28.0,0,0,1,0,0,0,0,0,0,0,0,1,3,3,0,0,classical,calendar,built from ground_truth_resolved + stats_combined + trophies + narrative,0,0,0,75.0,23.684210526315788,76.31578947368422
1985,1985,Emilio Butragueño,Emilio Butragueño,emilio-butragueno-1963,16,1985-01-01,1985-12-31,Real Madrid,Spain,Striker,forward,1,0,0,0,10.0,29.0,0.3448275862068966,29.0,0,0,1,0,0,0,0,0,0,0,0,1,3,3,0,0,classical,calendar,built from ground_truth_resolved + stats_combined + trophies + narrative,0,0,0,65.78947368421053,31.57894736842105,71.05263157894737
1985,1985,Fernando Gomes,Fernando Gomes,fernando-gomes,16,1985-01-01,1985-12-31,Porto,Portugal,,unknown,0,0,0,0,5.0,28.0,0.1724137931034483,,1,0,0,0,0,0,0,0,0,0,0,2,2,2,0,0,classical,calendar,built from ground_truth_resolved + stats_combined + trophies + narrative,1,1,1,30.263157894736842,23.684210526315788,28.947368421052634
1985,1985,Harald Schumacher,Harald Schumacher,harald-schumacher-1954,18,1985-01-01,1985-12-31,1. FC Köln,West Germany,Goalkeeper,goalkeeper,0,0,0,1,0.0,34.0,0.0,34.0,0,0,0,0,0,0,0,0,0,0,0,3,1,1,0,0,classical,calendar,built from ground_truth_resolved + stats_combined + trophies + narrative,0,0,0,7.894736842105263,88.1578947368421,7.894736842105263
1985,1985,John Sivebæk,John Sivebæk,john-siveb-k-1961,18,1985-01-01,1985-12-31,Vejle,Denmark,Right-back,defender,0,0,1,0,2.0,32.0,0.07407407407407407,,1,0,0,0,0,0,0,0,0,0,0,3,1,1,0,0,classical,calendar,built from ground_truth_resolved + stats_combined + trophies + narrative,1,1,1,21.052631578947366,71.05263157894737,22.36842105263158
1985,1985,Neville Southall,Neville Southall,neville-southall-1958,18,1985-01-01,1985-12-31,Everton,Wales,Goalkeeper,goalkeeper,0,0,0,1,0.0,42.0,0.0,42.0,0,0,0,0,0,0,0,0,0,0,0,2,2,2,0,0,classical,calendar,built from ground_truth_resolved + stats_combined + trophies + narrative,0,0,0,7.894736842105263,100.0,7.894736842105263
1985,1985,Lajos Détári,Lajos Détári,lajos-detari-1963,21,1985-01-01,1985-12-31,Budapest Honvéd,Hungary,Midfielder,midfielder,0,1,0,0,7.0,31.0,0.21875,,1,0,0,0,0,0,0,0,0,0,0,3,1,1,0,0,classical,calendar,built from ground_truth_resolved + stats_combined + trophies + narrative,1,1,1,46.05263157894737,55.26315789473685,42.10526315789473
1985,1985,Alain Giresse,Alain Giresse,alain-giresse-1952,21,1985-01-01,1985-12-31,Bordeaux,France,Midfielder,midfielder,0,1,0,0,11.0,36.0,0.3055555555555556,36.0,0,0,0,0,0,0,0,0,0,0,0,3,1,1,0,0,classical,calendar,built from ground_truth_resolved + stats_combined + trophies + narrative,0,0,0,69.73684210526315,93.42105263157895,57.89473684210527
1985,1985,Vahid Halilhodžić,Vahid Halilhodžić,vahid-halilhodzic-1952,21,1985-01-01,1985-12-31,Nantes,Yugoslavia,Forward,forward,1,0,0,0,16.0,30.0,0.5348837209302325,,1,0,0,0,0,0,0,0,0,0,0,3,1,1,0,0,classical,calendar,built from ground_truth_resolved + stats_combined + trophies + narrative,1,1,1,84.21052631578947,40.78947368421053,81.57894736842105
1985,1985,Tibor Nyilasi,Tibor Nyilasi,tibor-nyilasi-1955,21,1985-01-01,1985-12-31,Austria Wien,Hungary,Midfielder,midfielder,0,1,0,0,7.0,31.0,0.21875,,1,0,0,0,0,0,0,0,0,0,0,3,1,1,0,0,classical,calendar,built from ground_truth_resolved + stats_combined + trophies + narrative,1,1,1,46.05263157894737,55.26315789473685,42.10526315789473
1985,1985,Peter Reid,Peter Reid,peter-reid-1956,21,1985-01-01,1985-12-31,Everton,England,Defensive midfielder,midfielder,0,1,0,0,2.0,36.0,0.05555555555555555,36.0,0,0,0,0,0,0,0,0,0,0,0,2,2,2,0,0,classical,calendar,built from ground_truth_resolved + stats_combined + trophies + narrative,0,0,0,21.052631578947366,93.42105263157895,18.421052631578945
1985,1985,Peter Shilton,Peter Shilton,peter-shilton-1949,21,1985-01-01,1985-12-31,Southampton,England,Goalkeeper,goalkeeper,0,0,0,1,0.0,41.0,0.0,41.0,0,0,0,0,0,0,0,0,0,0,0,3,1,1,0,0,classical,calendar,built from ground_truth_resolved + stats_combined + trophies + narrative,0,0,0,7.894736842105263,97.36842105263158,7.894736842105263
1985,1985,Graeme Souness,Graeme Souness,graeme-souness-1953,21,1985-01-01,1985-12-31,Sampdoria,Scotland,Midfielder,midfielder,0,1,0,0,5.0,28.0,0.17857142857142858,28.0,0,0,0,0,0,0,0,0,0,0,0,3,1,1,0,0,classical,calendar,built from ground_truth_resolved + stats_combined + trophies + narrative,0,0,0,30.263157894736842,23.684210526315788,34.21052631578947
1985,1985,Pat Jennings,Pat Jennings,pat-jennings-1945,21,1985-01-01,1985-12-31,Tottenham Hotspur,Northern Ireland,Goalkeeper,goalkeeper,0,0,0,1,0.0,32.0,0.0,,1,0,0,0,0,0,0,0,0,0,0,2,2,2,0,0,classical,calendar,built from ground_truth_resolved + stats_combined + trophies + narrative,1,1,1,7.894736842105263,71.05263157894737,7.894736842105263
1985,1985,Steve Archibald,Steve Archibald,steve-archibald-1956,29,1985-01-01,1985-12-31,Barcelona,Scotland,Striker,forward,1,0,0,0,15.0,32.0,0.46875,32.0,0,0,0,0,0,0,0,0,0,0,0,1,3,3,0,0,classical,calendar,built from ground_truth_resolved + stats_combined + trophies + narrative,0,0,0,78.94736842105263,71.05263157894737,73.68421052631578
1985,1985,Jan Ceulemans,Jan Ceulemans,jan-ceulemans-1957,29,1985-01-01,1985-12-31,Club Brugge,Belgium,Midfielder forward,forward,1,0,0,0,17.0,27.0,0.6296296296296297,27.0,0,0,0,0,0,0,0,0,0,0,0,3,1,1,0,0,classical,calendar,built from ground_truth_resolved + stats_combined + trophies + narrative,0,0,0,89.47368421052632,14.473684210526317,92.10526315789474
1985,1985,Anatoliy Demyanenko,Anatoliy Demyanenko,anatoliy-demyanenko-1959,29,1985-01-01,1985-12-31,Dinamo Kyiv,Soviet Union,Left-back left winger,forward,1,0,0,0,8.0,34.0,0.23529411764705882,34.0,0,0,0,0,0,0,0,0,0,0,0,3,1,1,0,0,classical,calendar,built from ground_truth_resolved + stats_combined + trophies + narrative,0,0,0,56.57894736842105,88.1578947368421,52.63157894736842
1985,1985,Georgi Dimitrov,Georgi Dimitrov,georgi-dimitrov-1882,29,1985-01-01,1985-12-31,CSKA Sofia,Bulgaria,,unknown,0,0,0,0,5.0,28.0,0.1724137931034483,,1,0,0,0,0,0,0,0,0,0,0,3,1,1,0,0,classical,calendar,built from ground_truth_resolved + stats_combined + trophies + narrative,1,1,1,30.263157894736842,23.684210526315788,28.947368421052634
1985,1985,Gheorghe Hagi,Gheorghe Hagi,gheorghe-hagi-1965,29,1985-01-01,1985-12-31,Sportul Studențesc,Romania,Attacking midfielder,midfielder,0,1,0,0,20.0,30.0,0.6666666666666666,30.0,0,0,0,0,0,0,0,0,0,0,0,3,1,1,0,0,classical,calendar,built from ground_truth_resolved + stats_combined + trophies + narrative,0,0,0,94.73684210526315,40.78947368421053,94.73684210526315
1985,1985,Mark Hateley,Mark Hateley,mark-hateley-1961,29,1985-01-01,1985-12-31,Milan,England,Striker,forward,1,0,0,0,7.0,21.0,0.3333333333333333,21.0,0,0,0,0,0,0,0,0,0,0,0,1,3,3,0,0,classical,calendar,built from ground_truth_resolved + stats_combined + trophies + narrative,0,0,0,46.05263157894737,2.631578947368421,64.47368421052632
1985,1985,Herbert Prohaska,Herbert Prohaska,herbert-prohaska-1955,29,1985-01-01,1985-12-31,Austria Wien,Austria,Midfielder,midfielder,0,1,0,0,7.0,31.0,0.21875,,1,0,0,0,0,0,0,0,0,0,0,3,1,1,0,0,classical,calendar,built from ground_truth_resolved + stats_combined + trophies + narrative,1,1,1,46.05263157894737,55.26315789473685,42.10526315789473
1985,1985,Gary Stevens,Gary Stevens,gary-stevens,29,1985-01-01,1985-12-31,Everton,England,,unknown,0,0,0,0,5.0,28.0,0.1724137931034483,,1,0,0,0,0,0,0,0,0,0,0,2,2,2,0,0,classical,calendar,built from ground_truth_resolved + stats_combined + trophies + narrative,1,1,1,30.263157894736842,23.684210526315788,28.947368421052634
1985,1985,Andreas Thom,Andreas Thom,andreas-thom-1965,29,1985-01-01,1985-12-31,Dynamo Berlin,East Germany,Forward,forward,1,0,0,0,14.0,26.0,0.5384615384615384,26.0,0,0,0,0,0,0,0,0,0,0,0,3,1,1,0,0,classical,calendar,built from ground_truth_resolved + stats_combined + trophies + narrative,0,0,0,75.0,7.894736842105263,86.8421052631579
1985,1985,Ladislav Vízek,Ladislav Vízek,ladislav-vizek-1955,29,1985-01-01,1985-12-31,Dukla Prague,Czechoslovakia,Striker,forward,1,0,0,0,16.0,30.0,0.5348837209302325,,1,0,0,0,0,0,0,0,0,0,0,3,1,1,0,0,classical,calendar,built from ground_truth_resolved + stats_combined + trophies + narrative,1,1,1,84.21052631578947,40.78947368421053,81.57894736842105
1986,1986,Igor Belanov,Igor Belanov,igor-belanov-1960,1,1986-01-01,1986-12-31,Dynamo Kyiv,Soviet Union,Striker,forward,1,0,0,0,10.0,22.0,0.45454545454545453,22.0,0,0,0,0,1,0,0,0,0,0,0,2,2,2,0,0,classical,calendar,built from ground_truth_resolved + stats_combined + trophies + narrative,0,0,0,70.37037037037037,14.814814814814813,77.77777777777779
1986,1986,Gary Lineker,Gary Lineker,gary-lineker-1960,2,1986-01-01,1986-12-31,Everton Barcelona,England,Striker,forward,1,0,0,0,30.0,41.0,0.7317073170731707,41.0,0,0,0,0,1,0,0,0,0,0,0,1,3,3,0,0,classical,calendar,built from ground_truth_resolved + stats_combined + trophies + narrative,0,0,0,96.29629629629629,100.0,96.29629629629629
1986,1986,Emilio Butragueño,Emilio Butragueño,emilio-butragueno-1963,3,1986-01-01,1986-12-31,Real Madrid,Spain,Striker,forward,1,0,0,0,10.0,31.0,0.3225806451612903,31.0,0,0,1,0,1,0,0,0,0,0,0,1,3,3,0,0,classical,calendar,built from ground_truth_resolved + stats_combined + trophies + narrative,0,0,0,70.37037037037037,53.70370370370371,62.96296296296296
1986,1986,Manuel Amoros,Manuel Amoros,manuel-amoros-1962,4,1986-01-01,1986-12-31,Monaco,France,Right-back,defender,0,0,1,0,2.0,32.0,0.07407407407407407,,1,0,0,0,1,0,0,0,0,0,0,2,2,2,0,0,classical,calendar,built from ground_truth_resolved + stats_combined + trophies + narrative,1,1,1,24.074074074074073,72.22222222222221,25.925925925925924
1986,1986,Preben Elkjær,Preben Elkjær,preben-elkj-r-1957,4,1986-01-01,1986-12-31,Hellas Verona,Denmark,Striker,forward,1,0,0,0,16.0,30.0,0.5348837209302325,,1,0,0,0,1,0,0,0,0,0,0,3,1,1,0,0,classical,calendar,built from ground_truth_resolved + stats_combined + trophies + narrative,1,1,1,85.18518518518519,42.592592592592595,81.48148148148148
1986,1986,Ian Rush,Ian Rush,ian-rush-1961,6,1986-01-01,1986-12-31,Liverpool,Wales,Forward,forward,1,0,0,0,22.0,40.0,0.55,40.0,0,0,0,0,1,0,0,0,0,0,0,1,3,3,0,0,classical,calendar,built from ground_truth_resolved + stats_combined + trophies + narrative,0,0,0,88.88888888888889,96.29629629629629,85.18518518518519
1986,1986,Oleksandr Zavarov,Oleksandr Zavarov,oleksandr-zavarov-1961,6,1986-01-01,1986-12-31,Dynamo Kyiv,Soviet Union,Midfielder,midfielder,0,1,0,0,4.0,20.0,0.2,20.0,0,0,0,0,1,0,0,0,0,0,0,2,2,2,0,0,classical,calendar,built from ground_truth_resolved + stats_combined + trophies + narrative,0,0,0,37.03703703703704,7.4074074074074066,37.03703703703704
1986,1986,Helmut Duckadam,Helmut Duckadam,helmut-duckadam-1959,8,1986-01-01,1986-12-31,Steaua București,Romania,Goalkeeper,goalkeeper,0,0,0,1,0.0,32.0,0.0,,1,1,0,0,1,0,0,0,0,0,0,3,1,1,0,0,classical,calendar,built from ground_truth_resolved + stats_combined + trophies + narrative,1,1,1,9.25925925925926,72.22222222222221,9.25925925925926
1986,1986,Marco van Basten,Marco van Basten,marco-van-basten-1964,8,1986-01-01,1986-12-31,Ajax,Netherlands,Striker,forward,1,0,0,0,37.0,26.0,1.4230769230769231,26.0,0,0,0,0,1,0,0,0,0,0,0,2,2,2,0,0,classical,calendar,built from ground_truth_resolved + stats_combined + trophies + narrative,0,0,0,100.0,27.77777777777778,100.0
1986,1986,Alessandro Altobelli,Alessandro Altobelli,alessandro-altobelli-1955,10,1986-01-01,1986-12-31,Internazionale,Italy,Forward,forward,1,0,0,0,9.0,29.0,0.3103448275862069,29.0,0,0,0,0,1,0,0,0,0,0,0,1,3,3,0,0,classical,calendar,built from ground_truth_resolved + stats_combined + trophies + narrative,0,0,0,61.111111111111114,35.18518518518518,59.25925925925925
1986,1986,Jean-Marie Pfaff,Jean-Marie Pfaff,jean-marie-pfaff-1953,11,1986-01-01,1986-12-31,Bayern Munich,Belgium,Goalkeeper,goalkeeper,0,0,0,1,0.0,24.0,0.0,24.0,0,0,0,0,1,0,0,0,0,0,0,1,3,3,0,0,classical,calendar,built from ground_truth_resolved + stats_combined + trophies + narrative,0,0,0,9.25925925925926,22.22222222222222,9.25925925925926
1986,1986,Michel Platini,Michel Platini,michel-platini-1955,11,1986-01-01,1986-12-31,Juventus,France,Attacking midfielder,midfielder,0,1,0,0,12.0,30.0,0.4,30.0,0,0,0,0,1,0,0,0,0,0,0,1,3,3,0,0,classical,calendar,built from ground_truth_resolved + stats_combined + trophies + narrative,0,0,0,77.77777777777779,42.592592592592595,70.37037037037037
1986,1986,Jan Ceulemans,Jan Ceulemans,jan-ceulemans-1957,13,1986-01-01,1986-12-31,Club Brugge,Belgium,Midfielder forward,forward,1,0,0,0,13.0,33.0,0.3939393939393939,33.0,0,0,0,0,1,0,0,0,0,0,0,3,1,1,0,0,classical,calendar,built from ground_truth_resolved + stats_combined + trophies + narrative,0,0,0,81.48148148148148,87.03703703703704,66.66666666666666
1986,1986,Søren Lerby,Søren Lerby,s-ren-lerby-1958,13,1986-01-01,1986-12-31,Monaco,Denmark,Midfielder,midfielder,0,1,0,0,7.0,31.0,0.21875,,1,0,0,0,1,0,0,0,0,0,0,2,2,2,0,0,classical,calendar,built from ground_truth_resolved + stats_combined + trophies + narrative,1,1,1,48.148148148148145,53.70370370370371,44.44444444444444
1986,1986,Morten Olsen,Morten Olsen,morten-olsen-1949,15,1986-01-01,1986-12-31,Anderlecht 1. FC Köln,Denmark,Sweeper defensive midfielder,defender,0,0,1,0,2.0,32.0,0.07407407407407407,,1,0,0,0,1,0,0,0,0,0,0,3,1,1,0,0,classical,calendar,built from ground_truth_resolved + stats_combined + trophies + narrative,1,1,1,24.074074074074073,72.22222222222221,25.925925925925924
1986,1986,Rinat Dasayev,Rinat Dasayev,rinat-dasayev-1957,16,1986-01-01,1986-12-31,Spartak Moscow,Soviet Union,Goalkeeper,goalkeeper,0,0,0,1,0.0,32.0,0.0,,1,0,0,0,1,0,0,0,0,0,0,3,1,1,0,0,classical,calendar,built from ground_truth_resolved + stats_combined + trophies + narrative,1,1,1,9.25925925925926,72.22222222222221,9.25925925925926
1986,1986,Luis Fernández,Luis Fernández,luis-fernandez-1959,17,1986-01-01,1986-12-31,Paris Saint-Germain RC Paris,France,Defensive midfielder,midfielder,0,1,0,0,7.0,31.0,0.21875,,1,0,0,0,1,0,0,0,0,0,0,1,3,3,0,0,classical,calendar,built from ground_truth_resolved + stats_combined + trophies + narrative,1,1,1,48.148148148148145,53.70370370370371,44.44444444444444
1986,1986,Paulo Futre,Paulo Futre,paulo-futre-1966,17,1986-01-01,1986-12-31,Porto,Portugal,Winger,forward,1,0,0,0,7.0,26.0,0.2692307692307692,26.0,0,0,0,0,1,0,0,0,0,0,0,2,2,2,1,1,classical,calendar,built from ground_truth_resolved + stats_combined + trophies + narrative,0,0,0,48.148148148148145,27.77777777777778,55.55555555555556
1986,1986,Ruud Gullit,Ruud Gullit,ruud-gullit-1962,17,1986-01-01,1986-12-31,PSV Eindhoven,Netherlands,Midfielder,midfielder,0,1,0,0,24.0,34.0,0.7058823529411765,34.0,0,0,0,0,1,0,0,0,0,0,0,3,1,1,0,0,classical,calendar,built from ground_truth_resolved + stats_combined + trophies + narrative,0,0,0,92.5925925925926,92.5925925925926,92.5925925925926
1986,1986,Harald Schumacher,Harald Schumacher,harald-schumacher-1954,17,1986-01-01,1986-12-31,1. FC Köln,West Germany,Goalkeeper,goalkeeper,0,0,0,1,0.0,33.0,0.0,33.0,0,0,0,0,1,0,0,0,0,0,0,3,1,1,0,0,classical,calendar,built from ground_truth_resolved + stats_combined + trophies + narrative,0,0,0,9.25925925925926,87.03703703703704,9.25925925925926
1986,1986,Kenny Dalglish,Kenny Dalglish,kenny-dalglish-1951,21,1986-01-01,1986-12-31,Liverpool,Scotland,Forward,forward,1,0,0,0,3.0,21.0,0.14285714285714285,21.0,0,0,0,0,1,0,0,0,0,0,0,1,3,3,0,0,classical,calendar,built from ground_truth_resolved + stats_combined + trophies + narrative,0,0,0,33.33333333333333,11.11111111111111,33.33333333333333
1986,1986,Jean Tigana,Jean Tigana,jean-tigana-1955,21,1986-01-01,1986-12-31,Bordeaux,France,Central midfielder,midfielder,0,1,0,0,2.0,32.0,0.0625,32.0,0,0,1,0,1,0,0,0,0,0,0,3,1,1,0,0,classical,calendar,built from ground_truth_resolved + stats_combined + trophies + narrative,0,0,0,24.074074074074073,72.22222222222221,18.51851851851852
1986,1986,Pavlo Yakovenko,Pavlo Yakovenko,pavlo-yakovenko-1964,21,1986-01-01,1986-12-31,Dynamo Kyiv,Soviet Union,Midfielder,midfielder,0,1,0,0,7.0,31.0,0.21875,,1,0,0,0,1,0,0,0,0,0,0,2,2,2,0,0,classical,calendar,built from ground_truth_resolved + stats_combined + trophies + narrative,1,1,1,48.148148148148145,53.70370370370371,44.44444444444444
1986,1986,Karlheinz Förster,Karlheinz Förster,karlheinz-forster-1958,24,1986-01-01,1986-12-31,VfB Stuttgart Marseille,West Germany,Centre-back,defender,0,0,1,0,2.0,32.0,0.07407407407407407,,1,0,0,0,1,0,0,0,0,0,0,2,2,2,0,0,classical,calendar,built from ground_truth_resolved + stats_combined + trophies + narrative,1,1,1,24.074074074074073,72.22222222222221,25.925925925925924
1986,1986,Lothar Matthäus,Lothar Matthäus,lothar-matthaus-1961,24,1986-01-01,1986-12-31,Bayern Munich,West Germany,Midfielder sweeper,defender,0,0,1,0,10.0,23.0,0.43478260869565216,23.0,0,0,0,0,1,0,0,0,0,0,0,1,3,3,0,0,classical,calendar,built from ground_truth_resolved + stats_combined + trophies + narrative,0,0,0,70.37037037037037,18.51851851851852,74.07407407407408
1986,1986,Michael Laudrup,Michael Laudrup,michael-laudrup-1964,26,1986-01-01,1986-12-31,Juventus,Denmark,Attacking midfielder second striker,forward,1,0,0,0,7.0,29.0,0.2413793103448276,29.0,0,0,0,0,1,0,0,0,0,0,0,1,3,3,0,0,classical,calendar,built from ground_truth_resolved + stats_combined + trophies + narrative,0,0,0,48.148148148148145,35.18518518518518,51.85185185185185
1986,1986,Rudi Völler,Rudi Völler,rudi-voller-1960,26,1986-01-01,1986-12-31,Werder Bremen,West Germany,Forward,forward,1,0,0,0,9.0,13.0,0.6923076923076923,13.0,0,0,0,0,1,0,0,0,0,0,0,3,1,1,0,0,classical,calendar,built from ground_truth_resolved + stats_combined + trophies + narrative,0,0,0,61.111111111111114,3.7037037037037033,88.88888888888889
1987,1987,Ruud Gullit,Ruud Gullit,ruud-gullit-1962,1,1987-01-01,1987-12-31,Milan,Netherlands,Midfielder,midfielder,0,1,0,0,22.0,34.0,0.6470588235294118,34.0,0,0,0,0,0,0,1,0,0,0,0,1,3,3,0,0,classical,calendar,built from ground_truth_resolved + stats_combined + trophies + narrative,0,0,0,86.76470588235294,82.35294117647058,85.29411764705883
1987,1987,Paulo Futre,Paulo Futre,paulo-futre-1966,2,1987-01-01,1987-12-31,Porto Atlético Madrid,Portugal,Winger,forward,1,0,0,0,10.0,25.0,0.4,25.0,0,1,0,0,0,0,1,0,0,0,0,2,2,2,0,0,classical,calendar,built from ground_truth_resolved + stats_combined + trophies + narrative,0,0,0,48.529411764705884,11.76470588235294,55.88235294117647
1987,1987,Emilio Butragueño,Emilio Butragueño,emilio-butragueno-1963,3,1987-01-01,1987-12-31,Real Madrid,Spain,Striker,forward,1,0,0,0,11.0,35.0,0.3142857142857143,35.0,0,0,1,0,0,0,1,0,0,0,0,1,3,3,0,0,classical,calendar,built from ground_truth_resolved + stats_combined + trophies + narrative,0,0,0,54.41176470588235,88.23529411764706,47.05882352941176
1987,1987,Míchel,Míchel,michel,4,1987-01-01,1987-12-31,Real Madrid,Spain,,unknown,0,0,0,0,5.0,28.0,0.1724137931034483,,1,0,1,0,0,0,1,0,0,0,0,1,3,3,0,0,classical,calendar,built from ground_truth_resolved + stats_combined + trophies + narrative,1,1,1,30.88235294117647,22.058823529411764,30.88235294117647
1987,1987,Gary Lineker,Gary Lineker,gary-lineker-1960,5,1987-01-01,1987-12-31,Barcelona,England,Striker,forward,1,0,0,0,20.0,41.0,0.4878048780487805,41.0,0,0,0,0,0,0,1,0,0,0,0,1,3,3,0,0,classical,calendar,built from ground_truth_resolved + stats_combined + trophies + narrative,0,0,0,82.35294117647058,94.11764705882352,64.70588235294117
1987,1987,John Barnes,John Barnes,john-barnes-1963,6,1987-01-01,1987-12-31,Liverpool,England,Left winger,forward,1,0,0,0,10.0,37.0,0.2702702702702703,37.0,0,0,1,0,0,0,1,0,0,0,0,1,3,3,0,0,classical,calendar,built from ground_truth_resolved + stats_combined + trophies + narrative,0,0,0,48.529411764705884,91.17647058823529,44.11764705882353
1987,1987,Marco van Basten,Marco van Basten,marco-van-basten-1964,6,1987-01-01,1987-12-31,Milan,Netherlands,Striker,forward,1,0,0,0,31.0,27.0,1.1481481481481481,27.0,0,0,0,0,0,0,1,0,0,0,0,1,3,3,0,0,classical,calendar,built from ground_truth_resolved + stats_combined + trophies + narrative,0,0,0,94.11764705882352,14.705882352941178,100.0
1987,1987,Gianluca Vialli,Gianluca Vialli,gianluca-vialli-1964,8,1987-01-01,1987-12-31,Sampdoria,Italy,Striker,forward,1,0,0,0,12.0,28.0,0.42857142857142855,28.0,0,0,0,0,0,0,1,0,0,0,0,3,1,1,0,0,classical,calendar,built from ground_truth_resolved + stats_combined + trophies + narrative,0,0,0,58.82352941176471,22.058823529411764,58.82352941176471
1987,1987,Bryan Robson,Bryan Robson,bryan-robson-1957,9,1987-01-01,1987-12-31,Manchester United,England,Midfielder,midfielder,0,1,0,0,7.0,30.0,0.23333333333333334,30.0,0,0,0,0,0,0,1,0,0,0,0,1,3,3,0,0,classical,calendar,built from ground_truth_resolved + stats_combined + trophies + narrative,0,0,0,41.17647058823529,41.17647058823529,41.17647058823529
1987,1987,Klaus Allofs,Klaus Allofs,klaus-allofs-1956,10,1987-01-01,1987-12-31,Marseille,West Germany,Striker,forward,1,0,0,0,16.0,30.0,0.5348837209302325,,1,0,0,0,0,0,1,0,0,0,0,2,2,2,0,0,classical,calendar,built from ground_truth_resolved + stats_combined + trophies + narrative,1,1,1,75.0,41.17647058823529,75.0
1987,1987,Glenn Hysén,Glenn Hysén,glenn-hysen-1959,10,1987-01-01,1987-12-31,Fiorentina,Sweden,Defender,defender,0,0,1,0,2.0,32.0,0.07407407407407407,,1,0,0,0,0,0,1,0,0,0,0,2,2,2,0,0,classical,calendar,built from ground_truth_resolved + stats_combined + trophies + narrative,1,1,1,17.647058823529413,69.11764705882352,16.176470588235293
1987,1987,Manuel Amoros,Manuel Amoros,manuel-amoros-1962,12,1987-01-01,1987-12-31,Monaco,France,Right-back,defender,0,0,1,0,2.0,32.0,0.07407407407407407,,1,0,1,0,0,0,1,0,0,0,0,2,2,2,0,0,classical,calendar,built from ground_truth_resolved + stats_combined + trophies + narrative,1,1,1,17.647058823529413,69.11764705882352,16.176470588235293
1987,1987,Lothar Matthäus,Lothar Matthäus,lothar-matthaus-1961,12,1987-01-01,1987-12-31,Bayern Munich,West Germany,Midfielder sweeper,defender,0,0,1,0,14.0,31.0,0.45161290322580644,31.0,0,0,0,0,0,0,1,0,0,0,0,1,3,3,0,0,classical,calendar,built from ground_truth_resolved + stats_combined + trophies + narrative,0,0,0,64.70588235294117,55.88235294117647,61.76470588235294
1987,1987,Mark Hateley,Mark Hateley,mark-hateley-1961,14,1987-01-01,1987-12-31,Monaco,England,Striker,forward,1,0,0,0,2.0,23.0,0.08695652173913043,23.0,0,0,1,0,0,0,1,0,0,0,0,2,2,2,0,0,classical,calendar,built from ground_truth_resolved + stats_combined + trophies + narrative,0,0,0,17.647058823529413,7.352941176470589,20.588235294117645
1987,1987,Toni Polster,Toni Polster,toni-polster-1964,14,1987-01-01,1987-12-31,Torino,Austria,Striker,forward,1,0,0,0,39.0,34.0,1.1470588235294117,34.0,0,0,0,0,0,0,1,0,0,0,0,3,1,1,0,0,classical,calendar,built from ground_truth_resolved + stats_combined + trophies + narrative,0,0,0,100.0,82.35294117647058,97.05882352941177
1987,1987,Ian Rush,Ian Rush,ian-rush-1961,14,1987-01-01,1987-12-31,Juventus,Wales,Forward,forward,1,0,0,0,30.0,42.0,0.7142857142857143,42.0,0,0,0,0,0,0,1,0,0,0,0,1,3,3,0,0,classical,calendar,built from ground_truth_resolved + stats_combined + trophies + narrative,0,0,0,91.17647058823529,97.05882352941177,88.23529411764706
1987,1987,Pierre Littbarski,Pierre Littbarski,pierre-littbarski-1960,17,1987-01-01,1987-12-31,1. FC Köln,West Germany,Attacking midfielder winger,forward,1,0,0,0,4.0,32.0,0.125,32.0,0,0,0,0,0,0,1,0,0,0,0,3,1,1,0,0,classical,calendar,built from ground_truth_resolved + stats_combined + trophies + narrative,0,0,0,23.52941176470588,69.11764705882352,23.52941176470588
1987,1987,Paul McGrath,Paul McGrath,paul-mcgrath,17,1987-01-01,1987-12-31,Manchester United,Republic of Ireland,,unknown,0,0,0,0,5.0,28.0,0.1724137931034483,,1,0,0,0,0,0,1,0,0,0,0,1,3,3,0,0,classical,calendar,built from ground_truth_resolved + stats_combined + trophies + narrative,1,1,1,30.88235294117647,22.058823529411764,30.88235294117647
1987,1987,Jean-Marie Pfaff,Jean-Marie Pfaff,jean-marie-pfaff-1953,17,1987-01-01,1987-12-31,Bayern Munich,Belgium,Goalkeeper,goalkeeper,0,0,0,1,0.0,34.0,0.0,34.0,0,0,0,0,0,0,1,0,0,0,0,1,3,3,0,0,classical,calendar,built from ground_truth_resolved + stats_combined + trophies + narrative,0,0,0,7.352941176470589,82.35294117647058,7.352941176470589
1987,1987,Oleksandr Zavarov,Oleksandr Zavarov,oleksandr-zavarov-1961,17,1987-01-01,1987-12-31,Dynamo Kyiv,Soviet Union,Midfielder,midfielder,0,1,0,0,5.0,14.0,0.35714285714285715,14.0,0,0,0,0,0,0,1,0,0,0,0,2,2,2,0,0,classical,calendar,built from ground_truth_resolved + stats_combined + trophies + narrative,0,0,0,30.88235294117647,2.941176470588235,50.0
1987,1987,Peter Beardsley,Peter Beardsley,peter-beardsley-1961,21,1987-01-01,1987-12-31,Liverpool,England,Forward midfielder,forward,1,0,0,0,5.0,32.0,0.15625,32.0,0,0,1,0,0,0,1,0,0,0,0,1,3,3,0,0,classical,calendar,built from ground_truth_resolved + stats_combined + trophies + narrative,0,0,0,30.88235294117647,69.11764705882352,26.47058823529412
1987,1987,Józef Młynarczyk,Józef Młynarczyk,jozef-m-ynarczyk-1953,21,1987-01-01,1987-12-31,Porto,Poland,Goalkeeper,goalkeeper,0,0,0,1,0.0,32.0,0.0,,1,1,0,0,0,0,1,0,0,0,0,2,2,2,0,0,classical,calendar,built from ground_truth_resolved + stats_combined + trophies + narrative,1,1,1,7.352941176470589,69.11764705882352,7.352941176470589
1987,1987,Rinat Dasayev,Rinat Dasayev,rinat-dasayev-1957,21,1987-01-01,1987-12-31,Spartak Moscow,Soviet Union,Goalkeeper,goalkeeper,0,0,0,1,0.0,32.0,0.0,,1,0,0,0,0,0,1,0,0,0,0,3,1,1,0,0,classical,calendar,built from ground_truth_resolved + stats_combined + trophies + narrative,1,1,1,7.352941176470589,69.11764705882352,7.352941176470589
1987,1987,Preben Elkjær,Preben Elkjær,preben-elkj-r-1957,21,1987-01-01,1987-12-31,Hellas Verona,Denmark,Striker,forward,1,0,0,0,16.0,30.0,0.5348837209302325,,1,0,0,0,0,0,1,0,0,0,0,3,1,1,0,0,classical,calendar,built from ground_truth_resolved + stats_combined + trophies + narrative,1,1,1,75.0,41.17647058823529,75.0
1987,1987,Gheorghe Hagi,Gheorghe Hagi,gheorghe-hagi-1965,21,1987-01-01,1987-12-31,Steaua București,Romania,Attacking midfielder,midfielder,0,1,0,0,15.0,30.0,0.5,30.0,0,0,0,0,0,0,1,0,0,0,0,3,1,1,0,0,classical,calendar,built from ground_truth_resolved + stats_combined + trophies + narrative,0,0,0,67.64705882352942,41.17647058823529,67.64705882352942
1987,1987,Heinz Hermann,Heinz Hermann,heinz-hermann-1958,21,1987-01-01,1987-12-31,Neuchâtel Xamax,Switzerland,Midfielder,midfielder,0,1,0,0,7.0,31.0,0.21875,,1,0,0,0,0,0,1,0,0,0,0,3,1,1,0,0,classical,calendar,built from ground_truth_resolved + stats_combined + trophies + narrative,1,1,1,41.17647058823529,55.88235294117647,36.76470588235294
1987,1987,Ally McCoist,Ally McCoist,ally-mccoist-1962,21,1987-01-01,1987-12-31,Rangers,Scotland,Striker,forward,1,0,0,0,34.0,44.0,0.7727272727272727,44.0,0,0,0,0,0,0,1,0,0,0,0,3,1,1,0,0,classical,calendar,built from ground_truth_resolved + stats_combined + trophies + narrative,0,0,0,97.05882352941177,100.0,94.11764705882352
1987,1987,Rodion Cămătaru,Rodion Cămătaru,rodion-camataru-1958,21,1987-01-01,1987-12-31,Dinamo București,Romania,Striker,forward,1,0,0,0,16.0,30.0,0.5348837209302325,,1,0,0,0,0,0,1,0,0,0,0,3,1,1,0,0,classical,calendar,built from ground_truth_resolved + stats_combined + trophies + narrative,1,1,1,75.0,41.17647058823529,75.0
1987,1987,Peter Shilton,Peter Shilton,peter-shilton-1949,21,1987-01-01,1987-12-31,Derby County,England,Goalkeeper,goalkeeper,0,0,0,1,0.0,29.0,0.0,29.0,0,0,0,0,0,0,1,0,0,0,0,3,1,1,0,0,classical,calendar,built from ground_truth_resolved + stats_combined + trophies + narrative,0,0,0,7.352941176470589,29.411764705882355,7.352941176470589
1987,1987,Alessandro Altobelli,Alessandro Altobelli,alessandro-altobelli-1955,30,1987-01-01,1987-12-31,Internazionale,Italy,Forward,forward,1,0,0,0,11.0,28.0,0.39285714285714285,28.0,0,0,0,0,0,0,1,0,0,0,0,1,3,3,0,0,classical,calendar,built from ground_truth_resolved + stats_combined + trophies + narrative,0,0,0,54.41176470588235,22.058823529411764,52.94117647058824
1987,1987,Glenn Hoddle,Glenn Hoddle,glenn-hoddle-1957,30,1987-01-01,1987-12-31,Monaco,England,Midfielder,midfielder,0,1,0,0,7.0,31.0,0.21875,,1,0,1,0,0,0,1,0,0,0,0,2,2,2,0,0,classical,calendar,built from ground_truth_resolved + stats_combined + trophies + narrative,1,1,1,41.17647058823529,55.88235294117647,36.76470588235294
1987,1987,Sokol Kushta,Sokol Kushta,sokol-kushta-1964,30,1987-01-01,1987-12-31,Flamurtari,Albania,Striker,forward,1,0,0,0,16.0,30.0,0.5348837209302325,,1,0,0,0,0,0,1,0,0,0,0,3,1,1,0,0,classical,calendar,built from ground_truth_resolved + stats_combined + trophies + narrative,1,1,1,75.0,41.17647058823529,75.0
1987,1987,Dimitris Saravakos,Dimitris Saravakos,dimitris-saravakos-1961,30,1987-01-01,1987-12-31,Panathinaikos,Greece,Winger attacking midfielder,forward,1,0,0,0,13.0,23.0,0.5652173913043478,23.0,0,0,0,0,0,0,1,0,0,0,0,3,1,1,0,0,classical,calendar,built from ground_truth_resolved + stats_combined + trophies + narrative,0,0,0,61.76470588235294,7.352941176470589,82.35294117647058
1987,1987,Rudi Völler,Rudi Völler,rudi-voller-1960,30,1987-01-01,1987-12-31,Roma,West Germany,Forward,forward,1,0,0,0,22.0,30.0,0.7333333333333333,30.0,0,0,0,0,0,0,1,0,0,0,0,2,2,2,0,0,classical,calendar,built from ground_truth_resolved + stats_combined + trophies + narrative,0,0,0,86.76470588235294,41.17647058823529,91.17647058823529
1988,1988,Marco van Basten,Marco van Basten,marco-van-basten-1964,1,1988-01-01,1988-12-31,Milan,Netherlands,Striker,forward,1,0,0,0,3.0,11.0,0.2727272727272727,11.0,0,0,0,0,0,1,0,0,1,0,1,1,3,3,1,1,classical,calendar,built from ground_truth_resolved + stats_combined + trophies + narrative,0,0,0,37.5,4.166666666666666,62.5
1988,1988,Ruud Gullit,Ruud Gullit,ruud-gullit-1962,2,1988-01-01,1988-12-31,Milan,Netherlands,Midfielder,midfielder,0,1,0,0,9.0,29.0,0.3103448275862069,29.0,0,0,0,0,0,1,0,0,1,0,1,1,3,3,1,1,classical,calendar,built from ground_truth_resolved + stats_combined + trophies + narrative,0,0,0,66.66666666666666,35.41666666666667,66.66666666666666
1988,1988,Frank Rijkaard,Frank Rijkaard,frank-rijkaard-1962,3,1988-01-01,1988-12-31,Milan,Netherlands,Defensive midfielder,midfielder,0,1,0,0,7.0,31.0,0.21875,,1,0,0,0,0,1,0,0,1,0,1,1,3,3,1,1,classical,calendar,built from ground_truth_resolved + stats_combined + trophies + narrative,1,1,1,58.333333333333336,72.91666666666666,50.0
1988,1988,Oleksiy Mykhaylychenko,Oleksiy Mykhaylychenko,oleksiy-mykhaylychenko-1963,4,1988-01-01,1988-12-31,Dynamo Kyiv,Soviet Union,Attacking midfielder,midfielder,0,1,0,0,7.0,31.0,0.21875,,1,0,0,0,0,1,0,0,0,0,0,2,2,2,0,0,classical,calendar,built from ground_truth_resolved + stats_combined + trophies + narrative,1,1,1,58.333333333333336,72.91666666666666,50.0
1988,1988,Ronald Koeman,Ronald Koeman,ronald-koeman-1963,5,1988-01-01,1988-12-31,PSV Eindhoven,Netherlands,Defender midfielder,defender,0,0,1,0,21.0,32.0,0.65625,32.0,0,1,0,0,0,1,0,0,1,0,1,3,1,1,1,1,classical,calendar,built from ground_truth_resolved + stats_combined + trophies + narrative,0,0,0,95.83333333333334,89.58333333333334,95.83333333333334
1988,1988,Lothar Matthäus,Lothar Matthäus,lothar-matthaus-1961,6,1988-01-01,1988-12-31,Internazionale,West Germany,Midfielder sweeper,defender,0,0,1,0,17.0,26.0,0.6538461538461539,26.0,0,0,0,0,0,1,0,0,0,0,0,1,3,3,0,0,classical,calendar,built from ground_truth_resolved + stats_combined + trophies + narrative,0,0,0,87.5,16.666666666666664,91.66666666666666
1988,1988,Gianluca Vialli,Gianluca Vialli,gianluca-vialli-1964,7,1988-01-01,1988-12-31,Sampdoria,Italy,Striker,forward,1,0,0,0,10.0,30.0,0.3333333333333333,30.0,0,0,0,0,0,1,0,0,0,0,0,3,1,1,0,0,classical,calendar,built from ground_truth_resolved + stats_combined + trophies + narrative,0,0,0,72.91666666666666,52.083333333333336,70.83333333333334
1988,1988,Franco Baresi,Franco Baresi,franco-baresi-1960,8,1988-01-01,1988-12-31,Milan,Italy,Centre-back,defender,0,0,1,0,1.0,27.0,0.037037037037037035,27.0,0,0,0,0,0,1,0,0,0,0,0,1,3,3,1,1,classical,calendar,built from ground_truth_resolved + stats_combined + trophies + narrative,0,0,0,25.0,25.0,25.0
1988,1988,Jürgen Klinsmann,Jürgen Klinsmann,jurgen-klinsmann-1964,8,1988-01-01,1988-12-31,VfB Stuttgart,West Germany,Striker,forward,1,0,0,0,19.0,34.0,0.5588235294117647,34.0,0,0,0,0,0,1,0,0,0,0,0,3,1,1,0,0,classical,calendar,built from ground_truth_resolved + stats_combined + trophies + narrative,0,0,0,91.66666666666666,100.0,87.5
1988,1988,Oleksandr Zavarov,Oleksandr Zavarov,oleksandr-zavarov-1961,8,1988-01-01,1988-12-31,Juventus,Soviet Union,Midfielder,midfielder,0,1,0,0,4.0,18.0,0.2222222222222222,18.0,0,0,0,0,0,1,0,0,0,0,0,1,3,3,0,0,classical,calendar,built from ground_truth_resolved + stats_combined + trophies + narrative,0,0,0,41.66666666666667,8.333333333333332,58.333333333333336
1988,1988,Tanju Çolak,Tanju Çolak,tanju-colak-1963,11,1988-01-01,1988-12-31,Galatasaray,Turkey,Forward,forward,1,0,0,0,16.0,30.0,0.5348837209302325,,1,0,0,0,0,1,0,0,0,0,0,3,1,1,0,0,classical,calendar,built from ground_truth_resolved + stats_combined + trophies + narrative,1,1,1,81.25,52.083333333333336,81.25
1988,1988,Oleh Kuznetsov,Oleh Kuznetsov,oleh-kuznetsov-1963,11,1988-01-01,1988-12-31,Dynamo Kyiv,Soviet Union,Central defender,defender,0,0,1,0,1.0,26.0,0.038461538461538464,26.0,0,0,0,0,0,1,0,0,0,0,0,2,2,2,0,0,classical,calendar,built from ground_truth_resolved + stats_combined + trophies + narrative,0,0,0,25.0,16.666666666666664,29.166666666666668
1988,1988,Rinat Dasayev,Rinat Dasayev,rinat-dasayev-1957,13,1988-01-01,1988-12-31,Sevilla,Soviet Union,Goalkeeper,goalkeeper,0,0,0,1,0.0,32.0,0.0,,1,0,0,0,0,1,0,0,0,0,0,2,2,2,0,0,classical,calendar,built from ground_truth_resolved + stats_combined + trophies + narrative,1,1,1,10.416666666666668,89.58333333333334,10.416666666666668
1988,1988,Anatoliy Demyanenko,Anatoliy Demyanenko,anatoliy-demyanenko-1959,13,1988-01-01,1988-12-31,Dynamo Kyiv,Soviet Union,Left-back left winger,forward,1,0,0,0,1.0,30.0,0.03333333333333333,30.0,0,0,0,0,0,1,0,0,0,0,0,2,2,2,0,0,classical,calendar,built from ground_truth_resolved + stats_combined + trophies + narrative,0,0,0,25.0,52.083333333333336,20.833333333333336
1988,1988,Glenn Hysén,Glenn Hysén,glenn-hysen-1959,13,1988-01-01,1988-12-31,Fiorentina,Sweden,Defender,defender,0,0,1,0,2.0,32.0,0.07407407407407407,,1,0,0,0,0,1,0,0,0,0,0,2,2,2,0,0,classical,calendar,built from ground_truth_resolved + stats_combined + trophies + narrative,1,1,1,33.33333333333333,89.58333333333334,33.33333333333333
1988,1988,Míchel,Míchel,michel,13,1988-01-01,1988-12-31,Real Madrid,Spain,,unknown,0,0,0,0,5.0,28.0,0.1724137931034483,,1,0,1,0,0,1,0,0,0,0,0,1,3,3,0,0,classical,calendar,built from ground_truth_resolved + stats_combined + trophies + narrative,1,1,1,47.91666666666667,29.166666666666668,41.66666666666667
1988,1988,Flemming Povlsen,Flemming Povlsen,flemming-povlsen-1966,17,1988-01-01,1988-12-31,1. FC Köln,Denmark,Forward,forward,1,0,0,0,16.0,30.0,0.5348837209302325,,1,0,0,0,0,1,0,0,0,0,0,3,1,1,0,0,classical,calendar,built from ground_truth_resolved + stats_combined + trophies + narrative,1,1,1,81.25,52.083333333333336,81.25
1988,1988,Michel Preud'homme,Michel Preud'homme,michel-preud-homme-1959,17,1988-01-01,1988-12-31,Mechelen,Belgium,Goalkeeper,goalkeeper,0,0,0,1,0.0,30.0,0.0,30.0,0,0,0,0,0,1,0,0,0,0,0,3,1,1,0,0,classical,calendar,built from ground_truth_resolved + stats_combined + trophies + narrative,0,0,0,10.416666666666668,52.083333333333336,10.416666666666668
1988,1988,Walter Zenga,Walter Zenga,walter-zenga-1960,17,1988-01-01,1988-12-31,Internazionale,Italy,Goalkeeper,goalkeeper,0,0,0,1,0.0,26.0,0.0,26.0,0,0,0,0,0,1,0,0,0,0,0,1,3,3,0,0,classical,calendar,built from ground_truth_resolved + stats_combined + trophies + narrative,0,0,0,10.416666666666668,16.666666666666664,10.416666666666668
1988,1988,Gheorghe Hagi,Gheorghe Hagi,gheorghe-hagi-1965,20,1988-01-01,1988-12-31,Steaua București,Romania,Attacking midfielder,midfielder,0,1,0,0,25.0,31.0,0.8064516129032258,31.0,0,0,0,0,0,1,0,0,0,0,0,3,1,1,0,0,classical,calendar,built from ground_truth_resolved + stats_combined + trophies + narrative,0,0,0,100.0,72.91666666666666,100.0
1988,1988,Roberto Mancini,Roberto Mancini,roberto-mancini-1964,20,1988-01-01,1988-12-31,Sampdoria,Italy,Forward attacking midfielder,forward,1,0,0,0,5.0,30.0,0.16666666666666666,30.0,0,0,0,0,0,1,0,0,0,0,0,3,1,1,0,0,classical,calendar,built from ground_truth_resolved + stats_combined + trophies + narrative,0,0,0,47.91666666666667,52.083333333333336,37.5
1988,1988,Dejan Savićević,Dejan Savićević,dejan-savicevic-1966,20,1988-01-01,1988-12-31,Red Star Belgrade,Yugoslavia,Attacking midfielder winger forward,forward,1,0,0,0,10.0,29.0,0.3448275862068966,29.0,0,0,0,0,0,1,0,0,0,0,0,3,1,1,0,0,classical,calendar,built from ground_truth_resolved + stats_combined + trophies + narrative,0,0,0,72.91666666666666,35.41666666666667,75.0
1988,1988,Neville Southall,Neville Southall,neville-southall-1958,20,1988-01-01,1988-12-31,Everton,Wales,Goalkeeper,goalkeeper,0,0,0,1,0.0,32.0,0.0,32.0,0,0,0,0,0,1,0,0,0,0,0,2,2,2,0,0,classical,calendar,built from ground_truth_resolved + stats_combined + trophies + narrative,0,0,0,10.416666666666668,89.58333333333334,10.416666666666668
1988,1988,Dragan Stojković,Dragan Stojković,dragan-stojkovic-1965,20,1988-01-01,1988-12-31,Red Star Belgrade,Yugoslavia,Midfielder,midfielder,0,1,0,0,7.0,31.0,0.21875,,1,0,0,0,0,1,0,0,0,0,0,3,1,1,0,0,classical,calendar,built from ground_truth_resolved + stats_combined + trophies + narrative,1,1,1,58.333333333333336,72.91666666666666,50.0
1989,1989,Marco van Basten,Marco van Basten,marco-van-basten-1964,1,1989-01-01,1989-12-31,Milan,Netherlands,Striker,forward,1,0,0,0,19.0,33.0,0.5757575757575758,33.0,0,1,0,0,0,0,0,0,0,0,0,1,3,3,1,1,classical,calendar,built from ground_truth_resolved + stats_combined + trophies + narrative,0,0,0,90.0,76.66666666666667,93.33333333333333
1989,1989,Franco Baresi,Franco Baresi,franco-baresi-1960,2,1989-01-01,1989-12-31,Milan,Italy,Centre-back,defender,0,0,1,0,2.0,33.0,0.06060606060606061,33.0,0,1,0,0,0,0,0,0,0,0,0,1,3,3,1,1,classical,calendar,built from ground_truth_resolved + stats_combined + trophies + narrative,0,0,0,23.333333333333332,76.66666666666667,20.0
1989,1989,Frank Rijkaard,Frank Rijkaard,frank-rijkaard-1962,3,1989-01-01,1989-12-31,Milan,Netherlands,Defensive midfielder,midfielder,0,1,0,0,7.0,31.0,0.21875,,1,1,0,0,0,0,0,0,0,0,0,1,3,3,1,1,classical,calendar,built from ground_truth_resolved + stats_combined + trophies + narrative,1,1,1,56.666666666666664,45.0,50.0
1989,1989,Lothar Matthäus,Lothar Matthäus,lothar-matthaus-1961,4,1989-01-01,1989-12-31,Internazionale,West Germany,Midfielder sweeper,defender,0,0,1,0,9.0,32.0,0.28125,32.0,0,0,0,0,0,0,0,0,0,0,0,1,3,3,0,0,classical,calendar,built from ground_truth_resolved + stats_combined + trophies + narrative,0,0,0,66.66666666666666,60.0,66.66666666666666
1989,1989,Peter Shilton,Peter Shilton,peter-shilton-1949,5,1989-01-01,1989-12-31,Derby County,England,Goalkeeper,goalkeeper,0,0,0,1,0.0,38.0,0.0,38.0,0,0,0,0,0,0,0,0,0,0,0,3,1,1,0,0,classical,calendar,built from ground_truth_resolved + stats_combined + trophies + narrative,0,0,0,10.0,100.0,10.0
1989,1989,Dragan Stojković,Dragan Stojković,dragan-stojkovic-1965,6,1989-01-01,1989-12-31,Red Star Belgrade,Yugoslavia,Midfielder,midfielder,0,1,0,0,7.0,31.0,0.21875,,1,0,0,0,0,0,0,0,0,0,0,3,1,1,0,0,classical,calendar,built from ground_truth_resolved + stats_combined + trophies + narrative,1,1,1,56.666666666666664,45.0,50.0
1989,1989,Ruud Gullit,Ruud Gullit,ruud-gullit-1962,7,1989-01-01,1989-12-31,Milan,Netherlands,Midfielder,midfielder,0,1,0,0,5.0,19.0,0.2631578947368421,19.0,0,1,0,0,0,0,0,0,0,0,0,1,3,3,1,1,classical,calendar,built from ground_truth_resolved + stats_combined + trophies + narrative,0,0,0,41.66666666666667,3.3333333333333335,63.33333333333333
1989,1989,Gheorghe Hagi,Gheorghe Hagi,gheorghe-hagi-1965,8,1989-01-01,1989-12-31,Steaua București,Romania,Attacking midfielder,midfielder,0,1,0,0,31.0,30.0,1.0333333333333334,30.0,0,0,0,0,0,0,0,0,0,0,0,3,1,1,0,0,classical,calendar,built from ground_truth_resolved + stats_combined + trophies + narrative,0,0,0,100.0,33.33333333333333,100.0
1989,1989,Jürgen Klinsmann,Jürgen Klinsmann,jurgen-klinsmann-1964,8,1989-01-01,1989-12-31,Internazionale,West Germany,Striker,forward,1,0,0,0,13.0,25.0,0.52,25.0,0,0,0,0,0,0,0,0,0,0,0,1,3,3,0,0,classical,calendar,built from ground_truth_resolved + stats_combined + trophies + narrative,0,0,0,75.0,6.666666666666667,83.33333333333334
1989,1989,Jean-Pierre Papin,Jean-Pierre Papin,jean-pierre-papin-1963,10,1989-01-01,1989-12-31,Marseille,France,Striker,forward,1,0,0,0,22.0,35.0,0.6285714285714286,35.0,0,0,1,0,0,0,0,0,0,0,0,2,2,2,0,0,classical,calendar,built from ground_truth_resolved + stats_combined + trophies + narrative,0,0,0,96.66666666666667,90.0,96.66666666666667
1989,1989,Michel Preud'homme,Michel Preud'homme,michel-preud-homme-1959,10,1989-01-01,1989-12-31,Mechelen,Belgium,Goalkeeper,goalkeeper,0,0,0,1,0.0,34.0,0.0,34.0,0,0,0,0,0,0,0,0,0,0,0,3,1,1,0,0,classical,calendar,built from ground_truth_resolved + stats_combined + trophies + narrative,0,0,0,10.0,86.66666666666667,10.0
1989,1989,Oleksiy Mykhaylychenko,Oleksiy Mykhaylychenko,oleksiy-mykhaylychenko-1963,12,1989-01-01,1989-12-31,Dynamo Kyiv,Soviet Union,Attacking midfielder,midfielder,0,1,0,0,7.0,31.0,0.21875,,1,0,0,0,0,0,0,0,0,0,0,2,2,2,0,0,classical,calendar,built from ground_truth_resolved + stats_combined + trophies + narrative,1,1,1,56.666666666666664,45.0,50.0
1989,1989,Míchel,Míchel,michel,13,1989-01-01,1989-12-31,Real Madrid,Spain,,unknown,0,0,0,0,5.0,28.0,0.1724137931034483,,1,0,1,0,0,0,0,0,0,0,0,1,3,3,0,0,classical,calendar,built from ground_truth_resolved + stats_combined + trophies + narrative,1,1,1,41.66666666666667,18.333333333333332,40.0
1989,1989,Andreas Brehme,Andreas Brehme,andreas-brehme-1960,14,1989-01-01,1989-12-31,Internazionale,West Germany,Left-back left wing-back defensive midfielder,defender,0,0,1,0,3.0,31.0,0.0967741935483871,31.0,0,0,0,0,0,0,0,0,0,0,0,1,3,3,0,0,classical,calendar,built from ground_truth_resolved + stats_combined + trophies + narrative,0,0,0,30.0,45.0,30.0
1989,1989,Paulo Futre,Paulo Futre,paulo-futre-1966,14,1989-01-01,1989-12-31,Atlético Madrid,Portugal,Winger,forward,1,0,0,0,5.0,28.0,0.17857142857142858,28.0,0,0,0,0,0,0,0,0,0,0,0,2,2,2,0,0,classical,calendar,built from ground_truth_resolved + stats_combined + trophies + narrative,0,0,0,41.66666666666667,18.333333333333332,43.333333333333336
1989,1989,Karl-Heinz Riedle,Karl-Heinz Riedle,karl-heinz-riedle-1965,14,1989-01-01,1989-12-31,Werder Bremen,West Germany,Striker,forward,1,0,0,0,13.0,33.0,0.3939393939393939,33.0,0,0,0,0,0,0,0,0,0,0,0,3,1,1,0,0,classical,calendar,built from ground_truth_resolved + stats_combined + trophies + narrative,0,0,0,75.0,76.66666666666667,73.33333333333333
1989,1989,John Barnes,John Barnes,john-barnes-1963,17,1989-01-01,1989-12-31,Liverpool,England,Left winger,forward,1,0,0,0,8.0,33.0,0.24242424242424243,33.0,0,0,1,0,0,0,0,0,0,0,0,1,3,3,0,0,classical,calendar,built from ground_truth_resolved + stats_combined + trophies + narrative,0,0,0,63.33333333333333,76.66666666666667,60.0
1989,1989,Packie Bonner,Packie Bonner,packie-bonner-1960,17,1989-01-01,1989-12-31,Celtic,Republic of Ireland,Goalkeeper,goalkeeper,0,0,0,1,0.0,32.0,0.0,,1,0,0,0,0,0,0,0,0,0,0,3,1,1,0,0,classical,calendar,built from ground_truth_resolved + stats_combined + trophies + narrative,1,1,1,10.0,60.0,10.0
1989,1989,Glenn Hysén,Glenn Hysén,glenn-hysen-1959,17,1989-01-01,1989-12-31,Liverpool,Sweden,Defender,defender,0,0,1,0,2.0,32.0,0.07407407407407407,,1,0,1,0,0,0,0,0,0,0,0,1,3,3,0,0,classical,calendar,built from ground_truth_resolved + stats_combined + trophies + narrative,1,1,1,23.333333333333332,60.0,26.666666666666668
1989,1989,Oleh Kuznetsov,Oleh Kuznetsov,oleh-kuznetsov-1963,17,1989-01-01,1989-12-31,Dynamo Kyiv,Soviet Union,Central defender,defender,0,0,1,0,4.0,29.0,0.13793103448275862,29.0,0,0,0,0,0,0,0,0,0,0,0,2,2,2,0,0,classical,calendar,built from ground_truth_resolved + stats_combined + trophies + narrative,0,0,0,33.33333333333333,25.0,33.33333333333333
1989,1989,Andreas Möller,Andreas Möller,andreas-moller-1967,17,1989-01-01,1989-12-31,Borussia Dortmund,West Germany,Attacking midfielder,midfielder,0,1,0,0,11.0,29.0,0.3793103448275862,29.0,0,0,0,0,0,0,0,0,0,0,0,2,2,2,0,0,classical,calendar,built from ground_truth_resolved + stats_combined + trophies + narrative,0,0,0,70.0,25.0,70.0
1989,1989,Julio Salinas,Julio Salinas,julio-salinas-1962,17,1989-01-01,1989-12-31,Barcelona,Spain,Centre-forward,forward,1,0,0,0,20.0,37.0,0.5405405405405406,37.0,0,0,0,0,0,0,0,0,0,0,0,1,3,3,0,0,classical,calendar,built from ground_truth_resolved + stats_combined + trophies + narrative,0,0,0,93.33333333333333,96.66666666666667,90.0
1989,1989,Thomas Häßler,Thomas Häßler,thomas-ha-ler-1966,23,1989-01-01,1989-12-31,1. FC Köln,West Germany,Attacking midfielder,midfielder,0,1,0,0,5.0,33.0,0.15151515151515152,33.0,0,0,0,0,0,0,0,0,0,0,0,3,1,1,0,0,classical,calendar,built from ground_truth_resolved + stats_combined + trophies + narrative,0,0,0,41.66666666666667,76.66666666666667,36.666666666666664
1989,1989,Ronald Koeman,Ronald Koeman,ronald-koeman-1963,23,1989-01-01,1989-12-31,Barcelona,Netherlands,Defender midfielder,defender,0,0,1,0,14.0,32.0,0.4375,32.0,0,0,0,0,0,0,0,0,0,0,0,1,3,3,0,0,classical,calendar,built from ground_truth_resolved + stats_combined + trophies + narrative,0,0,0,81.66666666666667,60.0,76.66666666666667
1989,1989,Robby Langers,Robby Langers,robby-langers-1960,23,1989-01-01,1989-12-31,Nice,Luxembourg,Striker,forward,1,0,0,0,16.0,30.0,0.5348837209302325,,1,0,0,0,0,0,0,0,0,0,0,3,1,1,0,0,classical,calendar,built from ground_truth_resolved + stats_combined + trophies + narrative,1,1,1,86.66666666666667,33.33333333333333,86.66666666666667
1989,1989,Gary Lineker,Gary Lineker,gary-lineker-1960,23,1989-01-01,1989-12-31,Tottenham Hotspur,England,Striker,forward,1,0,0,0,6.0,26.0,0.23076923076923078,26.0,0,0,0,0,0,0,0,0,0,0,0,2,2,2,0,0,classical,calendar,built from ground_truth_resolved + stats_combined + trophies + narrative,0,0,0,50.0,11.666666666666666,56.666666666666664
1989,1989,Paolo Maldini,Paolo Maldini,paolo-maldini-1968,23,1989-01-01,1989-12-31,Milan,Italy,Left-back centre-back,defender,0,0,1,0,0.0,26.0,0.0,26.0,0,1,0,0,0,0,0,0,0,0,0,1,3,3,1,1,classical,calendar,built from ground_truth_resolved + stats_combined + trophies + narrative,0,0,0,10.0,11.666666666666666,10.0
1989,1989,Theo Snelders,Theo Snelders,theo-snelders-1963,23,1989-01-01,1989-12-31,Aberdeen,Netherlands,Goalkeeper,goalkeeper,0,0,0,1,0.0,36.0,0.0,36.0,0,0,0,0,0,0,0,0,0,0,0,3,1,1,0,0,classical,calendar,built from ground_truth_resolved + stats_combined + trophies + narrative,0,0,0,10.0,93.33333333333333,10.0
1989,1989,Gianluca Vialli,Gianluca Vialli,gianluca-vialli-1964,23,1989-01-01,1989-12-31,Sampdoria,Italy,Striker,forward,1,0,0,0,14.0,30.0,0.4666666666666667,30.0,0,0,0,0,0,0,0,0,0,0,0,3,1,1,0,0,classical,calendar,built from ground_truth_resolved + stats_combined + trophies + narrative,0,0,0,81.66666666666667,33.33333333333333,80.0
1989,1989,Oleksandr Zavarov,Oleksandr Zavarov,oleksandr-zavarov-1961,23,1989-01-01,1989-12-31,Juventus,Soviet Union,Midfielder,midfielder,0,1,0,0,2.0,32.0,0.0625,32.0,0,0,0,0,0,0,0,0,0,0,0,1,3,3,0,0,classical,calendar,built from ground_truth_resolved + stats_combined + trophies + narrative,0,0,0,23.333333333333332,60.0,23.333333333333332
1990,1990,Lothar Matthäus,Lothar Matthäus,lothar-matthaus-1961,1,1990-01-01,1990-12-31,Internazionale,Germany,Midfielder sweeper,defender,0,0,1,0,11.0,25.0,0.44,25.0,0,0,0,0,1,0,0,1,0,0,1,1,3,3,1,1,classical,calendar,built from ground_truth_resolved + stats_combined + trophies + narrative,0,0,0,63.04347826086957,4.3478260869565215,73.91304347826086
1990,1990,Salvatore Schillaci,Salvatore Schillaci,salvatore-schillaci-1964,2,1990-01-01,1990-12-31,Juventus,Italy,Striker,forward,1,0,0,0,15.0,30.0,0.5,30.0,0,0,0,0,1,0,0,0,0,0,0,1,3,3,0,0,classical,calendar,built from ground_truth_resolved + stats_combined + trophies + narrative,0,0,0,78.26086956521739,19.565217391304348,78.26086956521739
1990,1990,Andreas Brehme,Andreas Brehme,andreas-brehme-1960,3,1990-01-01,1990-12-31,Internazionale,Germany,Left-back left wing-back defensive midfielder,defender,0,0,1,0,6.0,32.0,0.1875,32.0,0,0,0,0,1,0,0,1,0,0,1,1,3,3,1,1,classical,calendar,built from ground_truth_resolved + stats_combined + trophies + narrative,0,0,0,36.95652173913043,54.347826086956516,39.130434782608695
1990,1990,Paul Gascoigne,Paul Gascoigne,paul-gascoigne-1967,4,1990-01-01,1990-12-31,Tottenham Hotspur,England,Attacking midfielder,midfielder,0,1,0,0,6.0,34.0,0.17647058823529413,34.0,0,0,0,0,1,0,0,0,0,0,0,2,2,2,0,0,classical,calendar,built from ground_truth_resolved + stats_combined + trophies + narrative,0,0,0,36.95652173913043,76.08695652173914,30.434782608695656
1990,1990,Franco Baresi,Franco Baresi,franco-baresi-1960,5,1990-01-01,1990-12-31,Milan,Italy,Centre-back,defender,0,0,1,0,1.0,30.0,0.03333333333333333,30.0,0,1,0,0,1,0,0,0,0,0,0,1,3,3,0,0,classical,calendar,built from ground_truth_resolved + stats_combined + trophies + narrative,0,0,0,13.043478260869565,19.565217391304348,13.043478260869565
1990,1990,Enzo Scifo,Enzo Scifo,enzo-scifo-1966,6,1990-01-01,1990-12-31,Auxerre,Belgium,Attacking midfielder,midfielder,0,1,0,0,11.0,33.0,0.3333333333333333,33.0,0,0,0,0,1,0,0,0,0,0,0,3,1,1,0,0,classical,calendar,built from ground_truth_resolved + stats_combined + trophies + narrative,0,0,0,63.04347826086957,67.3913043478261,60.86956521739131
1990,1990,Jürgen Klinsmann,Jürgen Klinsmann,jurgen-klinsmann-1964,6,1990-01-01,1990-12-31,Internazionale,Germany,Striker,forward,1,0,0,0,13.0,31.0,0.41935483870967744,31.0,0,0,0,0,1,0,0,1,0,0,1,1,3,3,1,1,classical,calendar,built from ground_truth_resolved + stats_combined + trophies + narrative,0,0,0,69.56521739130434,34.78260869565217,65.21739130434783
1990,1990,Roberto Baggio,Roberto Baggio,roberto-baggio-1967,8,1990-01-01,1990-12-31,Fiorentina Juventus,Italy,Second striker attacking midfielder,forward,1,0,0,0,17.0,32.0,0.53125,32.0,0,0,0,0,1,0,0,0,0,0,0,1,3,3,0,0,classical,calendar,built from ground_truth_resolved + stats_combined + trophies + narrative,0,0,0,82.6086956521739,54.347826086956516,86.95652173913044
1990,1990,Frank Rijkaard,Frank Rijkaard,frank-rijkaard-1962,9,1990-01-01,1990-12-31,Milan,Netherlands,Defensive midfielder,midfielder,0,1,0,0,7.0,31.0,0.21875,,1,1,0,0,1,0,0,0,0,0,0,1,3,3,0,0,classical,calendar,built from ground_truth_resolved + stats_combined + trophies + narrative,1,1,1,47.82608695652174,34.78260869565217,47.82608695652174
1990,1990,Guido Buchwald,Guido Buchwald,guido-buchwald-1961,10,1990-01-01,1990-12-31,VfB Stuttgart,Germany,Defender,defender,0,0,1,0,5.0,28.0,0.17857142857142858,28.0,0,0,0,0,1,0,0,1,0,0,1,3,1,1,1,1,classical,calendar,built from ground_truth_resolved + stats_combined + trophies + narrative,0,0,0,26.08695652173913,10.869565217391305,34.78260869565217
1990,1990,Jean-Pierre Papin,Jean-Pierre Papin,jean-pierre-papin-1963,11,1990-01-01,1990-12-31,Marseille,France,Striker,forward,1,0,0,0,30.0,36.0,0.8333333333333334,36.0,0,0,1,0,1,0,0,0,0,0,0,2,2,2,0,0,classical,calendar,built from ground_truth_resolved + stats_combined + trophies + narrative,0,0,0,100.0,82.6086956521739,100.0
1990,1990,Rafael Martín Vázquez,Rafael Martín Vázquez,rafael-martin-vazquez-1965,12,1990-01-01,1990-12-31,Real Madrid Torino,Spain,Attacking midfielder,midfielder,0,1,0,0,7.0,31.0,0.21875,,1,0,0,0,1,0,0,0,0,0,0,1,3,3,0,0,classical,calendar,built from ground_truth_resolved + stats_combined + trophies + narrative,1,1,1,47.82608695652174,34.78260869565217,47.82608695652174
1990,1990,Paul McGrath,Paul McGrath,paul-mcgrath,12,1990-01-01,1990-12-31,Aston Villa,Republic of Ireland,,unknown,0,0,0,0,5.0,28.0,0.1724137931034483,,1,0,0,0,1,0,0,0,0,0,0,2,2,2,0,0,classical,calendar,built from ground_truth_resolved + stats_combined + trophies + narrative,1,1,1,26.08695652173913,10.869565217391305,26.08695652173913
1990,1990,Robert Prosinečki,Robert Prosinečki,robert-prosinecki-1969,12,1990-01-01,1990-12-31,Red Star Belgrade,Yugoslavia,Midfielder,midfielder,0,1,0,0,5.0,32.0,0.15625,32.0,0,0,0,0,1,0,0,0,0,0,0,3,1,1,1,1,classical,calendar,built from ground_truth_resolved + stats_combined + trophies + narrative,0,0,0,26.08695652173913,54.347826086956516,21.73913043478261
1990,1990,Des Walker,Des Walker,des-walker-1965,12,1990-01-01,1990-12-31,Nottingham Forest,England,Centre-back,defender,0,0,1,0,0.0,38.0,0.0,38.0,0,0,0,0,1,0,0,0,0,0,0,2,2,2,0,0,classical,calendar,built from ground_truth_resolved + stats_combined + trophies + narrative,0,0,0,6.521739130434782,97.82608695652173,6.521739130434782
1990,1990,Walter Zenga,Walter Zenga,walter-zenga-1960,12,1990-01-01,1990-12-31,Internazionale,Italy,Goalkeeper,goalkeeper,0,0,0,1,0.0,31.0,0.0,31.0,0,0,0,0,1,0,0,0,0,0,0,1,3,3,0,0,classical,calendar,built from ground_truth_resolved + stats_combined + trophies + narrative,0,0,0,6.521739130434782,34.78260869565217,6.521739130434782
1990,1990,Dragan Stojković,Dragan Stojković,dragan-stojkovic-1965,12,1990-01-01,1990-12-31,Red Star Belgrade Marseille,Yugoslavia,Midfielder,midfielder,0,1,0,0,7.0,31.0,0.21875,,1,0,0,0,1,0,0,0,0,0,0,2,2,2,1,1,classical,calendar,built from ground_truth_resolved + stats_combined + trophies + narrative,1,1,1,47.82608695652174,34.78260869565217,47.82608695652174
1990,1990,John Barnes,John Barnes,john-barnes-1963,18,1990-01-01,1990-12-31,Liverpool,England,Left winger,forward,1,0,0,0,22.0,34.0,0.6470588235294118,34.0,0,0,0,0,1,0,0,0,0,0,0,1,3,3,0,0,classical,calendar,built from ground_truth_resolved + stats_combined + trophies + narrative,0,0,0,91.30434782608695,76.08695652173914,95.65217391304348
1990,1990,Michael Laudrup,Michael Laudrup,michael-laudrup-1964,18,1990-01-01,1990-12-31,Barcelona,Denmark,Attacking midfielder second striker,forward,1,0,0,0,3.0,33.0,0.09090909090909091,33.0,0,0,1,0,1,0,0,0,0,0,0,1,3,3,0,0,classical,calendar,built from ground_truth_resolved + stats_combined + trophies + narrative,0,0,0,17.391304347826086,67.3913043478261,17.391304347826086
1990,1990,Gary Lineker,Gary Lineker,gary-lineker-1960,18,1990-01-01,1990-12-31,Tottenham Hotspur,England,Striker,forward,1,0,0,0,24.0,38.0,0.631578947368421,38.0,0,0,0,0,1,0,0,0,0,0,0,2,2,2,0,0,classical,calendar,built from ground_truth_resolved + stats_combined + trophies + narrative,0,0,0,95.65217391304348,97.82608695652173,91.30434782608695
1990,1990,David Platt,David Platt,david-platt-1966,18,1990-01-01,1990-12-31,Aston Villa,England,Midfielder,midfielder,0,1,0,0,19.0,37.0,0.5135135135135135,37.0,0,0,0,0,1,0,0,0,0,0,0,2,2,2,0,0,classical,calendar,built from ground_truth_resolved + stats_combined + trophies + narrative,0,0,0,86.95652173913044,89.13043478260869,82.6086956521739
1990,1990,Rudi Völler,Rudi Völler,rudi-voller-1960,18,1990-01-01,1990-12-31,Roma,Germany,Forward,forward,1,0,0,0,14.0,32.0,0.4375,32.0,0,0,0,0,1,0,0,1,0,0,1,2,2,2,1,1,classical,calendar,built from ground_truth_resolved + stats_combined + trophies + narrative,0,0,0,73.91304347826086,54.347826086956516,69.56521739130434
1990,1990,Chris Waddle,Chris Waddle,chris-waddle-1960,18,1990-01-01,1990-12-31,Marseille,England,Winger attacking midfielder,forward,1,0,0,0,9.0,37.0,0.24324324324324326,37.0,0,0,1,0,1,0,0,0,0,0,0,2,2,2,0,0,classical,calendar,built from ground_truth_resolved + stats_combined + trophies + narrative,0,0,0,56.52173913043478,89.13043478260869,56.52173913043478
1991,1991,Jean-Pierre Papin,Jean-Pierre Papin,jean-pierre-papin-1963,1,1991-01-01,1991-12-31,Marseille,France,Striker,forward,1,0,0,0,23.0,36.0,0.6388888888888888,36.0,0,0,1,0,0,0,0,0,0,0,0,2,2,2,0,0,classical,calendar,built from ground_truth_resolved + stats_combined + trophies + narrative,0,0,0,95.16129032258065,96.7741935483871,90.32258064516128
1991,1991,Dejan Savićević,Dejan Savićević,dejan-savicevic-1966,2,1991-01-01,1991-12-31,Red Star Belgrade,Yugoslavia,Attacking midfielder winger forward,forward,1,0,0,0,8.0,25.0,0.32,25.0,0,1,0,0,0,0,0,0,0,0,0,3,1,1,0,0,classical,calendar,built from ground_truth_resolved + stats_combined + trophies + narrative,0,0,0,45.16129032258064,9.67741935483871,51.61290322580645
1991,1991,Darko Pančev,Darko Pančev,darko-pancev-1965,2,1991-01-01,1991-12-31,Red Star Belgrade,Yugoslavia,Forward,forward,1,0,0,0,34.0,32.0,1.0625,32.0,0,1,0,0,0,0,0,0,0,0,0,3,1,1,0,0,classical,calendar,built from ground_truth_resolved + stats_combined + trophies + narrative,0,0,0,100.0,74.19354838709677,100.0
1991,1991,Lothar Matthäus,Lothar Matthäus,lothar-matthaus-1961,2,1991-01-01,1991-12-31,Internazionale,Germany,Midfielder sweeper,defender,0,0,1,0,16.0,31.0,0.5161290322580645,31.0,0,0,0,0,0,0,0,0,0,0,0,1,3,3,0,0,classical,calendar,built from ground_truth_resolved + stats_combined + trophies + narrative,0,0,0,83.87096774193549,54.83870967741935,77.41935483870968
1991,1991,Robert Prosinečki,Robert Prosinečki,robert-prosinecki-1969,5,1991-01-01,1991-12-31,Red Star Belgrade Real Madrid,Yugoslavia,Midfielder,midfielder,0,1,0,0,12.0,29.0,0.41379310344827586,29.0,0,1,0,0,0,0,0,0,0,0,0,1,3,3,0,0,classical,calendar,built from ground_truth_resolved + stats_combined + trophies + narrative,0,0,0,66.12903225806451,24.193548387096776,70.96774193548387
1991,1991,Gary Lineker,Gary Lineker,gary-lineker-1960,6,1991-01-01,1991-12-31,Tottenham Hotspur,England,Striker,forward,1,0,0,0,15.0,32.0,0.46875,32.0,0,0,0,0,0,0,0,0,0,0,0,2,2,2,0,0,classical,calendar,built from ground_truth_resolved + stats_combined + trophies + narrative,0,0,0,77.41935483870968,74.19354838709677,74.19354838709677
1991,1991,Gianluca Vialli,Gianluca Vialli,gianluca-vialli-1964,7,1991-01-01,1991-12-31,Sampdoria,Italy,Striker,forward,1,0,0,0,19.0,26.0,0.7307692307692307,26.0,0,0,0,0,0,0,0,0,0,0,0,3,1,1,0,0,classical,calendar,built from ground_truth_resolved + stats_combined + trophies + narrative,0,0,0,90.32258064516128,14.516129032258066,93.54838709677419
1991,1991,Miodrag Belodedici,Miodrag Belodedici,miodrag-belodedici-1964,8,1991-01-01,1991-12-31,Red Star Belgrade,Romania,Sweeper,defender,0,0,1,0,2.0,32.0,0.07407407407407407,,1,1,0,0,0,0,0,0,0,0,0,3,1,1,0,0,classical,calendar,built from ground_truth_resolved + stats_combined + trophies + narrative,1,1,1,11.29032258064516,74.19354838709677,11.29032258064516
1991,1991,Mark Hughes,Mark Hughes,mark-hughes-1963,9,1991-01-01,1991-12-31,Manchester United,Wales,Forward,forward,1,0,0,0,10.0,31.0,0.3225806451612903,31.0,0,0,0,0,0,0,0,0,0,0,0,1,3,3,0,0,classical,calendar,built from ground_truth_resolved + stats_combined + trophies + narrative,0,0,0,54.83870967741935,54.83870967741935,54.83870967741935
1991,1991,Chris Waddle,Chris Waddle,chris-waddle-1960,10,1991-01-01,1991-12-31,Marseille,England,Winger attacking midfielder,forward,1,0,0,0,6.0,35.0,0.17142857142857143,35.0,0,0,1,0,0,0,0,0,0,0,0,2,2,2,0,0,classical,calendar,built from ground_truth_resolved + stats_combined + trophies + narrative,0,0,0,30.64516129032258,93.54838709677419,25.806451612903224
1991,1991,Michael Laudrup,Michael Laudrup,michael-laudrup-1964,11,1991-01-01,1991-12-31,Barcelona,Denmark,Attacking midfielder second striker,forward,1,0,0,0,9.0,30.0,0.3,30.0,0,0,1,0,0,0,0,0,0,0,0,1,3,3,1,1,classical,calendar,built from ground_truth_resolved + stats_combined + trophies + narrative,0,0,0,50.0,37.096774193548384,48.38709677419355
1991,1991,Rudi Völler,Rudi Völler,rudi-voller-1960,12,1991-01-01,1991-12-31,Roma,Germany,Forward,forward,1,0,0,0,11.0,30.0,0.36666666666666664,30.0,0,0,0,0,0,0,0,0,0,0,0,2,2,2,0,0,classical,calendar,built from ground_truth_resolved + stats_combined + trophies + narrative,0,0,0,59.67741935483871,37.096774193548384,61.29032258064516
1991,1991,Txiki Begiristain,Txiki Begiristain,txiki-begiristain-1964,13,1991-01-01,1991-12-31,Barcelona,Spain,Winger forward,forward,1,0,0,0,6.0,33.0,0.18181818181818182,33.0,0,0,1,0,0,0,0,0,0,0,0,1,3,3,1,1,classical,calendar,built from ground_truth_resolved + stats_combined + trophies + narrative,0,0,0,30.64516129032258,88.70967741935483,32.25806451612903
1991,1991,Stéphane Chapuisat,Stéphane Chapuisat,stephane-chapuisat-1969,13,1991-01-01,1991-12-31,Borussia Dortmund,Switzerland,Striker,forward,1,0,0,0,16.0,30.0,0.5348837209302325,,1,0,0,0,0,0,0,0,0,0,0,2,2,2,0,0,classical,calendar,built from ground_truth_resolved + stats_combined + trophies + narrative,1,1,1,83.87096774193549,37.096774193548384,82.25806451612904
1991,1991,Bruno Martini,Bruno Martini,bruno-martini-1962,13,1991-01-01,1991-12-31,Auxerre,France,Goalkeeper,goalkeeper,0,0,0,1,0.0,32.0,0.0,,1,0,0,0,0,0,0,0,0,0,0,3,1,1,0,0,classical,calendar,built from ground_truth_resolved + stats_combined + trophies + narrative,1,1,1,4.838709677419355,74.19354838709677,4.838709677419355
1991,1991,Paul McGrath,Paul McGrath,paul-mcgrath,13,1991-01-01,1991-12-31,Aston Villa,Republic of Ireland,,unknown,0,0,0,0,5.0,28.0,0.1724137931034483,,1,0,0,0,0,0,0,0,0,0,0,2,2,2,0,0,classical,calendar,built from ground_truth_resolved + stats_combined + trophies + narrative,1,1,1,25.806451612903224,19.35483870967742,29.03225806451613
1991,1991,Dean Saunders,Dean Saunders,dean-saunders-1964,13,1991-01-01,1991-12-31,Derby County Liverpool,Wales,Striker,forward,1,0,0,0,16.0,30.0,0.5348837209302325,,1,0,0,0,0,0,0,0,0,0,0,1,3,3,0,0,classical,calendar,built from ground_truth_resolved + stats_combined + trophies + narrative,1,1,1,83.87096774193549,37.096774193548384,82.25806451612904
1991,1991,Hristo Stoichkov,Hristo Stoichkov,hristo-stoichkov-1966,13,1991-01-01,1991-12-31,Barcelona,Bulgaria,Forward,forward,1,0,0,0,14.0,24.0,0.5833333333333334,24.0,0,0,1,0,0,0,0,0,0,0,0,1,3,3,1,1,classical,calendar,built from ground_truth_resolved + stats_combined + trophies + narrative,0,0,0,72.58064516129032,6.451612903225806,87.09677419354838
1991,1991,Roberto Mancini,Roberto Mancini,roberto-mancini-1964,19,1991-01-01,1991-12-31,Sampdoria,Italy,Forward attacking midfielder,forward,1,0,0,0,12.0,30.0,0.4,30.0,0,0,0,0,0,0,0,0,0,0,0,3,1,1,0,0,classical,calendar,built from ground_truth_resolved + stats_combined + trophies + narrative,0,0,0,66.12903225806451,37.096774193548384,67.74193548387096
1991,1991,Marco van Basten,Marco van Basten,marco-van-basten-1964,19,1991-01-01,1991-12-31,Milan,Netherlands,Striker,forward,1,0,0,0,11.0,31.0,0.3548387096774194,31.0,0,0,0,0,0,0,0,0,0,0,0,1,3,3,0,0,classical,calendar,built from ground_truth_resolved + stats_combined + trophies + narrative,0,0,0,59.67741935483871,54.83870967741935,58.06451612903226
1991,1991,Guido Buchwald,Guido Buchwald,guido-buchwald-1961,21,1991-01-01,1991-12-31,VfB Stuttgart,Germany,Defender,defender,0,0,1,0,3.0,21.0,0.14285714285714285,21.0,0,0,0,0,0,0,0,0,0,0,0,3,1,1,0,0,classical,calendar,built from ground_truth_resolved + stats_combined + trophies + narrative,0,0,0,16.129032258064516,3.225806451612903,22.58064516129032
1991,1991,Thomas Doll,Thomas Doll,thomas-doll-1966,21,1991-01-01,1991-12-31,Lazio,Germany,Attacking midfielder,midfielder,0,1,0,0,4.0,33.0,0.12121212121212122,33.0,0,0,0,0,0,0,0,0,0,0,0,2,2,2,0,0,classical,calendar,built from ground_truth_resolved + stats_combined + trophies + narrative,0,0,0,20.967741935483872,88.70967741935483,16.129032258064516
1991,1991,Stefan Effenberg,Stefan Effenberg,stefan-effenberg-1968,21,1991-01-01,1991-12-31,Bayern Munich,Germany,Midfielder,midfielder,0,1,0,0,9.0,32.0,0.28125,32.0,0,0,0,0,0,0,0,0,0,0,0,1,3,3,0,0,classical,calendar,built from ground_truth_resolved + stats_combined + trophies + narrative,0,0,0,50.0,74.19354838709677,45.16129032258064
1991,1991,Ruud Gullit,Ruud Gullit,ruud-gullit-1962,21,1991-01-01,1991-12-31,Milan,Netherlands,Midfielder,midfielder,0,1,0,0,7.0,26.0,0.2692307692307692,26.0,0,0,0,0,0,0,0,0,0,0,0,1,3,3,0,0,classical,calendar,built from ground_truth_resolved + stats_combined + trophies + narrative,0,0,0,38.70967741935484,14.516129032258066,41.935483870967744
1991,1991,Gheorghe Hagi,Gheorghe Hagi,gheorghe-hagi-1965,21,1991-01-01,1991-12-31,Real Madrid,Romania,Attacking midfielder,midfielder,0,1,0,0,4.0,29.0,0.13793103448275862,29.0,0,0,0,0,0,0,0,0,0,0,0,1,3,3,0,0,classical,calendar,built from ground_truth_resolved + stats_combined + trophies + narrative,0,0,0,20.967741935483872,24.193548387096776,19.35483870967742
1991,1991,Oleksiy Mykhaylychenko,Oleksiy Mykhaylychenko,oleksiy-mykhaylychenko-1963,21,1991-01-01,1991-12-31,Rangers,Soviet Union,Attacking midfielder,midfielder,0,1,0,0,7.0,31.0,0.21875,,1,0,0,0,0,0,0,0,0,0,0,3,1,1,0,0,classical,calendar,built from ground_truth_resolved + stats_combined + trophies + narrative,1,1,1,38.70967741935484,54.83870967741935,37.096774193548384
1991,1991,Gary Pallister,Gary Pallister,gary-pallister-1965,21,1991-01-01,1991-12-31,Manchester United,England,Centre-back,defender,0,0,1,0,2.0,32.0,0.07407407407407407,,1,0,0,0,0,0,0,0,0,0,0,1,3,3,0,0,classical,calendar,built from ground_truth_resolved + stats_combined + trophies + narrative,1,1,1,11.29032258064516,74.19354838709677,11.29032258064516
1991,1991,Dimitris Saravakos,Dimitris Saravakos,dimitris-saravakos-1961,21,1991-01-01,1991-12-31,Panathinaikos,Greece,Winger attacking midfielder,forward,1,0,0,0,23.0,30.0,0.7666666666666667,30.0,0,0,0,0,0,0,0,0,0,0,0,3,1,1,0,0,classical,calendar,built from ground_truth_resolved + stats_combined + trophies + narrative,0,0,0,95.16129032258065,37.096774193548384,96.7741935483871
1991,1991,Gianluca Pagliuca,Gianluca Pagliuca,gianluca-pagliuca-1966,21,1991-01-01,1991-12-31,Sampdoria,Italy,Goalkeeper,goalkeeper,0,0,0,1,0.0,32.0,0.0,32.0,0,0,0,0,0,0,0,0,0,0,0,3,1,1,0,0,classical,calendar,built from ground_truth_resolved + stats_combined + trophies + narrative,0,0,0,4.838709677419355,74.19354838709677,4.838709677419355
1991,1991,Guy Hellers,Guy Hellers,guy-hellers-1964,21,1991-01-01,1991-12-31,Standard Liège,Luxembourg,Midfielder,midfielder,0,1,0,0,7.0,31.0,0.21875,,1,0,0,0,0,0,0,0,0,0,0,3,1,1,0,0,classical,calendar,built from ground_truth_resolved + stats_combined + trophies + narrative,1,1,1,38.70967741935484,54.83870967741935,37.096774193548384
1991,1991,Laurent Blanc,Laurent Blanc,laurent-blanc-1965,21,1991-01-01,1991-12-31,Napoli,France,Centre-back,defender,0,0,1,0,14.0,38.0,0.3684210526315789,38.0,0,0,0,0,0,0,0,0,0,0,0,2,2,2,0,0,classical,calendar,built from ground_truth_resolved + stats_combined + trophies + narrative,0,0,0,72.58064516129032,100.0,64.51612903225806
1992,1992,Marco van Basten,Marco van Basten,marco-van-basten-1964,1,1992-01-01,1992-12-31,Milan,Netherlands,Striker,forward,1,0,0,0,25.0,31.0,0.8064516129032258,31.0,0,0,0,0,0,1,0,0,0,0,0,1,3,3,0,0,classical,calendar,built from ground_truth_resolved + stats_combined + trophies + narrative,0,0,0,95.45454545454545,47.72727272727273,100.0
1992,1992,Hristo Stoichkov,Hristo Stoichkov,hristo-stoichkov-1966,2,1992-01-01,1992-12-31,Barcelona,Bulgaria,Forward,forward,1,0,0,0,17.0,32.0,0.53125,32.0,0,1,1,1,0,1,0,0,0,0,0,1,3,3,0,0,classical,calendar,built from ground_truth_resolved + stats_combined + trophies + narrative,0,0,0,86.36363636363636,63.63636363636363,77.27272727272727
1992,1992,Dennis Bergkamp,Dennis Bergkamp,dennis-bergkamp-1969,3,1992-01-01,1992-12-31,Ajax,Netherlands,Forward attacking midfielder,forward,1,0,0,0,24.0,30.0,0.8,30.0,0,0,0,0,0,1,0,0,0,0,0,2,2,2,0,0,classical,calendar,built from ground_truth_resolved + stats_combined + trophies + narrative,0,0,0,90.9090909090909,29.545454545454547,95.45454545454545
1992,1992,Thomas Häßler,Thomas Häßler,thomas-ha-ler-1966,4,1992-01-01,1992-12-31,Roma,Germany,Attacking midfielder,midfielder,0,1,0,0,3.0,32.0,0.09375,32.0,0,0,0,0,0,1,0,0,0,0,0,2,2,2,0,0,classical,calendar,built from ground_truth_resolved + stats_combined + trophies + narrative,0,0,0,34.090909090909086,63.63636363636363,27.27272727272727
1992,1992,Peter Schmeichel,Peter Schmeichel,peter-schmeichel-1963,5,1992-01-01,1992-12-31,Manchester United,Denmark,Goalkeeper,goalkeeper,0,0,0,1,0.0,40.0,0.0,40.0,0,0,1,0,0,1,0,0,1,0,1,1,3,3,1,1,classical,calendar,built from ground_truth_resolved + stats_combined + trophies + narrative,0,0,0,9.090909090909092,100.0,9.090909090909092
1992,1992,Brian Laudrup,Brian Laudrup,brian-laudrup-1969,6,1992-01-01,1992-12-31,Fiorentina,Denmark,Forward    winger   midfielder,forward,1,0,0,0,2.0,20.0,0.1,20.0,0,0,0,0,0,1,0,0,1,0,1,2,2,2,1,1,classical,calendar,built from ground_truth_resolved + stats_combined + trophies + narrative,0,0,0,22.727272727272727,4.545454545454546,36.36363636363637
1992,1992,Michael Laudrup,Michael Laudrup,michael-laudrup-1964,7,1992-01-01,1992-12-31,Barcelona,Denmark,Attacking midfielder second striker,forward,1,0,0,0,13.0,36.0,0.3611111111111111,36.0,0,1,1,1,0,1,0,0,1,0,1,1,3,3,1,1,classical,calendar,built from ground_truth_resolved + stats_combined + trophies + narrative,0,0,0,68.18181818181817,90.9090909090909,59.09090909090909
1992,1992,Ronald Koeman,Ronald Koeman,ronald-koeman-1963,8,1992-01-01,1992-12-31,Barcelona,Netherlands,Defender midfielder,defender,0,0,1,0,16.0,35.0,0.45714285714285713,35.0,0,1,1,1,0,1,0,0,0,0,0,1,3,3,0,0,classical,calendar,built from ground_truth_resolved + stats_combined + trophies + narrative,0,0,0,77.27272727272727,86.36363636363636,72.72727272727273
1992,1992,Stéphane Chapuisat,Stéphane Chapuisat,stephane-chapuisat-1969,9,1992-01-01,1992-12-31,Borussia Dortmund,Switzerland,Striker,forward,1,0,0,0,16.0,30.0,0.5348837209302325,,1,0,0,0,0,1,0,0,0,0,0,2,2,2,0,0,classical,calendar,built from ground_truth_resolved + stats_combined + trophies + narrative,1,1,1,77.27272727272727,29.545454545454547,84.0909090909091
1992,1992,Frank Rijkaard,Frank Rijkaard,frank-rijkaard-1962,10,1992-01-01,1992-12-31,Milan,Netherlands,Defensive midfielder,midfielder,0,1,0,0,7.0,31.0,0.21875,,1,0,0,0,0,1,0,0,0,0,0,1,3,3,0,0,classical,calendar,built from ground_truth_resolved + stats_combined + trophies + narrative,1,1,1,47.72727272727273,47.72727272727273,47.72727272727273
1992,1992,Enzo Scifo,Enzo Scifo,enzo-scifo-1966,10,1992-01-01,1992-12-31,Torino,Belgium,Attacking midfielder,midfielder,0,1,0,0,9.0,30.0,0.3,30.0,0,0,0,0,0,1,0,0,0,0,0,3,1,1,0,0,classical,calendar,built from ground_truth_resolved + stats_combined + trophies + narrative,0,0,0,59.09090909090909,29.545454545454547,54.54545454545454
1992,1992,Flemming Povlsen,Flemming Povlsen,flemming-povlsen-1966,12,1992-01-01,1992-12-31,Borussia Dortmund,Denmark,Forward,forward,1,0,0,0,16.0,30.0,0.5348837209302325,,1,0,0,0,0,1,0,0,1,0,1,2,2,2,1,1,classical,calendar,built from ground_truth_resolved + stats_combined + trophies + narrative,1,1,1,77.27272727272727,29.545454545454547,84.0909090909091
1992,1992,Henrik Larsen,Henrik Larsen,henrik-larsen-1966,13,1992-01-01,1992-12-31,Pisa,Denmark,Midfielder,midfielder,0,1,0,0,7.0,31.0,0.21875,,1,0,0,0,0,1,0,0,1,0,1,3,1,1,1,1,classical,calendar,built from ground_truth_resolved + stats_combined + trophies + narrative,1,1,1,47.72727272727273,47.72727272727273,47.72727272727273
1992,1992,John Jensen,John Jensen,john-jensen-1965,14,1992-01-01,1992-12-31,Arsenal,Denmark,Central midfielder,midfielder,0,1,0,0,2.0,27.0,0.07407407407407407,27.0,0,0,0,0,0,1,0,0,1,0,1,2,2,2,1,1,classical,calendar,built from ground_truth_resolved + stats_combined + trophies + narrative,0,0,0,22.727272727272727,13.636363636363635,20.454545454545457
1992,1992,Paolo Maldini,Paolo Maldini,paolo-maldini-1968,14,1992-01-01,1992-12-31,Milan,Italy,Left-back centre-back,defender,0,0,1,0,3.0,31.0,0.0967741935483871,31.0,0,0,0,0,0,1,0,0,0,0,0,1,3,3,0,0,classical,calendar,built from ground_truth_resolved + stats_combined + trophies + narrative,0,0,0,34.090909090909086,47.72727272727273,31.818181818181817
1992,1992,Henrik Andersen,Henrik Andersen,henrik-andersen-1965,16,1992-01-01,1992-12-31,1. FC Köln,Denmark,Left-back,defender,0,0,1,0,2.0,32.0,0.07407407407407407,,1,0,0,0,0,1,0,0,1,0,1,3,1,1,1,1,classical,calendar,built from ground_truth_resolved + stats_combined + trophies + narrative,1,1,1,22.727272727272727,63.63636363636363,20.454545454545457
1992,1992,David Platt,David Platt,david-platt-1966,16,1992-01-01,1992-12-31,Juventus,England,Midfielder,midfielder,0,1,0,0,11.0,29.0,0.3793103448275862,29.0,0,0,0,0,0,1,0,0,0,0,0,1,3,3,0,0,classical,calendar,built from ground_truth_resolved + stats_combined + trophies + narrative,0,0,0,63.63636363636363,18.181818181818183,63.63636363636363
1992,1992,Tomas Brolin,Tomas Brolin,tomas-brolin-1969,16,1992-01-01,1992-12-31,Parma,Sweden,Midfielder forward,forward,1,0,0,0,4.0,34.0,0.11764705882352941,34.0,0,0,0,0,0,1,0,0,0,0,0,3,1,1,0,0,classical,calendar,built from ground_truth_resolved + stats_combined + trophies + narrative,0,0,0,40.909090909090914,79.54545454545455,40.909090909090914
1992,1992,Jean-Pierre Papin,Jean-Pierre Papin,jean-pierre-papin-1963,16,1992-01-01,1992-12-31,Milan,France,Striker,forward,1,0,0,0,27.0,37.0,0.7297297297297297,37.0,0,0,0,0,0,1,0,0,0,0,0,1,3,3,0,0,classical,calendar,built from ground_truth_resolved + stats_combined + trophies + narrative,0,0,0,100.0,95.45454545454545,90.9090909090909
1992,1992,Franco Baresi,Franco Baresi,franco-baresi-1960,20,1992-01-01,1992-12-31,Milan,Italy,Centre-back,defender,0,0,1,0,0.0,33.0,0.0,33.0,0,0,0,0,0,1,0,0,0,0,0,1,3,3,0,0,classical,calendar,built from ground_truth_resolved + stats_combined + trophies + narrative,0,0,0,9.090909090909092,72.72727272727273,9.090909090909092
1992,1992,Rune Bratseth,Rune Bratseth,rune-bratseth-1961,20,1992-01-01,1992-12-31,Werder Bremen,Norway,Libero,defender,0,0,1,0,0.0,34.0,0.0,34.0,0,0,0,0,0,1,0,0,0,0,0,3,1,1,0,0,classical,calendar,built from ground_truth_resolved + stats_combined + trophies + narrative,0,0,0,9.090909090909092,79.54545454545455,9.090909090909092
1992,1992,Andreas Herzog,Andreas Herzog,andreas-herzog-1968,20,1992-01-01,1992-12-31,Werder Bremen,Austria,Attacking midfielder,midfielder,0,1,0,0,8.0,21.0,0.38095238095238093,21.0,0,0,0,0,0,1,0,0,0,0,0,3,1,1,0,0,classical,calendar,built from ground_truth_resolved + stats_combined + trophies + narrative,0,0,0,54.54545454545454,9.090909090909092,68.18181818181817
1993,1993,Roberto Baggio,Roberto Baggio,roberto-baggio-1967,1,1993-01-01,1993-12-31,Juventus,Italy,Second striker attacking midfielder,forward,1,0,0,0,21.0,27.0,0.7777777777777778,27.0,0,0,0,0,0,0,1,0,0,0,0,1,3,3,0,0,classical,calendar,built from ground_truth_resolved + stats_combined + trophies + narrative,0,0,0,90.0,25.0,93.33333333333333
1993,1993,Dennis Bergkamp,Dennis Bergkamp,dennis-bergkamp-1969,2,1993-01-01,1993-12-31,Internazionale,Netherlands,Forward attacking midfielder,forward,1,0,0,0,26.0,28.0,0.9285714285714286,28.0,0,0,0,0,0,0,1,0,0,0,0,1,3,3,0,0,classical,calendar,built from ground_truth_resolved + stats_combined + trophies + narrative,0,0,0,98.33333333333333,31.666666666666664,100.0
1993,1993,Eric Cantona,Eric Cantona,eric-cantona-1966,3,1993-01-01,1993-12-31,Manchester United,France,Forward,forward,1,0,0,0,15.0,35.0,0.42857142857142855,35.0,0,0,1,0,0,0,1,0,0,0,0,1,3,3,0,0,classical,calendar,built from ground_truth_resolved + stats_combined + trophies + narrative,0,0,0,76.66666666666667,86.66666666666667,70.0
1993,1993,Alen Bokšić,Alen Bokšić,alen-boksic-1970,4,1993-01-01,1993-12-31,Lazio,Croatia,Forward,forward,1,0,0,0,23.0,37.0,0.6216216216216216,37.0,0,0,0,0,0,0,1,0,0,0,0,2,2,2,0,0,classical,calendar,built from ground_truth_resolved + stats_combined + trophies + narrative,0,0,0,93.33333333333333,91.66666666666666,90.0
1993,1993,Michael Laudrup,Michael Laudrup,michael-laudrup-1964,5,1993-01-01,1993-12-31,Barcelona,Denmark,Attacking midfielder second striker,forward,1,0,0,0,10.0,37.0,0.2702702702702703,37.0,0,0,1,0,0,0,1,0,0,0,0,1,3,3,0,0,classical,calendar,built from ground_truth_resolved + stats_combined + trophies + narrative,0,0,0,61.66666666666667,91.66666666666666,53.333333333333336
1993,1993,Franco Baresi,Franco Baresi,franco-baresi-1960,6,1993-01-01,1993-12-31,Milan,Italy,Centre-back,defender,0,0,1,0,0.0,29.0,0.0,29.0,0,0,0,0,0,0,1,0,0,0,0,1,3,3,1,1,classical,calendar,built from ground_truth_resolved + stats_combined + trophies + narrative,0,0,0,5.0,40.0,5.0
1993,1993,Paolo Maldini,Paolo Maldini,paolo-maldini-1968,7,1993-01-01,1993-12-31,Milan,Italy,Left-back centre-back,defender,0,0,1,0,2.0,31.0,0.06451612903225806,31.0,0,0,0,0,0,0,1,0,0,0,0,1,3,3,1,1,classical,calendar,built from ground_truth_resolved + stats_combined + trophies + narrative,0,0,0,23.333333333333332,56.666666666666664,16.666666666666664
1993,1993,Emil Kostadinov,Emil Kostadinov,emil-kostadinov-1967,8,1993-01-01,1993-12-31,Porto,Bulgaria,Striker winger,forward,1,0,0,0,16.0,30.0,0.5348837209302325,,1,0,0,0,0,0,1,0,0,0,0,2,2,2,0,0,classical,calendar,built from ground_truth_resolved + stats_combined + trophies + narrative,1,1,1,81.66666666666667,50.0,81.66666666666667
1993,1993,Stéphane Chapuisat,Stéphane Chapuisat,stephane-chapuisat-1969,9,1993-01-01,1993-12-31,Borussia Dortmund,Switzerland,Striker,forward,1,0,0,0,16.0,30.0,0.5348837209302325,,1,0,0,0,0,0,1,0,0,0,0,2,2,2,0,0,classical,calendar,built from ground_truth_resolved + stats_combined + trophies + narrative,1,1,1,81.66666666666667,50.0,81.66666666666667
1993,1993,Ryan Giggs,Ryan Giggs,ryan-giggs-1973,9,1993-01-01,1993-12-31,Manchester United,Wales,Left midfielder left winger,forward,1,0,0,0,9.0,41.0,0.21951219512195122,41.0,0,0,1,0,0,0,1,0,0,0,0,1,3,3,0,0,classical,calendar,built from ground_truth_resolved + stats_combined + trophies + narrative,0,0,0,53.333333333333336,96.66666666666667,50.0
1993,1993,Andreas Möller,Andreas Möller,andreas-moller-1967,11,1993-01-01,1993-12-31,Juventus,Germany,Attacking midfielder,midfielder,0,1,0,0,10.0,26.0,0.38461538461538464,26.0,0,0,0,0,0,0,1,0,0,0,0,1,3,3,0,0,classical,calendar,built from ground_truth_resolved + stats_combined + trophies + narrative,0,0,0,61.66666666666667,20.0,66.66666666666666
1993,1993,Ruud Gullit,Ruud Gullit,ruud-gullit-1962,12,1993-01-01,1993-12-31,Sampdoria,Netherlands,Midfielder,midfielder,0,1,0,0,7.0,15.0,0.4666666666666667,15.0,0,0,0,0,0,0,1,0,0,0,0,3,1,1,0,0,classical,calendar,built from ground_truth_resolved + stats_combined + trophies + narrative,0,0,0,48.333333333333336,6.666666666666667,73.33333333333333
1993,1993,Peter Schmeichel,Peter Schmeichel,peter-schmeichel-1963,12,1993-01-01,1993-12-31,Manchester United,Denmark,Goalkeeper,goalkeeper,0,0,0,1,0.0,42.0,0.0,42.0,0,0,1,0,0,0,1,0,0,0,0,1,3,3,0,0,classical,calendar,built from ground_truth_resolved + stats_combined + trophies + narrative,0,0,0,5.0,100.0,5.0
1993,1993,Hristo Stoichkov,Hristo Stoichkov,hristo-stoichkov-1966,12,1993-01-01,1993-12-31,Barcelona,Bulgaria,Forward,forward,1,0,0,0,20.0,34.0,0.5882352941176471,34.0,0,0,1,0,0,0,1,0,0,0,0,1,3,3,0,0,classical,calendar,built from ground_truth_resolved + stats_combined + trophies + narrative,0,0,0,86.66666666666667,83.33333333333334,86.66666666666667
1993,1993,Basile Boli,Basile Boli,basile-boli-1967,15,1993-01-01,1993-12-31,Marseille,France,Defender,defender,0,0,1,0,4.0,32.0,0.125,32.0,0,1,0,0,0,0,1,0,0,0,0,2,2,2,0,0,classical,calendar,built from ground_truth_resolved + stats_combined + trophies + narrative,0,0,0,35.0,66.66666666666666,30.0
1993,1993,Rune Bratseth,Rune Bratseth,rune-bratseth-1961,15,1993-01-01,1993-12-31,Werder Bremen,Norway,Libero,defender,0,0,1,0,5.0,29.0,0.1724137931034483,29.0,0,0,0,0,0,0,1,0,0,0,0,3,1,1,0,0,classical,calendar,built from ground_truth_resolved + stats_combined + trophies + narrative,0,0,0,41.66666666666667,40.0,35.0
1993,1993,Enzo Scifo,Enzo Scifo,enzo-scifo-1966,17,1993-01-01,1993-12-31,Monaco,Belgium,Attacking midfielder,midfielder,0,1,0,0,7.0,32.0,0.21875,32.0,0,0,0,0,0,0,1,0,0,0,0,2,2,2,0,0,classical,calendar,built from ground_truth_resolved + stats_combined + trophies + narrative,0,0,0,48.333333333333336,66.66666666666666,46.666666666666664
1993,1993,Andreas Herzog,Andreas Herzog,andreas-herzog-1968,18,1993-01-01,1993-12-31,Werder Bremen,Austria,Attacking midfielder,midfielder,0,1,0,0,10.0,33.0,0.30303030303030304,33.0,0,0,0,0,0,0,1,0,0,0,0,3,1,1,0,0,classical,calendar,built from ground_truth_resolved + stats_combined + trophies + narrative,0,0,0,61.66666666666667,78.33333333333333,56.666666666666664
1993,1993,Ronald Koeman,Ronald Koeman,ronald-koeman-1963,18,1993-01-01,1993-12-31,Barcelona,Netherlands,Defender midfielder,defender,0,0,1,0,11.0,33.0,0.3333333333333333,33.0,0,0,1,0,0,0,1,0,0,0,0,1,3,3,0,0,classical,calendar,built from ground_truth_resolved + stats_combined + trophies + narrative,0,0,0,71.66666666666667,78.33333333333333,60.0
1993,1993,Jari Litmanen,Jari Litmanen,jari-litmanen-1971,18,1993-01-01,1993-12-31,Ajax,Finland,Attacking midfielder second striker,forward,1,0,0,0,1.0,12.0,0.08333333333333333,12.0,0,0,0,0,0,0,1,0,0,0,0,2,2,2,0,0,classical,calendar,built from ground_truth_resolved + stats_combined + trophies + narrative,0,0,0,13.333333333333334,3.3333333333333335,26.666666666666668
1993,1993,Dino Baggio,Dino Baggio,dino-baggio-1971,21,1993-01-01,1993-12-31,Juventus,Italy,Midfielder,midfielder,0,1,0,0,1.0,32.0,0.03125,32.0,0,0,0,0,0,0,1,0,0,0,0,1,3,3,0,0,classical,calendar,built from ground_truth_resolved + stats_combined + trophies + narrative,0,0,0,13.333333333333334,66.66666666666666,10.0
1993,1993,Sergei Kiriakov,Sergei Kiriakov,sergei-kiriakov-1970,21,1993-01-01,1993-12-31,Karlsruher SC,Russia,Winger striker,forward,1,0,0,0,11.0,29.0,0.3793103448275862,29.0,0,0,0,0,0,0,1,0,0,0,0,3,1,1,0,0,classical,calendar,built from ground_truth_resolved + stats_combined + trophies + narrative,0,0,0,71.66666666666667,40.0,63.33333333333333
1993,1993,David Platt,David Platt,david-platt-1966,21,1993-01-01,1993-12-31,Sampdoria,England,Midfielder,midfielder,0,1,0,0,3.0,16.0,0.1875,16.0,0,0,0,0,0,0,1,0,0,0,0,3,1,1,0,0,classical,calendar,built from ground_truth_resolved + stats_combined + trophies + narrative,0,0,0,30.0,10.0,43.333333333333336
1993,1993,Franck Sauzée,Franck Sauzée,franck-sauzee-1965,21,1993-01-01,1993-12-31,Atalanta,France,Midfielder  sweeper,defender,0,0,1,0,2.0,32.0,0.07407407407407407,,1,0,0,0,0,0,1,0,0,0,0,2,2,2,0,0,classical,calendar,built from ground_truth_resolved + stats_combined + trophies + narrative,1,1,1,23.333333333333332,66.66666666666666,21.666666666666668
1993,1993,Giuseppe Signori,Giuseppe Signori,giuseppe-signori-1968,21,1993-01-01,1993-12-31,Lazio,Italy,Striker left winger,forward,1,0,0,0,26.0,32.0,0.8125,32.0,0,0,0,0,0,0,1,0,0,0,0,2,2,2,0,0,classical,calendar,built from ground_truth_resolved + stats_combined + trophies + narrative,0,0,0,98.33333333333333,66.66666666666666,96.66666666666667
1993,1993,Tomas Brolin,Tomas Brolin,tomas-brolin-1969,26,1993-01-01,1993-12-31,Parma,Sweden,Midfielder forward,forward,1,0,0,0,4.0,22.0,0.18181818181818182,22.0,0,0,0,0,0,0,1,0,0,0,0,3,1,1,0,0,classical,calendar,built from ground_truth_resolved + stats_combined + trophies + narrative,0,0,0,35.0,16.666666666666664,40.0
1993,1993,Martin Dahlin,Martin Dahlin,martin-dahlin-1968,26,1993-01-01,1993-12-31,Borussia Mönchengladbach,Sweden,Striker,forward,1,0,0,0,10.0,20.0,0.5,20.0,0,0,0,0,0,0,1,0,0,0,0,2,2,2,0,0,classical,calendar,built from ground_truth_resolved + stats_combined + trophies + narrative,0,0,0,61.66666666666667,13.333333333333334,76.66666666666667
1993,1993,Georges Grün,Georges Grün,georges-grun-1962,26,1993-01-01,1993-12-31,Parma,Belgium,Defender,defender,0,0,1,0,2.0,27.0,0.07407407407407407,27.0,0,0,0,0,0,0,1,0,0,0,0,3,1,1,0,0,classical,calendar,built from ground_truth_resolved + stats_combined + trophies + narrative,0,0,0,23.333333333333332,25.0,21.666666666666668
1993,1993,Stelios Manolas,Stelios Manolas,stelios-manolas-1961,26,1993-01-01,1993-12-31,AEK Athens,Greece,Center back,defender,0,0,1,0,1.0,30.0,0.03333333333333333,30.0,0,0,0,0,0,0,1,0,0,0,0,3,1,1,0,0,classical,calendar,built from ground_truth_resolved + stats_combined + trophies + narrative,0,0,0,13.333333333333334,50.0,13.333333333333334
1993,1993,Paul McGrath,Paul McGrath,paul-mcgrath,26,1993-01-01,1993-12-31,Aston Villa,Republic of Ireland,,unknown,0,0,0,0,5.0,28.0,0.1724137931034483,,1,0,0,0,0,0,1,0,0,0,0,2,2,2,0,0,classical,calendar,built from ground_truth_resolved + stats_combined + trophies + narrative,1,1,1,41.66666666666667,31.666666666666664,35.0
1994,1994,Hristo Stoichkov,Hristo Stoichkov,hristo-stoichkov-1966,1,1994-01-01,1994-12-31,Barcelona,Bulgaria,Forward,forward,1,0,0,0,16.0,34.0,0.47058823529411764,34.0,0,0,0,0,1,0,0,0,0,0,0,1,3,3,0,0,classical,calendar,built from ground_truth_resolved + stats_combined + trophies + narrative,0,0,0,83.92857142857143,92.85714285714286,82.14285714285714
1994,1994,Roberto Baggio,Roberto Baggio,roberto-baggio-1967,2,1994-01-01,1994-12-31,Juventus,Italy,Second striker attacking midfielder,forward,1,0,0,0,17.0,32.0,0.53125,32.0,0,0,0,0,1,0,0,0,0,0,0,1,3,3,0,0,classical,calendar,built from ground_truth_resolved + stats_combined + trophies + narrative,0,0,0,89.28571428571429,80.35714285714286,89.28571428571429
1994,1994,Paolo Maldini,Paolo Maldini,paolo-maldini-1968,3,1994-01-01,1994-12-31,Milan,Italy,Left-back centre-back,defender,0,0,1,0,1.0,30.0,0.03333333333333333,30.0,0,1,0,0,1,0,0,0,0,0,0,1,3,3,0,0,classical,calendar,built from ground_truth_resolved + stats_combined + trophies + narrative,0,0,0,26.785714285714285,42.857142857142854,28.57142857142857
1994,1994,Gheorghe Hagi,Gheorghe Hagi,gheorghe-hagi-1965,4,1994-01-01,1994-12-31,Barcelona,Romania,Attacking midfielder,midfielder,0,1,0,0,9.0,30.0,0.3,30.0,0,0,0,0,1,0,0,0,0,0,0,1,3,3,0,0,classical,calendar,built from ground_truth_resolved + stats_combined + trophies + narrative,0,0,0,69.64285714285714,42.857142857142854,69.64285714285714
1994,1994,Tomas Brolin,Tomas Brolin,tomas-brolin-1969,4,1994-01-01,1994-12-31,Parma,Sweden,Midfielder forward,forward,1,0,0,0,5.0,29.0,0.1724137931034483,29.0,0,0,0,0,1,0,0,0,0,0,0,3,1,1,0,0,classical,calendar,built from ground_truth_resolved + stats_combined + trophies + narrative,0,0,0,42.857142857142854,28.57142857142857,39.285714285714285
1994,1994,Jürgen Klinsmann,Jürgen Klinsmann,jurgen-klinsmann-1964,6,1994-01-01,1994-12-31,Tottenham Hotspur,Germany,Striker,forward,1,0,0,0,10.0,30.0,0.3333333333333333,30.0,0,0,0,0,1,0,0,0,0,0,0,2,2,2,0,0,classical,calendar,built from ground_truth_resolved + stats_combined + trophies + narrative,0,0,0,75.0,42.857142857142854,75.0
1994,1994,Thomas Ravelli,Thomas Ravelli,thomas-ravelli-1959,7,1994-01-01,1994-12-31,IFK Göteborg,Sweden,Goalkeeper,goalkeeper,0,0,0,1,0.0,25.0,0.0,25.0,0,0,0,0,1,0,0,0,0,0,0,3,1,1,0,0,classical,calendar,built from ground_truth_resolved + stats_combined + trophies + narrative,0,0,0,12.5,19.642857142857142,12.5
1994,1994,Jari Litmanen,Jari Litmanen,jari-litmanen-1971,8,1994-01-01,1994-12-31,Ajax,Finland,Attacking midfielder second striker,forward,1,0,0,0,26.0,30.0,0.8666666666666667,30.0,0,0,0,0,1,0,0,0,0,0,0,2,2,2,1,1,classical,calendar,built from ground_truth_resolved + stats_combined + trophies + narrative,0,0,0,100.0,42.857142857142854,96.42857142857143
1994,1994,Marcel Desailly,Marcel Desailly,marcel-desailly-1968,9,1994-01-01,1994-12-31,Milan,France,Centre-back defensive midfielder,defender,0,0,1,0,1.0,37.0,0.02702702702702703,37.0,0,1,0,0,1,0,0,0,0,0,0,1,3,3,0,0,classical,calendar,built from ground_truth_resolved + stats_combined + trophies + narrative,0,0,0,26.785714285714285,100.0,25.0
1994,1994,Dejan Savićević,Dejan Savićević,dejan-savicevic-1966,9,1994-01-01,1994-12-31,Milan,FR Yugoslavia,Attacking midfielder winger forward,forward,1,0,0,0,0.0,20.0,0.0,20.0,0,1,0,0,1,0,0,0,0,0,0,1,3,3,0,0,classical,calendar,built from ground_truth_resolved + stats_combined + trophies + narrative,0,0,0,12.5,8.928571428571429,12.5
1994,1994,Franco Baresi,Franco Baresi,franco-baresi-1960,11,1994-01-01,1994-12-31,Milan,Italy,Centre-back,defender,0,0,1,0,0.0,31.0,0.0,31.0,0,1,0,0,1,0,0,0,0,0,0,1,3,3,0,0,classical,calendar,built from ground_truth_resolved + stats_combined + trophies + narrative,0,0,0,12.5,66.07142857142857,12.5
1994,1994,Michel Preud'homme,Michel Preud'homme,michel-preud-homme-1959,11,1994-01-01,1994-12-31,Benfica,Belgium,Goalkeeper,goalkeeper,0,0,0,1,0.0,30.0,0.0,30.0,0,0,0,0,1,0,0,0,0,0,0,2,2,2,0,0,classical,calendar,built from ground_truth_resolved + stats_combined + trophies + narrative,0,0,0,12.5,42.857142857142854,12.5
1994,1994,Michael Laudrup,Michael Laudrup,michael-laudrup-1964,13,1994-01-01,1994-12-31,Real Madrid,Denmark,Attacking midfielder second striker,forward,1,0,0,0,5.0,31.0,0.16129032258064516,31.0,0,0,1,0,1,0,0,0,0,0,0,1,3,3,0,0,classical,calendar,built from ground_truth_resolved + stats_combined + trophies + narrative,0,0,0,42.857142857142854,66.07142857142857,35.714285714285715
1994,1994,Yordan Letchkov,Yordan Letchkov,yordan-letchkov-1967,13,1994-01-01,1994-12-31,Hamburger SV,Bulgaria,Midfielder,midfielder,0,1,0,0,7.0,31.0,0.21875,,1,0,0,0,1,0,0,0,0,0,0,2,2,2,0,0,classical,calendar,built from ground_truth_resolved + stats_combined + trophies + narrative,1,1,1,55.35714285714286,66.07142857142857,51.78571428571429
1994,1994,Eric Cantona,Eric Cantona,eric-cantona-1966,13,1994-01-01,1994-12-31,Manchester United,France,Forward,forward,1,0,0,0,18.0,34.0,0.5294117647058824,34.0,0,0,0,0,1,0,0,0,0,0,0,1,3,3,0,0,classical,calendar,built from ground_truth_resolved + stats_combined + trophies + narrative,0,0,0,92.85714285714286,92.85714285714286,85.71428571428571
1994,1994,Krasimir Balakov,Krasimir Balakov,krasimir-balakov-1966,16,1994-01-01,1994-12-31,Sporting CP,Bulgaria,Attacking midfielder,midfielder,0,1,0,0,7.0,31.0,0.21875,,1,0,0,0,1,0,0,0,0,0,0,2,2,2,0,0,classical,calendar,built from ground_truth_resolved + stats_combined + trophies + narrative,1,1,1,55.35714285714286,66.07142857142857,51.78571428571429
1994,1994,José Luis Caminero,José Luis Caminero,jose-luis-caminero-1967,16,1994-01-01,1994-12-31,Atlético Madrid,Spain,Midfielder,midfielder,0,1,0,0,7.0,31.0,0.21875,,1,0,0,0,1,0,0,0,0,0,0,2,2,2,0,0,classical,calendar,built from ground_truth_resolved + stats_combined + trophies + narrative,1,1,1,55.35714285714286,66.07142857142857,51.78571428571429
1994,1994,Jean-Pierre Papin,Jean-Pierre Papin,jean-pierre-papin-1963,16,1994-01-01,1994-12-31,Bayern Munich,France,Striker,forward,1,0,0,0,5.0,18.0,0.2777777777777778,18.0,0,0,0,0,1,0,0,0,0,0,0,1,3,3,0,0,classical,calendar,built from ground_truth_resolved + stats_combined + trophies + narrative,0,0,0,42.857142857142854,3.571428571428571,64.28571428571429
1994,1994,Giuseppe Signori,Giuseppe Signori,giuseppe-signori-1968,16,1994-01-01,1994-12-31,Lazio,Italy,Striker left winger,forward,1,0,0,0,23.0,24.0,0.9583333333333334,24.0,0,0,0,0,1,0,0,0,0,0,0,2,2,2,0,0,classical,calendar,built from ground_truth_resolved + stats_combined + trophies + narrative,0,0,0,96.42857142857143,14.285714285714285,100.0
1994,1994,Lothar Matthäus,Lothar Matthäus,lothar-matthaus-1961,16,1994-01-01,1994-12-31,Bayern Munich,Germany,Midfielder sweeper,defender,0,0,1,0,8.0,33.0,0.24242424242424243,33.0,0,0,0,0,1,0,0,0,0,0,0,1,3,3,0,0,classical,calendar,built from ground_truth_resolved + stats_combined + trophies + narrative,0,0,0,64.28571428571429,85.71428571428571,60.71428571428571
1994,1994,Philippe Albert,Philippe Albert,philippe-albert-1967,21,1994-01-01,1994-12-31,Newcastle United,Belgium,Defender,defender,0,0,1,0,4.0,25.0,0.16,25.0,0,0,0,0,1,0,0,0,0,0,0,2,2,2,0,0,classical,calendar,built from ground_truth_resolved + stats_combined + trophies + narrative,0,0,0,33.92857142857143,19.642857142857142,32.142857142857146
1994,1994,Otto Konrad,Otto Konrad,otto-konrad-1964,21,1994-01-01,1994-12-31,Austria Salzburg,Austria,Goalkeeper,goalkeeper,0,0,0,1,0.0,32.0,0.0,,1,0,0,0,1,0,0,0,0,0,0,3,1,1,0,0,classical,calendar,built from ground_truth_resolved + stats_combined + trophies + narrative,1,1,1,12.5,80.35714285714286,12.5
1994,1994,Ciriaco Sforza,Ciriaco Sforza,ciriaco-sforza-1970,21,1994-01-01,1994-12-31,Kaiserslautern,Switzerland,Midfielder,midfielder,0,1,0,0,7.0,31.0,0.21875,,1,0,0,0,1,0,0,0,0,0,0,3,1,1,0,0,classical,calendar,built from ground_truth_resolved + stats_combined + trophies + narrative,1,1,1,55.35714285714286,66.07142857142857,51.78571428571429
1994,1994,Kennet Andersson,Kennet Andersson,kennet-andersson-1967,24,1994-01-01,1994-12-31,Caen,Sweden,Forward,forward,1,0,0,0,16.0,30.0,0.5348837209302325,,1,0,0,0,1,0,0,0,0,0,0,3,1,1,0,0,classical,calendar,built from ground_truth_resolved + stats_combined + trophies + narrative,1,1,1,83.92857142857143,42.857142857142854,92.85714285714286
1994,1994,Zvonimir Boban,Zvonimir Boban,zvonimir-boban-1968,24,1994-01-01,1994-12-31,Milan,Croatia,Midfielder,midfielder,0,1,0,0,4.0,20.0,0.2,20.0,0,1,0,0,1,0,0,0,0,0,0,1,3,3,0,0,classical,calendar,built from ground_truth_resolved + stats_combined + trophies + narrative,0,0,0,33.92857142857143,8.928571428571429,42.857142857142854
1994,1994,Martin Dahlin,Martin Dahlin,martin-dahlin-1968,24,1994-01-01,1994-12-31,Borussia Mönchengladbach,Sweden,Striker,forward,1,0,0,0,12.0,27.0,0.4444444444444444,27.0,0,0,0,0,1,0,0,0,0,0,0,2,2,2,0,0,classical,calendar,built from ground_truth_resolved + stats_combined + trophies + narrative,0,0,0,78.57142857142857,25.0,78.57142857142857
1994,1994,Pep Guardiola,Pep Guardiola,pep-guardiola-1971,24,1994-01-01,1994-12-31,Barcelona,Spain,Defensive midfielder,midfielder,0,1,0,0,0.0,34.0,0.0,34.0,0,0,0,0,1,0,0,0,0,0,0,1,3,3,0,0,classical,calendar,built from ground_truth_resolved + stats_combined + trophies + narrative,0,0,0,12.5,92.85714285714286,12.5
1994,1994,Andreas Möller,Andreas Möller,andreas-moller-1967,24,1994-01-01,1994-12-31,Borussia Dortmund,Germany,Attacking midfielder,midfielder,0,1,0,0,9.0,30.0,0.3,30.0,0,0,0,0,1,0,0,0,0,0,0,2,2,2,0,0,classical,calendar,built from ground_truth_resolved + stats_combined + trophies + narrative,0,0,0,69.64285714285714,42.857142857142854,69.64285714285714
1995,1995,George Weah,George Weah,george-weah-1966,1,1995-01-01,1995-12-31,Paris Saint-Germain Milan,Liberia,Striker,forward,1,0,0,0,7.0,34.0,0.20588235294117646,34.0,0,0,0,0,0,0,1,0,0,0,0,1,3,3,0,0,classical,calendar,built from ground_truth_resolved + stats_combined + trophies + narrative,0,0,0,33.82352941176471,91.17647058823529,29.411764705882355
1995,1995,Jürgen Klinsmann,Jürgen Klinsmann,jurgen-klinsmann-1964,2,1995-01-01,1995-12-31,Tottenham Hotspur Bayern Munich,Germany,Striker,forward,1,0,0,0,20.0,41.0,0.4878048780487805,41.0,0,0,0,0,0,0,1,0,0,0,0,1,3,3,0,0,classical,calendar,built from ground_truth_resolved + stats_combined + trophies + narrative,0,0,0,91.17647058823529,97.05882352941177,64.70588235294117
1995,1995,Jari Litmanen,Jari Litmanen,jari-litmanen-1971,3,1995-01-01,1995-12-31,Ajax,Finland,Attacking midfielder second striker,forward,1,0,0,0,17.0,27.0,0.6296296296296297,27.0,0,1,0,0,0,0,1,0,0,0,0,2,2,2,0,0,classical,calendar,built from ground_truth_resolved + stats_combined + trophies + narrative,0,0,0,73.52941176470588,25.0,88.23529411764706
1995,1995,Alessandro Del Piero,Alessandro Del Piero,alessandro-del-piero-1974,4,1995-01-01,1995-12-31,Juventus,Italy,Second striker,forward,1,0,0,0,8.0,29.0,0.27586206896551724,29.0,0,0,0,0,0,0,1,0,0,0,0,1,3,3,1,1,classical,calendar,built from ground_truth_resolved + stats_combined + trophies + narrative,0,0,0,45.588235294117645,44.11764705882353,44.11764705882353
1995,1995,Patrick Kluivert,Patrick Kluivert,patrick-kluivert-1976,5,1995-01-01,1995-12-31,Ajax,Netherlands,Striker,forward,1,0,0,0,18.0,25.0,0.72,25.0,0,1,0,0,0,0,1,0,0,0,0,2,2,2,0,0,classical,calendar,built from ground_truth_resolved + stats_combined + trophies + narrative,0,0,0,80.88235294117648,14.705882352941178,91.17647058823529
1995,1995,Gianfranco Zola,Gianfranco Zola,gianfranco-zola-1966,6,1995-01-01,1995-12-31,Parma,Italy,Forward attacking midfielder,forward,1,0,0,0,19.0,32.0,0.59375,32.0,0,0,0,0,0,0,1,0,0,0,0,3,1,1,0,0,classical,calendar,built from ground_truth_resolved + stats_combined + trophies + narrative,0,0,0,86.76470588235294,72.05882352941177,80.88235294117648
1995,1995,Paolo Maldini,Paolo Maldini,paolo-maldini-1968,7,1995-01-01,1995-12-31,Milan,Italy,Left-back centre-back,defender,0,0,1,0,2.0,29.0,0.06896551724137931,29.0,0,0,0,0,0,0,1,0,0,0,0,1,3,3,0,0,classical,calendar,built from ground_truth_resolved + stats_combined + trophies + narrative,0,0,0,17.647058823529413,44.11764705882353,17.647058823529413
1995,1995,Marc Overmars,Marc Overmars,marc-overmars-1973,8,1995-01-01,1995-12-31,Ajax,Netherlands,Winger,forward,1,0,0,0,8.0,28.0,0.2857142857142857,28.0,0,1,0,0,0,0,1,0,0,0,0,2,2,2,0,0,classical,calendar,built from ground_truth_resolved + stats_combined + trophies + narrative,0,0,0,45.588235294117645,33.82352941176471,47.05882352941176
1995,1995,Matthias Sammer,Matthias Sammer,matthias-sammer-1967,9,1995-01-01,1995-12-31,Borussia Dortmund,Germany,Defensive midfielder sweeper,defender,0,0,1,0,4.0,28.0,0.14285714285714285,28.0,0,0,0,0,0,0,1,0,0,0,0,2,2,2,0,0,classical,calendar,built from ground_truth_resolved + stats_combined + trophies + narrative,0,0,0,22.058823529411764,33.82352941176471,23.52941176470588
1995,1995,Michael Laudrup,Michael Laudrup,michael-laudrup-1964,10,1995-01-01,1995-12-31,Real Madrid,Denmark,Attacking midfielder second striker,forward,1,0,0,0,4.0,33.0,0.12121212121212122,33.0,0,0,0,0,0,0,1,0,0,0,0,1,3,3,0,0,classical,calendar,built from ground_truth_resolved + stats_combined + trophies + narrative,0,0,0,22.058823529411764,83.82352941176471,20.588235294117645
1995,1995,Marcel Desailly,Marcel Desailly,marcel-desailly-1968,11,1995-01-01,1995-12-31,Milan,France,Centre-back defensive midfielder,defender,0,0,1,0,1.0,22.0,0.045454545454545456,22.0,0,0,0,0,0,0,1,0,0,0,0,1,3,3,0,0,classical,calendar,built from ground_truth_resolved + stats_combined + trophies + narrative,0,0,0,11.76470588235294,11.76470588235294,11.76470588235294
1995,1995,Frank Rijkaard,Frank Rijkaard,frank-rijkaard-1962,12,1995-01-01,1995-12-31,Ajax,Netherlands,Defensive midfielder,midfielder,0,1,0,0,7.0,31.0,0.21875,,1,1,0,0,0,0,1,0,0,0,0,2,2,2,0,0,classical,calendar,built from ground_truth_resolved + stats_combined + trophies + narrative,1,1,1,33.82352941176471,63.23529411764706,35.294117647058826
1995,1995,Fabrizio Ravanelli,Fabrizio Ravanelli,fabrizio-ravanelli-1968,12,1995-01-01,1995-12-31,Juventus,Italy,Striker,forward,1,0,0,0,15.0,33.0,0.45454545454545453,33.0,0,0,0,0,0,0,1,0,0,0,0,1,3,3,1,1,classical,calendar,built from ground_truth_resolved + stats_combined + trophies + narrative,0,0,0,61.76470588235294,83.82352941176471,52.94117647058824
1995,1995,Paulo Sousa,Paulo Sousa,paulo-sousa-1970,14,1995-01-01,1995-12-31,Juventus,Portugal,Defensive midfielder,midfielder,0,1,0,0,1.0,26.0,0.038461538461538464,26.0,0,0,0,0,0,0,1,0,0,0,0,1,3,3,1,1,classical,calendar,built from ground_truth_resolved + stats_combined + trophies + narrative,0,0,0,11.76470588235294,19.11764705882353,8.823529411764707
1995,1995,Hristo Stoichkov,Hristo Stoichkov,hristo-stoichkov-1966,14,1995-01-01,1995-12-31,Parma,Bulgaria,Forward,forward,1,0,0,0,9.0,27.0,0.3333333333333333,27.0,0,0,0,0,0,0,1,0,0,0,0,3,1,1,0,0,classical,calendar,built from ground_truth_resolved + stats_combined + trophies + narrative,0,0,0,54.41176470588235,25.0,50.0
1995,1995,Dejan Savićević,Dejan Savićević,dejan-savicevic-1966,16,1995-01-01,1995-12-31,Milan,Yugoslavia,Attacking midfielder winger forward,forward,1,0,0,0,9.0,19.0,0.47368421052631576,19.0,0,0,0,0,0,0,1,0,0,0,0,1,3,3,0,0,classical,calendar,built from ground_truth_resolved + stats_combined + trophies + narrative,0,0,0,54.41176470588235,5.88235294117647,61.76470588235294
1995,1995,Davor Šuker,Davor Šuker,davor-suker-1968,17,1995-01-01,1995-12-31,Sevilla,Croatia,Striker,forward,1,0,0,0,17.0,32.0,0.53125,32.0,0,0,0,0,0,0,1,0,0,0,0,2,2,2,0,0,classical,calendar,built from ground_truth_resolved + stats_combined + trophies + narrative,0,0,0,73.52941176470588,72.05882352941177,67.64705882352942
1995,1995,Fernando Hierro,Fernando Hierro,fernando-hierro-1968,18,1995-01-01,1995-12-31,Real Madrid,Spain,Defender defensive midfielder,defender,0,0,1,0,7.0,33.0,0.21212121212121213,33.0,0,0,0,0,0,0,1,0,0,0,0,1,3,3,0,0,classical,calendar,built from ground_truth_resolved + stats_combined + trophies + narrative,0,0,0,33.82352941176471,83.82352941176471,32.35294117647059
1995,1995,Gianluca Vialli,Gianluca Vialli,gianluca-vialli-1964,19,1995-01-01,1995-12-31,Juventus,Italy,Striker,forward,1,0,0,0,17.0,30.0,0.5666666666666667,30.0,0,0,0,0,0,0,1,0,0,0,0,1,3,3,1,1,classical,calendar,built from ground_truth_resolved + stats_combined + trophies + narrative,0,0,0,73.52941176470588,54.41176470588235,73.52941176470588
1995,1995,Gabriel Batistuta,Gabriel Batistuta,gabriel-batistuta-1969,20,1995-01-01,1995-12-31,Fiorentina,Argentina,Striker,forward,1,0,0,0,26.0,32.0,0.8125,32.0,0,0,0,0,0,0,1,0,0,0,0,2,2,2,0,0,classical,calendar,built from ground_truth_resolved + stats_combined + trophies + narrative,0,0,0,94.11764705882352,72.05882352941177,100.0
1995,1995,Franco Baresi,Franco Baresi,franco-baresi-1960,21,1995-01-01,1995-12-31,Milan,Italy,Centre-back,defender,0,0,1,0,0.0,28.0,0.0,28.0,0,0,0,0,0,0,1,0,0,0,0,1,3,3,0,0,classical,calendar,built from ground_truth_resolved + stats_combined + trophies + narrative,0,0,0,4.411764705882353,33.82352941176471,4.411764705882353
1995,1995,Finidi George,Finidi George,finidi-george-1971,21,1995-01-01,1995-12-31,Ajax,Nigeria,Winger,forward,1,0,0,0,8.0,30.0,0.26666666666666666,30.0,0,1,0,0,0,0,1,0,0,0,0,2,2,2,0,0,classical,calendar,built from ground_truth_resolved + stats_combined + trophies + narrative,0,0,0,45.588235294117645,54.41176470588235,41.17647058823529
1995,1995,Roberto Baggio,Roberto Baggio,roberto-baggio-1967,23,1995-01-01,1995-12-31,Juventus,Italy,Second striker attacking midfielder,forward,1,0,0,0,8.0,17.0,0.47058823529411764,17.0,0,0,0,0,0,0,1,0,0,0,0,1,3,3,1,1,classical,calendar,built from ground_truth_resolved + stats_combined + trophies + narrative,0,0,0,45.588235294117645,2.941176470588235,58.82352941176471
1995,1995,Tony Yeboah,Tony Yeboah,tony-yeboah-1966,23,1995-01-01,1995-12-31,Leeds United,Ghana,Striker,forward,1,0,0,0,19.0,32.0,0.59375,32.0,0,0,0,0,0,0,1,0,0,0,0,2,2,2,0,0,classical,calendar,built from ground_truth_resolved + stats_combined + trophies + narrative,0,0,0,86.76470588235294,72.05882352941177,80.88235294117648
1995,1995,Zvonimir Boban,Zvonimir Boban,zvonimir-boban-1968,23,1995-01-01,1995-12-31,Milan,Croatia,Midfielder,midfielder,0,1,0,0,1.0,21.0,0.047619047619047616,21.0,0,0,0,0,0,0,1,0,0,0,0,1,3,3,0,0,classical,calendar,built from ground_truth_resolved + stats_combined + trophies + narrative,0,0,0,11.76470588235294,8.823529411764707,14.705882352941178
1995,1995,Ronaldo,Ronaldo,ronaldo,26,1995-01-01,1995-12-31,PSV Eindhoven,Brazil,,unknown,0,0,0,0,5.0,28.0,0.1724137931034483,,1,0,0,0,0,0,1,0,0,0,0,3,1,1,0,0,classical,calendar,built from ground_truth_resolved + stats_combined + trophies + narrative,1,1,1,26.47058823529412,33.82352941176471,26.47058823529412
1995,1995,Juan Esnáider,Juan Esnáider,juan-esnaider-1973,27,1995-01-01,1995-12-31,Zaragoza Real Madrid,Argentina,Striker,forward,1,0,0,0,16.0,30.0,0.5348837209302325,,1,0,0,0,0,0,1,0,0,0,0,1,3,3,0,0,classical,calendar,built from ground_truth_resolved + stats_combined + trophies + narrative,1,1,1,66.17647058823529,54.41176470588235,70.58823529411765
1995,1995,Iván Zamorano,Iván Zamorano,ivan-zamorano-1967,27,1995-01-01,1995-12-31,Real Madrid,Chile,Striker,forward,1,0,0,0,28.0,38.0,0.7368421052631579,38.0,0,0,0,0,0,0,1,0,0,0,0,1,3,3,0,0,classical,calendar,built from ground_truth_resolved + stats_combined + trophies + narrative,0,0,0,97.05882352941177,94.11764705882352,94.11764705882352
1995,1995,Andreas Möller,Andreas Möller,andreas-moller-1967,27,1995-01-01,1995-12-31,Borussia Dortmund,Germany,Attacking midfielder,midfielder,0,1,0,0,14.0,30.0,0.4666666666666667,30.0,0,0,0,0,0,0,1,0,0,0,0,2,2,2,0,0,classical,calendar,built from ground_truth_resolved + stats_combined + trophies + narrative,0,0,0,58.82352941176471,54.41176470588235,55.88235294117647
1995,1995,Vítor Baía,Vítor Baía,vitor-baia-1969,30,1995-01-01,1995-12-31,Porto,Portugal,Goalkeeper,goalkeeper,0,0,0,1,0.0,33.0,0.0,33.0,0,0,0,0,0,0,1,0,0,0,0,2,2,2,0,0,classical,calendar,built from ground_truth_resolved + stats_combined + trophies + narrative,0,0,0,4.411764705882353,83.82352941176471,4.411764705882353
1995,1995,Bebeto,Bebeto,bebeto-1964,30,1995-01-01,1995-12-31,Deportivo La Coruña,Brazil,Forward,forward,1,0,0,0,16.0,26.0,0.6153846153846154,26.0,0,0,0,0,0,0,1,0,0,0,0,3,1,1,0,0,classical,calendar,built from ground_truth_resolved + stats_combined + trophies + narrative,0,0,0,66.17647058823529,19.11764705882353,85.29411764705883
1995,1995,Alan Shearer,Alan Shearer,alan-shearer-1970,32,1995-01-01,1995-12-31,Blackburn Rovers,England,Striker,forward,1,0,0,0,34.0,42.0,0.8095238095238095,42.0,0,0,0,0,0,0,1,0,0,0,0,3,1,1,0,0,classical,calendar,built from ground_truth_resolved + stats_combined + trophies + narrative,0,0,0,100.0,100.0,97.05882352941177
1995,1995,Luís Figo,Luís Figo,luis-figo-1972,32,1995-01-01,1995-12-31,Barcelona,Portugal,Winger,forward,1,0,0,0,7.0,29.0,0.2413793103448276,29.0,0,0,0,0,0,0,1,0,0,0,0,1,3,3,0,0,classical,calendar,built from ground_truth_resolved + stats_combined + trophies + narrative,0,0,0,33.82352941176471,44.11764705882353,38.23529411764706
1995,1995,Ian Wright,Ian Wright,ian-wright-1963,32,1995-01-01,1995-12-31,Arsenal,England,Forward,forward,1,0,0,0,18.0,31.0,0.5806451612903226,31.0,0,0,0,0,0,0,1,0,0,0,0,2,2,2,0,0,classical,calendar,built from ground_truth_resolved + stats_combined + trophies + narrative,0,0,0,80.88235294117648,63.23529411764706,76.47058823529412
1996,1996,Matthias Sammer,Matthias Sammer,matthias-sammer-1967,1,1996-01-01,1996-12-31,Borussia Dortmund,Germany,Defensive midfielder sweeper,defender,0,0,1,0,3.0,22.0,0.13636363636363635,22.0,0,0,0,0,0,1,0,0,1,0,1,2,2,2,1,1,classical,calendar,built from ground_truth_resolved + stats_combined + trophies + narrative,0,0,0,25.0,4.6875,31.25
1996,1996,Ronaldo,Ronaldo,ronaldo,2,1996-01-01,1996-12-31,PSV Eindhoven Barcelona,Brazil,,unknown,0,0,0,0,5.0,28.0,0.1724137931034483,,1,0,0,0,0,1,0,0,0,0,0,1,3,3,0,0,classical,calendar,built from ground_truth_resolved + stats_combined + trophies + narrative,1,1,1,45.3125,28.125,43.75
1996,1996,Alan Shearer,Alan Shearer,alan-shearer-1970,3,1996-01-01,1996-12-31,Blackburn Rovers Newcastle United,England,Striker,forward,1,0,0,0,31.0,35.0,0.8857142857142857,35.0,0,0,0,0,0,1,0,0,0,0,0,2,2,2,0,0,classical,calendar,built from ground_truth_resolved + stats_combined + trophies + narrative,0,0,0,100.0,90.625,100.0
1996,1996,Alessandro Del Piero,Alessandro Del Piero,alessandro-del-piero-1974,4,1996-01-01,1996-12-31,Juventus,Italy,Second striker,forward,1,0,0,0,6.0,29.0,0.20689655172413793,29.0,0,1,0,0,0,1,0,0,0,0,0,1,3,3,0,0,classical,calendar,built from ground_truth_resolved + stats_combined + trophies + narrative,0,0,0,54.6875,34.375,56.25
1996,1996,Jürgen Klinsmann,Jürgen Klinsmann,jurgen-klinsmann-1964,5,1996-01-01,1996-12-31,Bayern Munich,Germany,Striker,forward,1,0,0,0,16.0,32.0,0.5,32.0,0,0,0,0,0,1,0,0,1,0,1,1,3,3,1,1,classical,calendar,built from ground_truth_resolved + stats_combined + trophies + narrative,0,0,0,87.5,68.75,85.9375
1996,1996,Davor Šuker,Davor Šuker,davor-suker-1968,6,1996-01-01,1996-12-31,Real Madrid,Croatia,Striker,forward,1,0,0,0,16.0,32.0,0.5,32.0,0,0,1,0,0,1,0,0,0,0,0,1,3,3,0,0,classical,calendar,built from ground_truth_resolved + stats_combined + trophies + narrative,0,0,0,87.5,68.75,85.9375
1996,1996,Eric Cantona,Eric Cantona,eric-cantona-1966,7,1996-01-01,1996-12-31,Manchester United,France,Forward,forward,1,0,0,0,14.0,30.0,0.4666666666666667,30.0,0,0,1,0,0,1,0,0,0,0,0,1,3,3,0,0,classical,calendar,built from ground_truth_resolved + stats_combined + trophies + narrative,0,0,0,81.25,43.75,81.25
1996,1996,Marcel Desailly,Marcel Desailly,marcel-desailly-1968,8,1996-01-01,1996-12-31,Milan,France,Centre-back defensive midfielder,defender,0,0,1,0,2.0,32.0,0.0625,32.0,0,0,0,0,0,1,0,0,0,0,0,1,3,3,0,0,classical,calendar,built from ground_truth_resolved + stats_combined + trophies + narrative,0,0,0,14.0625,68.75,9.375
1996,1996,Youri Djorkaeff,Youri Djorkaeff,youri-djorkaeff-1968,9,1996-01-01,1996-12-31,Internazionale,France,Attacking midfielder forward,forward,1,0,0,0,13.0,35.0,0.37142857142857144,35.0,0,0,0,0,0,1,0,0,0,0,0,1,3,3,0,0,classical,calendar,built from ground_truth_resolved + stats_combined + trophies + narrative,0,0,0,76.5625,90.625,65.625
1996,1996,Karel Poborský,Karel Poborský,karel-poborsky-1972,10,1996-01-01,1996-12-31,Slavia Prague Manchester United,Czech Republic,Winger,forward,1,0,0,0,11.0,27.0,0.4074074074074074,27.0,0,0,0,0,0,1,0,0,0,0,0,1,3,3,0,0,classical,calendar,built from ground_truth_resolved + stats_combined + trophies + narrative,0,0,0,67.1875,20.3125,68.75
1996,1996,Nwankwo Kanu,Nwankwo Kanu,nwankwo-kanu-1976,11,1996-01-01,1996-12-31,Ajax Internazionale,Nigeria,Forward,forward,1,0,0,0,13.0,30.0,0.43333333333333335,30.0,0,0,0,0,0,1,0,0,0,0,0,1,3,3,0,0,classical,calendar,built from ground_truth_resolved + stats_combined + trophies + narrative,0,0,0,76.5625,43.75,75.0
1996,1996,George Weah,George Weah,george-weah-1966,12,1996-01-01,1996-12-31,Milan,Liberia,Striker,forward,1,0,0,0,11.0,26.0,0.4230769230769231,26.0,0,0,0,0,0,1,0,0,0,0,0,1,3,3,0,0,classical,calendar,built from ground_truth_resolved + stats_combined + trophies + narrative,0,0,0,67.1875,14.0625,71.875
1996,1996,Alen Bokšić,Alen Bokšić,alen-boksic-1970,13,1996-01-01,1996-12-31,Juventus,Croatia,Forward,forward,1,0,0,0,4.0,23.0,0.17391304347826086,23.0,0,1,0,0,0,1,0,0,0,0,0,1,3,3,0,0,classical,calendar,built from ground_truth_resolved + stats_combined + trophies + narrative,0,0,0,34.375,9.375,50.0
1996,1996,Gabriel Batistuta,Gabriel Batistuta,gabriel-batistuta-1969,13,1996-01-01,1996-12-31,Fiorentina,Argentina,Striker,forward,1,0,0,0,19.0,31.0,0.6129032258064516,31.0,0,0,0,0,0,1,0,0,0,0,0,2,2,2,0,0,classical,calendar,built from ground_truth_resolved + stats_combined + trophies + narrative,0,0,0,93.75,56.25,93.75
1996,1996,Andreas Köpke,Andreas Köpke,andreas-kopke-1962,13,1996-01-01,1996-12-31,Marseille,Germany,Goalkeeper,goalkeeper,0,0,0,1,0.0,32.0,0.0,,1,0,0,0,0,1,0,0,1,0,1,2,2,2,1,1,classical,calendar,built from ground_truth_resolved + stats_combined + trophies + narrative,1,1,1,4.6875,68.75,4.6875
1996,1996,Fabrizio Ravanelli,Fabrizio Ravanelli,fabrizio-ravanelli-1968,16,1996-01-01,1996-12-31,Middlesbrough,Italy,Striker,forward,1,0,0,0,12.0,26.0,0.46153846153846156,26.0,0,0,0,0,0,1,0,0,0,0,0,3,1,1,0,0,classical,calendar,built from ground_truth_resolved + stats_combined + trophies + narrative,0,0,0,71.875,14.0625,78.125
1996,1996,Predrag Mijatović,Predrag Mijatović,predrag-mijatovic-1969,16,1996-01-01,1996-12-31,Real Madrid,Yugoslavia,Striker,forward,1,0,0,0,28.0,40.0,0.7,40.0,0,0,1,0,0,1,0,0,0,0,0,1,3,3,0,0,classical,calendar,built from ground_truth_resolved + stats_combined + trophies + narrative,0,0,0,96.875,100.0,96.875
1996,1996,Didier Deschamps,Didier Deschamps,didier-deschamps-1968,18,1996-01-01,1996-12-31,Juventus,France,Defensive midfielder,midfielder,0,1,0,0,2.0,30.0,0.06666666666666667,30.0,0,1,0,0,0,1,0,0,0,0,0,1,3,3,0,0,classical,calendar,built from ground_truth_resolved + stats_combined + trophies + narrative,0,0,0,14.0625,43.75,12.5
1996,1996,Kubilay Türkyilmaz,Kubilay Türkyilmaz,kubilay-turkyilmaz-1967,19,1996-01-01,1996-12-31,Grasshopper,Switzerland,Forward,forward,1,0,0,0,16.0,30.0,0.5348837209302325,,1,0,0,0,0,1,0,0,0,0,0,3,1,1,0,0,classical,calendar,built from ground_truth_resolved + stats_combined + trophies + narrative,1,1,1,87.5,43.75,90.625
1996,1996,David Seaman,David Seaman,david-seaman-1963,20,1996-01-01,1996-12-31,Arsenal,England,Goalkeeper,goalkeeper,0,0,0,1,0.0,38.0,0.0,38.0,0,0,0,0,0,1,0,0,0,0,0,2,2,2,0,0,classical,calendar,built from ground_truth_resolved + stats_combined + trophies + narrative,0,0,0,4.6875,96.875,4.6875
1996,1996,Raúl,Raúl,raul,20,1996-01-01,1996-12-31,Real Madrid,Spain,,unknown,0,0,0,0,5.0,28.0,0.1724137931034483,,1,0,1,0,0,1,0,0,0,0,0,1,3,3,0,0,classical,calendar,built from ground_truth_resolved + stats_combined + trophies + narrative,1,1,1,45.3125,28.125,43.75
1996,1996,Paolo Maldini,Paolo Maldini,paolo-maldini-1968,22,1996-01-01,1996-12-31,Milan,Italy,Left-back centre-back,defender,0,0,1,0,3.0,30.0,0.1,30.0,0,0,0,0,0,1,0,0,0,0,0,1,3,3,0,0,classical,calendar,built from ground_truth_resolved + stats_combined + trophies + narrative,0,0,0,25.0,43.75,25.0
1996,1996,Christian Ziege,Christian Ziege,christian-ziege-1972,22,1996-01-01,1996-12-31,Bayern Munich,Germany,Left midfielder left-back,defender,0,0,1,0,3.0,33.0,0.09090909090909091,33.0,0,0,0,0,0,1,0,0,1,0,1,1,3,3,1,1,classical,calendar,built from ground_truth_resolved + stats_combined + trophies + narrative,0,0,0,25.0,79.6875,20.3125
1996,1996,Patrik Berger,Patrik Berger,patrik-berger-1973,22,1996-01-01,1996-12-31,Borussia Dortmund Liverpool,Czech Republic,Left winger attacking midfielder,forward,1,0,0,0,4.0,27.0,0.14814814814814814,27.0,0,0,0,0,0,1,0,0,0,0,0,1,3,3,1,1,classical,calendar,built from ground_truth_resolved + stats_combined + trophies + narrative,0,0,0,34.375,20.3125,37.5
1996,1996,Trifon Ivanov,Trifon Ivanov,trifon-ivanov-1965,22,1996-01-01,1996-12-31,Rapid Wien,Bulgaria,Centre-back,defender,0,0,1,0,2.0,32.0,0.07407407407407407,,1,0,0,0,0,1,0,0,0,0,0,3,1,1,0,0,classical,calendar,built from ground_truth_resolved + stats_combined + trophies + narrative,1,1,1,14.0625,68.75,15.625
1996,1996,Radek Bejbl,Radek Bejbl,radek-bejbl-1972,26,1996-01-01,1996-12-31,Slavia Prague Atlético Madrid,Czech Republic,Defensive midfielder,midfielder,0,1,0,0,7.0,31.0,0.21875,,1,0,0,0,0,1,0,0,0,0,0,2,2,2,0,0,classical,calendar,built from ground_truth_resolved + stats_combined + trophies + narrative,1,1,1,60.9375,56.25,59.375
1996,1996,Rui Costa,Rui Costa,rui-costa-1972,26,1996-01-01,1996-12-31,Fiorentina,Portugal,Attacking midfielder,midfielder,0,1,0,0,4.0,34.0,0.11764705882352941,34.0,0,0,0,0,0,1,0,0,0,0,0,2,2,2,0,0,classical,calendar,built from ground_truth_resolved + stats_combined + trophies + narrative,0,0,0,34.375,84.375,28.125
1996,1996,Ronald de Boer,Ronald de Boer,ronald-de-boer-1970,28,1996-01-01,1996-12-31,Ajax,Netherlands,Midfielder winger,forward,1,0,0,0,7.0,31.0,0.22580645161290322,31.0,0,0,0,0,0,1,0,0,0,0,0,2,2,2,0,0,classical,calendar,built from ground_truth_resolved + stats_combined + trophies + narrative,0,0,0,60.9375,56.25,62.5
1996,1996,Luís Figo,Luís Figo,luis-figo-1972,28,1996-01-01,1996-12-31,Barcelona,Portugal,Winger,forward,1,0,0,0,5.0,35.0,0.14285714285714285,35.0,0,0,0,0,0,1,0,0,0,0,0,1,3,3,0,0,classical,calendar,built from ground_truth_resolved + stats_combined + trophies + narrative,0,0,0,45.3125,90.625,34.375
1996,1996,Brian Laudrup,Brian Laudrup,brian-laudrup-1969,28,1996-01-01,1996-12-31,Rangers,Denmark,Forward    winger   midfielder,forward,1,0,0,0,2.0,22.0,0.09090909090909091,22.0,0,0,0,0,0,1,0,0,0,0,0,3,1,1,0,0,classical,calendar,built from ground_truth_resolved + stats_combined + trophies + narrative,0,0,0,14.0625,4.6875,20.3125
1996,1996,Sergi,Sergi,sergi,28,1996-01-01,1996-12-31,Barcelona,Spain,,unknown,0,0,0,0,5.0,28.0,0.1724137931034483,,1,0,0,0,0,1,0,0,0,0,0,1,3,3,0,0,classical,calendar,built from ground_truth_resolved + stats_combined + trophies + narrative,1,1,1,45.3125,28.125,43.75
1996,1996,Zinedine Zidane,Zinedine Zidane,zinedine-zidane-1972,28,1996-01-01,1996-12-31,Juventus,France,Attacking midfielder,midfielder,0,1,0,0,6.0,33.0,0.18181818181818182,33.0,0,1,0,0,0,1,0,0,0,0,0,1,3,3,0,0,classical,calendar,built from ground_truth_resolved + stats_combined + trophies + narrative,0,0,0,54.6875,79.6875,53.125
1997,1997,Ronaldo,Ronaldo,ronaldo,1,1997-01-01,1997-12-31,Barcelona Internazionale,Brazil,,unknown,0,0,0,0,5.0,28.0,0.1724137931034483,,1,0,0,0,0,0,1,0,0,1,1,1,3,3,1,1,classical,calendar,built from ground_truth_resolved + stats_combined + trophies + narrative,1,1,1,43.05555555555556,29.166666666666668,48.61111111111111
1997,1997,Predrag Mijatović,Predrag Mijatović,predrag-mijatovic-1969,2,1997-01-01,1997-12-31,Real Madrid,FR Yugoslavia,Striker,forward,1,0,0,0,14.0,38.0,0.3684210526315789,38.0,0,0,0,0,0,0,1,0,0,0,0,1,3,3,1,1,classical,calendar,built from ground_truth_resolved + stats_combined + trophies + narrative,0,0,0,87.5,93.05555555555556,77.77777777777779
1997,1997,Zinedine Zidane,Zinedine Zidane,zinedine-zidane-1972,3,1997-01-01,1997-12-31,Juventus,France,Attacking midfielder,midfielder,0,1,0,0,5.0,29.0,0.1724137931034483,29.0,0,0,0,0,0,0,1,0,0,0,0,1,3,3,0,0,classical,calendar,built from ground_truth_resolved + stats_combined + trophies + narrative,0,0,0,43.05555555555556,38.88888888888889,48.61111111111111
1997,1997,Dennis Bergkamp,Dennis Bergkamp,dennis-bergkamp-1969,4,1997-01-01,1997-12-31,Arsenal,Netherlands,Forward attacking midfielder,forward,1,0,0,0,12.0,29.0,0.41379310344827586,29.0,0,0,1,0,0,0,1,0,0,0,0,2,2,2,0,0,classical,calendar,built from ground_truth_resolved + stats_combined + trophies + narrative,0,0,0,77.77777777777779,38.88888888888889,83.33333333333334
1997,1997,Roberto Carlos,Roberto Carlos,roberto-carlos-1973,5,1997-01-01,1997-12-31,Real Madrid,Brazil,Left-back,defender,0,0,1,0,5.0,37.0,0.13513513513513514,37.0,0,0,0,0,0,0,1,0,0,1,1,1,3,3,1,1,classical,calendar,built from ground_truth_resolved + stats_combined + trophies + narrative,0,0,0,43.05555555555556,88.88888888888889,36.11111111111111
1997,1997,Andreas Möller,Andreas Möller,andreas-moller-1967,6,1997-01-01,1997-12-31,Borussia Dortmund,Germany,Attacking midfielder,midfielder,0,1,0,0,5.0,26.0,0.19230769230769232,26.0,0,1,0,0,0,0,1,0,0,0,0,2,2,2,0,0,classical,calendar,built from ground_truth_resolved + stats_combined + trophies + narrative,0,0,0,43.05555555555556,19.444444444444446,55.55555555555556
1997,1997,Raúl,Raúl,raul,7,1997-01-01,1997-12-31,Real Madrid,Spain,,unknown,0,0,0,0,5.0,28.0,0.1724137931034483,,1,0,0,0,0,0,1,0,0,0,0,1,3,3,1,1,classical,calendar,built from ground_truth_resolved + stats_combined + trophies + narrative,1,1,1,43.05555555555556,29.166666666666668,48.61111111111111
1997,1997,Peter Schmeichel,Peter Schmeichel,peter-schmeichel-1963,8,1997-01-01,1997-12-31,Manchester United,Denmark,Goalkeeper,goalkeeper,0,0,0,1,0.0,36.0,0.0,36.0,0,0,0,0,0,0,1,0,0,0,0,1,3,3,0,0,classical,calendar,built from ground_truth_resolved + stats_combined + trophies + narrative,0,0,0,5.555555555555555,83.33333333333334,5.555555555555555
1997,1997,Jürgen Kohler,Jürgen Kohler,jurgen-kohler-1965,9,1997-01-01,1997-12-31,Borussia Dortmund,Germany,Centre-back,defender,0,0,1,0,2.0,30.0,0.06666666666666667,30.0,0,1,0,0,0,0,1,0,0,0,0,2,2,2,0,0,classical,calendar,built from ground_truth_resolved + stats_combined + trophies + narrative,0,0,0,23.61111111111111,45.83333333333333,22.22222222222222
1997,1997,Matthias Sammer,Matthias Sammer,matthias-sammer-1967,10,1997-01-01,1997-12-31,Borussia Dortmund,Germany,Defensive midfielder sweeper,defender,0,0,1,0,0.0,21.0,0.0,21.0,0,1,0,0,0,0,1,0,0,0,0,2,2,2,0,0,classical,calendar,built from ground_truth_resolved + stats_combined + trophies + narrative,0,0,0,5.555555555555555,5.555555555555555,5.555555555555555
1997,1997,Christian Vieri,Christian Vieri,christian-vieri-1973,10,1997-01-01,1997-12-31,Atlético Madrid,Italy,Centre forward,forward,1,0,0,0,8.0,23.0,0.34782608695652173,23.0,0,0,0,0,0,0,1,0,0,0,0,2,2,2,0,0,classical,calendar,built from ground_truth_resolved + stats_combined + trophies + narrative,0,0,0,66.66666666666666,12.5,72.22222222222221
1997,1997,Youri Djorkaeff,Youri Djorkaeff,youri-djorkaeff-1968,12,1997-01-01,1997-12-31,Internazionale,France,Attacking midfielder forward,forward,1,0,0,0,14.0,33.0,0.42424242424242425,33.0,0,0,0,0,0,0,1,0,0,0,0,1,3,3,0,0,classical,calendar,built from ground_truth_resolved + stats_combined + trophies + narrative,0,0,0,87.5,68.05555555555556,86.11111111111111
1997,1997,Luis Enrique,Luis Enrique,luis-enrique-1970,13,1997-01-01,1997-12-31,Barcelona,Spain,Midfielder forward,forward,1,0,0,0,17.0,35.0,0.4857142857142857,35.0,0,0,1,0,0,0,1,0,0,0,0,1,3,3,0,0,classical,calendar,built from ground_truth_resolved + stats_combined + trophies + narrative,0,0,0,94.44444444444444,76.38888888888889,88.88888888888889
1997,1997,Luís Figo,Luís Figo,luis-figo-1972,14,1997-01-01,1997-12-31,Barcelona,Portugal,Winger,forward,1,0,0,0,4.0,36.0,0.1111111111111111,36.0,0,0,1,0,0,0,1,0,0,0,0,1,3,3,0,0,classical,calendar,built from ground_truth_resolved + stats_combined + trophies + narrative,0,0,0,31.944444444444443,83.33333333333334,27.77777777777778
1997,1997,Gianfranco Zola,Gianfranco Zola,gianfranco-zola-1966,15,1997-01-01,1997-12-31,Chelsea,Italy,Forward attacking midfielder,forward,1,0,0,0,10.0,31.0,0.3225806451612903,31.0,0,0,0,0,0,0,1,0,0,0,0,1,3,3,0,0,classical,calendar,built from ground_truth_resolved + stats_combined + trophies + narrative,0,0,0,75.0,54.166666666666664,69.44444444444444
1997,1997,Krasimir Balakov,Krasimir Balakov,krasimir-balakov-1966,15,1997-01-01,1997-12-31,VfB Stuttgart,Bulgaria,Attacking midfielder,midfielder,0,1,0,0,7.0,31.0,0.21875,,1,0,0,0,0,0,1,0,0,0,0,3,1,1,0,0,classical,calendar,built from ground_truth_resolved + stats_combined + trophies + narrative,1,1,1,59.72222222222222,54.166666666666664,59.72222222222222
1997,1997,Didier Deschamps,Didier Deschamps,didier-deschamps-1968,17,1997-01-01,1997-12-31,Juventus,France,Defensive midfielder,midfielder,0,1,0,0,1.0,26.0,0.038461538461538464,26.0,0,0,0,0,0,0,1,0,0,0,0,1,3,3,0,0,classical,calendar,built from ground_truth_resolved + stats_combined + trophies + narrative,0,0,0,15.277777777777779,19.444444444444446,16.666666666666664
1997,1997,Clarence Seedorf,Clarence Seedorf,clarence-seedorf-1976,17,1997-01-01,1997-12-31,Real Madrid,Netherlands,Midfielder,midfielder,0,1,0,0,6.0,38.0,0.15789473684210525,38.0,0,0,0,0,0,0,1,0,0,0,0,1,3,3,1,1,classical,calendar,built from ground_truth_resolved + stats_combined + trophies + narrative,0,0,0,54.166666666666664,93.05555555555556,41.66666666666667
1997,1997,Alessandro Del Piero,Alessandro Del Piero,alessandro-del-piero-1974,19,1997-01-01,1997-12-31,Juventus,Italy,Second striker,forward,1,0,0,0,8.0,22.0,0.36363636363636365,22.0,0,0,0,0,0,0,1,0,0,0,0,1,3,3,0,0,classical,calendar,built from ground_truth_resolved + stats_combined + trophies + narrative,0,0,0,66.66666666666666,8.333333333333332,75.0
1997,1997,Alan Shearer,Alan Shearer,alan-shearer-1970,19,1997-01-01,1997-12-31,Newcastle United,England,Striker,forward,1,0,0,0,25.0,31.0,0.8064516129032258,31.0,0,0,0,0,0,0,1,0,0,0,0,2,2,2,0,0,classical,calendar,built from ground_truth_resolved + stats_combined + trophies + narrative,0,0,0,100.0,54.166666666666664,100.0
1997,1997,David Beckham,David Beckham,david-beckham-1975,19,1997-01-01,1997-12-31,Manchester United,England,Midfielder,midfielder,0,1,0,0,8.0,36.0,0.2222222222222222,36.0,0,0,0,0,0,0,1,0,0,0,0,1,3,3,0,0,classical,calendar,built from ground_truth_resolved + stats_combined + trophies + narrative,0,0,0,66.66666666666666,83.33333333333334,63.888888888888886
1997,1997,Fernando Hierro,Fernando Hierro,fernando-hierro-1968,22,1997-01-01,1997-12-31,Real Madrid,Spain,Defender defensive midfielder,defender,0,0,1,0,6.0,39.0,0.15384615384615385,39.0,0,0,0,0,0,0,1,0,0,0,0,1,3,3,1,1,classical,calendar,built from ground_truth_resolved + stats_combined + trophies + narrative,0,0,0,54.166666666666664,97.22222222222221,38.88888888888889
1997,1997,Gabriel Batistuta,Gabriel Batistuta,gabriel-batistuta-1969,23,1997-01-01,1997-12-31,Fiorentina,Argentina,Striker,forward,1,0,0,0,13.0,32.0,0.40625,32.0,0,0,0,0,0,0,1,0,0,0,0,2,2,2,0,0,classical,calendar,built from ground_truth_resolved + stats_combined + trophies + narrative,0,0,0,81.94444444444444,62.5,80.55555555555556
1997,1997,Olaf Thon,Olaf Thon,olaf-thon-1966,24,1997-01-01,1997-12-31,Schalke 04,Germany,Midfielder defender,defender,0,0,1,0,2.0,33.0,0.06060606060606061,33.0,0,0,0,0,0,0,1,0,0,0,0,2,2,2,0,0,classical,calendar,built from ground_truth_resolved + stats_combined + trophies + narrative,0,0,0,23.61111111111111,68.05555555555556,19.444444444444446
1997,1997,Juninho,Juninho,juninho,25,1997-01-01,1997-12-31,Atlético Madrid,Brazil,,unknown,0,0,0,0,5.0,28.0,0.1724137931034483,,1,0,0,0,0,0,1,0,0,1,1,2,2,2,1,1,classical,calendar,built from ground_truth_resolved + stats_combined + trophies + narrative,1,1,1,43.05555555555556,29.166666666666668,48.61111111111111
1997,1997,Paulo Sousa,Paulo Sousa,paulo-sousa-1970,25,1997-01-01,1997-12-31,Borussia Dortmund,Portugal,Defensive midfielder,midfielder,0,1,0,0,1.0,11.0,0.09090909090909091,11.0,0,1,0,0,0,0,1,0,0,0,0,2,2,2,0,0,classical,calendar,built from ground_truth_resolved + stats_combined + trophies + narrative,0,0,0,15.277777777777779,2.7777777777777777,25.0
1997,1997,Lilian Thuram,Lilian Thuram,lilian-thuram-1972,25,1997-01-01,1997-12-31,Parma,France,Centre back right-back,defender,0,0,1,0,1.0,34.0,0.029411764705882353,34.0,0,0,0,0,0,0,1,0,0,0,0,3,1,1,0,0,classical,calendar,built from ground_truth_resolved + stats_combined + trophies + narrative,0,0,0,15.277777777777779,72.22222222222221,11.11111111111111
1997,1997,Ryan Giggs,Ryan Giggs,ryan-giggs-1973,28,1997-01-01,1997-12-31,Manchester United,Wales,Left midfielder left winger,forward,1,0,0,0,3.0,26.0,0.11538461538461539,26.0,0,0,0,0,0,0,1,0,0,0,0,1,3,3,0,0,classical,calendar,built from ground_truth_resolved + stats_combined + trophies + narrative,0,0,0,27.77777777777778,19.444444444444446,30.555555555555557
1997,1997,Oliver Bierhoff,Oliver Bierhoff,oliver-bierhoff-1968,29,1997-01-01,1997-12-31,Udinese,Germany,Striker,forward,1,0,0,0,13.0,23.0,0.5652173913043478,23.0,0,0,0,0,0,0,1,0,0,0,0,3,1,1,0,0,classical,calendar,built from ground_truth_resolved + stats_combined + trophies + narrative,0,0,0,81.94444444444444,12.5,97.22222222222221
1997,1997,Angelo Peruzzi,Angelo Peruzzi,angelo-peruzzi-1970,29,1997-01-01,1997-12-31,Juventus,Italy,Goalkeeper,goalkeeper,0,0,0,1,0.0,29.0,0.0,29.0,0,0,0,0,0,0,1,0,0,0,0,1,3,3,0,0,classical,calendar,built from ground_truth_resolved + stats_combined + trophies + narrative,0,0,0,5.555555555555555,38.88888888888889,5.555555555555555
1997,1997,Raí,Raí,rai-1965,29,1997-01-01,1997-12-31,Paris Saint-Germain,Brazil,Attacking midfielder,midfielder,0,1,0,0,9.0,35.0,0.2571428571428571,35.0,0,0,0,0,0,0,1,0,0,1,1,1,3,3,1,1,classical,calendar,built from ground_truth_resolved + stats_combined + trophies + narrative,0,0,0,72.22222222222221,76.38888888888889,66.66666666666666
1997,1997,Victor Ikpeba,Victor Ikpeba,victor-ikpeba-1973,32,1997-01-01,1997-12-31,Monaco,Nigeria,Forward,forward,1,0,0,0,16.0,30.0,0.5348837209302325,,1,0,0,0,0,0,1,0,0,0,0,2,2,2,0,0,classical,calendar,built from ground_truth_resolved + stats_combined + trophies + narrative,1,1,1,91.66666666666666,45.83333333333333,94.44444444444444
1997,1997,Laurent Blanc,Laurent Blanc,laurent-blanc-1965,33,1997-01-01,1997-12-31,Marseille,France,Centre-back,defender,0,0,1,0,1.0,28.0,0.03571428571428571,28.0,0,0,0,0,0,0,1,0,0,0,0,2,2,2,0,0,classical,calendar,built from ground_truth_resolved + stats_combined + trophies + narrative,0,0,0,15.277777777777779,29.166666666666668,13.88888888888889
1997,1997,Ciro Ferrara,Ciro Ferrara,ciro-ferrara-1967,33,1997-01-01,1997-12-31,Juventus,Italy,Defender,defender,0,0,1,0,4.0,32.0,0.125,32.0,0,0,0,0,0,0,1,0,0,0,0,1,3,3,0,0,classical,calendar,built from ground_truth_resolved + stats_combined + trophies + narrative,0,0,0,31.944444444444443,62.5,33.33333333333333
1997,1997,Rivaldo,Rivaldo,rivaldo-1972,33,1997-01-01,1997-12-31,Barcelona,Brazil,Attacking midfielder left winger forward,forward,1,0,0,0,21.0,41.0,0.5121951219512195,41.0,0,0,1,0,0,0,1,0,0,1,1,1,3,3,1,1,classical,calendar,built from ground_truth_resolved + stats_combined + trophies + narrative,0,0,0,97.22222222222221,100.0,91.66666666666666
1997,1997,Bent Skammelsrud,Bent Skammelsrud,bent-skammelsrud-1966,33,1997-01-01,1997-12-31,Rosenborg,Norway,Midfielder,midfielder,0,1,0,0,7.0,31.0,0.21875,,1,0,0,0,0,0,1,0,0,0,0,3,1,1,0,0,classical,calendar,built from ground_truth_resolved + stats_combined + trophies + narrative,1,1,1,59.72222222222222,54.166666666666664,59.72222222222222
1998,1998,Zinedine Zidane,Zinedine Zidane,zinedine-zidane-1972,1,1998-01-01,1998-12-31,Juventus,France,Attacking midfielder,midfielder,0,1,0,0,7.0,32.0,0.21875,32.0,0,0,0,0,1,0,0,1,0,0,1,1,3,3,1,1,classical,calendar,built from ground_truth_resolved + stats_combined + trophies + narrative,0,0,0,50.0,69.35483870967742,48.38709677419355
1998,1998,Davor Šuker,Davor Šuker,davor-suker-1968,2,1998-01-01,1998-12-31,Real Madrid,Croatia,Striker,forward,1,0,0,0,10.0,29.0,0.3448275862068966,29.0,0,1,0,0,1,0,0,0,0,0,0,1,3,3,0,0,classical,calendar,built from ground_truth_resolved + stats_combined + trophies + narrative,0,0,0,59.67741935483871,38.70967741935484,58.06451612903226
1998,1998,Ronaldo,Ronaldo,ronaldo,3,1998-01-01,1998-12-31,Internazionale,Brazil,,unknown,0,0,0,0,5.0,28.0,0.1724137931034483,,1,0,0,0,1,0,0,0,0,0,0,1,3,3,0,0,classical,calendar,built from ground_truth_resolved + stats_combined + trophies + narrative,1,1,1,37.096774193548384,29.03225806451613,40.32258064516129
1998,1998,Michael Owen,Michael Owen,michael-owen-1979,4,1998-01-01,1998-12-31,Liverpool,England,Striker,forward,1,0,0,0,18.0,36.0,0.5,36.0,0,0,0,0,1,0,0,0,0,0,0,1,3,3,0,0,classical,calendar,built from ground_truth_resolved + stats_combined + trophies + narrative,0,0,0,82.25806451612904,95.16129032258065,70.96774193548387
1998,1998,Rivaldo,Rivaldo,rivaldo-1972,5,1998-01-01,1998-12-31,Barcelona,Brazil,Attacking midfielder left winger forward,forward,1,0,0,0,19.0,34.0,0.5588235294117647,34.0,0,0,1,0,1,0,0,0,0,0,0,1,3,3,0,0,classical,calendar,built from ground_truth_resolved + stats_combined + trophies + narrative,0,0,0,87.09677419354838,85.48387096774194,83.87096774193549
1998,1998,Gabriel Batistuta,Gabriel Batistuta,gabriel-batistuta-1969,6,1998-01-01,1998-12-31,Fiorentina,Argentina,Striker,forward,1,0,0,0,21.0,31.0,0.6774193548387096,31.0,0,0,0,0,1,0,0,0,0,0,0,2,2,2,0,0,classical,calendar,built from ground_truth_resolved + stats_combined + trophies + narrative,0,0,0,91.93548387096774,53.2258064516129,93.54838709677419
1998,1998,Lilian Thuram,Lilian Thuram,lilian-thuram-1972,7,1998-01-01,1998-12-31,Parma,France,Centre back right-back,defender,0,0,1,0,0.0,32.0,0.0,32.0,0,0,0,0,1,0,0,1,0,0,1,3,1,1,1,1,classical,calendar,built from ground_truth_resolved + stats_combined + trophies + narrative,0,0,0,9.67741935483871,69.35483870967742,9.67741935483871
1998,1998,Edgar Davids,Edgar Davids,edgar-davids-1973,8,1998-01-01,1998-12-31,Juventus,Netherlands,Midfielder,midfielder,0,1,0,0,2.0,24.0,0.08333333333333333,24.0,0,0,0,0,1,0,0,0,0,0,0,1,3,3,0,0,classical,calendar,built from ground_truth_resolved + stats_combined + trophies + narrative,0,0,0,20.967741935483872,12.903225806451612,22.58064516129032
1998,1998,Dennis Bergkamp,Dennis Bergkamp,dennis-bergkamp-1969,8,1998-01-01,1998-12-31,Arsenal,Netherlands,Forward attacking midfielder,forward,1,0,0,0,16.0,28.0,0.5714285714285714,28.0,0,0,0,0,1,0,0,0,0,0,0,2,2,2,0,0,classical,calendar,built from ground_truth_resolved + stats_combined + trophies + narrative,0,0,0,75.80645161290323,29.03225806451613,87.09677419354838
1998,1998,Marcel Desailly,Marcel Desailly,marcel-desailly-1968,10,1998-01-01,1998-12-31,Chelsea,France,Centre-back defensive midfielder,defender,0,0,1,0,0.0,33.0,0.0,33.0,0,0,0,0,1,0,0,1,0,0,1,1,3,3,1,1,classical,calendar,built from ground_truth_resolved + stats_combined + trophies + narrative,0,0,0,9.67741935483871,80.64516129032258,9.67741935483871
1998,1998,Frank de Boer,Frank de Boer,frank-de-boer-1970,11,1998-01-01,1998-12-31,Ajax,Netherlands,Centre-back left-back,defender,0,0,1,0,5.0,31.0,0.16129032258064516,31.0,0,0,0,0,1,0,0,0,0,0,0,2,2,2,0,0,classical,calendar,built from ground_truth_resolved + stats_combined + trophies + narrative,0,0,0,37.096774193548384,53.2258064516129,32.25806451612903
1998,1998,Emmanuel Petit,Emmanuel Petit,emmanuel-petit-1970,12,1998-01-01,1998-12-31,Arsenal,France,Defensive midfielder,midfielder,0,1,0,0,2.0,32.0,0.0625,32.0,0,0,0,0,1,0,0,1,0,0,1,2,2,2,1,1,classical,calendar,built from ground_truth_resolved + stats_combined + trophies + narrative,0,0,0,20.967741935483872,69.35483870967742,19.35483870967742
1998,1998,Roberto Carlos,Roberto Carlos,roberto-carlos-1973,13,1998-01-01,1998-12-31,Real Madrid,Brazil,Left-back,defender,0,0,1,0,4.0,35.0,0.11428571428571428,35.0,0,1,0,0,1,0,0,0,0,0,0,1,3,3,0,0,classical,calendar,built from ground_truth_resolved + stats_combined + trophies + narrative,0,0,0,29.03225806451613,90.32258064516128,29.03225806451613
1998,1998,Laurent Blanc,Laurent Blanc,laurent-blanc-1965,14,1998-01-01,1998-12-31,Marseille,France,Centre-back,defender,0,0,1,0,11.0,31.0,0.3548387096774194,31.0,0,0,0,0,1,0,0,1,0,0,1,2,2,2,1,1,classical,calendar,built from ground_truth_resolved + stats_combined + trophies + narrative,0,0,0,66.12903225806451,53.2258064516129,61.29032258064516
1998,1998,Fabien Barthez,Fabien Barthez,fabien-barthez-1971,14,1998-01-01,1998-12-31,Monaco,France,Goalkeeper,goalkeeper,0,0,0,1,0.0,30.0,0.0,30.0,0,0,0,0,1,0,0,1,0,0,1,2,2,2,1,1,classical,calendar,built from ground_truth_resolved + stats_combined + trophies + narrative,0,0,0,9.67741935483871,43.54838709677419,9.67741935483871
1998,1998,Alessandro Del Piero,Alessandro Del Piero,alessandro-del-piero-1974,16,1998-01-01,1998-12-31,Juventus,Italy,Second striker,forward,1,0,0,0,21.0,32.0,0.65625,32.0,0,0,0,0,1,0,0,0,0,0,0,1,3,3,0,0,classical,calendar,built from ground_truth_resolved + stats_combined + trophies + narrative,0,0,0,91.93548387096774,69.35483870967742,90.32258064516128
1998,1998,Predrag Mijatović,Predrag Mijatović,predrag-mijatovic-1969,16,1998-01-01,1998-12-31,Real Madrid,Yugoslavia,Striker,forward,1,0,0,0,10.0,24.0,0.4166666666666667,24.0,0,1,0,0,1,0,0,0,0,0,0,1,3,3,0,0,classical,calendar,built from ground_truth_resolved + stats_combined + trophies + narrative,0,0,0,59.67741935483871,12.903225806451612,67.74193548387096
1998,1998,Didier Deschamps,Didier Deschamps,didier-deschamps-1968,18,1998-01-01,1998-12-31,Juventus,France,Defensive midfielder,midfielder,0,1,0,0,0.0,25.0,0.0,25.0,0,0,0,0,1,0,0,1,0,0,1,1,3,3,1,1,classical,calendar,built from ground_truth_resolved + stats_combined + trophies + narrative,0,0,0,9.67741935483871,19.35483870967742,9.67741935483871
1998,1998,Oliver Bierhoff,Oliver Bierhoff,oliver-bierhoff-1968,18,1998-01-01,1998-12-31,Milan,Germany,Striker,forward,1,0,0,0,27.0,32.0,0.84375,32.0,0,0,0,0,1,0,0,0,0,0,0,1,3,3,0,0,classical,calendar,built from ground_truth_resolved + stats_combined + trophies + narrative,0,0,0,100.0,69.35483870967742,96.7741935483871
1998,1998,Michael Laudrup,Michael Laudrup,michael-laudrup-1964,20,1998-01-01,1998-12-31,Ajax,Denmark,Attacking midfielder second striker,forward,1,0,0,0,11.0,21.0,0.5238095238095238,21.0,0,0,0,0,1,0,0,0,0,0,0,2,2,2,0,0,classical,calendar,built from ground_truth_resolved + stats_combined + trophies + narrative,0,0,0,66.12903225806451,6.451612903225806,74.19354838709677
1998,1998,Ronald de Boer,Ronald de Boer,ronald-de-boer-1970,21,1998-01-01,1998-12-31,Ajax,Netherlands,Midfielder winger,forward,1,0,0,0,7.0,31.0,0.22580645161290322,31.0,0,0,0,0,1,0,0,0,0,0,0,2,2,2,0,0,classical,calendar,built from ground_truth_resolved + stats_combined + trophies + narrative,0,0,0,50.0,53.2258064516129,51.61290322580645
1998,1998,Raúl,Raúl,raul,21,1998-01-01,1998-12-31,Real Madrid,Spain,,unknown,0,0,0,0,5.0,28.0,0.1724137931034483,,1,1,0,0,1,0,0,0,0,0,0,1,3,3,0,0,classical,calendar,built from ground_truth_resolved + stats_combined + trophies + narrative,1,1,1,37.096774193548384,29.03225806451613,40.32258064516129
1998,1998,Brian Laudrup,Brian Laudrup,brian-laudrup-1969,23,1998-01-01,1998-12-31,Chelsea,Denmark,Forward    winger   midfielder,forward,1,0,0,0,5.0,28.0,0.17857142857142858,28.0,0,0,0,0,1,0,0,0,0,0,0,1,3,3,0,0,classical,calendar,built from ground_truth_resolved + stats_combined + trophies + narrative,0,0,0,37.096774193548384,29.03225806451613,45.16129032258064
1998,1998,Clarence Seedorf,Clarence Seedorf,clarence-seedorf-1976,23,1998-01-01,1998-12-31,Real Madrid,Netherlands,Midfielder,midfielder,0,1,0,0,6.0,36.0,0.16666666666666666,36.0,0,1,0,0,1,0,0,0,0,0,0,1,3,3,0,0,classical,calendar,built from ground_truth_resolved + stats_combined + trophies + narrative,0,0,0,45.16129032258064,95.16129032258065,35.483870967741936
1998,1998,Marc Overmars,Marc Overmars,marc-overmars-1973,23,1998-01-01,1998-12-31,Arsenal,Netherlands,Winger,forward,1,0,0,0,12.0,32.0,0.375,32.0,0,0,0,0,1,0,0,0,0,0,0,2,2,2,0,0,classical,calendar,built from ground_truth_resolved + stats_combined + trophies + narrative,0,0,0,70.96774193548387,69.35483870967742,64.51612903225806
1998,1998,Christian Vieri,Christian Vieri,christian-vieri-1973,26,1998-01-01,1998-12-31,Lazio,Italy,Centre forward,forward,1,0,0,0,24.0,24.0,1.0,24.0,0,0,0,0,1,0,0,0,0,0,0,2,2,2,0,0,classical,calendar,built from ground_truth_resolved + stats_combined + trophies + narrative,0,0,0,96.7741935483871,12.903225806451612,100.0
1998,1998,Fernando Hierro,Fernando Hierro,fernando-hierro-1968,26,1998-01-01,1998-12-31,Real Madrid,Spain,Defender defensive midfielder,defender,0,0,1,0,3.0,28.0,0.10714285714285714,28.0,0,1,0,0,1,0,0,0,0,0,0,1,3,3,0,0,classical,calendar,built from ground_truth_resolved + stats_combined + trophies + narrative,0,0,0,25.806451612903224,29.03225806451613,25.806451612903224
1998,1998,David Beckham,David Beckham,david-beckham-1975,28,1998-01-01,1998-12-31,Manchester United,England,Midfielder,midfielder,0,1,0,0,9.0,37.0,0.24324324324324326,37.0,0,0,1,0,1,0,0,0,0,0,0,1,3,3,1,1,classical,calendar,built from ground_truth_resolved + stats_combined + trophies + narrative,0,0,0,54.83870967741935,100.0,54.83870967741935
1998,1998,Luis Enrique,Luis Enrique,luis-enrique-1970,28,1998-01-01,1998-12-31,Barcelona,Spain,Midfielder forward,forward,1,0,0,0,18.0,34.0,0.5294117647058824,34.0,0,0,1,0,1,0,0,0,0,0,0,1,3,3,0,0,classical,calendar,built from ground_truth_resolved + stats_combined + trophies + narrative,0,0,0,82.25806451612904,85.48387096774194,77.41935483870968
1998,1998,Bixente Lizarazu,Bixente Lizarazu,bixente-lizarazu-1969,28,1998-01-01,1998-12-31,Bayern Munich,France,Left-back,defender,0,0,1,0,0.0,19.0,0.0,19.0,0,0,0,0,1,0,0,1,0,0,1,1,3,3,1,1,classical,calendar,built from ground_truth_resolved + stats_combined + trophies + narrative,0,0,0,9.67741935483871,3.225806451612903,9.67741935483871
1998,1998,Nikos Machlas,Nikos Machlas,nikos-machlas-1973,28,1998-01-01,1998-12-31,Vitesse,Greece,Striker,forward,1,0,0,0,16.0,30.0,0.5348837209302325,,1,0,0,0,1,0,0,0,0,0,0,3,1,1,0,0,classical,calendar,built from ground_truth_resolved + stats_combined + trophies + narrative,1,1,1,75.80645161290323,43.54838709677419,80.64516129032258
1999,1999,Rivaldo,Rivaldo,rivaldo-1972,1,1999-01-01,1999-12-31,Barcelona,Brazil,Attacking midfielder left winger forward,forward,1,0,0,0,24.0,37.0,0.6486486486486487,37.0,0,0,0,0,0,0,1,0,0,1,1,1,3,3,1,1,classical,calendar,built from ground_truth_resolved + stats_combined + trophies + narrative,0,0,0,96.7741935483871,100.0,90.32258064516128
1999,1999,David Beckham,David Beckham,david-beckham-1975,2,1999-01-01,1999-12-31,Manchester United,England,Midfielder,midfielder,0,1,0,0,6.0,34.0,0.17647058823529413,34.0,0,1,0,0,0,0,1,0,0,0,0,1,3,3,0,0,classical,calendar,built from ground_truth_resolved + stats_combined + trophies + narrative,0,0,0,50.0,85.48387096774194,48.38709677419355
1999,1999,Andriy Shevchenko,Andriy Shevchenko,andriy-shevchenko-1976,3,1999-01-01,1999-12-31,Dynamo Kyiv Milan,Ukraine,Striker,forward,1,0,0,0,18.0,26.0,0.6923076923076923,26.0,0,0,0,0,0,0,1,0,0,0,0,1,3,3,0,0,classical,calendar,built from ground_truth_resolved + stats_combined + trophies + narrative,0,0,0,85.48387096774194,24.193548387096776,93.54838709677419
1999,1999,Gabriel Batistuta,Gabriel Batistuta,gabriel-batistuta-1969,4,1999-01-01,1999-12-31,Fiorentina,Argentina,Striker,forward,1,0,0,0,21.0,28.0,0.75,28.0,0,0,0,0,0,0,1,0,0,0,0,2,2,2,0,0,classical,calendar,built from ground_truth_resolved + stats_combined + trophies + narrative,0,0,0,93.54838709677419,37.096774193548384,96.7741935483871
1999,1999,Luís Figo,Luís Figo,luis-figo-1972,5,1999-01-01,1999-12-31,Barcelona,Portugal,Winger,forward,1,0,0,0,7.0,34.0,0.20588235294117646,34.0,0,0,0,0,0,0,1,0,0,0,0,1,3,3,0,0,classical,calendar,built from ground_truth_resolved + stats_combined + trophies + narrative,0,0,0,56.451612903225815,85.48387096774194,51.61290322580645
1999,1999,Roy Keane,Roy Keane,roy-keane-1971,6,1999-01-01,1999-12-31,Manchester United,Republic of Ireland,Midfielder,midfielder,0,1,0,0,2.0,35.0,0.05714285714285714,35.0,0,1,0,0,0,0,1,0,0,0,0,1,3,3,0,0,classical,calendar,built from ground_truth_resolved + stats_combined + trophies + narrative,0,0,0,22.58064516129032,95.16129032258065,19.35483870967742
1999,1999,Christian Vieri,Christian Vieri,christian-vieri-1973,7,1999-01-01,1999-12-31,Lazio,Italy Australia,Centre forward,forward,1,0,0,0,12.0,22.0,0.5454545454545454,22.0,0,0,0,0,0,0,1,0,0,0,0,2,2,2,0,0,classical,calendar,built from ground_truth_resolved + stats_combined + trophies + narrative,0,0,0,67.74193548387096,9.67741935483871,82.25806451612904
1999,1999,Juan Sebastián Verón,Juan Sebastián Verón,juan-sebastian-veron-1975,8,1999-01-01,1999-12-31,Lazio,Argentina,Midfielder,midfielder,0,1,0,0,1.0,26.0,0.038461538461538464,26.0,0,0,0,0,0,0,1,0,0,0,0,2,2,2,0,0,classical,calendar,built from ground_truth_resolved + stats_combined + trophies + narrative,0,0,0,11.29032258064516,24.193548387096776,9.67741935483871
1999,1999,Raúl,Raúl,raul,9,1999-01-01,1999-12-31,Real Madrid,Spain,,unknown,0,0,0,0,5.0,28.0,0.1724137931034483,,1,0,0,0,0,0,1,0,0,0,0,1,3,3,0,0,classical,calendar,built from ground_truth_resolved + stats_combined + trophies + narrative,1,1,1,40.32258064516129,37.096774193548384,41.935483870967744
1999,1999,Lothar Matthäus,Lothar Matthäus,lothar-matthaus-1961,10,1999-01-01,1999-12-31,Bayern Munich,Germany,Midfielder sweeper,defender,0,0,1,0,1.0,25.0,0.04,25.0,0,0,0,0,0,0,1,0,0,0,0,1,3,3,0,0,classical,calendar,built from ground_truth_resolved + stats_combined + trophies + narrative,0,0,0,11.29032258064516,17.741935483870968,12.903225806451612
1999,1999,Dwight Yorke,Dwight Yorke,dwight-yorke-1971,11,1999-01-01,1999-12-31,Manchester United,Trinidad and Tobago,Forward winger,forward,1,0,0,0,18.0,33.0,0.5454545454545454,33.0,0,1,0,0,0,0,1,0,0,0,0,1,3,3,0,0,classical,calendar,built from ground_truth_resolved + stats_combined + trophies + narrative,0,0,0,85.48387096774194,77.41935483870968,82.25806451612904
1999,1999,Jaap Stam,Jaap Stam,jaap-stam-1972,12,1999-01-01,1999-12-31,Manchester United,Netherlands,Centre-back,defender,0,0,1,0,1.0,30.0,0.03333333333333333,30.0,0,1,0,0,0,0,1,0,0,0,0,1,3,3,0,0,classical,calendar,built from ground_truth_resolved + stats_combined + trophies + narrative,0,0,0,11.29032258064516,51.61290322580645,6.451612903225806
1999,1999,Siniša Mihajlović,Siniša Mihajlović,sinisa-mihajlovic-1969,13,1999-01-01,1999-12-31,Lazio,FR Yugoslavia,Defender,defender,0,0,1,0,8.0,30.0,0.26666666666666666,30.0,0,0,0,0,0,0,1,0,0,0,0,2,2,2,0,0,classical,calendar,built from ground_truth_resolved + stats_combined + trophies + narrative,0,0,0,62.903225806451616,51.61290322580645,61.29032258064516
1999,1999,Zlatko Zahovič,Zlatko Zahovič,zlatko-zahovic-1971,14,1999-01-01,1999-12-31,Olympiacos,Slovenia,Attacking midfielder,midfielder,0,1,0,0,14.0,31.0,0.45161290322580644,31.0,0,0,0,0,0,0,1,0,0,0,0,3,1,1,0,0,classical,calendar,built from ground_truth_resolved + stats_combined + trophies + narrative,0,0,0,70.96774193548387,64.51612903225806,64.51612903225806
1999,1999,Pavel Nedvěd,Pavel Nedvěd,pavel-nedved-1972,15,1999-01-01,1999-12-31,Lazio,Czech Republic,Midfielder,midfielder,0,1,0,0,1.0,21.0,0.047619047619047616,21.0,0,0,0,0,0,0,1,0,0,0,0,2,2,2,0,0,classical,calendar,built from ground_truth_resolved + stats_combined + trophies + narrative,0,0,0,11.29032258064516,6.451612903225806,16.129032258064516
1999,1999,Mário Jardel,Mário Jardel,mario-jardel-1973,16,1999-01-01,1999-12-31,Porto,Brazil,Forward,forward,1,0,0,0,36.0,32.0,1.125,32.0,0,0,0,0,0,0,1,0,0,1,1,2,2,2,1,1,classical,calendar,built from ground_truth_resolved + stats_combined + trophies + narrative,0,0,0,100.0,72.58064516129032,100.0
1999,1999,Peter Schmeichel,Peter Schmeichel,peter-schmeichel-1963,17,1999-01-01,1999-12-31,Manchester United,Denmark,Goalkeeper,goalkeeper,0,0,0,1,0.0,34.0,0.0,34.0,0,1,0,0,0,0,1,0,0,0,0,1,3,3,0,0,classical,calendar,built from ground_truth_resolved + stats_combined + trophies + narrative,0,0,0,3.225806451612903,85.48387096774194,3.225806451612903
1999,1999,Stefan Effenberg,Stefan Effenberg,stefan-effenberg-1968,18,1999-01-01,1999-12-31,Bayern Munich,Germany,Midfielder,midfielder,0,1,0,0,8.0,31.0,0.25806451612903225,31.0,0,0,0,0,0,0,1,0,0,0,0,1,3,3,0,0,classical,calendar,built from ground_truth_resolved + stats_combined + trophies + narrative,0,0,0,62.903225806451616,64.51612903225806,58.06451612903226
1999,1999,Zinedine Zidane,Zinedine Zidane,zinedine-zidane-1972,19,1999-01-01,1999-12-31,Juventus,France,Attacking midfielder,midfielder,0,1,0,0,2.0,25.0,0.08,25.0,0,0,0,0,0,0,1,0,0,0,0,1,3,3,0,0,classical,calendar,built from ground_truth_resolved + stats_combined + trophies + narrative,0,0,0,22.58064516129032,17.741935483870968,25.806451612903224
1999,1999,Oliver Bierhoff,Oliver Bierhoff,oliver-bierhoff-1968,19,1999-01-01,1999-12-31,Milan,Germany,Striker,forward,1,0,0,0,19.0,34.0,0.5588235294117647,34.0,0,0,0,0,0,0,1,0,0,0,0,1,3,3,0,0,classical,calendar,built from ground_truth_resolved + stats_combined + trophies + narrative,0,0,0,90.32258064516128,85.48387096774194,87.09677419354838
1999,1999,Mario Basler,Mario Basler,mario-basler-1968,21,1999-01-01,1999-12-31,Bayern Munich,Germany,Right midfielder,midfielder,0,1,0,0,7.0,31.0,0.21875,,1,0,0,0,0,0,1,0,0,0,0,1,3,3,0,0,classical,calendar,built from ground_truth_resolved + stats_combined + trophies + narrative,1,1,1,56.451612903225815,64.51612903225806,54.83870967741935
1999,1999,Ryan Giggs,Ryan Giggs,ryan-giggs-1973,21,1999-01-01,1999-12-31,Manchester United,Wales,Left midfielder left winger,forward,1,0,0,0,3.0,24.0,0.125,24.0,0,1,0,0,0,0,1,0,0,0,0,1,3,3,0,0,classical,calendar,built from ground_truth_resolved + stats_combined + trophies + narrative,0,0,0,30.64516129032258,12.903225806451612,32.25806451612903
1999,1999,Hernán Crespo,Hernán Crespo,hernan-crespo-1975,23,1999-01-01,1999-12-31,Parma,Argentina,Striker,forward,1,0,0,0,16.0,30.0,0.5333333333333333,30.0,0,0,0,0,0,0,1,0,0,0,0,3,1,1,0,0,classical,calendar,built from ground_truth_resolved + stats_combined + trophies + narrative,0,0,0,77.41935483870968,51.61290322580645,77.41935483870968
1999,1999,Nwankwo Kanu,Nwankwo Kanu,nwankwo-kanu-1976,23,1999-01-01,1999-12-31,Arsenal,Nigeria,Forward,forward,1,0,0,0,6.0,13.0,0.46153846153846156,13.0,0,0,0,0,0,0,1,0,0,0,0,2,2,2,0,0,classical,calendar,built from ground_truth_resolved + stats_combined + trophies + narrative,0,0,0,50.0,3.225806451612903,67.74193548387096
1999,1999,Ronaldo,Ronaldo,ronaldo,23,1999-01-01,1999-12-31,Internazionale,Brazil,,unknown,0,0,0,0,5.0,28.0,0.1724137931034483,,1,0,0,0,0,0,1,0,0,1,1,1,3,3,1,1,classical,calendar,built from ground_truth_resolved + stats_combined + trophies + narrative,1,1,1,40.32258064516129,37.096774193548384,41.935483870967744
1999,1999,Andy Cole,Andy Cole,andy-cole-1971,26,1999-01-01,1999-12-31,Manchester United,England,Striker,forward,1,0,0,0,17.0,32.0,0.53125,32.0,0,1,0,0,0,0,1,0,0,0,0,1,3,3,0,0,classical,calendar,built from ground_truth_resolved + stats_combined + trophies + narrative,0,0,0,80.64516129032258,72.58064516129032,74.19354838709677
1999,1999,Edgar Davids,Edgar Davids,edgar-davids-1973,26,1999-01-01,1999-12-31,Juventus,Netherlands Suriname,Midfielder,midfielder,0,1,0,0,2.0,27.0,0.07407407407407407,27.0,0,0,0,0,0,0,1,0,0,0,0,1,3,3,0,0,classical,calendar,built from ground_truth_resolved + stats_combined + trophies + narrative,0,0,0,22.58064516129032,29.03225806451613,22.58064516129032
1999,1999,David Ginola,David Ginola,david-ginola-1967,26,1999-01-01,1999-12-31,Tottenham Hotspur,France,Winger,forward,1,0,0,0,3.0,30.0,0.1,30.0,0,0,0,0,0,0,1,0,0,0,0,2,2,2,0,0,classical,calendar,built from ground_truth_resolved + stats_combined + trophies + narrative,0,0,0,30.64516129032258,51.61290322580645,29.03225806451613
1999,1999,Claudio López,Claudio López,claudio-lopez,26,1999-01-01,1999-12-31,Valencia,Argentina,,unknown,0,0,0,0,5.0,28.0,0.1724137931034483,,1,0,0,0,0,0,1,0,0,0,0,2,2,2,0,0,classical,calendar,built from ground_truth_resolved + stats_combined + trophies + narrative,1,1,1,40.32258064516129,37.096774193548384,41.935483870967744
1999,1999,Roberto Carlos,Roberto Carlos,roberto-carlos-1973,26,1999-01-01,1999-12-31,Real Madrid,Brazil,Left-back,defender,0,0,1,0,5.0,35.0,0.14285714285714285,35.0,0,0,0,0,0,0,1,0,0,1,1,1,3,3,1,1,classical,calendar,built from ground_truth_resolved + stats_combined + trophies + narrative,0,0,0,40.32258064516129,95.16129032258065,35.483870967741936
1999,1999,Marcelo Salas,Marcelo Salas,marcelo-salas-1974,26,1999-01-01,1999-12-31,Lazio,Chile,Striker,forward,1,0,0,0,15.0,30.0,0.5,30.0,0,0,0,0,0,0,1,0,0,0,0,2,2,2,0,0,classical,calendar,built from ground_truth_resolved + stats_combined + trophies + narrative,0,0,0,74.19354838709677,51.61290322580645,70.96774193548387
2000,2000,Luís Figo,Luís Figo,luis-figo-1972,1,2000-01-01,2000-12-31,Barcelona Real Madrid,Portugal,Winger,forward,1,0,0,0,9.0,32.0,0.28125,32.0,0,1,0,0,0,1,0,0,0,0,0,1,3,3,0,0,classical,calendar,built from ground_truth_resolved + stats_combined + trophies + narrative,0,0,0,70.0,80.0,66.66666666666666
2000,2000,Zinedine Zidane,Zinedine Zidane,zinedine-zidane-1972,2,2000-01-01,2000-12-31,Juventus,France,Attacking midfielder,midfielder,0,1,0,0,4.0,32.0,0.125,32.0,0,0,0,0,0,1,0,0,1,0,1,1,3,3,1,1,classical,calendar,built from ground_truth_resolved + stats_combined + trophies + narrative,0,0,0,36.666666666666664,80.0,36.666666666666664
2000,2000,Andriy Shevchenko,Andriy Shevchenko,andriy-shevchenko-1976,3,2000-01-01,2000-12-31,Milan,Ukraine,Striker,forward,1,0,0,0,24.0,32.0,0.75,32.0,0,0,0,0,0,1,0,0,0,0,0,1,3,3,0,0,classical,calendar,built from ground_truth_resolved + stats_combined + trophies + narrative,0,0,0,96.66666666666667,80.0,93.33333333333333
2000,2000,Thierry Henry,Thierry Henry,thierry-henry-1977,4,2000-01-01,2000-12-31,Arsenal,France,Forward,forward,1,0,0,0,17.0,31.0,0.5483870967741935,31.0,0,0,0,0,0,1,0,0,1,0,1,2,2,2,1,1,classical,calendar,built from ground_truth_resolved + stats_combined + trophies + narrative,0,0,0,86.66666666666667,65.0,83.33333333333334
2000,2000,Alessandro Nesta,Alessandro Nesta,alessandro-nesta-1976,5,2000-01-01,2000-12-31,Lazio,Italy,Centre back,defender,0,0,1,0,0.0,28.0,0.0,28.0,0,0,0,0,0,1,0,0,0,0,0,2,2,2,0,0,classical,calendar,built from ground_truth_resolved + stats_combined + trophies + narrative,0,0,0,10.0,35.0,10.0
2000,2000,Rivaldo,Rivaldo,rivaldo-1972,6,2000-01-01,2000-12-31,Barcelona,Brazil,Attacking midfielder left winger forward,forward,1,0,0,0,12.0,31.0,0.3870967741935484,31.0,0,0,0,0,0,1,0,0,0,0,0,1,3,3,0,0,classical,calendar,built from ground_truth_resolved + stats_combined + trophies + narrative,0,0,0,73.33333333333333,65.0,70.0
2000,2000,Gabriel Batistuta,Gabriel Batistuta,gabriel-batistuta-1969,7,2000-01-01,2000-12-31,Roma,Argentina,Striker,forward,1,0,0,0,23.0,30.0,0.7666666666666667,30.0,0,0,0,0,0,1,0,0,0,0,0,2,2,2,0,0,classical,calendar,built from ground_truth_resolved + stats_combined + trophies + narrative,0,0,0,93.33333333333333,51.66666666666667,96.66666666666667
2000,2000,Gaizka Mendieta,Gaizka Mendieta,gaizka-mendieta-1974,8,2000-01-01,2000-12-31,Valencia,Spain,Midfielder,midfielder,0,1,0,0,13.0,33.0,0.3939393939393939,33.0,0,0,0,0,0,1,0,0,0,0,0,2,2,2,0,0,classical,calendar,built from ground_truth_resolved + stats_combined + trophies + narrative,0,0,0,76.66666666666667,90.0,73.33333333333333
2000,2000,Raúl,Raúl,raul,9,2000-01-01,2000-12-31,Real Madrid,Spain,,unknown,0,0,0,0,5.0,28.0,0.1724137931034483,,1,1,1,1,0,1,0,0,0,0,0,1,3,3,0,0,classical,calendar,built from ground_truth_resolved + stats_combined + trophies + narrative,1,1,1,48.333333333333336,35.0,46.666666666666664
2000,2000,Paolo Maldini,Paolo Maldini,paolo-maldini-1968,10,2000-01-01,2000-12-31,Milan,Italy,Left-back centre-back,defender,0,0,1,0,1.0,27.0,0.037037037037037035,27.0,0,0,0,0,0,1,0,0,0,0,0,1,3,3,0,0,classical,calendar,built from ground_truth_resolved + stats_combined + trophies + narrative,0,0,0,23.333333333333332,21.666666666666668,21.666666666666668
2000,2000,David Beckham,David Beckham,david-beckham-1975,10,2000-01-01,2000-12-31,Manchester United,England,Midfielder,midfielder,0,1,0,0,6.0,31.0,0.1935483870967742,31.0,0,0,1,0,0,1,0,0,0,0,0,1,3,3,0,0,classical,calendar,built from ground_truth_resolved + stats_combined + trophies + narrative,0,0,0,56.666666666666664,65.0,56.666666666666664
2000,2000,Zlatko Zahovič,Zlatko Zahovič,zlatko-zahovic-1971,12,2000-01-01,2000-12-31,Olympiacos Valencia,Slovenia,Attacking midfielder,midfielder,0,1,0,0,7.0,14.0,0.5,14.0,0,0,0,0,0,1,0,0,0,0,0,2,2,2,0,0,classical,calendar,built from ground_truth_resolved + stats_combined + trophies + narrative,0,0,0,61.66666666666667,3.3333333333333335,80.0
2000,2000,Fabien Barthez,Fabien Barthez,fabien-barthez-1971,12,2000-01-01,2000-12-31,Manchester United,France,Goalkeeper,goalkeeper,0,0,0,1,0.0,24.0,0.0,24.0,0,0,1,0,0,1,0,0,1,0,1,1,3,3,1,1,classical,calendar,built from ground_truth_resolved + stats_combined + trophies + narrative,0,0,0,10.0,10.0,10.0
2000,2000,Francesco Toldo,Francesco Toldo,francesco-toldo-1971,14,2000-01-01,2000-12-31,Fiorentina,Italy,Goalkeeper,goalkeeper,0,0,0,1,0.0,34.0,0.0,34.0,0,0,0,0,0,1,0,0,0,0,0,2,2,2,0,0,classical,calendar,built from ground_truth_resolved + stats_combined + trophies + narrative,0,0,0,10.0,95.0,10.0
2000,2000,Francesco Totti,Francesco Totti,francesco-totti-1976,14,2000-01-01,2000-12-31,Roma,Italy,Attacking midfielder forward,forward,1,0,0,0,7.0,27.0,0.25925925925925924,27.0,0,0,0,0,0,1,0,0,0,0,0,2,2,2,0,0,classical,calendar,built from ground_truth_resolved + stats_combined + trophies + narrative,0,0,0,61.66666666666667,21.666666666666668,63.33333333333333
2000,2000,Roberto Carlos,Roberto Carlos,roberto-carlos-1973,14,2000-01-01,2000-12-31,Real Madrid,Brazil,Left-back,defender,0,0,1,0,4.0,35.0,0.11428571428571428,35.0,0,1,1,1,0,1,0,0,0,0,0,1,3,3,0,0,classical,calendar,built from ground_truth_resolved + stats_combined + trophies + narrative,0,0,0,36.666666666666664,100.0,33.33333333333333
2000,2000,Patrick Kluivert,Patrick Kluivert,patrick-kluivert-1976,17,2000-01-01,2000-12-31,Barcelona,Netherlands,Striker,forward,1,0,0,0,15.0,26.0,0.5769230769230769,26.0,0,0,0,0,0,1,0,0,0,0,0,1,3,3,0,0,classical,calendar,built from ground_truth_resolved + stats_combined + trophies + narrative,0,0,0,83.33333333333334,13.333333333333334,86.66666666666667
2000,2000,Edgar Davids,Edgar Davids,edgar-davids-1973,18,2000-01-01,2000-12-31,Juventus,Netherlands,Midfielder,midfielder,0,1,0,0,1.0,27.0,0.037037037037037035,27.0,0,0,0,0,0,1,0,0,0,0,0,1,3,3,0,0,classical,calendar,built from ground_truth_resolved + stats_combined + trophies + narrative,0,0,0,23.333333333333332,21.666666666666668,21.666666666666668
2000,2000,Hakan Şükür,Hakan Şükür,hakan-sukur-1971,18,2000-01-01,2000-12-31,Internazionale,Turkey,Striker,forward,1,0,0,0,14.0,32.0,0.4375,32.0,0,0,0,0,0,1,0,0,0,0,0,1,3,3,0,0,classical,calendar,built from ground_truth_resolved + stats_combined + trophies + narrative,0,0,0,80.0,80.0,76.66666666666667
2000,2000,Mário Jardel,Mário Jardel,mario-jardel-1973,18,2000-01-01,2000-12-31,Galatasaray,Brazil,Forward,forward,1,0,0,0,37.0,32.0,1.15625,32.0,0,0,0,0,0,1,0,0,0,0,0,3,1,1,0,0,classical,calendar,built from ground_truth_resolved + stats_combined + trophies + narrative,0,0,0,100.0,80.0,100.0
2000,2000,Fernando Redondo,Fernando Redondo,fernando-redondo-1969,18,2000-01-01,2000-12-31,Real Madrid Milan,Argentina,Defensive midfielder,midfielder,0,1,0,0,0.0,30.0,0.0,30.0,0,1,0,0,0,1,0,0,0,0,0,1,3,3,0,0,classical,calendar,built from ground_truth_resolved + stats_combined + trophies + narrative,0,0,0,10.0,51.66666666666667,10.0
2000,2000,Pavel Nedvěd,Pavel Nedvěd,pavel-nedved-1972,22,2000-01-01,2000-12-31,Lazio,Czech Republic,Midfielder,midfielder,0,1,0,0,5.0,28.0,0.17857142857142858,28.0,0,0,0,0,0,1,0,0,0,0,0,2,2,2,0,0,classical,calendar,built from ground_truth_resolved + stats_combined + trophies + narrative,0,0,0,48.333333333333336,35.0,53.333333333333336
2000,2000,David Trezeguet,David Trezeguet,david-trezeguet-1977,22,2000-01-01,2000-12-31,Juventus,France,Striker,forward,1,0,0,0,22.0,30.0,0.7333333333333333,30.0,0,0,0,0,0,1,0,0,1,0,1,1,3,3,1,1,classical,calendar,built from ground_truth_resolved + stats_combined + trophies + narrative,0,0,0,90.0,51.66666666666667,90.0
2000,2000,Marcel Desailly,Marcel Desailly,marcel-desailly-1968,24,2000-01-01,2000-12-31,Chelsea,France,Centre-back defensive midfielder,defender,0,0,1,0,1.0,23.0,0.043478260869565216,23.0,0,0,0,0,0,1,0,0,1,0,1,1,3,3,1,1,classical,calendar,built from ground_truth_resolved + stats_combined + trophies + narrative,0,0,0,23.333333333333332,6.666666666666667,26.666666666666668
2000,2000,Oliver Kahn,Oliver Kahn,oliver-kahn-1969,24,2000-01-01,2000-12-31,Bayern Munich,Germany,Goalkeeper,goalkeeper,0,0,0,1,0.0,27.0,0.0,27.0,0,0,0,0,0,1,0,0,0,0,0,1,3,3,1,1,classical,calendar,built from ground_truth_resolved + stats_combined + trophies + narrative,0,0,0,10.0,21.666666666666668,10.0
2000,2000,Rui Costa,Rui Costa,rui-costa-1972,24,2000-01-01,2000-12-31,Fiorentina,Portugal,Attacking midfielder,midfielder,0,1,0,0,4.0,30.0,0.13333333333333333,30.0,0,0,0,0,0,1,0,0,0,0,0,2,2,2,0,0,classical,calendar,built from ground_truth_resolved + stats_combined + trophies + narrative,0,0,0,36.666666666666664,51.66666666666667,40.0
2000,2000,Laurent Blanc,Laurent Blanc,laurent-blanc-1965,27,2000-01-01,2000-12-31,Internazionale,France,Centre-back,defender,0,0,1,0,3.0,34.0,0.08823529411764706,34.0,0,0,0,0,0,1,0,0,1,0,1,1,3,3,1,1,classical,calendar,built from ground_truth_resolved + stats_combined + trophies + narrative,0,0,0,30.0,95.0,30.0
2000,2000,Claudio López,Claudio López,claudio-lopez,27,2000-01-01,2000-12-31,Valencia Lazio,Argentina,,unknown,0,0,0,0,5.0,28.0,0.1724137931034483,,1,0,0,0,0,1,0,0,0,0,0,2,2,2,0,0,classical,calendar,built from ground_truth_resolved + stats_combined + trophies + narrative,1,1,1,48.333333333333336,35.0,46.666666666666664
2000,2000,Roy Keane,Roy Keane,roy-keane-1971,27,2000-01-01,2000-12-31,Manchester United,Republic of Ireland,Midfielder,midfielder,0,1,0,0,5.0,29.0,0.1724137931034483,29.0,0,0,1,0,0,1,0,0,0,0,0,1,3,3,0,0,classical,calendar,built from ground_truth_resolved + stats_combined + trophies + narrative,0,0,0,48.333333333333336,43.333333333333336,46.666666666666664
2000,2000,Juan Sebastián Verón,Juan Sebastián Verón,juan-sebastian-veron-1975,27,2000-01-01,2000-12-31,Lazio,Argentina,Midfielder,midfielder,0,1,0,0,8.0,31.0,0.25806451612903225,31.0,0,0,0,0,0,1,0,0,0,0,0,2,2,2,0,0,classical,calendar,built from ground_truth_resolved + stats_combined + trophies + narrative,0,0,0,66.66666666666666,65.0,60.0
2001,2001,Michael Owen,Michael Owen,michael-owen-1979,1,2001-01-01,2001-12-31,Liverpool,England,Striker,forward,1,0,0,0,16.0,28.0,0.5714285714285714,28.0,0,0,0,0,0,0,1,0,0,0,0,1,3,3,0,0,classical,calendar,built from ground_truth_resolved + stats_combined + trophies + narrative,0,0,0,78.0,27.0,80.0
2001,2001,Raúl,Raúl,raul,2,2001-01-01,2001-12-31,Real Madrid,Spain,,unknown,0,0,0,0,5.0,28.0,0.1724137931034483,,1,0,0,0,0,0,1,0,0,0,0,1,3,3,1,1,classical,calendar,built from ground_truth_resolved + stats_combined + trophies + narrative,1,1,1,41.0,27.0,44.0
2001,2001,Oliver Kahn,Oliver Kahn,oliver-kahn-1969,3,2001-01-01,2001-12-31,Bayern Munich,Germany,Goalkeeper,goalkeeper,0,0,0,1,0.0,32.0,0.0,32.0,0,1,0,0,0,0,1,0,0,0,0,1,3,3,0,0,classical,calendar,built from ground_truth_resolved + stats_combined + trophies + narrative,0,0,0,7.000000000000001,63.0,7.000000000000001
2001,2001,David Beckham,David Beckham,david-beckham-1975,4,2001-01-01,2001-12-31,Manchester United,England,Midfielder,midfielder,0,1,0,0,9.0,31.0,0.2903225806451613,31.0,0,0,0,0,0,0,1,0,0,0,0,1,3,3,0,0,classical,calendar,built from ground_truth_resolved + stats_combined + trophies + narrative,0,0,0,63.0,52.0,61.0
2001,2001,Francesco Totti,Francesco Totti,francesco-totti-1976,5,2001-01-01,2001-12-31,Roma,Italy,Attacking midfielder forward,forward,1,0,0,0,13.0,30.0,0.43333333333333335,30.0,0,0,0,0,0,0,1,0,0,0,0,2,2,2,0,0,classical,calendar,built from ground_truth_resolved + stats_combined + trophies + narrative,0,0,0,72.0,41.0,72.0
2001,2001,Luís Figo,Luís Figo,luis-figo-1972,6,2001-01-01,2001-12-31,Real Madrid,Portugal,Winger,forward,1,0,0,0,9.0,34.0,0.2647058823529412,34.0,0,0,0,0,0,0,1,0,0,0,0,1,3,3,1,1,classical,calendar,built from ground_truth_resolved + stats_combined + trophies + narrative,0,0,0,63.0,83.0,57.99999999999999
2001,2001,Rivaldo,Rivaldo,rivaldo-1972,7,2001-01-01,2001-12-31,Barcelona,Brazil,Attacking midfielder left winger forward,forward,1,0,0,0,23.0,35.0,0.6571428571428571,35.0,0,0,0,0,0,0,1,0,0,0,0,1,3,3,0,0,classical,calendar,built from ground_truth_resolved + stats_combined + trophies + narrative,0,0,0,93.0,92.0,85.0
2001,2001,Andriy Shevchenko,Andriy Shevchenko,andriy-shevchenko-1976,8,2001-01-01,2001-12-31,Milan,Ukraine,Striker,forward,1,0,0,0,24.0,34.0,0.7058823529411765,34.0,0,0,0,0,0,0,1,0,0,0,0,1,3,3,0,0,classical,calendar,built from ground_truth_resolved + stats_combined + trophies + narrative,0,0,0,96.0,83.0,90.0
2001,2001,Thierry Henry,Thierry Henry,thierry-henry-1977,9,2001-01-01,2001-12-31,Arsenal,France,Forward,forward,1,0,0,0,17.0,35.0,0.4857142857142857,35.0,0,0,1,0,0,0,1,0,0,0,0,2,2,2,0,0,classical,calendar,built from ground_truth_resolved + stats_combined + trophies + narrative,0,0,0,80.0,92.0,74.0
2001,2001,Zinedine Zidane,Zinedine Zidane,zinedine-zidane-1972,9,2001-01-01,2001-12-31,Real Madrid,France,Attacking midfielder,midfielder,0,1,0,0,6.0,33.0,0.18181818181818182,33.0,0,0,0,0,0,0,1,0,0,0,0,1,3,3,1,1,classical,calendar,built from ground_truth_resolved + stats_combined + trophies + narrative,0,0,0,50.0,73.0,46.0
2001,2001,Bixente Lizarazu,Bixente Lizarazu,bixente-lizarazu-1969,11,2001-01-01,2001-12-31,Bayern Munich,France,Left-back,defender,0,0,1,0,0.0,15.0,0.0,15.0,0,1,0,0,0,0,1,0,0,0,0,1,3,3,0,0,classical,calendar,built from ground_truth_resolved + stats_combined + trophies + narrative,0,0,0,7.000000000000001,3.0,7.000000000000001
2001,2001,David Trezeguet,David Trezeguet,david-trezeguet-1977,12,2001-01-01,2001-12-31,Juventus,France,Striker,forward,1,0,0,0,14.0,25.0,0.56,25.0,0,0,0,0,0,0,1,0,0,0,0,1,3,3,0,0,classical,calendar,built from ground_truth_resolved + stats_combined + trophies + narrative,0,0,0,74.0,18.0,78.0
2001,2001,Stefan Effenberg,Stefan Effenberg,stefan-effenberg-1968,13,2001-01-01,2001-12-31,Bayern Munich,Germany,Midfielder,midfielder,0,1,0,0,4.0,20.0,0.2,20.0,0,1,0,0,0,0,1,0,0,0,0,1,3,3,0,0,classical,calendar,built from ground_truth_resolved + stats_combined + trophies + narrative,0,0,0,33.0,8.0,50.0
2001,2001,Henrik Larsson,Henrik Larsson,henrik-larsson-1971,14,2001-01-01,2001-12-31,Celtic,Sweden,Striker,forward,1,0,0,0,35.0,37.0,0.9459459459459459,37.0,0,0,0,0,0,0,1,0,0,0,0,3,1,1,0,0,classical,calendar,built from ground_truth_resolved + stats_combined + trophies + narrative,0,0,0,100.0,100.0,100.0
2001,2001,Alessandro Nesta,Alessandro Nesta,alessandro-nesta-1976,14,2001-01-01,2001-12-31,Lazio,Italy,Centre back,defender,0,0,1,0,0.0,29.0,0.0,29.0,0,0,0,0,0,0,1,0,0,0,0,2,2,2,0,0,classical,calendar,built from ground_truth_resolved + stats_combined + trophies + narrative,0,0,0,7.000000000000001,34.0,7.000000000000001
2001,2001,Juan Sebastián Verón,Juan Sebastián Verón,juan-sebastian-veron-1975,16,2001-01-01,2001-12-31,Lazio Manchester United,Argentina,Midfielder,midfielder,0,1,0,0,3.0,22.0,0.13636363636363635,22.0,0,0,0,0,0,0,1,0,0,0,0,1,3,3,0,0,classical,calendar,built from ground_truth_resolved + stats_combined + trophies + narrative,0,0,0,28.000000000000004,12.0,32.0
2001,2001,Hernán Crespo,Hernán Crespo,hernan-crespo-1975,16,2001-01-01,2001-12-31,Lazio,Argentina,Striker,forward,1,0,0,0,26.0,32.0,0.8125,32.0,0,0,0,0,0,0,1,0,0,0,0,2,2,2,0,0,classical,calendar,built from ground_truth_resolved + stats_combined + trophies + narrative,0,0,0,98.0,63.0,98.0
2001,2001,Giovane Élber,Giovane Élber,giovane-elber-1972,18,2001-01-01,2001-12-31,Bayern Munich,Brazil,Striker,forward,1,0,0,0,15.0,27.0,0.5555555555555556,27.0,0,1,0,0,0,0,1,0,0,0,0,1,3,3,0,0,classical,calendar,built from ground_truth_resolved + stats_combined + trophies + narrative,0,0,0,76.0,22.0,76.0
2001,2001,Gaizka Mendieta,Gaizka Mendieta,gaizka-mendieta-1974,18,2001-01-01,2001-12-31,Valencia Lazio,Spain,Midfielder,midfielder,0,1,0,0,10.0,31.0,0.3225806451612903,31.0,0,0,0,0,0,0,1,0,0,0,0,2,2,2,0,0,classical,calendar,built from ground_truth_resolved + stats_combined + trophies + narrative,0,0,0,69.0,52.0,64.0
2001,2001,Roberto Carlos,Roberto Carlos,roberto-carlos-1973,18,2001-01-01,2001-12-31,Real Madrid,Brazil,Left-back,defender,0,0,1,0,5.0,36.0,0.1388888888888889,36.0,0,0,0,0,0,0,1,0,0,0,0,1,3,3,1,1,classical,calendar,built from ground_truth_resolved + stats_combined + trophies + narrative,0,0,0,41.0,98.0,34.0
2001,2001,Damiano Tommasi,Damiano Tommasi,damiano-tommasi-1974,18,2001-01-01,2001-12-31,Roma,Italy,Midfielder,midfielder,0,1,0,0,7.0,31.0,0.21875,,1,0,0,0,0,0,1,0,0,0,0,2,2,2,0,0,classical,calendar,built from ground_truth_resolved + stats_combined + trophies + narrative,1,1,1,56.00000000000001,52.0,56.00000000000001
2001,2001,Sami Hyypiä,Sami Hyypiä,sami-hyypia-1973,18,2001-01-01,2001-12-31,Liverpool,Finland,Centre-back,defender,0,0,1,0,3.0,35.0,0.08571428571428572,35.0,0,0,0,0,0,0,1,0,0,0,0,1,3,3,0,0,classical,calendar,built from ground_truth_resolved + stats_combined + trophies + narrative,0,0,0,28.000000000000004,92.0,22.0
2001,2001,Emmanuel Olisadebe,Emmanuel Olisadebe,emmanuel-olisadebe-1978,18,2001-01-01,2001-12-31,Panathinaikos,Poland,Striker,forward,1,0,0,0,7.0,21.0,0.3333333333333333,21.0,0,0,0,0,0,0,1,0,0,0,0,3,1,1,0,0,classical,calendar,built from ground_truth_resolved + stats_combined + trophies + narrative,0,0,0,56.00000000000001,10.0,66.0
2001,2001,Ebbe Sand,Ebbe Sand,ebbe-sand-1972,18,2001-01-01,2001-12-31,Schalke 04,Denmark,Striker,forward,1,0,0,0,22.0,33.0,0.6666666666666666,33.0,0,0,0,0,0,0,1,0,0,0,0,2,2,2,0,0,classical,calendar,built from ground_truth_resolved + stats_combined + trophies + narrative,0,0,0,89.0,73.0,88.0
2001,2001,Roberto Baggio,Roberto Baggio,roberto-baggio-1967,25,2001-01-01,2001-12-31,Brescia,Italy,Second striker attacking midfielder,forward,1,0,0,0,10.0,25.0,0.4,25.0,0,0,0,0,0,0,1,0,0,0,0,3,1,1,0,0,classical,calendar,built from ground_truth_resolved + stats_combined + trophies + narrative,0,0,0,69.0,18.0,70.0
2001,2001,Steven Gerrard,Steven Gerrard,steven-gerrard-1980,25,2001-01-01,2001-12-31,Liverpool,England,Midfielder,midfielder,0,1,0,0,7.0,33.0,0.21212121212121213,33.0,0,0,0,0,0,0,1,0,0,0,0,1,3,3,0,0,classical,calendar,built from ground_truth_resolved + stats_combined + trophies + narrative,0,0,0,56.00000000000001,73.0,54.0
2001,2001,Rui Costa,Rui Costa,rui-costa-1972,25,2001-01-01,2001-12-31,Milan,Portugal,Attacking midfielder,midfielder,0,1,0,0,6.0,29.0,0.20689655172413793,29.0,0,0,0,0,0,0,1,0,0,0,0,1,3,3,0,0,classical,calendar,built from ground_truth_resolved + stats_combined + trophies + narrative,0,0,0,50.0,34.0,52.0
2001,2001,Sonny Anderson,Sonny Anderson,sonny-anderson-1970,28,2001-01-01,2001-12-31,Lyon,Brazil,Striker,forward,1,0,0,0,22.0,29.0,0.7586206896551724,29.0,0,0,1,0,0,0,1,0,0,0,0,2,2,2,0,0,classical,calendar,built from ground_truth_resolved + stats_combined + trophies + narrative,0,0,0,89.0,34.0,96.0
2001,2001,Fabien Barthez,Fabien Barthez,fabien-barthez-1971,28,2001-01-01,2001-12-31,Manchester United,France,Goalkeeper,goalkeeper,0,0,0,1,0.0,30.0,0.0,30.0,0,0,0,0,0,0,1,0,0,0,0,1,3,3,0,0,classical,calendar,built from ground_truth_resolved + stats_combined + trophies + narrative,0,0,0,7.000000000000001,41.0,7.000000000000001
2001,2001,Gabriel Batistuta,Gabriel Batistuta,gabriel-batistuta-1969,28,2001-01-01,2001-12-31,Roma,Argentina,Striker,forward,1,0,0,0,20.0,28.0,0.7142857142857143,28.0,0,0,0,0,0,0,1,0,0,0,0,2,2,2,0,0,classical,calendar,built from ground_truth_resolved + stats_combined + trophies + narrative,0,0,0,85.0,27.0,93.0
2001,2001,Gianluigi Buffon,Gianluigi Buffon,gianluigi-buffon-1978,28,2001-01-01,2001-12-31,Parma Juventus,Italy,Goalkeeper,goalkeeper,0,0,0,1,0.0,34.0,0.0,34.0,0,0,0,0,0,0,1,0,0,0,0,1,3,3,0,0,classical,calendar,built from ground_truth_resolved + stats_combined + trophies + narrative,0,0,0,7.000000000000001,83.0,7.000000000000001
2001,2001,Cafu,Cafu,cafu-1970,28,2001-01-01,2001-12-31,Roma,Brazil,Right-back,defender,0,0,1,0,1.0,31.0,0.03225806451612903,31.0,0,0,0,0,0,0,1,0,0,0,0,2,2,2,0,0,classical,calendar,built from ground_truth_resolved + stats_combined + trophies + narrative,0,0,0,15.0,52.0,14.000000000000002
2001,2001,Vincent Candela,Vincent Candela,vincent-candela-1973,28,2001-01-01,2001-12-31,Roma,France,Left back right back,defender,0,0,1,0,3.0,33.0,0.09090909090909091,33.0,0,0,0,0,0,0,1,0,0,0,0,2,2,2,0,0,classical,calendar,built from ground_truth_resolved + stats_combined + trophies + narrative,0,0,0,28.000000000000004,73.0,24.0
2001,2001,Alessandro Del Piero,Alessandro Del Piero,alessandro-del-piero-1974,28,2001-01-01,2001-12-31,Juventus,Italy,Second striker,forward,1,0,0,0,9.0,25.0,0.36,25.0,0,0,0,0,0,0,1,0,0,0,0,1,3,3,0,0,classical,calendar,built from ground_truth_resolved + stats_combined + trophies + narrative,0,0,0,63.0,18.0,68.0
2001,2001,Marcel Desailly,Marcel Desailly,marcel-desailly-1968,28,2001-01-01,2001-12-31,Chelsea,France,Centre-back defensive midfielder,defender,0,0,1,0,2.0,34.0,0.058823529411764705,34.0,0,0,0,0,0,0,1,0,0,0,0,1,3,3,0,0,classical,calendar,built from ground_truth_resolved + stats_combined + trophies + narrative,0,0,0,21.0,83.0,20.0
2001,2001,Rio Ferdinand,Rio Ferdinand,rio-ferdinand-1978,28,2001-01-01,2001-12-31,Leeds United,England,Centre-back,defender,0,0,1,0,2.0,35.0,0.05714285714285714,35.0,0,0,0,0,0,0,1,0,0,0,0,2,2,2,0,0,classical,calendar,built from ground_truth_resolved + stats_combined + trophies + narrative,0,0,0,21.0,92.0,18.0
2001,2001,Ryan Giggs,Ryan Giggs,ryan-giggs-1973,28,2001-01-01,2001-12-31,Manchester United,Wales,Left midfielder left winger,forward,1,0,0,0,5.0,31.0,0.16129032258064516,31.0,0,0,0,0,0,0,1,0,0,0,0,1,3,3,0,0,classical,calendar,built from ground_truth_resolved + stats_combined + trophies + narrative,0,0,0,41.0,52.0,40.0
2001,2001,Jimmy Floyd Hasselbaink,Jimmy Floyd Hasselbaink,jimmy-floyd-hasselbaink-1972,28,2001-01-01,2001-12-31,Chelsea,Netherlands,Striker,forward,1,0,0,0,23.0,35.0,0.6571428571428571,35.0,0,0,0,0,0,0,1,0,0,0,0,1,3,3,0,0,classical,calendar,built from ground_truth_resolved + stats_combined + trophies + narrative,0,0,0,93.0,92.0,85.0
2001,2001,Iván Helguera,Iván Helguera,ivan-helguera-1975,28,2001-01-01,2001-12-31,Real Madrid,Spain,Centre-back defensive midfielder,defender,0,0,1,0,5.0,32.0,0.15625,32.0,0,0,0,0,0,0,1,0,0,0,0,1,3,3,1,1,classical,calendar,built from ground_truth_resolved + stats_combined + trophies + narrative,0,0,0,41.0,63.0,38.0
2001,2001,Harry Kewell,Harry Kewell,harry-kewell-1978,28,2001-01-01,2001-12-31,Leeds United,Australia,Left winger attacking midfielder second striker,forward,1,0,0,0,2.0,17.0,0.11764705882352941,17.0,0,0,0,0,0,0,1,0,0,0,0,2,2,2,0,0,classical,calendar,built from ground_truth_resolved + stats_combined + trophies + narrative,0,0,0,21.0,6.0,26.0
2001,2001,Patrick Kluivert,Patrick Kluivert,patrick-kluivert-1976,28,2001-01-01,2001-12-31,Barcelona,Netherlands,Striker,forward,1,0,0,0,18.0,31.0,0.5806451612903226,31.0,0,0,0,0,0,0,1,0,0,0,0,1,3,3,0,0,classical,calendar,built from ground_truth_resolved + stats_combined + trophies + narrative,0,0,0,82.0,52.0,82.0
2001,2001,Samuel Kuffour,Samuel Kuffour,samuel-kuffour-1976,28,2001-01-01,2001-12-31,Bayern Munich,Ghana,Centre-back,defender,0,0,1,0,1.0,23.0,0.043478260869565216,23.0,0,1,0,0,0,0,1,0,0,0,0,1,3,3,0,0,classical,calendar,built from ground_truth_resolved + stats_combined + trophies + narrative,0,0,0,15.0,14.000000000000002,16.0
2001,2001,Hidetoshi Nakata,Hidetoshi Nakata,hidetoshi-nakata-1977,28,2001-01-01,2001-12-31,Roma Parma,Japan,Midfielder,midfielder,0,1,0,0,2.0,15.0,0.13333333333333333,15.0,0,0,0,0,0,0,1,0,0,0,0,2,2,2,0,0,classical,calendar,built from ground_truth_resolved + stats_combined + trophies + narrative,0,0,0,21.0,3.0,30.0
2001,2001,Pavel Nedvěd,Pavel Nedvěd,pavel-nedved-1972,28,2001-01-01,2001-12-31,Lazio Juventus,Czech Republic,Midfielder,midfielder,0,1,0,0,9.0,31.0,0.2903225806451613,31.0,0,0,0,0,0,0,1,0,0,0,0,1,3,3,0,0,classical,calendar,built from ground_truth_resolved + stats_combined + trophies + narrative,0,0,0,63.0,52.0,61.0
2001,2001,Pauleta,Pauleta,pauleta-1973,28,2001-01-01,2001-12-31,Bordeaux,Portugal,Striker,forward,1,0,0,0,20.0,28.0,0.7142857142857143,28.0,0,0,0,0,0,0,1,0,0,0,0,3,1,1,0,0,classical,calendar,built from ground_truth_resolved + stats_combined + trophies + narrative,0,0,0,85.0,27.0,93.0
2001,2001,Robert Pires,Robert Pires,robert-pires-1973,28,2001-01-01,2001-12-31,Arsenal,France,Winger attacking midfielder,forward,1,0,0,0,4.0,33.0,0.12121212121212122,33.0,0,0,1,0,0,0,1,0,0,0,0,2,2,2,0,0,classical,calendar,built from ground_truth_resolved + stats_combined + trophies + narrative,0,0,0,33.0,73.0,28.000000000000004
2001,2001,Paul Scholes,Paul Scholes,paul-scholes-1974,28,2001-01-01,2001-12-31,Manchester United,England,Midfielder,midfielder,0,1,0,0,6.0,32.0,0.1875,32.0,0,0,0,0,0,0,1,0,0,0,0,1,3,3,0,0,classical,calendar,built from ground_truth_resolved + stats_combined + trophies + narrative,0,0,0,50.0,63.0,48.0
2001,2001,Lilian Thuram,Lilian Thuram,lilian-thuram-1972,28,2001-01-01,2001-12-31,Parma Juventus,France,Centre back right-back,defender,0,0,1,0,0.0,30.0,0.0,30.0,0,0,0,0,0,0,1,0,0,0,0,1,3,3,0,0,classical,calendar,built from ground_truth_resolved + stats_combined + trophies + narrative,0,0,0,7.000000000000001,41.0,7.000000000000001
2001,2001,Patrick Vieira,Patrick Vieira,patrick-vieira-1976,28,2001-01-01,2001-12-31,Arsenal,France,Midfielder,midfielder,0,1,0,0,5.0,30.0,0.16666666666666666,30.0,0,0,1,0,0,0,1,0,0,0,0,2,2,2,0,0,classical,calendar,built from ground_truth_resolved + stats_combined + trophies + narrative,0,0,0,41.0,41.0,42.0
2001,2001,Eric Carrière,Eric Carrière,eric-carriere-1973,28,2001-01-01,2001-12-31,Nantes,France,Midfielder,midfielder,0,1,0,0,5.0,33.0,0.15151515151515152,33.0,0,0,0,0,0,0,1,0,0,0,0,3,1,1,0,0,classical,calendar,built from ground_truth_resolved + stats_combined + trophies + narrative,0,0,0,41.0,73.0,36.0
2002,2002,Ronaldo,Ronaldo,ronaldo,1,2002-01-01,2002-12-31,Internazionale Real Madrid,Brazil,,unknown,0,0,0,0,5.0,28.0,0.1724137931034483,,1,1,0,0,1,0,0,1,0,0,1,1,3,3,1,1,classical,calendar,built from ground_truth_resolved + stats_combined + trophies + narrative,1,1,1,42.30769230769231,38.46153846153847,38.46153846153847
2002,2002,Roberto Carlos,Roberto Carlos,roberto-carlos-1973,2,2002-01-01,2002-12-31,Real Madrid,Brazil,Left-back,defender,0,0,1,0,3.0,31.0,0.0967741935483871,31.0,0,1,1,1,1,0,0,1,0,0,1,1,3,3,1,1,classical,calendar,built from ground_truth_resolved + stats_combined + trophies + narrative,0,0,0,25.0,71.15384615384616,26.923076923076923
2002,2002,Oliver Kahn,Oliver Kahn,oliver-kahn-1969,3,2002-01-01,2002-12-31,Bayern Munich,Germany,Goalkeeper,goalkeeper,0,0,0,1,0.0,32.0,0.0,32.0,0,0,0,0,1,0,0,0,0,0,0,1,3,3,0,0,classical,calendar,built from ground_truth_resolved + stats_combined + trophies + narrative,0,0,0,7.6923076923076925,84.61538461538461,7.6923076923076925
2002,2002,Zinedine Zidane,Zinedine Zidane,zinedine-zidane-1972,4,2002-01-01,2002-12-31,Real Madrid,France,Attacking midfielder,midfielder,0,1,0,0,7.0,31.0,0.22580645161290322,31.0,0,1,1,1,1,0,0,0,0,0,0,1,3,3,0,0,classical,calendar,built from ground_truth_resolved + stats_combined + trophies + narrative,0,0,0,55.769230769230774,71.15384615384616,53.84615384615385
2002,2002,Michael Ballack,Michael Ballack,michael-ballack-1976,5,2002-01-01,2002-12-31,Bayer Leverkusen Bayern Munich,Germany,Midfielder,midfielder,0,1,0,0,17.0,29.0,0.5862068965517241,29.0,0,0,0,0,1,0,0,0,0,0,0,1,3,3,0,0,classical,calendar,built from ground_truth_resolved + stats_combined + trophies + narrative,0,0,0,88.46153846153845,53.84615384615385,88.46153846153845
2002,2002,Thierry Henry,Thierry Henry,thierry-henry-1977,6,2002-01-01,2002-12-31,Arsenal,France,Forward,forward,1,0,0,0,24.0,33.0,0.7272727272727273,33.0,0,0,0,0,1,0,0,0,0,0,0,2,2,2,0,0,classical,calendar,built from ground_truth_resolved + stats_combined + trophies + narrative,0,0,0,100.0,92.3076923076923,100.0
2002,2002,Raúl,Raúl,raul,7,2002-01-01,2002-12-31,Real Madrid,Spain,,unknown,0,0,0,0,5.0,28.0,0.1724137931034483,,1,1,1,1,1,0,0,0,0,0,0,1,3,3,0,0,classical,calendar,built from ground_truth_resolved + stats_combined + trophies + narrative,1,1,1,42.30769230769231,38.46153846153847,38.46153846153847
2002,2002,Rivaldo,Rivaldo,rivaldo-1972,8,2002-01-01,2002-12-31,Barcelona Milan,Brazil,Attacking midfielder left winger forward,forward,1,0,0,0,8.0,20.0,0.4,20.0,0,0,0,0,1,0,0,1,0,0,1,1,3,3,1,1,classical,calendar,built from ground_truth_resolved + stats_combined + trophies + narrative,0,0,0,65.38461538461539,9.615384615384617,71.15384615384616
2002,2002,Yıldıray Baştürk,Yıldıray Baştürk,y-ld-ray-basturk-1978,9,2002-01-01,2002-12-31,Bayer Leverkusen,Turkey,Attacking midfielder,midfielder,0,1,0,0,7.0,31.0,0.21875,,1,0,0,0,1,0,0,0,0,0,0,2,2,2,0,0,classical,calendar,built from ground_truth_resolved + stats_combined + trophies + narrative,1,1,1,55.769230769230774,71.15384615384616,50.0
2002,2002,Alessandro Del Piero,Alessandro Del Piero,alessandro-del-piero-1974,10,2002-01-01,2002-12-31,Juventus,Italy,Second striker,forward,1,0,0,0,16.0,32.0,0.5,32.0,0,0,0,0,1,0,0,0,0,0,0,1,3,3,0,0,classical,calendar,built from ground_truth_resolved + stats_combined + trophies + narrative,0,0,0,84.61538461538461,84.61538461538461,82.6923076923077
2002,2002,Hasan Şaş,Hasan Şaş,hasan-sas-1976,11,2002-01-01,2002-12-31,Galatasaray,Turkey,Winger,forward,1,0,0,0,2.0,27.0,0.07407407407407407,27.0,0,0,0,0,1,0,0,0,0,0,0,3,1,1,0,0,classical,calendar,built from ground_truth_resolved + stats_combined + trophies + narrative,0,0,0,17.307692307692307,25.0,19.230769230769234
2002,2002,Ronaldinho,Ronaldinho,ronaldinho-1980,12,2002-01-01,2002-12-31,Paris Saint-Germain,Brazil,Attacking midfielder left winger,forward,1,0,0,0,9.0,28.0,0.32142857142857145,28.0,0,0,0,0,1,0,0,1,0,0,1,1,3,3,1,1,classical,calendar,built from ground_truth_resolved + stats_combined + trophies + narrative,0,0,0,69.23076923076923,38.46153846153847,61.53846153846154
2002,2002,Michael Owen,Michael Owen,michael-owen-1979,13,2002-01-01,2002-12-31,Liverpool,England,Striker,forward,1,0,0,0,19.0,29.0,0.6551724137931034,29.0,0,0,0,0,1,0,0,0,0,0,0,1,3,3,0,0,classical,calendar,built from ground_truth_resolved + stats_combined + trophies + narrative,0,0,0,92.3076923076923,53.84615384615385,92.3076923076923
2002,2002,Ruud van Nistelrooy,Ruud van Nistelrooy,ruud-van-nistelrooy-1976,13,2002-01-01,2002-12-31,Manchester United,Netherlands,Striker,forward,1,0,0,0,23.0,32.0,0.71875,32.0,0,0,1,0,1,0,0,0,0,0,0,1,3,3,0,0,classical,calendar,built from ground_truth_resolved + stats_combined + trophies + narrative,0,0,0,96.15384615384616,84.61538461538461,96.15384615384616
2002,2002,Bernd Schneider,Bernd Schneider,bernd-schneider,15,2002-01-01,2002-12-31,Bayer Leverkusen,Germany,,unknown,0,0,0,0,5.0,28.0,0.1724137931034483,,1,0,0,0,1,0,0,0,0,0,0,2,2,2,0,0,classical,calendar,built from ground_truth_resolved + stats_combined + trophies + narrative,1,1,1,42.30769230769231,38.46153846153847,38.46153846153847
2002,2002,Juan Carlos Valerón,Juan Carlos Valerón,juan-carlos-valeron-1975,15,2002-01-01,2002-12-31,Deportivo La Coruña,Spain,Attacking midfielder,midfielder,0,1,0,0,3.0,36.0,0.08333333333333333,36.0,0,0,0,0,1,0,0,0,0,0,0,3,1,1,0,0,classical,calendar,built from ground_truth_resolved + stats_combined + trophies + narrative,0,0,0,25.0,98.07692307692307,23.076923076923077
2002,2002,Cafu,Cafu,cafu-1970,15,2002-01-01,2002-12-31,Roma,Brazil,Right-back,defender,0,0,1,0,0.0,27.0,0.0,27.0,0,0,0,0,1,0,0,1,0,0,1,2,2,2,1,1,classical,calendar,built from ground_truth_resolved + stats_combined + trophies + narrative,0,0,0,7.6923076923076925,25.0,7.6923076923076925
2002,2002,Patrick Vieira,Patrick Vieira,patrick-vieira-1976,15,2002-01-01,2002-12-31,Arsenal,France,Midfielder,midfielder,0,1,0,0,2.0,36.0,0.05555555555555555,36.0,0,0,0,0,1,0,0,0,0,0,0,2,2,2,0,0,classical,calendar,built from ground_truth_resolved + stats_combined + trophies + narrative,0,0,0,17.307692307692307,98.07692307692307,15.384615384615385
2002,2002,Lúcio,Lúcio,lucio-1978,19,2002-01-01,2002-12-31,Bayer Leverkusen,Brazil,Centre-back,defender,0,0,1,0,4.0,29.0,0.13793103448275862,29.0,0,0,0,0,1,0,0,1,0,0,1,2,2,2,1,1,classical,calendar,built from ground_truth_resolved + stats_combined + trophies + narrative,0,0,0,32.69230769230769,53.84615384615385,30.76923076923077
2002,2002,Luís Figo,Luís Figo,luis-figo-1972,19,2002-01-01,2002-12-31,Real Madrid,Portugal,Winger,forward,1,0,0,0,7.0,28.0,0.25,28.0,0,1,1,1,1,0,0,0,0,0,0,1,3,3,0,0,classical,calendar,built from ground_truth_resolved + stats_combined + trophies + narrative,0,0,0,55.769230769230774,38.46153846153847,57.692307692307686
2002,2002,Papa Bouba Diop,Papa Bouba Diop,papa-bouba-diop-1978,21,2002-01-01,2002-12-31,Lens,Senegal,Defensive midfielder centre back,defender,0,0,1,0,4.0,23.0,0.17391304347826086,23.0,0,0,0,0,1,0,0,0,0,0,0,3,1,1,0,0,classical,calendar,built from ground_truth_resolved + stats_combined + trophies + narrative,0,0,0,32.69230769230769,15.384615384615385,46.15384615384615
2002,2002,El Hadji Diouf,El Hadji Diouf,el-hadji-diouf-1981,21,2002-01-01,2002-12-31,Lens Liverpool,Senegal,Winger forward,forward,1,0,0,0,10.0,26.0,0.38461538461538464,26.0,0,0,0,0,1,0,0,0,0,0,0,1,3,3,0,0,classical,calendar,built from ground_truth_resolved + stats_combined + trophies + narrative,0,0,0,75.0,19.230769230769234,65.38461538461539
2002,2002,Rio Ferdinand,Rio Ferdinand,rio-ferdinand-1978,21,2002-01-01,2002-12-31,Leeds United Manchester United,England,Centre-back,defender,0,0,1,0,0.0,31.0,0.0,31.0,0,0,0,0,1,0,0,0,0,0,0,1,3,3,0,0,classical,calendar,built from ground_truth_resolved + stats_combined + trophies + narrative,0,0,0,7.6923076923076925,71.15384615384616,7.6923076923076925
2002,2002,Rubén Baraja,Rubén Baraja,ruben-baraja-1975,24,2002-01-01,2002-12-31,Valencia,Spain,Central midfielder,midfielder,0,1,0,0,7.0,17.0,0.4117647058823529,17.0,0,0,0,0,1,0,0,0,0,0,0,2,2,2,0,0,classical,calendar,built from ground_truth_resolved + stats_combined + trophies + narrative,0,0,0,55.769230769230774,3.8461538461538463,76.92307692307693
2002,2002,Filippo Inzaghi,Filippo Inzaghi,filippo-inzaghi-1973,24,2002-01-01,2002-12-31,Milan,Italy,Striker,forward,1,0,0,0,10.0,20.0,0.5,20.0,0,0,0,0,1,0,0,0,0,0,0,1,3,3,1,1,classical,calendar,built from ground_truth_resolved + stats_combined + trophies + narrative,0,0,0,75.0,9.615384615384617,82.6923076923077
2002,2002,Roy Makaay,Roy Makaay,roy-makaay-1975,24,2002-01-01,2002-12-31,Deportivo La Coruña,Netherlands,Forward,forward,1,0,0,0,12.0,30.0,0.4,30.0,0,0,0,0,1,0,0,0,0,0,0,3,1,1,0,0,classical,calendar,built from ground_truth_resolved + stats_combined + trophies + narrative,0,0,0,80.76923076923077,61.53846153846154,71.15384615384616
2003,2003,Pavel Nedvěd,Pavel Nedvěd,pavel-nedved-1972,1,2003-01-01,2003-12-31,Juventus,Czech Republic,Midfielder,midfielder,0,1,0,0,9.0,29.0,0.3103448275862069,29.0,0,0,0,0,0,0,0,0,0,0,0,1,3,3,0,0,classical,calendar,built from ground_truth_resolved + stats_combined + trophies + narrative,0,0,0,48.07692307692308,42.30769230769231,50.0
2003,2003,Thierry Henry,Thierry Henry,thierry-henry-1977,2,2003-01-01,2003-12-31,Arsenal,France,Forward,forward,1,0,0,0,24.0,37.0,0.6486486486486487,37.0,0,0,1,0,0,0,0,0,0,0,0,2,2,2,0,0,classical,calendar,built from ground_truth_resolved + stats_combined + trophies + narrative,0,0,0,88.46153846153845,94.23076923076923,80.76923076923077
2003,2003,Paolo Maldini,Paolo Maldini,paolo-maldini-1968,3,2003-01-01,2003-12-31,Milan,Italy,Left-back centre-back,defender,0,0,1,0,2.0,29.0,0.06896551724137931,29.0,0,1,0,0,0,0,0,0,0,0,0,1,3,3,0,0,classical,calendar,built from ground_truth_resolved + stats_combined + trophies + narrative,0,0,0,15.384615384615385,42.30769230769231,15.384615384615385
2003,2003,Andriy Shevchenko,Andriy Shevchenko,andriy-shevchenko-1976,4,2003-01-01,2003-12-31,Milan,Ukraine,Striker,forward,1,0,0,0,5.0,24.0,0.20833333333333334,24.0,0,1,0,0,0,0,0,0,0,0,0,1,3,3,0,0,classical,calendar,built from ground_truth_resolved + stats_combined + trophies + narrative,0,0,0,26.923076923076923,7.6923076923076925,38.46153846153847
2003,2003,Zinedine Zidane,Zinedine Zidane,zinedine-zidane-1972,5,2003-01-01,2003-12-31,Real Madrid,France,Attacking midfielder,midfielder,0,1,0,0,9.0,33.0,0.2727272727272727,33.0,0,0,0,0,0,0,0,0,0,0,0,1,3,3,0,0,classical,calendar,built from ground_truth_resolved + stats_combined + trophies + narrative,0,0,0,48.07692307692308,73.07692307692307,42.30769230769231
2003,2003,Ruud van Nistelrooy,Ruud van Nistelrooy,ruud-van-nistelrooy-1976,6,2003-01-01,2003-12-31,Manchester United,Netherlands,Striker,forward,1,0,0,0,25.0,34.0,0.7352941176470589,34.0,0,0,0,0,0,0,0,0,0,0,0,1,3,3,0,0,classical,calendar,built from ground_truth_resolved + stats_combined + trophies + narrative,0,0,0,92.3076923076923,78.84615384615384,92.3076923076923
2003,2003,Raúl,Raúl,raul,7,2003-01-01,2003-12-31,Real Madrid,Spain,,unknown,0,0,0,0,5.0,28.0,0.1724137931034483,,1,0,0,0,0,0,0,0,0,0,0,1,3,3,0,0,classical,calendar,built from ground_truth_resolved + stats_combined + trophies + narrative,1,1,1,26.923076923076923,30.76923076923077,26.923076923076923
2003,2003,Roberto Carlos,Roberto Carlos,roberto-carlos-1973,8,2003-01-01,2003-12-31,Real Madrid,Brazil,Left-back,defender,0,0,1,0,5.0,37.0,0.13513513513513514,37.0,0,0,0,0,0,0,0,0,0,0,0,1,3,3,0,0,classical,calendar,built from ground_truth_resolved + stats_combined + trophies + narrative,0,0,0,26.923076923076923,94.23076923076923,19.230769230769234
2003,2003,Gianluigi Buffon,Gianluigi Buffon,gianluigi-buffon-1978,9,2003-01-01,2003-12-31,Juventus,Italy,Goalkeeper,goalkeeper,0,0,0,1,0.0,32.0,0.0,32.0,0,0,0,0,0,0,0,0,0,0,0,1,3,3,0,0,classical,calendar,built from ground_truth_resolved + stats_combined + trophies + narrative,0,0,0,5.769230769230769,67.3076923076923,5.769230769230769
2003,2003,David Beckham,David Beckham,david-beckham-1975,10,2003-01-01,2003-12-31,Manchester United Real Madrid,England,Midfielder,midfielder,0,1,0,0,6.0,31.0,0.1935483870967742,31.0,0,0,0,0,0,0,0,0,0,0,0,1,3,3,0,0,classical,calendar,built from ground_truth_resolved + stats_combined + trophies + narrative,0,0,0,38.46153846153847,59.61538461538461,34.61538461538461
2003,2003,Ronaldo,Ronaldo,ronaldo,11,2003-01-01,2003-12-31,Real Madrid,Brazil,,unknown,0,0,0,0,5.0,28.0,0.1724137931034483,,1,0,0,0,0,0,0,0,0,0,0,1,3,3,0,0,classical,calendar,built from ground_truth_resolved + stats_combined + trophies + narrative,1,1,1,26.923076923076923,30.76923076923077,26.923076923076923
2003,2003,Henrik Larsson,Henrik Larsson,henrik-larsson-1971,12,2003-01-01,2003-12-31,Celtic,Sweden,Striker,forward,1,0,0,0,28.0,35.0,0.8,35.0,0,0,0,0,0,0,0,0,0,0,0,3,1,1,0,0,classical,calendar,built from ground_truth_resolved + stats_combined + trophies + narrative,0,0,0,96.15384615384616,86.53846153846155,100.0
2003,2003,Alessandro Del Piero,Alessandro Del Piero,alessandro-del-piero-1974,13,2003-01-01,2003-12-31,Juventus,Italy,Second striker,forward,1,0,0,0,16.0,24.0,0.6666666666666666,24.0,0,0,0,0,0,0,0,0,0,0,0,1,3,3,0,0,classical,calendar,built from ground_truth_resolved + stats_combined + trophies + narrative,0,0,0,73.07692307692307,7.6923076923076925,88.46153846153845
2003,2003,Dida,Dida,dida,13,2003-01-01,2003-12-31,Milan,Brazil,,unknown,0,0,0,0,5.0,28.0,0.1724137931034483,,1,1,0,0,0,0,0,0,0,0,0,1,3,3,0,0,classical,calendar,built from ground_truth_resolved + stats_combined + trophies + narrative,1,1,1,26.923076923076923,30.76923076923077,26.923076923076923
2003,2003,Roy Makaay,Roy Makaay,roy-makaay-1975,13,2003-01-01,2003-12-31,Deportivo La Coruña Bayern Munich,Netherlands,Forward,forward,1,0,0,0,29.0,38.0,0.7631578947368421,38.0,0,0,0,0,0,0,0,0,0,0,0,1,3,3,0,0,classical,calendar,built from ground_truth_resolved + stats_combined + trophies + narrative,0,0,0,100.0,100.0,96.15384615384616
2003,2003,Alessandro Nesta,Alessandro Nesta,alessandro-nesta-1976,13,2003-01-01,2003-12-31,Milan,Italy,Centre back,defender,0,0,1,0,1.0,29.0,0.034482758620689655,29.0,0,1,0,0,0,0,0,0,0,0,0,1,3,3,0,0,classical,calendar,built from ground_truth_resolved + stats_combined + trophies + narrative,0,0,0,11.538461538461538,42.30769230769231,11.538461538461538
2003,2003,Deco,Deco,deco-1977,13,2003-01-01,2003-12-31,Porto,Portugal,Central midfielder,midfielder,0,1,0,0,10.0,30.0,0.3333333333333333,30.0,0,0,0,0,0,0,0,0,0,0,0,2,2,2,1,1,classical,calendar,built from ground_truth_resolved + stats_combined + trophies + narrative,0,0,0,55.769230769230774,51.92307692307693,53.84615384615385
2003,2003,Nihat Kahveci,Nihat Kahveci,nihat-kahveci-1979,18,2003-01-01,2003-12-31,Real Sociedad,Turkey,Winger forward,forward,1,0,0,0,23.0,35.0,0.6571428571428571,35.0,0,0,0,0,0,0,0,0,0,0,0,3,1,1,0,0,classical,calendar,built from ground_truth_resolved + stats_combined + trophies + narrative,0,0,0,84.61538461538461,86.53846153846155,84.61538461538461
2003,2003,Francesco Totti,Francesco Totti,francesco-totti-1976,18,2003-01-01,2003-12-31,Roma,Italy,Attacking midfielder forward,forward,1,0,0,0,14.0,24.0,0.5833333333333334,24.0,0,0,0,0,0,0,0,0,0,0,0,2,2,2,0,0,classical,calendar,built from ground_truth_resolved + stats_combined + trophies + narrative,0,0,0,69.23076923076923,7.6923076923076925,76.92307692307693
2003,2003,Michael Ballack,Michael Ballack,michael-ballack-1976,20,2003-01-01,2003-12-31,Bayern Munich,Germany,Midfielder,midfielder,0,1,0,0,10.0,26.0,0.38461538461538464,26.0,0,0,0,0,0,0,0,0,0,0,0,1,3,3,0,0,classical,calendar,built from ground_truth_resolved + stats_combined + trophies + narrative,0,0,0,55.769230769230774,19.230769230769234,61.53846153846154
2003,2003,Zlatan Ibrahimović,Zlatan Ibrahimović,zlatan-ibrahimovic-1981,20,2003-01-01,2003-12-31,Ajax,Sweden,Striker,forward,1,0,0,0,13.0,25.0,0.52,25.0,0,0,0,0,0,0,0,0,0,0,0,2,2,2,0,0,classical,calendar,built from ground_truth_resolved + stats_combined + trophies + narrative,0,0,0,63.46153846153846,15.384615384615385,65.38461538461539
2003,2003,Filippo Inzaghi,Filippo Inzaghi,filippo-inzaghi-1973,22,2003-01-01,2003-12-31,Milan,Italy,Striker,forward,1,0,0,0,17.0,30.0,0.5666666666666667,30.0,0,1,0,0,0,0,0,0,0,0,0,1,3,3,0,0,classical,calendar,built from ground_truth_resolved + stats_combined + trophies + narrative,0,0,0,76.92307692307693,51.92307692307693,69.23076923076923
2003,2003,Jan Koller,Jan Koller,jan-koller-1973,22,2003-01-01,2003-12-31,Borussia Dortmund,Czech Republic,Striker,forward,1,0,0,0,13.0,34.0,0.38235294117647056,34.0,0,0,0,0,0,0,0,0,0,0,0,2,2,2,0,0,classical,calendar,built from ground_truth_resolved + stats_combined + trophies + narrative,0,0,0,63.46153846153846,78.84615384615384,57.692307692307686
2003,2003,Adrian Mutu,Adrian Mutu,adrian-mutu-1979,22,2003-01-01,2003-12-31,Parma Chelsea,Romania,Forward attacking midfielder,forward,1,0,0,0,18.0,31.0,0.5806451612903226,31.0,0,0,0,0,0,0,0,0,0,0,0,1,3,3,0,0,classical,calendar,built from ground_truth_resolved + stats_combined + trophies + narrative,0,0,0,80.76923076923077,59.61538461538461,73.07692307692307
2003,2003,Ronaldinho,Ronaldinho,ronaldinho-1980,22,2003-01-01,2003-12-31,Paris Saint-Germain Barcelona,Brazil,Attacking midfielder left winger,forward,1,0,0,0,8.0,27.0,0.2962962962962963,27.0,0,0,0,0,0,0,0,0,0,0,0,1,3,3,0,0,classical,calendar,built from ground_truth_resolved + stats_combined + trophies + narrative,0,0,0,42.30769230769231,23.076923076923077,46.15384615384615
2003,2003,Francesco Toldo,Francesco Toldo,francesco-toldo-1971,22,2003-01-01,2003-12-31,Internazionale,Italy,Goalkeeper,goalkeeper,0,0,0,1,0.0,32.0,0.0,32.0,0,0,0,0,0,0,0,0,0,0,0,1,3,3,0,0,classical,calendar,built from ground_truth_resolved + stats_combined + trophies + narrative,0,0,0,5.769230769230769,67.3076923076923,5.769230769230769
2004,2004,Andriy Shevchenko,Andriy Shevchenko,andriy-shevchenko-1976,1,2004-01-01,2004-12-31,Milan,Ukraine,Striker,forward,1,0,0,0,24.0,32.0,0.75,32.0,0,0,0,0,0,1,1,0,0,0,0,1,3,3,0,0,classical,calendar,built from ground_truth_resolved + stats_combined + trophies + narrative,0,0,0,96.55172413793103,70.6896551724138,96.55172413793103
2004,2004,Deco,Deco,deco-1977,2,2004-01-01,2004-12-31,Porto Barcelona,Portugal,Central midfielder,midfielder,0,1,0,0,2.0,28.0,0.07142857142857142,28.0,0,1,0,0,0,1,1,0,0,0,0,1,3,3,0,0,classical,calendar,built from ground_truth_resolved + stats_combined + trophies + narrative,0,0,0,24.137931034482758,24.137931034482758,20.689655172413794
2004,2004,Ronaldinho,Ronaldinho,ronaldinho-1980,3,2004-01-01,2004-12-31,Barcelona,Brazil,Attacking midfielder left winger,forward,1,0,0,0,15.0,32.0,0.46875,32.0,0,0,1,0,0,1,1,0,0,1,1,1,3,3,1,1,classical,calendar,built from ground_truth_resolved + stats_combined + trophies + narrative,0,0,0,79.3103448275862,70.6896551724138,75.86206896551724
2004,2004,Thierry Henry,Thierry Henry,thierry-henry-1977,4,2004-01-01,2004-12-31,Arsenal,France,Forward,forward,1,0,0,0,30.0,37.0,0.8108108108108109,37.0,0,0,0,0,0,1,1,0,0,0,0,2,2,2,0,0,classical,calendar,built from ground_truth_resolved + stats_combined + trophies + narrative,0,0,0,100.0,96.55172413793103,100.0
2004,2004,Theodoros Zagorakis,Theodoros Zagorakis,theodoros-zagorakis-1971,5,2004-01-01,2004-12-31,AEK Athens Bologna,Greece,Midfielder,midfielder,0,1,0,0,0.0,27.0,0.0,27.0,0,0,0,0,0,1,1,0,1,0,1,3,1,1,1,1,classical,calendar,built from ground_truth_resolved + stats_combined + trophies + narrative,0,0,0,8.620689655172415,17.24137931034483,8.620689655172415
2004,2004,Adriano,Adriano,adriano,6,2004-01-01,2004-12-31,Parma Internazionale,Brazil,,unknown,0,0,0,0,5.0,28.0,0.1724137931034483,,1,0,0,0,0,1,1,0,0,1,1,1,3,3,1,1,classical,calendar,built from ground_truth_resolved + stats_combined + trophies + narrative,1,1,1,39.6551724137931,24.137931034482758,39.6551724137931
2004,2004,Pavel Nedvěd,Pavel Nedvěd,pavel-nedved-1972,7,2004-01-01,2004-12-31,Juventus,Czech Republic,Midfielder,midfielder,0,1,0,0,6.0,30.0,0.2,30.0,0,0,0,0,0,1,1,0,0,0,0,1,3,3,0,0,classical,calendar,built from ground_truth_resolved + stats_combined + trophies + narrative,0,0,0,46.55172413793103,48.275862068965516,48.275862068965516
2004,2004,Wayne Rooney,Wayne Rooney,wayne-rooney-1985,8,2004-01-01,2004-12-31,Everton,England,Forward midfielder,forward,1,0,0,0,16.0,30.0,0.5348837209302325,,1,0,0,0,0,1,1,0,0,0,0,2,2,2,0,0,classical,calendar,built from ground_truth_resolved + stats_combined + trophies + narrative,1,1,1,82.75862068965517,48.275862068965516,82.75862068965517
2004,2004,Ricardo Carvalho,Ricardo Carvalho,ricardo-carvalho-1978,9,2004-01-01,2004-12-31,Porto Chelsea,Portugal,Centre-back,defender,0,0,1,0,2.0,29.0,0.06896551724137931,29.0,0,1,0,0,0,1,1,0,0,0,0,1,3,3,0,0,classical,calendar,built from ground_truth_resolved + stats_combined + trophies + narrative,0,0,0,24.137931034482758,34.48275862068966,17.24137931034483
2004,2004,Ruud van Nistelrooy,Ruud van Nistelrooy,ruud-van-nistelrooy-1976,9,2004-01-01,2004-12-31,Manchester United,Netherlands,Striker,forward,1,0,0,0,20.0,32.0,0.625,32.0,0,0,0,0,0,1,1,0,0,0,0,1,3,3,0,0,classical,calendar,built from ground_truth_resolved + stats_combined + trophies + narrative,0,0,0,93.10344827586206,70.6896551724138,93.10344827586206
2004,2004,Angelos Charisteas,Angelos Charisteas,angelos-charisteas-1980,11,2004-01-01,2004-12-31,Werder Bremen,Greece,Forward,forward,1,0,0,0,4.0,24.0,0.16666666666666666,24.0,0,0,0,0,0,1,1,0,1,0,1,3,1,1,1,1,classical,calendar,built from ground_truth_resolved + stats_combined + trophies + narrative,0,0,0,32.758620689655174,13.793103448275861,34.48275862068966
2004,2004,Cristiano Ronaldo,Cristiano Ronaldo,cristiano-ronaldo-1985,12,2004-01-01,2004-12-31,Manchester United,Portugal,Forward,forward,1,0,0,0,4.0,29.0,0.13793103448275862,29.0,0,0,0,0,0,1,1,0,0,0,0,1,3,3,0,0,classical,calendar,built from ground_truth_resolved + stats_combined + trophies + narrative,0,0,0,32.758620689655174,34.48275862068966,31.03448275862069
2004,2004,Milan Baroš,Milan Baroš,milan-baros-1981,12,2004-01-01,2004-12-31,Liverpool,Czech Republic,Forward,forward,1,0,0,0,1.0,13.0,0.07692307692307693,13.0,0,0,0,0,0,1,1,0,0,0,0,1,3,3,1,1,classical,calendar,built from ground_truth_resolved + stats_combined + trophies + narrative,0,0,0,17.24137931034483,3.4482758620689653,27.586206896551722
2004,2004,Zlatan Ibrahimović,Zlatan Ibrahimović,zlatan-ibrahimovic-1981,14,2004-01-01,2004-12-31,Ajax Juventus,Sweden,Striker,forward,1,0,0,0,13.0,22.0,0.5909090909090909,22.0,0,0,0,0,0,1,1,0,0,0,0,1,3,3,0,0,classical,calendar,built from ground_truth_resolved + stats_combined + trophies + narrative,0,0,0,74.13793103448276,10.344827586206897,89.65517241379311
2004,2004,Samuel Eto'o,Samuel Eto'o,samuel-eto-o-1981,15,2004-01-01,2004-12-31,Mallorca Barcelona,Cameroon,Striker,forward,1,0,0,0,17.0,32.0,0.53125,32.0,0,0,0,0,0,1,1,0,0,0,0,1,3,3,0,0,classical,calendar,built from ground_truth_resolved + stats_combined + trophies + narrative,0,0,0,86.20689655172413,70.6896551724138,79.3103448275862
2004,2004,Kaká,Kaká,kaka-1982,15,2004-01-01,2004-12-31,Milan,Brazil,Attacking midfielder,midfielder,0,1,0,0,10.0,30.0,0.3333333333333333,30.0,0,0,0,0,0,1,1,0,0,1,1,1,3,3,1,1,classical,calendar,built from ground_truth_resolved + stats_combined + trophies + narrative,0,0,0,65.51724137931035,48.275862068965516,65.51724137931035
2004,2004,Traianos Dellas,Traianos Dellas,traianos-dellas-1976,17,2004-01-01,2004-12-31,Roma,Greece,Centre-back,defender,0,0,1,0,2.0,32.0,0.07407407407407407,,1,0,0,0,0,1,1,0,1,0,1,2,2,2,1,1,classical,calendar,built from ground_truth_resolved + stats_combined + trophies + narrative,1,1,1,24.137931034482758,70.6896551724138,24.137931034482758
2004,2004,Fernando Morientes,Fernando Morientes,fernando-morientes-1976,17,2004-01-01,2004-12-31,Monaco Real Madrid,Spain,Striker,forward,1,0,0,0,10.0,29.0,0.3448275862068966,29.0,0,0,0,0,0,1,1,0,0,0,0,1,3,3,0,0,classical,calendar,built from ground_truth_resolved + stats_combined + trophies + narrative,0,0,0,65.51724137931035,34.48275862068966,68.96551724137932
2004,2004,Frank Lampard,Frank Lampard,frank-lampard-1978,17,2004-01-01,2004-12-31,Chelsea,England,Midfielder,midfielder,0,1,0,0,10.0,38.0,0.2631578947368421,38.0,0,0,1,0,0,1,1,0,0,0,0,1,3,3,0,0,classical,calendar,built from ground_truth_resolved + stats_combined + trophies + narrative,0,0,0,65.51724137931035,100.0,62.06896551724138
2004,2004,Didier Drogba,Didier Drogba,didier-drogba-1978,17,2004-01-01,2004-12-31,Marseille Chelsea,Ivory Coast,Striker,forward,1,0,0,0,19.0,35.0,0.5428571428571428,35.0,0,0,0,0,0,1,1,0,0,0,0,1,3,3,0,0,classical,calendar,built from ground_truth_resolved + stats_combined + trophies + narrative,0,0,0,89.65517241379311,87.93103448275862,86.20689655172413
2004,2004,Gianluigi Buffon,Gianluigi Buffon,gianluigi-buffon-1978,17,2004-01-01,2004-12-31,Juventus,Italy,Goalkeeper,goalkeeper,0,0,0,1,0.0,32.0,0.0,32.0,0,0,0,0,0,1,1,0,0,0,0,1,3,3,0,0,classical,calendar,built from ground_truth_resolved + stats_combined + trophies + narrative,0,0,0,8.620689655172415,70.6896551724138,8.620689655172415
2004,2004,Luís Figo,Luís Figo,luis-figo-1972,22,2004-01-01,2004-12-31,Real Madrid,Portugal,Winger,forward,1,0,0,0,9.0,36.0,0.25,36.0,0,0,0,0,0,1,1,0,0,0,0,1,3,3,0,0,classical,calendar,built from ground_truth_resolved + stats_combined + trophies + narrative,0,0,0,58.620689655172406,93.10344827586206,58.620689655172406
2004,2004,Zinedine Zidane,Zinedine Zidane,zinedine-zidane-1972,23,2004-01-01,2004-12-31,Real Madrid,France,Attacking midfielder,midfielder,0,1,0,0,6.0,33.0,0.18181818181818182,33.0,0,0,0,0,0,1,1,0,0,0,0,1,3,3,0,0,classical,calendar,built from ground_truth_resolved + stats_combined + trophies + narrative,0,0,0,46.55172413793103,82.75862068965517,44.827586206896555
2004,2004,Rubén Baraja,Rubén Baraja,ruben-baraja-1975,24,2004-01-01,2004-12-31,Valencia,Spain,Central midfielder,midfielder,0,1,0,0,8.0,35.0,0.22857142857142856,35.0,0,0,0,0,0,1,1,0,0,0,0,2,2,2,0,0,classical,calendar,built from ground_truth_resolved + stats_combined + trophies + narrative,0,0,0,55.172413793103445,87.93103448275862,55.172413793103445
2004,2004,Ludovic Giuly,Ludovic Giuly,ludovic-giuly-1976,24,2004-01-01,2004-12-31,Monaco Barcelona,France,Winger,forward,1,0,0,0,13.0,30.0,0.43333333333333335,30.0,0,0,0,0,0,1,1,0,0,0,0,1,3,3,0,0,classical,calendar,built from ground_truth_resolved + stats_combined + trophies + narrative,0,0,0,74.13793103448276,48.275862068965516,72.41379310344827
2004,2004,Maniche,Maniche,maniche-1977,24,2004-01-01,2004-12-31,Porto,Portugal,Central midfielder,midfielder,0,1,0,0,7.0,31.0,0.22580645161290322,31.0,0,1,0,0,0,1,1,0,0,0,0,2,2,2,0,0,classical,calendar,built from ground_truth_resolved + stats_combined + trophies + narrative,0,0,0,51.724137931034484,58.620689655172406,51.724137931034484
2004,2004,Antonios Nikopolidis,Antonios Nikopolidis,antonios-nikopolidis-1971,24,2004-01-01,2004-12-31,Panathinaikos Olympiacos,Greece,Goalkeeper,goalkeeper,0,0,0,1,0.0,18.0,0.0,18.0,0,0,0,0,0,1,1,0,1,0,1,3,1,1,1,1,classical,calendar,built from ground_truth_resolved + stats_combined + trophies + narrative,0,0,0,8.620689655172415,6.896551724137931,8.620689655172415
2004,2004,Paolo Maldini,Paolo Maldini,paolo-maldini-1968,28,2004-01-01,2004-12-31,Milan,Italy,Left-back centre-back,defender,0,0,1,0,0.0,30.0,0.0,30.0,0,0,0,0,0,1,1,0,0,0,0,1,3,3,0,0,classical,calendar,built from ground_truth_resolved + stats_combined + trophies + narrative,0,0,0,8.620689655172415,48.275862068965516,8.620689655172415
2004,2004,Vicente,Vicente,vicente,28,2004-01-01,2004-12-31,Valencia,Spain,,unknown,0,0,0,0,5.0,28.0,0.1724137931034483,,1,0,0,0,0,1,1,0,0,0,0,2,2,2,0,0,classical,calendar,built from ground_truth_resolved + stats_combined + trophies + narrative,1,1,1,39.6551724137931,24.137931034482758,39.6551724137931
2005,2005,Ronaldinho,Ronaldinho,ronaldinho-1980,1,2005-01-01,2005-12-31,Barcelona,Brazil,Attacking midfielder left winger,forward,1,0,0,0,9.0,35.0,0.2571428571428571,35.0,0,0,1,0,0,0,0,0,0,0,0,1,3,3,1,1,classical,calendar,built from ground_truth_resolved + stats_combined + trophies + narrative,0,0,0,66.66666666666666,58.333333333333336,62.5
2005,2005,Frank Lampard,Frank Lampard,frank-lampard-1978,2,2005-01-01,2005-12-31,Chelsea,England,Midfielder,midfielder,0,1,0,0,13.0,38.0,0.34210526315789475,38.0,0,0,1,0,0,0,0,0,0,0,0,1,3,3,0,0,classical,calendar,built from ground_truth_resolved + stats_combined + trophies + narrative,0,0,0,77.08333333333334,95.83333333333334,70.83333333333334
2005,2005,Steven Gerrard,Steven Gerrard,steven-gerrard-1980,3,2005-01-01,2005-12-31,Liverpool,England,Midfielder,midfielder,0,1,0,0,7.0,30.0,0.23333333333333334,30.0,0,1,0,0,0,0,0,0,0,0,0,1,3,3,0,0,classical,calendar,built from ground_truth_resolved + stats_combined + trophies + narrative,0,0,0,58.333333333333336,37.5,58.333333333333336
2005,2005,Thierry Henry,Thierry Henry,thierry-henry-1977,4,2005-01-01,2005-12-31,Arsenal,France,Forward,forward,1,0,0,0,25.0,32.0,0.78125,32.0,0,0,0,0,0,0,0,0,0,0,0,2,2,2,0,0,classical,calendar,built from ground_truth_resolved + stats_combined + trophies + narrative,0,0,0,97.91666666666666,41.66666666666667,100.0
2005,2005,Andriy Shevchenko,Andriy Shevchenko,andriy-shevchenko-1976,5,2005-01-01,2005-12-31,Milan,Ukraine,Striker,forward,1,0,0,0,17.0,29.0,0.5862068965517241,29.0,0,0,0,0,0,0,0,0,0,0,0,1,3,3,0,0,classical,calendar,built from ground_truth_resolved + stats_combined + trophies + narrative,0,0,0,87.5,31.25,91.66666666666666
2005,2005,Paolo Maldini,Paolo Maldini,paolo-maldini-1968,6,2005-01-01,2005-12-31,Milan,Italy,Left-back centre-back,defender,0,0,1,0,0.0,33.0,0.0,33.0,0,0,0,0,0,0,0,0,0,0,0,1,3,3,0,0,classical,calendar,built from ground_truth_resolved + stats_combined + trophies + narrative,0,0,0,10.416666666666668,47.91666666666667,10.416666666666668
2005,2005,Adriano,Adriano,adriano,7,2005-01-01,2005-12-31,Internazionale,Brazil,,unknown,0,0,0,0,5.0,28.0,0.1724137931034483,,1,0,0,0,0,0,0,0,0,0,0,1,3,3,0,0,classical,calendar,built from ground_truth_resolved + stats_combined + trophies + narrative,1,1,1,39.58333333333333,20.833333333333336,41.66666666666667
2005,2005,Zlatan Ibrahimović,Zlatan Ibrahimović,zlatan-ibrahimovic-1981,8,2005-01-01,2005-12-31,Juventus,Sweden,Striker,forward,1,0,0,0,19.0,38.0,0.5,38.0,0,0,0,0,0,0,0,0,0,0,0,1,3,3,0,0,classical,calendar,built from ground_truth_resolved + stats_combined + trophies + narrative,0,0,0,91.66666666666666,95.83333333333334,87.5
2005,2005,Kaká,Kaká,kaka-1982,9,2005-01-01,2005-12-31,Milan,Brazil,Attacking midfielder,midfielder,0,1,0,0,7.0,36.0,0.19444444444444445,36.0,0,0,0,0,0,0,0,0,0,0,0,1,3,3,0,0,classical,calendar,built from ground_truth_resolved + stats_combined + trophies + narrative,0,0,0,58.333333333333336,70.83333333333334,50.0
2005,2005,Samuel Eto'o,Samuel Eto'o,samuel-eto-o-1981,10,2005-01-01,2005-12-31,Barcelona,Cameroon,Striker,forward,1,0,0,0,25.0,37.0,0.6756756756756757,37.0,0,0,1,0,0,0,0,0,0,0,0,1,3,3,1,1,classical,calendar,built from ground_truth_resolved + stats_combined + trophies + narrative,0,0,0,97.91666666666666,83.33333333333334,95.83333333333334
2005,2005,John Terry,John Terry,john-terry-1980,10,2005-01-01,2005-12-31,Chelsea,England,Centre-back,defender,0,0,1,0,3.0,36.0,0.08333333333333333,36.0,0,0,1,0,0,0,0,0,0,0,0,1,3,3,0,0,classical,calendar,built from ground_truth_resolved + stats_combined + trophies + narrative,0,0,0,25.0,70.83333333333334,25.0
2005,2005,Juninho,Juninho,juninho,12,2005-01-01,2005-12-31,Lyon,Brazil,,unknown,0,0,0,0,5.0,28.0,0.1724137931034483,,1,0,1,0,0,0,0,0,0,0,0,2,2,2,0,0,classical,calendar,built from ground_truth_resolved + stats_combined + trophies + narrative,1,1,1,39.58333333333333,20.833333333333336,41.66666666666667
2005,2005,Claude Makélélé,Claude Makélélé,claude-makelele-1973,13,2005-01-01,2005-12-31,Chelsea,France,Defensive midfielder,midfielder,0,1,0,0,1.0,36.0,0.027777777777777776,36.0,0,0,1,0,0,0,0,0,0,0,0,1,3,3,0,0,classical,calendar,built from ground_truth_resolved + stats_combined + trophies + narrative,0,0,0,20.833333333333336,70.83333333333334,20.833333333333336
2005,2005,Juan Román Riquelme,Juan Román Riquelme,juan-roman-riquelme-1978,14,2005-01-01,2005-12-31,Villarreal,Argentina,Attacking midfielder,midfielder,0,1,0,0,15.0,35.0,0.42857142857142855,35.0,0,0,0,0,0,0,0,0,0,0,0,2,2,2,0,0,classical,calendar,built from ground_truth_resolved + stats_combined + trophies + narrative,0,0,0,83.33333333333334,58.333333333333336,79.16666666666666
2005,2005,Petr Čech,Petr Čech,petr-cech-1982,14,2005-01-01,2005-12-31,Chelsea,Czech Republic,Goaltender,unknown,0,0,0,0,0.0,35.0,0.0,35.0,0,0,1,0,0,0,0,0,0,0,0,1,3,3,0,0,classical,calendar,built from ground_truth_resolved + stats_combined + trophies + narrative,0,0,0,10.416666666666668,58.333333333333336,10.416666666666668
2005,2005,Didier Drogba,Didier Drogba,didier-drogba-1978,14,2005-01-01,2005-12-31,Chelsea,Ivory Coast,Striker,forward,1,0,0,0,10.0,26.0,0.38461538461538464,26.0,0,0,1,0,0,0,0,0,0,0,0,1,3,3,0,0,classical,calendar,built from ground_truth_resolved + stats_combined + trophies + narrative,0,0,0,70.83333333333334,4.166666666666666,75.0
2005,2005,Michael Ballack,Michael Ballack,michael-ballack-1976,14,2005-01-01,2005-12-31,Bayern Munich,Germany,Midfielder,midfielder,0,1,0,0,13.0,27.0,0.48148148148148145,27.0,0,0,0,0,0,0,0,0,0,0,0,1,3,3,0,0,classical,calendar,built from ground_truth_resolved + stats_combined + trophies + narrative,0,0,0,77.08333333333334,10.416666666666668,83.33333333333334
2005,2005,Zinedine Zidane,Zinedine Zidane,zinedine-zidane-1972,18,2005-01-01,2005-12-31,Real Madrid,France,Attacking midfielder,midfielder,0,1,0,0,6.0,29.0,0.20689655172413793,29.0,0,0,0,0,0,0,0,0,0,0,0,1,3,3,0,0,classical,calendar,built from ground_truth_resolved + stats_combined + trophies + narrative,0,0,0,50.0,31.25,54.166666666666664
2005,2005,Gianluigi Buffon,Gianluigi Buffon,gianluigi-buffon-1978,19,2005-01-01,2005-12-31,Juventus,Italy,Goalkeeper,goalkeeper,0,0,0,1,0.0,37.0,0.0,37.0,0,0,0,0,0,0,0,0,0,0,0,1,3,3,0,0,classical,calendar,built from ground_truth_resolved + stats_combined + trophies + narrative,0,0,0,10.416666666666668,83.33333333333334,10.416666666666668
2005,2005,Jamie Carragher,Jamie Carragher,jamie-carragher-1978,20,2005-01-01,2005-12-31,Liverpool,England,Defender,defender,0,0,1,0,0.0,38.0,0.0,38.0,0,1,0,0,0,0,0,0,0,0,0,1,3,3,0,0,classical,calendar,built from ground_truth_resolved + stats_combined + trophies + narrative,0,0,0,10.416666666666668,95.83333333333334,10.416666666666668
2005,2005,Cristiano Ronaldo,Cristiano Ronaldo,cristiano-ronaldo-1985,20,2005-01-01,2005-12-31,Manchester United,Portugal,Forward,forward,1,0,0,0,5.0,33.0,0.15151515151515152,33.0,0,0,0,0,0,0,0,0,0,0,0,1,3,3,0,0,classical,calendar,built from ground_truth_resolved + stats_combined + trophies + narrative,0,0,0,39.58333333333333,47.91666666666667,33.33333333333333
2005,2005,Michael Essien,Michael Essien,michael-essien-1982,22,2005-01-01,2005-12-31,Lyon Chelsea,Ghana,Midfielder,midfielder,0,1,0,0,4.0,37.0,0.10810810810810811,37.0,0,0,0,0,0,0,0,0,0,0,0,1,3,3,0,0,classical,calendar,built from ground_truth_resolved + stats_combined + trophies + narrative,0,0,0,29.166666666666668,83.33333333333334,29.166666666666668
2005,2005,Luis García,Luis García,luis-garcia,23,2005-01-01,2005-12-31,Liverpool,Spain,,unknown,0,0,0,0,5.0,28.0,0.1724137931034483,,1,1,0,0,0,0,0,0,0,0,0,1,3,3,0,0,classical,calendar,built from ground_truth_resolved + stats_combined + trophies + narrative,1,1,1,39.58333333333333,20.833333333333336,41.66666666666667
2005,2005,Pavel Nedvěd,Pavel Nedvěd,pavel-nedved-1972,23,2005-01-01,2005-12-31,Juventus,Czech Republic,Midfielder,midfielder,0,1,0,0,7.0,27.0,0.25925925925925924,27.0,0,0,0,0,0,0,0,0,0,0,0,1,3,3,0,0,classical,calendar,built from ground_truth_resolved + stats_combined + trophies + narrative,0,0,0,58.333333333333336,10.416666666666668,66.66666666666666
2006,2006,Fabio Cannavaro,Fabio Cannavaro,fabio-cannavaro-1973,1,2006-01-01,2006-12-31,Juventus Real Madrid,Italy,Centre-back,defender,0,0,1,0,4.0,36.0,0.1111111111111111,36.0,0,0,0,0,1,0,0,1,0,0,1,1,3,3,1,1,classical,calendar,built from ground_truth_resolved + stats_combined + trophies + narrative,0,0,0,34.61538461538461,86.53846153846155,32.69230769230769
2006,2006,Gianluigi Buffon,Gianluigi Buffon,gianluigi-buffon-1978,2,2006-01-01,2006-12-31,Juventus,Italy,Goalkeeper,goalkeeper,0,0,0,1,0.0,18.0,0.0,18.0,0,0,0,0,1,0,0,1,0,0,1,1,3,3,1,1,classical,calendar,built from ground_truth_resolved + stats_combined + trophies + narrative,0,0,0,9.615384615384617,7.6923076923076925,9.615384615384617
2006,2006,Thierry Henry,Thierry Henry,thierry-henry-1977,3,2006-01-01,2006-12-31,Arsenal,France,Forward,forward,1,0,0,0,27.0,32.0,0.84375,32.0,0,0,0,0,1,0,0,0,0,0,0,2,2,2,0,0,classical,calendar,built from ground_truth_resolved + stats_combined + trophies + narrative,0,0,0,96.15384615384616,46.15384615384615,96.15384615384616
2006,2006,Ronaldinho,Ronaldinho,ronaldinho-1980,4,2006-01-01,2006-12-31,Barcelona,Brazil,Attacking midfielder left winger,forward,1,0,0,0,17.0,29.0,0.5862068965517241,29.0,0,1,0,0,1,0,0,0,0,0,0,1,3,3,0,0,classical,calendar,built from ground_truth_resolved + stats_combined + trophies + narrative,0,0,0,80.76923076923077,28.846153846153843,80.76923076923077
2006,2006,Zinedine Zidane,Zinedine Zidane,zinedine-zidane-1972,5,2006-01-01,2006-12-31,Real Madrid,France,Attacking midfielder,midfielder,0,1,0,0,9.0,29.0,0.3103448275862069,29.0,0,0,1,0,1,0,0,0,0,0,0,1,3,3,0,0,classical,calendar,built from ground_truth_resolved + stats_combined + trophies + narrative,0,0,0,59.61538461538461,28.846153846153843,57.692307692307686
2006,2006,Samuel Eto'o,Samuel Eto'o,samuel-eto-o-1981,6,2006-01-01,2006-12-31,Barcelona,Cameroon,Striker,forward,1,0,0,0,26.0,34.0,0.7647058823529411,34.0,0,1,0,0,1,0,0,0,0,0,0,1,3,3,0,0,classical,calendar,built from ground_truth_resolved + stats_combined + trophies + narrative,0,0,0,92.3076923076923,61.53846153846154,88.46153846153845
2006,2006,Miroslav Klose,Miroslav Klose,miroslav-klose-1978,7,2006-01-01,2006-12-31,Werder Bremen,Germany,Striker,forward,1,0,0,0,25.0,26.0,0.9615384615384616,26.0,0,0,0,0,1,0,0,0,0,0,0,3,1,1,0,0,classical,calendar,built from ground_truth_resolved + stats_combined + trophies + narrative,0,0,0,86.53846153846155,15.384615384615385,100.0
2006,2006,Didier Drogba,Didier Drogba,didier-drogba-1978,8,2006-01-01,2006-12-31,Chelsea,Ivory Coast,Striker,forward,1,0,0,0,12.0,29.0,0.41379310344827586,29.0,0,0,0,0,1,0,0,0,0,0,0,1,3,3,0,0,classical,calendar,built from ground_truth_resolved + stats_combined + trophies + narrative,0,0,0,67.3076923076923,28.846153846153843,73.07692307692307
2006,2006,Andrea Pirlo,Andrea Pirlo,andrea-pirlo-1979,9,2006-01-01,2006-12-31,Milan,Italy,Midfielder,midfielder,0,1,0,0,4.0,33.0,0.12121212121212122,33.0,0,0,0,0,1,0,0,1,0,0,1,1,3,3,1,1,classical,calendar,built from ground_truth_resolved + stats_combined + trophies + narrative,0,0,0,34.61538461538461,55.769230769230774,38.46153846153847
2006,2006,Jens Lehmann,Jens Lehmann,jens-lehmann-1969,10,2006-01-01,2006-12-31,Arsenal,Germany,Goalkeeper,goalkeeper,0,0,0,1,0.0,38.0,0.0,38.0,0,0,0,0,1,0,0,0,0,0,0,2,2,2,0,0,classical,calendar,built from ground_truth_resolved + stats_combined + trophies + narrative,0,0,0,9.615384615384617,98.07692307692307,9.615384615384617
2006,2006,Deco,Deco,deco-1977,11,2006-01-01,2006-12-31,Barcelona,Portugal,Central midfielder,midfielder,0,1,0,0,2.0,29.0,0.06896551724137931,29.0,0,1,0,0,1,0,0,0,0,0,0,1,3,3,0,0,classical,calendar,built from ground_truth_resolved + stats_combined + trophies + narrative,0,0,0,23.076923076923077,28.846153846153843,23.076923076923077
2006,2006,Kaká,Kaká,kaka-1982,11,2006-01-01,2006-12-31,Milan,Brazil,Attacking midfielder,midfielder,0,1,0,0,14.0,35.0,0.4,35.0,0,0,0,0,1,0,0,0,0,0,0,1,3,3,1,1,classical,calendar,built from ground_truth_resolved + stats_combined + trophies + narrative,0,0,0,73.07692307692307,73.07692307692307,69.23076923076923
2006,2006,Franck Ribéry,Franck Ribéry,franck-ribery-1983,13,2006-01-01,2006-12-31,Marseille,France,Winger,forward,1,0,0,0,6.0,35.0,0.17142857142857143,35.0,0,0,0,0,1,0,0,0,0,0,0,2,2,2,0,0,classical,calendar,built from ground_truth_resolved + stats_combined + trophies + narrative,0,0,0,51.92307692307693,73.07692307692307,46.15384615384615
2006,2006,Gennaro Gattuso,Gennaro Gattuso,gennaro-gattuso-1978,14,2006-01-01,2006-12-31,Milan,Italy,Midfielder,midfielder,0,1,0,0,3.0,35.0,0.08571428571428572,35.0,0,0,0,0,1,0,0,1,0,0,1,1,3,3,1,1,classical,calendar,built from ground_truth_resolved + stats_combined + trophies + narrative,0,0,0,26.923076923076923,73.07692307692307,26.923076923076923
2006,2006,Patrick Vieira,Patrick Vieira,patrick-vieira-1976,14,2006-01-01,2006-12-31,Juventus Internazionale,France,Midfielder,midfielder,0,1,0,0,5.0,31.0,0.16129032258064516,31.0,0,0,0,0,1,0,0,0,0,0,0,1,3,3,0,0,classical,calendar,built from ground_truth_resolved + stats_combined + trophies + narrative,0,0,0,44.230769230769226,38.46153846153847,42.30769230769231
2006,2006,Cristiano Ronaldo,Cristiano Ronaldo,cristiano-ronaldo-1985,14,2006-01-01,2006-12-31,Manchester United,Portugal,Forward,forward,1,0,0,0,9.0,33.0,0.2727272727272727,33.0,0,0,1,0,1,0,0,0,0,0,0,1,3,3,0,0,classical,calendar,built from ground_truth_resolved + stats_combined + trophies + narrative,0,0,0,59.61538461538461,55.769230769230774,53.84615384615385
2006,2006,Frank Lampard,Frank Lampard,frank-lampard-1978,17,2006-01-01,2006-12-31,Chelsea,England,Midfielder,midfielder,0,1,0,0,16.0,35.0,0.45714285714285713,35.0,0,0,0,0,1,0,0,0,0,0,0,1,3,3,0,0,classical,calendar,built from ground_truth_resolved + stats_combined + trophies + narrative,0,0,0,76.92307692307693,73.07692307692307,76.92307692307693
2006,2006,Lukas Podolski,Lukas Podolski,lukas-podolski-1985,17,2006-01-01,2006-12-31,1. FC Köln Bayern Munich,Germany,Striker left winger,forward,1,0,0,0,12.0,32.0,0.375,32.0,0,0,0,0,1,0,0,0,0,0,0,1,3,3,0,0,classical,calendar,built from ground_truth_resolved + stats_combined + trophies + narrative,0,0,0,67.3076923076923,46.15384615384615,65.38461538461539
2006,2006,Carles Puyol,Carles Puyol,carles-puyol-1978,17,2006-01-01,2006-12-31,Barcelona,Spain,Centre-back,defender,0,0,1,0,1.0,35.0,0.02857142857142857,35.0,0,1,0,0,1,0,0,0,0,0,0,1,3,3,0,0,classical,calendar,built from ground_truth_resolved + stats_combined + trophies + narrative,0,0,0,19.230769230769234,73.07692307692307,19.230769230769234
2006,2006,Juninho,Juninho,juninho,20,2006-01-01,2006-12-31,Lyon,Brazil,,unknown,0,0,0,0,5.0,28.0,0.1724137931034483,,1,0,1,0,1,0,0,0,0,0,0,2,2,2,0,0,classical,calendar,built from ground_truth_resolved + stats_combined + trophies + narrative,1,1,1,44.230769230769226,19.230769230769234,50.0
2006,2006,Lionel Messi,Lionel Messi,lionel-messi-1987,20,2006-01-01,2006-12-31,Barcelona,Argentina,Forward,forward,1,0,0,0,6.0,17.0,0.35294117647058826,17.0,0,1,0,0,1,0,0,0,0,0,0,1,3,3,0,0,classical,calendar,built from ground_truth_resolved + stats_combined + trophies + narrative,0,0,0,51.92307692307693,3.8461538461538463,61.53846153846154
2006,2006,Luca Toni,Luca Toni,luca-toni-1977,20,2006-01-01,2006-12-31,Fiorentina,Italy,Striker,forward,1,0,0,0,31.0,38.0,0.8157894736842105,38.0,0,0,0,0,1,0,0,1,0,0,1,2,2,2,1,1,classical,calendar,built from ground_truth_resolved + stats_combined + trophies + narrative,0,0,0,100.0,98.07692307692307,92.3076923076923
2006,2006,John Terry,John Terry,john-terry-1980,20,2006-01-01,2006-12-31,Chelsea,England,Centre-back,defender,0,0,1,0,4.0,36.0,0.1111111111111111,36.0,0,0,0,0,1,0,0,0,0,0,0,1,3,3,0,0,classical,calendar,built from ground_truth_resolved + stats_combined + trophies + narrative,0,0,0,34.61538461538461,86.53846153846155,32.69230769230769
2006,2006,Gianluca Zambrotta,Gianluca Zambrotta,gianluca-zambrotta-1977,20,2006-01-01,2006-12-31,Juventus Barcelona,Italy,Full-back wing-back,defender,0,0,1,0,0.0,32.0,0.0,32.0,0,1,0,0,1,0,0,1,0,0,1,1,3,3,1,1,classical,calendar,built from ground_truth_resolved + stats_combined + trophies + narrative,0,0,0,9.615384615384617,46.15384615384615,9.615384615384617
2006,2006,Philipp Lahm,Philipp Lahm,philipp-lahm-1983,25,2006-01-01,2006-12-31,Bayern Munich,Germany,Right-back left-back midfielder,defender,0,0,1,0,0.0,22.0,0.0,22.0,0,0,0,0,1,0,0,0,0,0,0,1,3,3,0,0,classical,calendar,built from ground_truth_resolved + stats_combined + trophies + narrative,0,0,0,9.615384615384617,11.538461538461538,9.615384615384617
2006,2006,David Villa,David Villa,david-villa-1981,25,2006-01-01,2006-12-31,Valencia,Spain,Striker,forward,1,0,0,0,25.0,37.0,0.6756756756756757,37.0,0,0,0,0,1,0,0,0,0,0,0,2,2,2,0,0,classical,calendar,built from ground_truth_resolved + stats_combined + trophies + narrative,0,0,0,86.53846153846155,92.3076923076923,84.61538461538461
2007,2007,Kaká,Kaká,kaka-1982,1,2007-01-01,2007-12-31,Milan,Brazil,Attacking midfielder,midfielder,0,1,0,0,8.0,31.0,0.25806451612903225,31.0,0,1,0,0,0,0,1,0,0,1,1,1,3,3,1,1,classical,calendar,built from ground_truth_resolved + stats_combined + trophies + narrative,0,0,0,60.0,46.0,60.0
2007,2007,Cristiano Ronaldo,Cristiano Ronaldo,cristiano-ronaldo-1985,2,2007-01-01,2007-12-31,Manchester United,Portugal,Forward,forward,1,0,0,0,17.0,34.0,0.5,34.0,0,0,1,0,0,0,1,0,0,0,0,1,3,3,1,1,classical,calendar,built from ground_truth_resolved + stats_combined + trophies + narrative,0,0,0,90.0,70.0,75.0
2007,2007,Lionel Messi,Lionel Messi,lionel-messi-1987,3,2007-01-01,2007-12-31,Barcelona,Argentina,Forward,forward,1,0,0,0,14.0,26.0,0.5384615384615384,26.0,0,0,0,0,0,0,1,0,0,0,0,1,3,3,0,0,classical,calendar,built from ground_truth_resolved + stats_combined + trophies + narrative,0,0,0,77.0,18.0,82.0
2007,2007,Didier Drogba,Didier Drogba,didier-drogba-1978,4,2007-01-01,2007-12-31,Chelsea,Ivory Coast,Striker,forward,1,0,0,0,20.0,36.0,0.5555555555555556,36.0,0,0,0,0,0,0,1,0,0,0,0,1,3,3,0,0,classical,calendar,built from ground_truth_resolved + stats_combined + trophies + narrative,0,0,0,92.0,85.0,87.0
2007,2007,Andrea Pirlo,Andrea Pirlo,andrea-pirlo-1979,5,2007-01-01,2007-12-31,Milan,Italy,Midfielder,midfielder,0,1,0,0,2.0,34.0,0.058823529411764705,34.0,0,1,0,0,0,0,1,0,0,0,0,1,3,3,0,0,classical,calendar,built from ground_truth_resolved + stats_combined + trophies + narrative,0,0,0,23.0,70.0,22.0
2007,2007,Ruud van Nistelrooy,Ruud van Nistelrooy,ruud-van-nistelrooy-1976,6,2007-01-01,2007-12-31,Real Madrid,Netherlands,Striker,forward,1,0,0,0,25.0,37.0,0.6756756756756757,37.0,0,0,1,0,0,0,1,0,0,0,0,1,3,3,0,0,classical,calendar,built from ground_truth_resolved + stats_combined + trophies + narrative,0,0,0,98.0,93.0,98.0
2007,2007,Zlatan Ibrahimović,Zlatan Ibrahimović,zlatan-ibrahimovic-1981,7,2007-01-01,2007-12-31,Internazionale,Sweden,Striker,forward,1,0,0,0,15.0,27.0,0.5555555555555556,27.0,0,0,0,0,0,0,1,0,0,0,0,1,3,3,0,0,classical,calendar,built from ground_truth_resolved + stats_combined + trophies + narrative,0,0,0,80.0,22.0,87.0
2007,2007,Cesc Fàbregas,Cesc Fàbregas,cesc-fabregas-1987,8,2007-01-01,2007-12-31,Arsenal,Spain,Central midfielder,midfielder,0,1,0,0,2.0,38.0,0.05263157894736842,38.0,0,0,0,0,0,0,1,0,0,0,0,2,2,2,0,0,classical,calendar,built from ground_truth_resolved + stats_combined + trophies + narrative,0,0,0,23.0,98.0,18.0
2007,2007,Robinho,Robinho,robinho-1984,9,2007-01-01,2007-12-31,Real Madrid,Brazil,Forward,forward,1,0,0,0,6.0,32.0,0.1875,32.0,0,0,1,0,0,0,1,0,0,1,1,1,3,3,1,1,classical,calendar,built from ground_truth_resolved + stats_combined + trophies + narrative,0,0,0,48.0,55.00000000000001,44.0
2007,2007,Francesco Totti,Francesco Totti,francesco-totti-1976,10,2007-01-01,2007-12-31,Roma,Italy,Attacking midfielder forward,forward,1,0,0,0,26.0,35.0,0.7428571428571429,35.0,0,0,0,0,0,0,1,0,0,0,0,2,2,2,0,0,classical,calendar,built from ground_truth_resolved + stats_combined + trophies + narrative,0,0,0,100.0,77.0,100.0
2007,2007,Frédéric Kanouté,Frédéric Kanouté,frederic-kanoute-1977,11,2007-01-01,2007-12-31,Sevilla,Mali,Striker,forward,1,0,0,0,21.0,32.0,0.65625,32.0,0,0,0,0,0,0,1,0,0,0,0,2,2,2,0,0,classical,calendar,built from ground_truth_resolved + stats_combined + trophies + narrative,0,0,0,95.0,55.00000000000001,95.0
2007,2007,Ronaldinho,Ronaldinho,ronaldinho-1980,12,2007-01-01,2007-12-31,Barcelona,Brazil,Attacking midfielder left winger,forward,1,0,0,0,21.0,32.0,0.65625,32.0,0,0,0,0,0,0,1,0,0,1,1,1,3,3,1,1,classical,calendar,built from ground_truth_resolved + stats_combined + trophies + narrative,0,0,0,95.0,55.00000000000001,95.0
2007,2007,Steven Gerrard,Steven Gerrard,steven-gerrard-1980,13,2007-01-01,2007-12-31,Liverpool,England,Midfielder,midfielder,0,1,0,0,7.0,36.0,0.19444444444444445,36.0,0,0,0,0,0,0,1,0,0,0,0,1,3,3,0,0,classical,calendar,built from ground_truth_resolved + stats_combined + trophies + narrative,0,0,0,55.00000000000001,85.0,46.0
2007,2007,Juan Román Riquelme,Juan Román Riquelme,juan-roman-riquelme-1978,14,2007-01-01,2007-12-31,Villarreal Boca Juniors,Argentina,Attacking midfielder,midfielder,0,1,0,0,3.0,28.0,0.10714285714285714,28.0,0,0,0,0,0,0,1,0,0,0,0,2,2,2,0,0,classical,calendar,built from ground_truth_resolved + stats_combined + trophies + narrative,0,0,0,32.0,27.0,35.0
2007,2007,Dani Alves,Dani Alves,dani-alves-1983,15,2007-01-01,2007-12-31,Sevilla,Brazil,Right-back,defender,0,0,1,0,3.0,34.0,0.08823529411764706,34.0,0,0,0,0,0,0,1,0,0,1,1,2,2,2,1,1,classical,calendar,built from ground_truth_resolved + stats_combined + trophies + narrative,0,0,0,32.0,70.0,30.0
2007,2007,Filippo Inzaghi,Filippo Inzaghi,filippo-inzaghi-1973,16,2007-01-01,2007-12-31,Milan,Italy,Striker,forward,1,0,0,0,2.0,20.0,0.1,20.0,0,1,0,0,0,0,1,0,0,0,0,1,3,3,0,0,classical,calendar,built from ground_truth_resolved + stats_combined + trophies + narrative,0,0,0,23.0,9.0,32.0
2007,2007,Franck Ribéry,Franck Ribéry,franck-ribery-1983,17,2007-01-01,2007-12-31,Marseille Bayern Munich,France,Winger,forward,1,0,0,0,5.0,25.0,0.2,25.0,0,0,0,0,0,0,1,0,0,0,0,1,3,3,0,0,classical,calendar,built from ground_truth_resolved + stats_combined + trophies + narrative,0,0,0,42.0,14.000000000000002,50.0
2007,2007,Paolo Maldini,Paolo Maldini,paolo-maldini-1968,18,2007-01-01,2007-12-31,Milan,Italy,Left-back centre-back,defender,0,0,1,0,1.0,18.0,0.05555555555555555,18.0,0,1,0,0,0,0,1,0,0,0,0,1,3,3,0,0,classical,calendar,built from ground_truth_resolved + stats_combined + trophies + narrative,0,0,0,16.0,4.0,20.0
2007,2007,Gianluigi Buffon,Gianluigi Buffon,gianluigi-buffon-1978,19,2007-01-01,2007-12-31,Juventus,Italy,Goalkeeper,goalkeeper,0,0,0,1,0.0,37.0,0.0,37.0,0,0,0,0,0,0,1,0,0,0,0,1,3,3,0,0,classical,calendar,built from ground_truth_resolved + stats_combined + trophies + narrative,0,0,0,7.000000000000001,93.0,7.000000000000001
2007,2007,Petr Čech,Petr Čech,petr-cech-1982,19,2007-01-01,2007-12-31,Chelsea,Czech Republic,Goaltender,unknown,0,0,0,0,0.0,20.0,0.0,20.0,0,0,0,0,0,0,1,0,0,0,0,1,3,3,0,0,classical,calendar,built from ground_truth_resolved + stats_combined + trophies + narrative,0,0,0,7.000000000000001,9.0,7.000000000000001
2007,2007,Gennaro Gattuso,Gennaro Gattuso,gennaro-gattuso-1978,19,2007-01-01,2007-12-31,Milan,Italy,Midfielder,midfielder,0,1,0,0,1.0,30.0,0.03333333333333333,30.0,0,1,0,0,0,0,1,0,0,0,0,1,3,3,0,0,classical,calendar,built from ground_truth_resolved + stats_combined + trophies + narrative,0,0,0,16.0,38.0,16.0
2007,2007,Thierry Henry,Thierry Henry,thierry-henry-1977,19,2007-01-01,2007-12-31,Arsenal Barcelona,France,Forward,forward,1,0,0,0,10.0,17.0,0.5882352941176471,17.0,0,0,0,0,0,0,1,0,0,0,0,1,3,3,0,0,classical,calendar,built from ground_truth_resolved + stats_combined + trophies + narrative,0,0,0,65.0,2.0,92.0
2007,2007,Clarence Seedorf,Clarence Seedorf,clarence-seedorf-1976,19,2007-01-01,2007-12-31,Milan,Netherlands,Midfielder,midfielder,0,1,0,0,7.0,32.0,0.21875,32.0,0,1,0,0,0,0,1,0,0,0,0,1,3,3,0,0,classical,calendar,built from ground_truth_resolved + stats_combined + trophies + narrative,0,0,0,55.00000000000001,55.00000000000001,54.0
2007,2007,Fabio Cannavaro,Fabio Cannavaro,fabio-cannavaro-1973,24,2007-01-01,2007-12-31,Real Madrid,Italy,Centre-back,defender,0,0,1,0,0.0,32.0,0.0,32.0,0,0,1,0,0,0,1,0,0,0,0,1,3,3,0,0,classical,calendar,built from ground_truth_resolved + stats_combined + trophies + narrative,0,0,0,7.000000000000001,55.00000000000001,7.000000000000001
2007,2007,Michael Essien,Michael Essien,michael-essien-1982,24,2007-01-01,2007-12-31,Chelsea,Ghana,Midfielder,midfielder,0,1,0,0,2.0,33.0,0.06060606060606061,33.0,0,0,0,0,0,0,1,0,0,0,0,1,3,3,0,0,classical,calendar,built from ground_truth_resolved + stats_combined + trophies + narrative,0,0,0,23.0,64.0,24.0
2007,2007,Wayne Rooney,Wayne Rooney,wayne-rooney-1985,26,2007-01-01,2007-12-31,Manchester United,England,Forward midfielder,forward,1,0,0,0,16.0,30.0,0.5348837209302325,,1,0,1,0,0,0,1,0,0,0,0,1,3,3,1,1,classical,calendar,built from ground_truth_resolved + stats_combined + trophies + narrative,1,1,1,85.0,38.0,79.0
2007,2007,Iker Casillas,Iker Casillas,iker-casillas-1981,27,2007-01-01,2007-12-31,Real Madrid,Spain,Goalkeeper,goalkeeper,0,0,0,1,0.0,32.0,0.0,,1,0,1,0,0,0,1,0,0,0,0,1,3,3,0,0,classical,calendar,built from ground_truth_resolved + stats_combined + trophies + narrative,1,1,1,7.000000000000001,55.00000000000001,7.000000000000001
2007,2007,Rogério Ceni,Rogério Ceni,rogerio-ceni-1973,27,2007-01-01,2007-12-31,São Paulo,Brazil,Goalkeeper,goalkeeper,0,0,0,1,7.0,35.0,0.2,35.0,0,0,0,0,0,0,1,0,0,1,1,3,1,1,1,1,classical,calendar,built from ground_truth_resolved + stats_combined + trophies + narrative,0,0,0,55.00000000000001,77.0,50.0
2007,2007,Younis Mahmoud,Younis Mahmoud,younis-mahmoud-1983,29,2007-01-01,2007-12-31,Al-Gharafa,Iraq,Forward,forward,1,0,0,0,16.0,30.0,0.5348837209302325,,1,0,0,0,0,0,1,0,0,0,0,3,1,1,0,0,classical,calendar,built from ground_truth_resolved + stats_combined + trophies + narrative,1,1,1,85.0,38.0,79.0
2007,2007,Guillermo Ochoa,Guillermo Ochoa,guillermo-ochoa-1985,30,2007-01-01,2007-12-31,América,Mexico,Goalkeeper,goalkeeper,0,0,0,1,0.0,42.0,0.0,42.0,0,0,0,0,0,0,1,0,0,0,0,3,1,1,0,0,classical,calendar,built from ground_truth_resolved + stats_combined + trophies + narrative,0,0,0,7.000000000000001,100.0,7.000000000000001
2007,2007,Dimitar Berbatov,Dimitar Berbatov,dimitar-berbatov-1981,30,2007-01-01,2007-12-31,Tottenham Hotspur,Bulgaria,Striker,forward,1,0,0,0,12.0,33.0,0.36363636363636365,33.0,0,0,0,0,0,0,1,0,0,0,0,2,2,2,0,0,classical,calendar,built from ground_truth_resolved + stats_combined + trophies + narrative,0,0,0,72.0,64.0,66.0
2007,2007,Samuel Eto'o,Samuel Eto'o,samuel-eto-o-1981,30,2007-01-01,2007-12-31,Barcelona,Cameroon,Striker,forward,1,0,0,0,11.0,19.0,0.5789473684210527,19.0,0,0,0,0,0,0,1,0,0,0,0,1,3,3,0,0,classical,calendar,built from ground_truth_resolved + stats_combined + trophies + narrative,0,0,0,69.0,6.0,90.0
2007,2007,Ryan Giggs,Ryan Giggs,ryan-giggs-1973,30,2007-01-01,2007-12-31,Manchester United,Wales,Left midfielder left winger,forward,1,0,0,0,4.0,30.0,0.13333333333333333,30.0,0,0,1,0,0,0,1,0,0,0,0,1,3,3,1,1,classical,calendar,built from ground_truth_resolved + stats_combined + trophies + narrative,0,0,0,38.0,38.0,38.0
2007,2007,Carlos Tevez,Carlos Tevez,carlos-tevez-1984,30,2007-01-01,2007-12-31,West Ham United Manchester United,Argentina,Forward,forward,1,0,0,0,7.0,26.0,0.2692307692307692,26.0,0,0,0,0,0,0,1,0,0,0,0,1,3,3,1,1,classical,calendar,built from ground_truth_resolved + stats_combined + trophies + narrative,0,0,0,55.00000000000001,18.0,62.0
2007,2007,Robin van Persie,Robin van Persie,robin-van-persie-1983,30,2007-01-01,2007-12-31,Arsenal,Netherlands,Striker,forward,1,0,0,0,11.0,22.0,0.5,22.0,0,0,0,0,0,0,1,0,0,0,0,2,2,2,0,0,classical,calendar,built from ground_truth_resolved + stats_combined + trophies + narrative,0,0,0,69.0,12.0,75.0
2007,2007,Eric Abidal,Eric Abidal,eric-abidal-1979,36,2007-01-01,2007-12-31,Lyon Barcelona,France,Left-back centre-back,defender,0,0,1,0,0.0,33.0,0.0,33.0,0,0,0,0,0,0,1,0,0,0,0,1,3,3,0,0,classical,calendar,built from ground_truth_resolved + stats_combined + trophies + narrative,0,0,0,7.000000000000001,64.0,7.000000000000001
2007,2007,David Beckham,David Beckham,david-beckham-1975,36,2007-01-01,2007-12-31,Real Madrid LA Galaxy,England,Midfielder,midfielder,0,1,0,0,3.0,28.0,0.10714285714285714,28.0,0,0,0,0,0,0,1,0,0,0,0,1,3,3,0,0,classical,calendar,built from ground_truth_resolved + stats_combined + trophies + narrative,0,0,0,32.0,27.0,35.0
2007,2007,Deco,Deco,deco-1977,36,2007-01-01,2007-12-31,Barcelona,Portugal,Central midfielder,midfielder,0,1,0,0,1.0,31.0,0.03225806451612903,31.0,0,0,0,0,0,0,1,0,0,0,0,1,3,3,0,0,classical,calendar,built from ground_truth_resolved + stats_combined + trophies + narrative,0,0,0,16.0,46.0,14.000000000000002
2007,2007,Mahamadou Diarra,Mahamadou Diarra,mahamadou-diarra-1981,36,2007-01-01,2007-12-31,Real Madrid,Mali,Defensive midfielder,midfielder,0,1,0,0,3.0,37.0,0.08108108108108109,37.0,0,0,1,0,0,0,1,0,0,0,0,1,3,3,0,0,classical,calendar,built from ground_truth_resolved + stats_combined + trophies + narrative,0,0,0,32.0,93.0,26.0
2007,2007,Diego,Diego,diego,36,2007-01-01,2007-12-31,Werder Bremen,Brazil,,unknown,0,0,0,0,5.0,28.0,0.1724137931034483,,1,0,0,0,0,0,1,0,0,1,1,3,1,1,1,1,classical,calendar,built from ground_truth_resolved + stats_combined + trophies + narrative,1,1,1,42.0,27.0,41.0
2007,2007,Miroslav Klose,Miroslav Klose,miroslav-klose-1978,36,2007-01-01,2007-12-31,Werder Bremen Bayern Munich,Germany,Striker,forward,1,0,0,0,13.0,31.0,0.41935483870967744,31.0,0,0,0,0,0,0,1,0,0,0,0,1,3,3,0,0,classical,calendar,built from ground_truth_resolved + stats_combined + trophies + narrative,0,0,0,74.0,46.0,70.0
2007,2007,Florent Malouda,Florent Malouda,florent-malouda-1980,36,2007-01-01,2007-12-31,Lyon Chelsea,France,Left winger,forward,1,0,0,0,10.0,35.0,0.2857142857142857,35.0,0,0,0,0,0,0,1,0,0,0,0,1,3,3,0,0,classical,calendar,built from ground_truth_resolved + stats_combined + trophies + narrative,0,0,0,65.0,77.0,64.0
2007,2007,Shunsuke Nakamura,Shunsuke Nakamura,shunsuke-nakamura-1978,36,2007-01-01,2007-12-31,Celtic,Japan,Attacking midfielder,midfielder,0,1,0,0,9.0,37.0,0.24324324324324326,37.0,0,0,0,0,0,0,1,0,0,0,0,3,1,1,0,0,classical,calendar,built from ground_truth_resolved + stats_combined + trophies + narrative,0,0,0,62.0,93.0,57.99999999999999
2007,2007,Ricardo Quaresma,Ricardo Quaresma,ricardo-quaresma-1983,36,2007-01-01,2007-12-31,Porto,Portugal,Winger,forward,1,0,0,0,6.0,26.0,0.23076923076923078,26.0,0,0,0,0,0,0,1,0,0,0,0,2,2,2,0,0,classical,calendar,built from ground_truth_resolved + stats_combined + trophies + narrative,0,0,0,48.0,18.0,56.00000000000001
2007,2007,Raúl,Raúl,raul,36,2007-01-01,2007-12-31,Real Madrid,Spain,,unknown,0,0,0,0,5.0,28.0,0.1724137931034483,,1,0,1,0,0,0,1,0,0,0,0,1,3,3,0,0,classical,calendar,built from ground_truth_resolved + stats_combined + trophies + narrative,1,1,1,42.0,27.0,41.0
2007,2007,Paul Scholes,Paul Scholes,paul-scholes-1974,36,2007-01-01,2007-12-31,Manchester United,England,Midfielder,midfielder,0,1,0,0,6.0,30.0,0.2,30.0,0,0,1,0,0,0,1,0,0,0,0,1,3,3,1,1,classical,calendar,built from ground_truth_resolved + stats_combined + trophies + narrative,0,0,0,48.0,38.0,50.0
2007,2007,Luca Toni,Luca Toni,luca-toni-1977,36,2007-01-01,2007-12-31,Bayern Munich,Italy,Striker,forward,1,0,0,0,16.0,29.0,0.5517241379310345,29.0,0,0,0,0,0,0,1,0,0,0,0,1,3,3,0,0,classical,calendar,built from ground_truth_resolved + stats_combined + trophies + narrative,0,0,0,85.0,32.0,84.0
2007,2007,Kolo Touré,Kolo Touré,kolo-toure-1981,36,2007-01-01,2007-12-31,Arsenal,Ivory Coast,Centre-back,defender,0,0,1,0,3.0,35.0,0.08571428571428572,35.0,0,0,0,0,0,0,1,0,0,0,0,2,2,2,0,0,classical,calendar,built from ground_truth_resolved + stats_combined + trophies + narrative,0,0,0,32.0,77.0,28.000000000000004
2007,2007,Fernando Torres,Fernando Torres,fernando-torres-1984,36,2007-01-01,2007-12-31,Atlético Madrid Liverpool,Spain,Striker,forward,1,0,0,0,14.0,36.0,0.3888888888888889,36.0,0,0,0,0,0,0,1,0,0,0,0,1,3,3,0,0,classical,calendar,built from ground_truth_resolved + stats_combined + trophies + narrative,0,0,0,77.0,85.0,68.0
2007,2007,David Villa,David Villa,david-villa-1981,36,2007-01-01,2007-12-31,Valencia,Spain,Striker,forward,1,0,0,0,16.0,36.0,0.4444444444444444,36.0,0,0,0,0,0,0,1,0,0,0,0,2,2,2,0,0,classical,calendar,built from ground_truth_resolved + stats_combined + trophies + narrative,0,0,0,85.0,85.0,72.0
2008,2008,Cristiano Ronaldo,Cristiano Ronaldo,cristiano-ronaldo-1985,1,2008-01-01,2008-12-31,Manchester United,Portugal,Forward,forward,1,0,0,0,31.0,34.0,0.9117647058823529,34.0,0,1,1,1,0,1,0,0,0,0,0,1,3,3,0,0,classical,calendar,built from ground_truth_resolved + stats_combined + trophies + narrative,0,0,0,100.0,85.0,100.0
2008,2008,Lionel Messi,Lionel Messi,lionel-messi-1987,2,2008-01-01,2008-12-31,Barcelona,Argentina,Forward,forward,1,0,0,0,10.0,28.0,0.35714285714285715,28.0,0,0,1,0,0,1,0,0,0,0,0,1,3,3,1,1,classical,calendar,built from ground_truth_resolved + stats_combined + trophies + narrative,0,0,0,48.333333333333336,35.0,43.333333333333336
2008,2008,Fernando Torres,Fernando Torres,fernando-torres-1984,3,2008-01-01,2008-12-31,Liverpool,Spain,Striker,forward,1,0,0,0,24.0,33.0,0.7272727272727273,33.0,0,0,0,0,0,1,0,0,1,0,1,1,3,3,1,1,classical,calendar,built from ground_truth_resolved + stats_combined + trophies + narrative,0,0,0,93.33333333333333,75.0,90.0
2008,2008,Iker Casillas,Iker Casillas,iker-casillas-1981,4,2008-01-01,2008-12-31,Real Madrid,Spain,Goalkeeper,goalkeeper,0,0,0,1,0.0,32.0,0.0,,1,0,0,0,0,1,0,0,1,0,1,1,3,3,1,1,classical,calendar,built from ground_truth_resolved + stats_combined + trophies + narrative,1,1,1,6.666666666666667,66.66666666666666,6.666666666666667
2008,2008,Xavi,Xavi,xavi,5,2008-01-01,2008-12-31,Barcelona,Spain,,unknown,0,0,0,0,5.0,28.0,0.1724137931034483,,1,0,1,0,0,1,0,0,1,0,1,1,3,3,1,1,classical,calendar,built from ground_truth_resolved + stats_combined + trophies + narrative,1,1,1,26.666666666666668,35.0,28.333333333333332
2008,2008,Andrey Arshavin,Andrey Arshavin,andrey-arshavin-1981,6,2008-01-01,2008-12-31,Zenit Saint Petersburg,Russia,Winger attacking midfielder,forward,1,0,0,0,6.0,27.0,0.2222222222222222,27.0,0,0,0,0,0,1,0,0,0,0,0,3,1,1,0,0,classical,calendar,built from ground_truth_resolved + stats_combined + trophies + narrative,0,0,0,33.33333333333333,23.333333333333332,36.666666666666664
2008,2008,David Villa,David Villa,david-villa-1981,7,2008-01-01,2008-12-31,Valencia,Spain,Striker,forward,1,0,0,0,18.0,28.0,0.6428571428571429,28.0,0,0,0,0,0,1,0,0,1,0,1,2,2,2,1,1,classical,calendar,built from ground_truth_resolved + stats_combined + trophies + narrative,0,0,0,80.0,35.0,76.66666666666667
2008,2008,Zlatan Ibrahimović,Zlatan Ibrahimović,zlatan-ibrahimovic-1981,8,2008-01-01,2008-12-31,Internazionale,Sweden,Striker,forward,1,0,0,0,17.0,26.0,0.6538461538461539,26.0,0,0,0,0,0,1,0,0,0,0,0,1,3,3,0,0,classical,calendar,built from ground_truth_resolved + stats_combined + trophies + narrative,0,0,0,76.66666666666667,20.0,80.0
2008,2008,Kaká,Kaká,kaka-1982,9,2008-01-01,2008-12-31,Milan,Brazil,Attacking midfielder,midfielder,0,1,0,0,15.0,30.0,0.5,30.0,0,0,0,0,0,1,0,0,0,0,0,1,3,3,0,0,classical,calendar,built from ground_truth_resolved + stats_combined + trophies + narrative,0,0,0,63.33333333333333,55.00000000000001,63.33333333333333
2008,2008,Steven Gerrard,Steven Gerrard,steven-gerrard-1980,10,2008-01-01,2008-12-31,Liverpool,England,Midfielder,midfielder,0,1,0,0,11.0,34.0,0.3235294117647059,34.0,0,0,0,0,0,1,0,0,0,0,0,1,3,3,0,0,classical,calendar,built from ground_truth_resolved + stats_combined + trophies + narrative,0,0,0,55.00000000000001,85.0,40.0
2008,2008,Marcos Senna,Marcos Senna,marcos-senna-1976,11,2008-01-01,2008-12-31,Villarreal,Spain,Midfielder,midfielder,0,1,0,0,4.0,34.0,0.11764705882352941,34.0,0,0,0,0,0,1,0,0,1,0,1,2,2,2,1,1,classical,calendar,built from ground_truth_resolved + stats_combined + trophies + narrative,0,0,0,20.0,85.0,20.0
2008,2008,Emmanuel Adebayor,Emmanuel Adebayor,emmanuel-adebayor-1984,12,2008-01-01,2008-12-31,Arsenal,Togo,Striker,forward,1,0,0,0,24.0,36.0,0.6666666666666666,36.0,0,0,0,0,0,1,0,0,0,0,0,2,2,2,0,0,classical,calendar,built from ground_truth_resolved + stats_combined + trophies + narrative,0,0,0,93.33333333333333,95.0,85.0
2008,2008,Wayne Rooney,Wayne Rooney,wayne-rooney-1985,13,2008-01-01,2008-12-31,Manchester United,England,Forward midfielder,forward,1,0,0,0,16.0,30.0,0.5348837209302325,,1,1,1,1,0,1,0,0,0,0,0,1,3,3,0,0,classical,calendar,built from ground_truth_resolved + stats_combined + trophies + narrative,1,1,1,70.0,55.00000000000001,70.0
2008,2008,Sergio Agüero,Sergio Agüero,sergio-aguero-1988,14,2008-01-01,2008-12-31,Atlético Madrid,Argentina,Striker,forward,1,0,0,0,19.0,37.0,0.5135135135135135,37.0,0,0,0,0,0,1,0,0,0,0,0,2,2,2,0,0,classical,calendar,built from ground_truth_resolved + stats_combined + trophies + narrative,0,0,0,83.33333333333334,100.0,66.66666666666666
2008,2008,Frank Lampard,Frank Lampard,frank-lampard-1978,15,2008-01-01,2008-12-31,Chelsea,England,Midfielder,midfielder,0,1,0,0,10.0,24.0,0.4166666666666667,24.0,0,0,0,0,0,1,0,0,0,0,0,1,3,3,0,0,classical,calendar,built from ground_truth_resolved + stats_combined + trophies + narrative,0,0,0,48.333333333333336,15.0,56.666666666666664
2008,2008,Franck Ribéry,Franck Ribéry,franck-ribery-1983,16,2008-01-01,2008-12-31,Bayern Munich,France,Winger,forward,1,0,0,0,11.0,28.0,0.39285714285714285,28.0,0,0,0,0,0,1,0,0,0,0,0,1,3,3,0,0,classical,calendar,built from ground_truth_resolved + stats_combined + trophies + narrative,0,0,0,55.00000000000001,35.0,50.0
2008,2008,Samuel Eto'o,Samuel Eto'o,samuel-eto-o-1981,17,2008-01-01,2008-12-31,Barcelona,Cameroon,Striker,forward,1,0,0,0,16.0,18.0,0.8888888888888888,18.0,0,0,1,0,0,1,0,0,0,0,0,1,3,3,1,1,classical,calendar,built from ground_truth_resolved + stats_combined + trophies + narrative,0,0,0,70.0,5.0,96.66666666666667
2008,2008,Gianluigi Buffon,Gianluigi Buffon,gianluigi-buffon-1978,18,2008-01-01,2008-12-31,Juventus,Italy,Goalkeeper,goalkeeper,0,0,0,1,0.0,34.0,0.0,34.0,0,0,0,0,0,1,0,0,0,0,0,1,3,3,0,0,classical,calendar,built from ground_truth_resolved + stats_combined + trophies + narrative,0,0,0,6.666666666666667,85.0,6.666666666666667
2008,2008,Michael Ballack,Michael Ballack,michael-ballack-1976,19,2008-01-01,2008-12-31,Chelsea,Germany,Midfielder,midfielder,0,1,0,0,7.0,18.0,0.3888888888888889,18.0,0,0,0,0,0,1,0,0,0,0,0,1,3,3,0,0,classical,calendar,built from ground_truth_resolved + stats_combined + trophies + narrative,0,0,0,38.333333333333336,5.0,46.666666666666664
2008,2008,Cesc Fàbregas,Cesc Fàbregas,cesc-fabregas-1987,19,2008-01-01,2008-12-31,Arsenal,Spain,Central midfielder,midfielder,0,1,0,0,7.0,32.0,0.21875,32.0,0,0,0,0,0,1,0,0,1,0,1,2,2,2,1,1,classical,calendar,built from ground_truth_resolved + stats_combined + trophies + narrative,0,0,0,38.333333333333336,66.66666666666666,33.33333333333333
2008,2008,Didier Drogba,Didier Drogba,didier-drogba-1978,21,2008-01-01,2008-12-31,Chelsea,Ivory Coast,Striker,forward,1,0,0,0,8.0,19.0,0.42105263157894735,19.0,0,0,0,0,0,1,0,0,0,0,0,1,3,3,0,0,classical,calendar,built from ground_truth_resolved + stats_combined + trophies + narrative,0,0,0,43.333333333333336,10.0,60.0
2008,2008,Sergio Ramos,Sergio Ramos,sergio-ramos-1986,21,2008-01-01,2008-12-31,Real Madrid,Spain,Centre-back,defender,0,0,1,0,5.0,33.0,0.15151515151515152,33.0,0,0,0,0,0,1,0,0,1,0,1,1,3,3,1,1,classical,calendar,built from ground_truth_resolved + stats_combined + trophies + narrative,0,0,0,26.666666666666668,75.0,23.333333333333332
2008,2008,Nemanja Vidić,Nemanja Vidić,nemanja-vidic-1981,21,2008-01-01,2008-12-31,Manchester United,Serbia,Centre-back,defender,0,0,1,0,1.0,32.0,0.03125,32.0,0,1,1,1,0,1,0,0,0,0,0,1,3,3,0,0,classical,calendar,built from ground_truth_resolved + stats_combined + trophies + narrative,0,0,0,13.333333333333334,66.66666666666666,13.333333333333334
2008,2008,Edwin van der Sar,Edwin van der Sar,edwin-van-der-sar-1970,24,2008-01-01,2008-12-31,Manchester United,Netherlands,Goalkeeper,goalkeeper,0,0,0,1,0.0,29.0,0.0,29.0,0,1,1,1,0,1,0,0,0,0,0,1,3,3,0,0,classical,calendar,built from ground_truth_resolved + stats_combined + trophies + narrative,0,0,0,6.666666666666667,48.333333333333336,6.666666666666667
2008,2008,Ruud van Nistelrooy,Ruud van Nistelrooy,ruud-van-nistelrooy-1976,24,2008-01-01,2008-12-31,Real Madrid,Netherlands,Striker,forward,1,0,0,0,16.0,24.0,0.6666666666666666,24.0,0,0,0,0,0,1,0,0,0,0,0,1,3,3,0,0,classical,calendar,built from ground_truth_resolved + stats_combined + trophies + narrative,0,0,0,70.0,15.0,85.0
2008,2008,Karim Benzema,Karim Benzema,karim-benzema-1987,26,2008-01-01,2008-12-31,Lyon,France,Striker,forward,1,0,0,0,20.0,36.0,0.5555555555555556,36.0,0,0,0,0,0,1,0,0,0,0,0,2,2,2,0,0,classical,calendar,built from ground_truth_resolved + stats_combined + trophies + narrative,0,0,0,86.66666666666667,95.0,73.33333333333333
2008,2008,Pepe,Pepe,pepe,26,2008-01-01,2008-12-31,Real Madrid,Portugal,,unknown,0,0,0,0,5.0,28.0,0.1724137931034483,,1,0,0,0,0,1,0,0,0,0,0,1,3,3,0,0,classical,calendar,built from ground_truth_resolved + stats_combined + trophies + narrative,1,1,1,26.666666666666668,35.0,28.333333333333332
2008,2008,Luca Toni,Luca Toni,luca-toni-1977,26,2008-01-01,2008-12-31,Bayern Munich,Italy,Striker,forward,1,0,0,0,24.0,31.0,0.7741935483870968,31.0,0,0,0,0,0,1,0,0,0,0,0,1,3,3,0,0,classical,calendar,built from ground_truth_resolved + stats_combined + trophies + narrative,0,0,0,93.33333333333333,60.0,93.33333333333333
2008,2008,Rafael van der Vaart,Rafael van der Vaart,rafael-van-der-vaart-1983,26,2008-01-01,2008-12-31,Hamburg Real Madrid,Netherlands,Attacking midfielder,midfielder,0,1,0,0,12.0,29.0,0.41379310344827586,29.0,0,0,0,0,0,1,0,0,0,0,0,1,3,3,0,0,classical,calendar,built from ground_truth_resolved + stats_combined + trophies + narrative,0,0,0,60.0,48.333333333333336,53.333333333333336
2008,2008,Yuri Zhirkov,Yuri Zhirkov,yuri-zhirkov-1983,26,2008-01-01,2008-12-31,CSKA Moscow,Russia,Left-back left winger,forward,1,0,0,0,3.0,28.0,0.10714285714285714,28.0,0,0,0,0,0,1,0,0,0,0,0,3,1,1,0,0,classical,calendar,built from ground_truth_resolved + stats_combined + trophies + narrative,0,0,0,16.666666666666664,35.0,16.666666666666664
2009,2009,Lionel Messi,Lionel Messi,lionel-messi-1987,1,2009-01-01,2009-12-31,Barcelona,Argentina,Forward,forward,1,0,0,0,23.0,31.0,0.7419354838709677,31.0,0,1,1,1,0,0,0,0,0,0,0,1,3,3,0,0,classical,calendar,built from ground_truth_resolved + stats_combined + trophies + narrative,0,0,0,86.66666666666667,60.0,90.0
2009,2009,Cristiano Ronaldo,Cristiano Ronaldo,cristiano-ronaldo-1985,2,2009-01-01,2009-12-31,Manchester United Real Madrid,Portugal,Forward,forward,1,0,0,0,18.0,33.0,0.5454545454545454,33.0,0,0,0,0,0,0,0,0,0,0,0,1,3,3,0,0,classical,calendar,built from ground_truth_resolved + stats_combined + trophies + narrative,0,0,0,80.0,73.33333333333333,76.66666666666667
2009,2009,Xavi,Xavi,xavi,3,2009-01-01,2009-12-31,Barcelona,Spain,,unknown,0,0,0,0,5.0,28.0,0.1724137931034483,,1,1,1,1,0,0,0,0,0,0,0,1,3,3,0,0,classical,calendar,built from ground_truth_resolved + stats_combined + trophies + narrative,1,1,1,33.33333333333333,36.666666666666664,31.666666666666664
2009,2009,Andrés Iniesta,Andrés Iniesta,andres-iniesta-1984,4,2009-01-01,2009-12-31,Barcelona,Spain,Midfielder,midfielder,0,1,0,0,4.0,26.0,0.15384615384615385,26.0,0,1,1,1,0,0,0,0,0,0,0,1,3,3,0,0,classical,calendar,built from ground_truth_resolved + stats_combined + trophies + narrative,0,0,0,21.666666666666668,25.0,23.333333333333332
2009,2009,Samuel Eto'o,Samuel Eto'o,samuel-eto-o-1981,5,2009-01-01,2009-12-31,Barcelona Internazionale,Cameroon,Striker,forward,1,0,0,0,30.0,36.0,0.8333333333333334,36.0,0,1,0,0,0,0,0,0,0,0,0,1,3,3,0,0,classical,calendar,built from ground_truth_resolved + stats_combined + trophies + narrative,0,0,0,96.66666666666667,91.66666666666666,93.33333333333333
2009,2009,Kaká,Kaká,kaka-1982,6,2009-01-01,2009-12-31,Milan Real Madrid,Brazil,Attacking midfielder,midfielder,0,1,0,0,16.0,31.0,0.5161290322580645,31.0,0,0,0,0,0,0,0,0,0,0,0,1,3,3,0,0,classical,calendar,built from ground_truth_resolved + stats_combined + trophies + narrative,0,0,0,68.33333333333333,60.0,65.0
2009,2009,Zlatan Ibrahimović,Zlatan Ibrahimović,zlatan-ibrahimovic-1981,7,2009-01-01,2009-12-31,Internazionale Barcelona,Sweden,Striker,forward,1,0,0,0,25.0,35.0,0.7142857142857143,35.0,0,1,0,0,0,0,0,0,0,0,0,1,3,3,0,0,classical,calendar,built from ground_truth_resolved + stats_combined + trophies + narrative,0,0,0,90.0,85.0,86.66666666666667
2009,2009,Wayne Rooney,Wayne Rooney,wayne-rooney-1985,8,2009-01-01,2009-12-31,Manchester United,England,Forward midfielder,forward,1,0,0,0,16.0,30.0,0.5348837209302325,,1,0,0,0,0,0,0,0,0,0,0,1,3,3,0,0,classical,calendar,built from ground_truth_resolved + stats_combined + trophies + narrative,1,1,1,68.33333333333333,51.66666666666667,71.66666666666667
2009,2009,Didier Drogba,Didier Drogba,didier-drogba-1978,9,2009-01-01,2009-12-31,Chelsea,Ivory Coast,Striker,forward,1,0,0,0,5.0,24.0,0.20833333333333334,24.0,0,0,1,0,0,0,0,0,0,0,0,1,3,3,0,0,classical,calendar,built from ground_truth_resolved + stats_combined + trophies + narrative,0,0,0,33.33333333333333,11.666666666666666,40.0
2009,2009,Steven Gerrard,Steven Gerrard,steven-gerrard-1980,10,2009-01-01,2009-12-31,Liverpool,England,Midfielder,midfielder,0,1,0,0,16.0,31.0,0.5161290322580645,31.0,0,0,0,0,0,0,0,0,0,0,0,1,3,3,0,0,classical,calendar,built from ground_truth_resolved + stats_combined + trophies + narrative,0,0,0,68.33333333333333,60.0,65.0
2009,2009,Fernando Torres,Fernando Torres,fernando-torres-1984,11,2009-01-01,2009-12-31,Liverpool,Spain,Striker,forward,1,0,0,0,14.0,24.0,0.5833333333333334,24.0,0,0,0,0,0,0,0,0,0,0,0,1,3,3,0,0,classical,calendar,built from ground_truth_resolved + stats_combined + trophies + narrative,0,0,0,60.0,11.666666666666666,80.0
2009,2009,Cesc Fàbregas,Cesc Fàbregas,cesc-fabregas-1987,12,2009-01-01,2009-12-31,Arsenal,Spain,Central midfielder,midfielder,0,1,0,0,3.0,22.0,0.13636363636363635,22.0,0,0,0,0,0,0,0,0,0,0,0,2,2,2,0,0,classical,calendar,built from ground_truth_resolved + stats_combined + trophies + narrative,0,0,0,16.666666666666664,6.666666666666667,20.0
2009,2009,Edin Džeko,Edin Džeko,edin-dzeko-1986,13,2009-01-01,2009-12-31,VfL Wolfsburg,Bosnia and Herzegovina,Striker,forward,1,0,0,0,16.0,30.0,0.5348837209302325,,1,0,0,0,0,0,0,0,0,0,0,3,1,1,0,0,classical,calendar,built from ground_truth_resolved + stats_combined + trophies + narrative,1,1,1,68.33333333333333,51.66666666666667,71.66666666666667
2009,2009,Ryan Giggs,Ryan Giggs,ryan-giggs-1973,14,2009-01-01,2009-12-31,Manchester United,Wales,Left midfielder left winger,forward,1,0,0,0,2.0,28.0,0.07142857142857142,28.0,0,0,0,0,0,0,0,0,0,0,0,1,3,3,0,0,classical,calendar,built from ground_truth_resolved + stats_combined + trophies + narrative,0,0,0,11.666666666666666,36.666666666666664,10.0
2009,2009,Thierry Henry,Thierry Henry,thierry-henry-1977,15,2009-01-01,2009-12-31,Barcelona,France,Forward,forward,1,0,0,0,19.0,29.0,0.6551724137931034,29.0,0,1,1,1,0,0,0,0,0,0,0,1,3,3,0,0,classical,calendar,built from ground_truth_resolved + stats_combined + trophies + narrative,0,0,0,83.33333333333334,46.666666666666664,83.33333333333334
2009,2009,Luís Fabiano,Luís Fabiano,luis-fabiano-1980,16,2009-01-01,2009-12-31,Sevilla,Brazil,Striker,forward,1,0,0,0,8.0,26.0,0.3076923076923077,26.0,0,0,0,0,0,0,0,0,0,0,0,2,2,2,0,0,classical,calendar,built from ground_truth_resolved + stats_combined + trophies + narrative,0,0,0,46.666666666666664,25.0,43.333333333333336
2009,2009,Nemanja Vidić,Nemanja Vidić,nemanja-vidic-1981,16,2009-01-01,2009-12-31,Manchester United,Serbia,Centre-back,defender,0,0,1,0,4.0,34.0,0.11764705882352941,34.0,0,0,0,0,0,0,0,0,0,0,0,1,3,3,0,0,classical,calendar,built from ground_truth_resolved + stats_combined + trophies + narrative,0,0,0,21.666666666666668,80.0,16.666666666666664
2009,2009,Iker Casillas,Iker Casillas,iker-casillas-1981,16,2009-01-01,2009-12-31,Real Madrid,Spain,Goalkeeper,goalkeeper,0,0,0,1,0.0,32.0,0.0,,1,0,0,0,0,0,0,0,0,0,0,1,3,3,0,0,classical,calendar,built from ground_truth_resolved + stats_combined + trophies + narrative,1,1,1,3.3333333333333335,66.66666666666666,3.3333333333333335
2009,2009,Diego Forlán,Diego Forlán,diego-forlan-1979,19,2009-01-01,2009-12-31,Atlético Madrid,Uruguay,Forward,forward,1,0,0,0,32.0,33.0,0.9696969696969697,33.0,0,0,0,0,0,0,0,0,0,0,0,2,2,2,0,0,classical,calendar,built from ground_truth_resolved + stats_combined + trophies + narrative,0,0,0,100.0,73.33333333333333,100.0
2009,2009,Yoann Gourcuff,Yoann Gourcuff,yoann-gourcuff-1986,20,2009-01-01,2009-12-31,Bordeaux,France,Attacking midfielder,midfielder,0,1,0,0,12.0,37.0,0.32432432432432434,37.0,0,0,0,0,0,0,0,0,0,0,0,3,1,1,0,0,classical,calendar,built from ground_truth_resolved + stats_combined + trophies + narrative,0,0,0,55.00000000000001,98.33333333333333,48.333333333333336
2009,2009,Andrey Arshavin,Andrey Arshavin,andrey-arshavin-1981,21,2009-01-01,2009-12-31,Arsenal,Russia,Winger attacking midfielder,forward,1,0,0,0,6.0,12.0,0.5,12.0,0,0,0,0,0,0,0,0,0,0,0,2,2,2,0,0,classical,calendar,built from ground_truth_resolved + stats_combined + trophies + narrative,0,0,0,43.333333333333336,3.3333333333333335,60.0
2009,2009,Júlio César,Júlio César,julio-cesar,21,2009-01-01,2009-12-31,Internazionale,Brazil,,unknown,0,0,0,0,5.0,28.0,0.1724137931034483,,1,0,0,0,0,0,0,0,0,0,0,1,3,3,0,0,classical,calendar,built from ground_truth_resolved + stats_combined + trophies + narrative,1,1,1,33.33333333333333,36.666666666666664,31.666666666666664
2009,2009,Frank Lampard,Frank Lampard,frank-lampard-1978,21,2009-01-01,2009-12-31,Chelsea,England,Midfielder,midfielder,0,1,0,0,12.0,37.0,0.32432432432432434,37.0,0,0,1,0,0,0,0,0,0,0,0,1,3,3,0,0,classical,calendar,built from ground_truth_resolved + stats_combined + trophies + narrative,0,0,0,55.00000000000001,98.33333333333333,48.333333333333336
2009,2009,Maicon,Maicon,maicon,24,2009-01-01,2009-12-31,Internazionale,Brazil,,unknown,0,0,0,0,5.0,28.0,0.1724137931034483,,1,0,0,0,0,0,0,0,0,0,0,1,3,3,0,0,classical,calendar,built from ground_truth_resolved + stats_combined + trophies + narrative,1,1,1,33.33333333333333,36.666666666666664,31.666666666666664
2009,2009,Diego,Diego,diego,25,2009-01-01,2009-12-31,Werder Bremen Juventus,Brazil,,unknown,0,0,0,0,5.0,28.0,0.1724137931034483,,1,0,0,0,0,0,0,0,0,0,0,1,3,3,0,0,classical,calendar,built from ground_truth_resolved + stats_combined + trophies + narrative,1,1,1,33.33333333333333,36.666666666666664,31.666666666666664
2009,2009,David Villa,David Villa,david-villa-1981,26,2009-01-01,2009-12-31,Valencia,Spain,Striker,forward,1,0,0,0,28.0,33.0,0.8484848484848485,33.0,0,0,0,0,0,0,0,0,0,0,0,2,2,2,0,0,classical,calendar,built from ground_truth_resolved + stats_combined + trophies + narrative,0,0,0,93.33333333333333,73.33333333333333,96.66666666666667
2009,2009,John Terry,John Terry,john-terry-1980,26,2009-01-01,2009-12-31,Chelsea,England,Centre-back,defender,0,0,1,0,1.0,35.0,0.02857142857142857,35.0,0,0,1,0,0,0,0,0,0,0,0,1,3,3,0,0,classical,calendar,built from ground_truth_resolved + stats_combined + trophies + narrative,0,0,0,6.666666666666667,85.0,6.666666666666667
2009,2009,Franck Ribéry,Franck Ribéry,franck-ribery-1983,28,2009-01-01,2009-12-31,Bayern Munich,France,Winger,forward,1,0,0,0,9.0,25.0,0.36,25.0,0,0,0,0,0,0,0,0,0,0,0,1,3,3,0,0,classical,calendar,built from ground_truth_resolved + stats_combined + trophies + narrative,0,0,0,50.0,18.333333333333332,53.333333333333336
2009,2009,Yaya Touré,Yaya Touré,yaya-toure-1983,28,2009-01-01,2009-12-31,Barcelona,Ivory Coast,Midfielder,midfielder,0,1,0,0,2.0,25.0,0.08,25.0,0,1,1,1,0,0,0,0,0,0,0,1,3,3,0,0,classical,calendar,built from ground_truth_resolved + stats_combined + trophies + narrative,0,0,0,11.666666666666666,18.333333333333332,13.333333333333334
2009,2009,Karim Benzema,Karim Benzema,karim-benzema-1987,30,2009-01-01,2009-12-31,Lyon Real Madrid,France,Striker,forward,1,0,0,0,17.0,36.0,0.4722222222222222,36.0,0,0,0,0,0,0,0,0,0,0,0,1,3,3,0,0,classical,calendar,built from ground_truth_resolved + stats_combined + trophies + narrative,0,0,0,76.66666666666667,91.66666666666666,56.666666666666664
2010,2010,Lionel Messi,Lionel Messi,lionel-messi-1987,1,2010-01-01,2010-12-31,Barcelona,Argentina,Forward,forward,1,0,0,0,34.0,35.0,0.9714285714285714,35.0,0,0,1,0,1,0,0,0,0,0,0,1,3,3,1,1,classical,calendar,built from ground_truth_resolved + stats_combined + trophies + narrative,0,0,0,100.0,100.0,100.0
2010,2010,Andrés Iniesta,Andrés Iniesta,andres-iniesta-1984,2,2010-01-01,2010-12-31,Barcelona,Spain,Midfielder,midfielder,0,1,0,0,1.0,29.0,0.034482758620689655,29.0,0,0,1,0,1,0,0,1,0,0,1,1,3,3,1,1,classical,calendar,built from ground_truth_resolved + stats_combined + trophies + narrative,0,0,0,15.217391304347828,41.30434782608695,17.391304347826086
2010,2010,Xavi,Xavi,xavi,3,2010-01-01,2010-12-31,Barcelona,Spain,,unknown,0,0,0,0,5.0,28.0,0.1724137931034483,,1,0,1,0,1,0,0,1,0,0,1,1,3,3,1,1,classical,calendar,built from ground_truth_resolved + stats_combined + trophies + narrative,1,1,1,47.82608695652174,26.08695652173913,47.82608695652174
2010,2010,Wesley Sneijder,Wesley Sneijder,wesley-sneijder-1984,4,2010-01-01,2010-12-31,Internazionale,Netherlands,Attacking midfielder,midfielder,0,1,0,0,4.0,26.0,0.15384615384615385,26.0,0,0,0,0,1,0,0,0,0,0,0,1,3,3,0,0,classical,calendar,built from ground_truth_resolved + stats_combined + trophies + narrative,0,0,0,39.130434782608695,13.043478260869565,39.130434782608695
2010,2010,Diego Forlán,Diego Forlán,diego-forlan-1979,5,2010-01-01,2010-12-31,Atlético Madrid,Uruguay,Forward,forward,1,0,0,0,18.0,33.0,0.5454545454545454,33.0,0,0,0,0,1,0,0,0,0,0,0,2,2,2,0,0,classical,calendar,built from ground_truth_resolved + stats_combined + trophies + narrative,0,0,0,82.6086956521739,80.43478260869566,73.91304347826086
2010,2010,Cristiano Ronaldo,Cristiano Ronaldo,cristiano-ronaldo-1985,6,2010-01-01,2010-12-31,Real Madrid,Portugal,Forward,forward,1,0,0,0,26.0,29.0,0.896551724137931,29.0,0,0,0,0,1,0,0,0,0,0,0,1,3,3,0,0,classical,calendar,built from ground_truth_resolved + stats_combined + trophies + narrative,0,0,0,91.30434782608695,41.30434782608695,91.30434782608695
2010,2010,Iker Casillas,Iker Casillas,iker-casillas-1981,7,2010-01-01,2010-12-31,Real Madrid,Spain,Goalkeeper,goalkeeper,0,0,0,1,0.0,32.0,0.0,,1,0,0,0,1,0,0,1,0,0,1,1,3,3,1,1,classical,calendar,built from ground_truth_resolved + stats_combined + trophies + narrative,1,1,1,6.521739130434782,65.21739130434783,6.521739130434782
2010,2010,David Villa,David Villa,david-villa-1981,8,2010-01-01,2010-12-31,Valencia Barcelona,Spain,Striker,forward,1,0,0,0,21.0,32.0,0.65625,32.0,0,0,0,0,1,0,0,1,0,0,1,1,3,3,1,1,classical,calendar,built from ground_truth_resolved + stats_combined + trophies + narrative,0,0,0,86.95652173913044,65.21739130434783,82.6086956521739
2010,2010,Didier Drogba,Didier Drogba,didier-drogba-1978,9,2010-01-01,2010-12-31,Chelsea,Ivory Coast,Striker,forward,1,0,0,0,29.0,32.0,0.90625,32.0,0,0,0,0,1,0,0,0,0,0,0,1,3,3,0,0,classical,calendar,built from ground_truth_resolved + stats_combined + trophies + narrative,0,0,0,95.65217391304348,65.21739130434783,95.65217391304348
2010,2010,Xabi Alonso,Xabi Alonso,xabi-alonso-1981,10,2010-01-01,2010-12-31,Real Madrid,Spain,Midfielder,midfielder,0,1,0,0,3.0,34.0,0.08823529411764706,34.0,0,0,0,0,1,0,0,1,0,0,1,1,3,3,1,1,classical,calendar,built from ground_truth_resolved + stats_combined + trophies + narrative,0,0,0,30.434782608695656,91.30434782608695,26.08695652173913
2010,2010,Carles Puyol,Carles Puyol,carles-puyol-1978,11,2010-01-01,2010-12-31,Barcelona,Spain,Centre-back,defender,0,0,1,0,1.0,32.0,0.03125,32.0,0,0,1,0,1,0,0,1,0,0,1,1,3,3,1,1,classical,calendar,built from ground_truth_resolved + stats_combined + trophies + narrative,0,0,0,15.217391304347828,65.21739130434783,13.043478260869565
2010,2010,Samuel Eto'o,Samuel Eto'o,samuel-eto-o-1981,12,2010-01-01,2010-12-31,Internazionale,Cameroon,Striker,forward,1,0,0,0,12.0,32.0,0.375,32.0,0,0,0,0,1,0,0,0,0,0,0,1,3,3,0,0,classical,calendar,built from ground_truth_resolved + stats_combined + trophies + narrative,0,0,0,60.86956521739131,65.21739130434783,60.86956521739131
2010,2010,Mesut Özil,Mesut Özil,mesut-ozil-1988,13,2010-01-01,2010-12-31,Real Madrid,Germany,Attacking midfielder,midfielder,0,1,0,0,9.0,31.0,0.2903225806451613,31.0,0,0,0,0,1,0,0,0,0,0,0,1,3,3,0,0,classical,calendar,built from ground_truth_resolved + stats_combined + trophies + narrative,0,0,0,56.52173913043478,52.17391304347826,56.52173913043478
2010,2010,Arjen Robben,Arjen Robben,arjen-robben-1984,14,2010-01-01,2010-12-31,Bayern Munich,Netherlands,Right winger,forward,1,0,0,0,16.0,24.0,0.6666666666666666,24.0,0,0,0,0,1,0,0,0,0,0,0,1,3,3,0,0,classical,calendar,built from ground_truth_resolved + stats_combined + trophies + narrative,0,0,0,78.26086956521739,4.3478260869565215,86.95652173913044
2010,2010,Thomas Müller,Thomas Müller,thomas-muller-1989,15,2010-01-01,2010-12-31,Bayern Munich,Germany,Forward attacking midfielder,forward,1,0,0,0,13.0,34.0,0.38235294117647056,34.0,0,0,0,0,1,0,0,0,0,0,0,1,3,3,0,0,classical,calendar,built from ground_truth_resolved + stats_combined + trophies + narrative,0,0,0,67.3913043478261,91.30434782608695,65.21739130434783
2010,2010,Bastian Schweinsteiger,Bastian Schweinsteiger,bastian-schweinsteiger-1984,16,2010-01-01,2010-12-31,Bayern Munich,Germany,Midfielder,midfielder,0,1,0,0,2.0,33.0,0.06060606060606061,33.0,0,0,0,0,1,0,0,0,0,0,0,1,3,3,0,0,classical,calendar,built from ground_truth_resolved + stats_combined + trophies + narrative,0,0,0,21.73913043478261,80.43478260869566,21.73913043478261
2010,2010,Maicon,Maicon,maicon,17,2010-01-01,2010-12-31,Internazionale,Brazil,,unknown,0,0,0,0,5.0,28.0,0.1724137931034483,,1,0,0,0,1,0,0,0,0,0,0,1,3,3,0,0,classical,calendar,built from ground_truth_resolved + stats_combined + trophies + narrative,1,1,1,47.82608695652174,26.08695652173913,47.82608695652174
2010,2010,Asamoah Gyan,Asamoah Gyan,asamoah-gyan-1985,18,2010-01-01,2010-12-31,Sunderland,Ghana,Striker,forward,1,0,0,0,13.0,29.0,0.4482758620689655,29.0,0,0,0,0,1,0,0,0,0,0,0,3,1,1,0,0,classical,calendar,built from ground_truth_resolved + stats_combined + trophies + narrative,0,0,0,67.3913043478261,41.30434782608695,69.56521739130434
2010,2010,Júlio César,Júlio César,julio-cesar,19,2010-01-01,2010-12-31,Internazionale,Brazil,,unknown,0,0,0,0,5.0,28.0,0.1724137931034483,,1,0,0,0,1,0,0,0,0,0,0,1,3,3,0,0,classical,calendar,built from ground_truth_resolved + stats_combined + trophies + narrative,1,1,1,47.82608695652174,26.08695652173913,47.82608695652174
2010,2010,Cesc Fàbregas,Cesc Fàbregas,cesc-fabregas-1987,20,2010-01-01,2010-12-31,Arsenal,Spain,Central midfielder,midfielder,0,1,0,0,15.0,27.0,0.5555555555555556,27.0,0,0,0,0,1,0,0,1,0,0,1,2,2,2,1,1,classical,calendar,built from ground_truth_resolved + stats_combined + trophies + narrative,0,0,0,73.91304347826086,17.391304347826086,78.26086956521739
2010,2010,Miroslav Klose,Miroslav Klose,miroslav-klose-1978,21,2010-01-01,2010-12-31,Bayern Munich,Germany,Striker,forward,1,0,0,0,3.0,25.0,0.12,25.0,0,0,0,0,1,0,0,0,0,0,0,1,3,3,0,0,classical,calendar,built from ground_truth_resolved + stats_combined + trophies + narrative,0,0,0,30.434782608695656,8.695652173913043,34.78260869565217
2010,2010,Philipp Lahm,Philipp Lahm,philipp-lahm-1983,22,2010-01-01,2010-12-31,Bayern Munich,Germany,Right-back left-back midfielder,defender,0,0,1,0,0.0,34.0,0.0,34.0,0,0,0,0,1,0,0,0,0,0,0,1,3,3,0,0,classical,calendar,built from ground_truth_resolved + stats_combined + trophies + narrative,0,0,0,6.521739130434782,91.30434782608695,6.521739130434782
2010,2010,Dani Alves,Dani Alves,dani-alves-1983,23,2010-01-01,2010-12-31,Barcelona,Brazil,Right-back,defender,0,0,1,0,3.0,29.0,0.10344827586206896,29.0,0,0,1,0,1,0,0,0,0,0,0,1,3,3,1,1,classical,calendar,built from ground_truth_resolved + stats_combined + trophies + narrative,0,0,0,30.434782608695656,41.30434782608695,30.434782608695656
2011,2011,Lionel Messi,Lionel Messi,lionel-messi-1987,1,2011-01-01,2011-12-31,Barcelona,Argentina,Forward,forward,1,0,0,0,31.0,33.0,0.9393939393939394,33.0,0,1,0,0,0,0,1,0,0,0,0,1,3,3,0,0,classical,calendar,built from ground_truth_resolved + stats_combined + trophies + narrative,0,0,0,95.65217391304348,63.04347826086957,95.65217391304348
2011,2011,Cristiano Ronaldo,Cristiano Ronaldo,cristiano-ronaldo-1985,2,2011-01-01,2011-12-31,Real Madrid,Portugal,Forward,forward,1,0,0,0,40.0,34.0,1.1764705882352942,34.0,0,0,1,0,0,0,1,0,0,0,0,1,3,3,0,0,classical,calendar,built from ground_truth_resolved + stats_combined + trophies + narrative,0,0,0,100.0,78.26086956521739,100.0
2011,2011,Xavi,Xavi,xavi,3,2011-01-01,2011-12-31,Barcelona,Spain,,unknown,0,0,0,0,5.0,28.0,0.1724137931034483,,1,1,0,0,0,0,1,0,0,0,0,1,3,3,0,0,classical,calendar,built from ground_truth_resolved + stats_combined + trophies + narrative,1,1,1,41.30434782608695,28.26086956521739,45.65217391304348
2011,2011,Andrés Iniesta,Andrés Iniesta,andres-iniesta-1984,4,2011-01-01,2011-12-31,Barcelona,Spain,Midfielder,midfielder,0,1,0,0,8.0,34.0,0.23529411764705882,34.0,0,1,0,0,0,0,1,0,0,0,0,1,3,3,0,0,classical,calendar,built from ground_truth_resolved + stats_combined + trophies + narrative,0,0,0,54.347826086956516,78.26086956521739,52.17391304347826
2011,2011,Wayne Rooney,Wayne Rooney,wayne-rooney-1985,5,2011-01-01,2011-12-31,Manchester United,England,Forward midfielder,forward,1,0,0,0,16.0,30.0,0.5348837209302325,,1,0,0,0,0,0,1,0,0,0,0,1,3,3,0,0,classical,calendar,built from ground_truth_resolved + stats_combined + trophies + narrative,1,1,1,78.26086956521739,34.78260869565217,78.26086956521739
2011,2011,Luis Suárez,Luis Suárez,luis-suarez-1987,6,2011-01-01,2011-12-31,Ajax Liverpool,Uruguay,Striker,forward,1,0,0,0,11.0,26.0,0.4230769230769231,26.0,0,0,0,0,0,0,1,0,0,1,1,1,3,3,1,1,classical,calendar,built from ground_truth_resolved + stats_combined + trophies + narrative,0,0,0,60.86956521739131,19.565217391304348,65.21739130434783
2011,2011,Diego Forlán,Diego Forlán,diego-forlan-1979,7,2011-01-01,2011-12-31,Atlético Madrid Internazionale,Uruguay,Forward,forward,1,0,0,0,8.0,32.0,0.25,32.0,0,0,0,0,0,0,1,0,0,1,1,1,3,3,1,1,classical,calendar,built from ground_truth_resolved + stats_combined + trophies + narrative,0,0,0,54.347826086956516,50.0,56.52173913043478
2011,2011,Samuel Eto'o,Samuel Eto'o,samuel-eto-o-1981,8,2011-01-01,2011-12-31,Internazionale Anzhi Makhachkala,Cameroon,Striker,forward,1,0,0,0,21.0,35.0,0.6,35.0,0,0,0,0,0,0,1,0,0,0,0,1,3,3,0,0,classical,calendar,built from ground_truth_resolved + stats_combined + trophies + narrative,0,0,0,91.30434782608695,93.47826086956522,82.6086956521739
2011,2011,Iker Casillas,Iker Casillas,iker-casillas-1981,9,2011-01-01,2011-12-31,Real Madrid,Spain,Goalkeeper,goalkeeper,0,0,0,1,0.0,32.0,0.0,,1,0,1,0,0,0,1,0,0,0,0,1,3,3,0,0,classical,calendar,built from ground_truth_resolved + stats_combined + trophies + narrative,1,1,1,8.695652173913043,50.0,8.695652173913043
2011,2011,Neymar,Neymar,neymar-1992,10,2011-01-01,2011-12-31,Santos,Brazil,Attacking midfielder forward,forward,1,0,0,0,13.0,21.0,0.6190476190476191,21.0,0,0,0,0,0,0,1,0,0,0,0,3,1,1,0,0,classical,calendar,built from ground_truth_resolved + stats_combined + trophies + narrative,0,0,0,69.56521739130434,4.3478260869565215,86.95652173913044
2011,2011,Mesut Özil,Mesut Özil,mesut-ozil-1988,11,2011-01-01,2011-12-31,Real Madrid,Germany,Attacking midfielder,midfielder,0,1,0,0,6.0,36.0,0.16666666666666666,36.0,0,0,1,0,0,0,1,0,0,0,0,1,3,3,0,0,classical,calendar,built from ground_truth_resolved + stats_combined + trophies + narrative,0,0,0,47.82608695652174,100.0,39.130434782608695
2011,2011,Wesley Sneijder,Wesley Sneijder,wesley-sneijder-1984,12,2011-01-01,2011-12-31,Internazionale,Netherlands,Attacking midfielder,midfielder,0,1,0,0,4.0,25.0,0.16,25.0,0,0,0,0,0,0,1,0,0,0,0,1,3,3,0,0,classical,calendar,built from ground_truth_resolved + stats_combined + trophies + narrative,0,0,0,32.608695652173914,10.869565217391305,34.78260869565217
2011,2011,Thomas Müller,Thomas Müller,thomas-muller-1989,13,2011-01-01,2011-12-31,Bayern Munich,Germany,Forward attacking midfielder,forward,1,0,0,0,12.0,34.0,0.35294117647058826,34.0,0,0,0,0,0,0,1,0,0,0,0,1,3,3,0,0,classical,calendar,built from ground_truth_resolved + stats_combined + trophies + narrative,0,0,0,65.21739130434783,78.26086956521739,60.86956521739131
2011,2011,David Villa,David Villa,david-villa-1981,14,2011-01-01,2011-12-31,Barcelona,Spain,Striker,forward,1,0,0,0,18.0,34.0,0.5294117647058824,34.0,0,1,0,0,0,0,1,0,0,0,0,1,3,3,0,0,classical,calendar,built from ground_truth_resolved + stats_combined + trophies + narrative,0,0,0,82.6086956521739,78.26086956521739,73.91304347826086
2011,2011,Bastian Schweinsteiger,Bastian Schweinsteiger,bastian-schweinsteiger-1984,15,2011-01-01,2011-12-31,Bayern Munich,Germany,Midfielder,midfielder,0,1,0,0,4.0,32.0,0.125,32.0,0,0,0,0,0,0,1,0,0,0,0,1,3,3,0,0,classical,calendar,built from ground_truth_resolved + stats_combined + trophies + narrative,0,0,0,32.608695652173914,50.0,30.434782608695656
2011,2011,Xabi Alonso,Xabi Alonso,xabi-alonso-1981,16,2011-01-01,2011-12-31,Real Madrid,Spain,Midfielder,midfielder,0,1,0,0,0.0,34.0,0.0,34.0,0,0,1,0,0,0,1,0,0,0,0,1,3,3,0,0,classical,calendar,built from ground_truth_resolved + stats_combined + trophies + narrative,0,0,0,8.695652173913043,78.26086956521739,8.695652173913043
2011,2011,Sergio Agüero,Sergio Agüero,sergio-aguero-1988,17,2011-01-01,2011-12-31,Atlético Madrid Manchester City,Argentina,Striker,forward,1,0,0,0,20.0,32.0,0.625,32.0,0,0,0,0,0,0,1,0,0,0,0,1,3,3,0,0,classical,calendar,built from ground_truth_resolved + stats_combined + trophies + narrative,0,0,0,86.95652173913044,50.0,91.30434782608695
2011,2011,Eric Abidal,Eric Abidal,eric-abidal-1979,18,2011-01-01,2011-12-31,Barcelona,France,Left-back centre-back,defender,0,0,1,0,0.0,26.0,0.0,26.0,0,1,0,0,0,0,1,0,0,0,0,1,3,3,0,0,classical,calendar,built from ground_truth_resolved + stats_combined + trophies + narrative,0,0,0,8.695652173913043,19.565217391304348,8.695652173913043
2011,2011,Dani Alves,Dani Alves,dani-alves-1983,19,2011-01-01,2011-12-31,Barcelona,Brazil,Right-back,defender,0,0,1,0,2.0,35.0,0.05714285714285714,35.0,0,1,0,0,0,0,1,0,0,0,0,1,3,3,0,0,classical,calendar,built from ground_truth_resolved + stats_combined + trophies + narrative,0,0,0,17.391304347826086,93.47826086956522,17.391304347826086
2011,2011,Karim Benzema,Karim Benzema,karim-benzema-1987,20,2011-01-01,2011-12-31,Real Madrid,France,Striker,forward,1,0,0,0,15.0,33.0,0.45454545454545453,33.0,0,0,1,0,0,0,1,0,0,0,0,1,3,3,0,0,classical,calendar,built from ground_truth_resolved + stats_combined + trophies + narrative,0,0,0,73.91304347826086,63.04347826086957,69.56521739130434
2011,2011,Cesc Fàbregas,Cesc Fàbregas,cesc-fabregas-1987,21,2011-01-01,2011-12-31,Arsenal Barcelona,Spain,Central midfielder,midfielder,0,1,0,0,3.0,25.0,0.12,25.0,0,1,0,0,0,0,1,0,0,0,0,1,3,3,0,0,classical,calendar,built from ground_truth_resolved + stats_combined + trophies + narrative,0,0,0,23.91304347826087,10.869565217391305,26.08695652173913
2011,2011,Nani,Nani,nani,22,2011-01-01,2011-12-31,Manchester United,Portugal,,unknown,0,0,0,0,5.0,28.0,0.1724137931034483,,1,0,0,0,0,0,1,0,0,0,0,1,3,3,0,0,classical,calendar,built from ground_truth_resolved + stats_combined + trophies + narrative,1,1,1,41.30434782608695,28.26086956521739,45.65217391304348
2011,2011,Gerard Piqué,Gerard Piqué,gerard-pique-1987,23,2011-01-01,2011-12-31,Barcelona,Spain,Centre-back,defender,0,0,1,0,3.0,31.0,0.0967741935483871,31.0,0,1,0,0,0,0,1,0,0,0,0,1,3,3,0,0,classical,calendar,built from ground_truth_resolved + stats_combined + trophies + narrative,0,0,0,23.91304347826087,39.130434782608695,21.73913043478261
2012,2012,Lionel Messi,Lionel Messi,lionel-messi-1987,1,2012-01-01,2012-12-31,Barcelona,Argentina,Forward,forward,1,0,0,0,50.0,37.0,1.3513513513513513,37.0,0,0,1,0,0,1,0,0,0,0,0,1,3,3,0,0,classical,calendar,built from ground_truth_resolved + stats_combined + trophies + narrative,0,0,0,100.0,89.13043478260869,100.0
2012,2012,Cristiano Ronaldo,Cristiano Ronaldo,cristiano-ronaldo-1985,2,2012-01-01,2012-12-31,Real Madrid,Portugal,Forward,forward,1,0,0,0,46.0,38.0,1.2105263157894737,38.0,0,0,0,0,0,1,0,0,0,0,0,1,3,3,0,0,classical,calendar,built from ground_truth_resolved + stats_combined + trophies + narrative,0,0,0,95.65217391304348,97.82608695652173,95.65217391304348
2012,2012,Andrés Iniesta,Andrés Iniesta,andres-iniesta-1984,3,2012-01-01,2012-12-31,Barcelona,Spain,Midfielder,midfielder,0,1,0,0,2.0,27.0,0.07407407407407407,27.0,0,0,1,0,0,1,0,0,1,0,1,1,3,3,1,1,classical,calendar,built from ground_truth_resolved + stats_combined + trophies + narrative,0,0,0,28.26086956521739,17.391304347826086,26.08695652173913
2012,2012,Xavi,Xavi,xavi,4,2012-01-01,2012-12-31,Barcelona,Spain,,unknown,0,0,0,0,5.0,28.0,0.1724137931034483,,1,0,1,0,0,1,0,0,1,0,1,1,3,3,1,1,classical,calendar,built from ground_truth_resolved + stats_combined + trophies + narrative,1,1,1,47.82608695652174,21.73913043478261,47.82608695652174
2012,2012,Radamel Falcao,Radamel Falcao,radamel-falcao-1986,5,2012-01-01,2012-12-31,Atlético Madrid,Colombia,Striker,forward,1,0,0,0,24.0,35.0,0.6857142857142857,35.0,0,0,0,0,0,1,0,0,0,0,0,2,2,2,0,0,classical,calendar,built from ground_truth_resolved + stats_combined + trophies + narrative,0,0,0,82.6086956521739,71.73913043478261,78.26086956521739
2012,2012,Iker Casillas,Iker Casillas,iker-casillas-1981,6,2012-01-01,2012-12-31,Real Madrid,Spain,Goalkeeper,goalkeeper,0,0,0,1,0.0,32.0,0.0,,1,0,0,0,0,1,0,0,1,0,1,1,3,3,1,1,classical,calendar,built from ground_truth_resolved + stats_combined + trophies + narrative,1,1,1,8.695652173913043,39.130434782608695,8.695652173913043
2012,2012,Andrea Pirlo,Andrea Pirlo,andrea-pirlo-1979,7,2012-01-01,2012-12-31,Juventus,Italy,Midfielder,midfielder,0,1,0,0,3.0,37.0,0.08108108108108109,37.0,0,0,0,0,0,1,0,0,0,0,0,1,3,3,0,0,classical,calendar,built from ground_truth_resolved + stats_combined + trophies + narrative,0,0,0,36.95652173913043,89.13043478260869,30.434782608695656
2012,2012,Didier Drogba,Didier Drogba,didier-drogba-1978,8,2012-01-01,2012-12-31,Chelsea Shanghai Shenhua,Ivory Coast,Striker,forward,1,0,0,0,13.0,35.0,0.37142857142857144,35.0,0,1,0,0,0,1,0,0,0,0,0,1,3,3,0,0,classical,calendar,built from ground_truth_resolved + stats_combined + trophies + narrative,0,0,0,58.69565217391305,71.73913043478261,56.52173913043478
2012,2012,Robin van Persie,Robin van Persie,robin-van-persie-1983,9,2012-01-01,2012-12-31,Arsenal Manchester United,Netherlands,Striker,forward,1,0,0,0,30.0,38.0,0.7894736842105263,38.0,0,0,0,0,0,1,0,0,0,0,0,1,3,3,0,0,classical,calendar,built from ground_truth_resolved + stats_combined + trophies + narrative,0,0,0,91.30434782608695,97.82608695652173,82.6086956521739
2012,2012,Zlatan Ibrahimović,Zlatan Ibrahimović,zlatan-ibrahimovic-1981,10,2012-01-01,2012-12-31,Milan Paris Saint-Germain,Sweden,Striker,forward,1,0,0,0,28.0,32.0,0.875,32.0,0,0,0,0,0,1,0,0,0,0,0,1,3,3,0,0,classical,calendar,built from ground_truth_resolved + stats_combined + trophies + narrative,0,0,0,86.95652173913044,39.130434782608695,91.30434782608695
2012,2012,Xabi Alonso,Xabi Alonso,xabi-alonso-1981,11,2012-01-01,2012-12-31,Real Madrid,Spain,Midfielder,midfielder,0,1,0,0,1.0,36.0,0.027777777777777776,36.0,0,0,0,0,0,1,0,0,1,0,1,1,3,3,1,1,classical,calendar,built from ground_truth_resolved + stats_combined + trophies + narrative,0,0,0,19.565217391304348,82.6086956521739,17.391304347826086
2012,2012,Yaya Touré,Yaya Touré,yaya-toure-1983,12,2012-01-01,2012-12-31,Manchester City,Ivory Coast,Midfielder,midfielder,0,1,0,0,6.0,32.0,0.1875,32.0,0,0,0,0,0,1,0,0,0,0,0,1,3,3,0,0,classical,calendar,built from ground_truth_resolved + stats_combined + trophies + narrative,0,0,0,52.17391304347826,39.130434782608695,52.17391304347826
2012,2012,Neymar,Neymar,neymar-1992,13,2012-01-01,2012-12-31,Santos,Brazil,Attacking midfielder forward,forward,1,0,0,0,14.0,17.0,0.8235294117647058,17.0,0,0,0,0,0,1,0,0,0,0,0,3,1,1,0,0,classical,calendar,built from ground_truth_resolved + stats_combined + trophies + narrative,0,0,0,65.21739130434783,4.3478260869565215,86.95652173913044
2012,2012,Mesut Özil,Mesut Özil,mesut-ozil-1988,14,2012-01-01,2012-12-31,Real Madrid,Germany,Attacking midfielder,midfielder,0,1,0,0,4.0,35.0,0.11428571428571428,35.0,0,0,0,0,0,1,0,0,0,0,0,1,3,3,0,0,classical,calendar,built from ground_truth_resolved + stats_combined + trophies + narrative,0,0,0,43.47826086956522,71.73913043478261,43.47826086956522
2012,2012,Wayne Rooney,Wayne Rooney,wayne-rooney-1985,15,2012-01-01,2012-12-31,Manchester United,England,Forward midfielder,forward,1,0,0,0,16.0,30.0,0.5348837209302325,,1,0,1,0,0,1,0,0,0,0,0,1,3,3,0,0,classical,calendar,built from ground_truth_resolved + stats_combined + trophies + narrative,1,1,1,69.56521739130434,26.08695652173913,60.86956521739131
2012,2012,Gianluigi Buffon,Gianluigi Buffon,gianluigi-buffon-1978,16,2012-01-01,2012-12-31,Juventus,Italy,Goalkeeper,goalkeeper,0,0,0,1,0.0,35.0,0.0,35.0,0,0,0,0,0,1,0,0,0,0,0,1,3,3,0,0,classical,calendar,built from ground_truth_resolved + stats_combined + trophies + narrative,0,0,0,8.695652173913043,71.73913043478261,8.695652173913043
2012,2012,Sergio Agüero,Sergio Agüero,sergio-aguero-1988,17,2012-01-01,2012-12-31,Manchester City,Argentina,Striker,forward,1,0,0,0,23.0,34.0,0.6764705882352942,34.0,0,0,0,0,0,1,0,0,0,0,0,1,3,3,0,0,classical,calendar,built from ground_truth_resolved + stats_combined + trophies + narrative,0,0,0,78.26086956521739,56.52173913043478,73.91304347826086
2012,2012,Sergio Ramos,Sergio Ramos,sergio-ramos-1986,18,2012-01-01,2012-12-31,Real Madrid,Spain,Centre-back,defender,0,0,1,0,3.0,34.0,0.08823529411764706,34.0,0,0,0,0,0,1,0,0,1,0,1,1,3,3,1,1,classical,calendar,built from ground_truth_resolved + stats_combined + trophies + narrative,0,0,0,36.95652173913043,56.52173913043478,34.78260869565217
2012,2012,Manuel Neuer,Manuel Neuer,manuel-neuer-1986,19,2012-01-01,2012-12-31,Bayern Munich,Germany,Goalkeeper,goalkeeper,0,0,0,1,0.0,33.0,0.0,33.0,0,0,0,0,0,1,0,0,0,0,0,1,3,3,1,1,classical,calendar,built from ground_truth_resolved + stats_combined + trophies + narrative,0,0,0,8.695652173913043,47.82608695652174,8.695652173913043
2012,2012,Sergio Busquets,Sergio Busquets,sergio-busquets-1988,20,2012-01-01,2012-12-31,Barcelona,Spain,Defensive midfielder,midfielder,0,1,0,0,1.0,31.0,0.03225806451612903,31.0,0,0,1,0,0,1,0,0,1,0,1,1,3,3,1,1,classical,calendar,built from ground_truth_resolved + stats_combined + trophies + narrative,0,0,0,19.565217391304348,30.434782608695656,21.73913043478261
2012,2012,Gerard Piqué,Gerard Piqué,gerard-pique-1987,21,2012-01-01,2012-12-31,Barcelona,Spain,Centre-back,defender,0,0,1,0,2.0,22.0,0.09090909090909091,22.0,0,0,1,0,0,1,0,0,1,0,1,1,3,3,1,1,classical,calendar,built from ground_truth_resolved + stats_combined + trophies + narrative,0,0,0,28.26086956521739,8.695652173913043,39.130434782608695
2012,2012,Karim Benzema,Karim Benzema,karim-benzema-1987,22,2012-01-01,2012-12-31,Real Madrid,France,Striker,forward,1,0,0,0,21.0,34.0,0.6176470588235294,34.0,0,0,0,0,0,1,0,0,0,0,0,1,3,3,0,0,classical,calendar,built from ground_truth_resolved + stats_combined + trophies + narrative,0,0,0,73.91304347826086,56.52173913043478,69.56521739130434
2012,2012,Mario Balotelli,Mario Balotelli,mario-balotelli-1990,23,2012-01-01,2012-12-31,Manchester City,Italy,Striker,forward,1,0,0,0,13.0,23.0,0.5652173913043478,23.0,0,0,0,0,0,1,0,0,0,0,0,1,3,3,0,0,classical,calendar,built from ground_truth_resolved + stats_combined + trophies + narrative,0,0,0,58.69565217391305,13.043478260869565,65.21739130434783
2013,2013,Cristiano Ronaldo,Cristiano Ronaldo,cristiano-ronaldo-1985,1,2013-01-01,2013-12-31,Real Madrid,Portugal,Forward,forward,1,0,0,0,34.0,34.0,1.0,34.0,0,0,0,0,0,0,0,0,0,0,0,1,3,3,1,1,classical,calendar,built from ground_truth_resolved + stats_combined + trophies + narrative,0,0,0,95.65217391304348,86.95652173913044,95.65217391304348
2013,2013,Lionel Messi,Lionel Messi,lionel-messi-1987,2,2013-01-01,2013-12-31,Barcelona,Argentina,Forward,forward,1,0,0,0,46.0,32.0,1.4375,32.0,0,0,0,0,0,0,0,0,0,0,0,1,3,3,0,0,classical,calendar,built from ground_truth_resolved + stats_combined + trophies + narrative,0,0,0,100.0,58.69565217391305,100.0
2013,2013,Franck Ribéry,Franck Ribéry,franck-ribery-1983,3,2013-01-01,2013-12-31,Bayern Munich,France,Winger,forward,1,0,0,0,10.0,27.0,0.37037037037037035,27.0,0,1,0,0,0,0,0,0,0,0,0,1,3,3,0,0,classical,calendar,built from ground_truth_resolved + stats_combined + trophies + narrative,0,0,0,56.52173913043478,17.391304347826086,56.52173913043478
2013,2013,Zlatan Ibrahimović,Zlatan Ibrahimović,zlatan-ibrahimovic-1981,4,2013-01-01,2013-12-31,Paris Saint-Germain,Sweden,Striker,forward,1,0,0,0,30.0,34.0,0.8823529411764706,34.0,0,0,1,0,0,0,0,0,0,0,0,1,3,3,0,0,classical,calendar,built from ground_truth_resolved + stats_combined + trophies + narrative,0,0,0,91.30434782608695,86.95652173913044,91.30434782608695
2013,2013,Neymar,Neymar,neymar-1992,5,2013-01-01,2013-12-31,Santos Barcelona,Brazil,Attacking midfielder forward,forward,1,0,0,0,0.0,1.0,0.0,1.0,0,0,0,0,0,0,0,0,0,0,0,1,3,3,0,0,classical,calendar,built from ground_truth_resolved + stats_combined + trophies + narrative,0,0,0,10.869565217391305,4.3478260869565215,10.869565217391305
2013,2013,Andrés Iniesta,Andrés Iniesta,andres-iniesta-1984,6,2013-01-01,2013-12-31,Barcelona,Spain,Midfielder,midfielder,0,1,0,0,3.0,31.0,0.0967741935483871,31.0,0,0,0,0,0,0,0,0,0,0,0,1,3,3,0,0,classical,calendar,built from ground_truth_resolved + stats_combined + trophies + narrative,0,0,0,21.73913043478261,43.47826086956522,21.73913043478261
2013,2013,Robin van Persie,Robin van Persie,robin-van-persie-1983,7,2013-01-01,2013-12-31,Manchester United,Netherlands,Striker,forward,1,0,0,0,26.0,38.0,0.6842105263157895,38.0,0,0,0,0,0,0,0,0,0,0,0,1,3,3,0,0,classical,calendar,built from ground_truth_resolved + stats_combined + trophies + narrative,0,0,0,78.26086956521739,100.0,69.56521739130434
2013,2013,Arjen Robben,Arjen Robben,arjen-robben-1984,8,2013-01-01,2013-12-31,Bayern Munich,Netherlands,Right winger,forward,1,0,0,0,5.0,16.0,0.3125,16.0,0,1,0,0,0,0,0,0,0,0,0,1,3,3,0,0,classical,calendar,built from ground_truth_resolved + stats_combined + trophies + narrative,0,0,0,30.434782608695656,8.695652173913043,52.17391304347826
2013,2013,Gareth Bale,Gareth Bale,gareth-bale-1989,9,2013-01-01,2013-12-31,Tottenham Hotspur Real Madrid,Wales,Right winger forward,forward,1,0,0,0,21.0,33.0,0.6363636363636364,33.0,0,0,0,0,0,0,0,0,0,0,0,1,3,3,1,1,classical,calendar,built from ground_truth_resolved + stats_combined + trophies + narrative,0,0,0,65.21739130434783,71.73913043478261,65.21739130434783
2013,2013,Andrea Pirlo,Andrea Pirlo,andrea-pirlo-1979,10,2013-01-01,2013-12-31,Juventus,Italy,Midfielder,midfielder,0,1,0,0,5.0,32.0,0.15625,32.0,0,0,0,0,0,0,0,0,0,0,0,1,3,3,0,0,classical,calendar,built from ground_truth_resolved + stats_combined + trophies + narrative,0,0,0,30.434782608695656,58.69565217391305,26.08695652173913
2013,2013,Radamel Falcao,Radamel Falcao,radamel-falcao-1986,11,2013-01-01,2013-12-31,Atlético Madrid Monaco,Colombia,Striker,forward,1,0,0,0,28.0,34.0,0.8235294117647058,34.0,0,0,0,0,0,0,0,0,0,0,0,2,2,2,0,0,classical,calendar,built from ground_truth_resolved + stats_combined + trophies + narrative,0,0,0,82.6086956521739,86.95652173913044,82.6086956521739
2013,2013,Yaya Touré,Yaya Touré,yaya-toure-1983,12,2013-01-01,2013-12-31,Manchester City,Ivory Coast,Midfielder,midfielder,0,1,0,0,7.0,32.0,0.21875,32.0,0,0,1,0,0,0,0,0,0,0,0,1,3,3,0,0,classical,calendar,built from ground_truth_resolved + stats_combined + trophies + narrative,0,0,0,41.30434782608695,58.69565217391305,34.78260869565217
2013,2013,Robert Lewandowski,Robert Lewandowski,robert-lewandowski-1988,13,2013-01-01,2013-12-31,Borussia Dortmund,Poland,Striker,forward,1,0,0,0,24.0,31.0,0.7741935483870968,31.0,0,0,0,0,0,0,0,0,0,0,0,2,2,2,0,0,classical,calendar,built from ground_truth_resolved + stats_combined + trophies + narrative,0,0,0,73.91304347826086,43.47826086956522,78.26086956521739
2013,2013,Philipp Lahm,Philipp Lahm,philipp-lahm-1983,14,2013-01-01,2013-12-31,Bayern Munich,Germany,Right-back left-back midfielder,defender,0,0,1,0,0.0,29.0,0.0,29.0,0,1,0,0,0,0,0,0,0,0,0,1,3,3,0,0,classical,calendar,built from ground_truth_resolved + stats_combined + trophies + narrative,0,0,0,10.869565217391305,34.78260869565217,10.869565217391305
2013,2013,Xavi,Xavi,xavi,14,2013-01-01,2013-12-31,Barcelona,Spain,,unknown,0,0,0,0,5.0,28.0,0.1724137931034483,,1,0,0,0,0,0,0,0,0,0,0,1,3,3,0,0,classical,calendar,built from ground_truth_resolved + stats_combined + trophies + narrative,1,1,1,30.434782608695656,26.08695652173913,30.434782608695656
2013,2013,Mesut Özil,Mesut Özil,mesut-ozil-1988,16,2013-01-01,2013-12-31,Real Madrid Arsenal,Germany,Attacking midfielder,midfielder,0,1,0,0,9.0,32.0,0.28125,32.0,0,0,0,0,0,0,0,0,0,0,0,1,3,3,1,1,classical,calendar,built from ground_truth_resolved + stats_combined + trophies + narrative,0,0,0,50.0,58.69565217391305,47.82608695652174
2013,2013,Bastian Schweinsteiger,Bastian Schweinsteiger,bastian-schweinsteiger-1984,17,2013-01-01,2013-12-31,Bayern Munich,Germany,Midfielder,midfielder,0,1,0,0,7.0,28.0,0.25,28.0,0,1,0,0,0,0,0,0,0,0,0,1,3,3,0,0,classical,calendar,built from ground_truth_resolved + stats_combined + trophies + narrative,0,0,0,41.30434782608695,26.08695652173913,39.130434782608695
2013,2013,Thomas Müller,Thomas Müller,thomas-muller-1989,17,2013-01-01,2013-12-31,Bayern Munich,Germany,Forward attacking midfielder,forward,1,0,0,0,13.0,28.0,0.4642857142857143,28.0,0,1,0,0,0,0,0,0,0,0,0,1,3,3,0,0,classical,calendar,built from ground_truth_resolved + stats_combined + trophies + narrative,0,0,0,60.86956521739131,26.08695652173913,60.86956521739131
2013,2013,Luis Suárez,Luis Suárez,luis-suarez-1987,19,2013-01-01,2013-12-31,Liverpool,Uruguay,Striker,forward,1,0,0,0,23.0,33.0,0.696969696969697,33.0,0,0,0,0,0,0,0,0,0,0,0,1,3,3,0,0,classical,calendar,built from ground_truth_resolved + stats_combined + trophies + narrative,0,0,0,69.56521739130434,71.73913043478261,73.91304347826086
2013,2013,Edinson Cavani,Edinson Cavani,edinson-cavani-1987,20,2013-01-01,2013-12-31,Napoli Paris Saint-Germain,Uruguay,Striker,forward,1,0,0,0,29.0,34.0,0.8529411764705882,34.0,0,0,0,0,0,0,0,0,0,0,0,1,3,3,0,0,classical,calendar,built from ground_truth_resolved + stats_combined + trophies + narrative,0,0,0,86.95652173913044,86.95652173913044,86.95652173913044
2013,2013,Thiago Silva,Thiago Silva,thiago-silva-1984,21,2013-01-01,2013-12-31,Paris Saint-Germain,Brazil,Centre-back,defender,0,0,1,0,0.0,22.0,0.0,22.0,0,0,1,0,0,0,0,0,0,0,0,1,3,3,0,0,classical,calendar,built from ground_truth_resolved + stats_combined + trophies + narrative,0,0,0,10.869565217391305,13.043478260869565,10.869565217391305
2013,2013,Eden Hazard,Eden Hazard,eden-hazard-1991,22,2013-01-01,2013-12-31,Chelsea,Belgium,Left winger attacking midfielder,forward,1,0,0,0,9.0,34.0,0.2647058823529412,34.0,0,0,0,0,0,0,0,0,0,0,0,1,3,3,0,0,classical,calendar,built from ground_truth_resolved + stats_combined + trophies + narrative,0,0,0,50.0,86.95652173913044,43.47826086956522
2013,2013,Manuel Neuer,Manuel Neuer,manuel-neuer-1986,23,2013-01-01,2013-12-31,Bayern Munich,Germany,Goalkeeper,goalkeeper,0,0,0,1,0.0,31.0,0.0,31.0,0,1,0,0,0,0,0,0,0,0,0,1,3,3,0,0,classical,calendar,built from ground_truth_resolved + stats_combined + trophies + narrative,0,0,0,10.869565217391305,43.47826086956522,10.869565217391305
2014,2014,Cristiano Ronaldo,Cristiano Ronaldo,cristiano-ronaldo-1985,1,2014-01-01,2014-12-31,Real Madrid,Portugal,Forward,forward,1,0,0,0,31.0,30.0,1.0333333333333334,30.0,0,1,0,0,1,0,0,0,0,0,0,1,3,3,0,0,modern,calendar,built from ground_truth_resolved + stats_combined + trophies + narrative,0,0,0,100.0,43.47826086956522,100.0
2014,2014,Lionel Messi,Lionel Messi,lionel-messi-1987,2,2014-01-01,2014-12-31,Barcelona,Argentina,Forward,forward,1,0,0,0,28.0,31.0,0.9032258064516129,31.0,0,0,1,0,1,0,0,0,0,0,0,1,3,3,1,1,modern,calendar,built from ground_truth_resolved + stats_combined + trophies + narrative,0,0,0,95.65217391304348,52.17391304347826,95.65217391304348
2014,2014,Manuel Neuer,Manuel Neuer,manuel-neuer-1986,3,2014-01-01,2014-12-31,Bayern Munich,Germany,Goalkeeper,goalkeeper,0,0,0,1,0.0,31.0,0.0,31.0,0,0,0,0,1,0,0,1,0,0,1,1,3,3,1,1,modern,calendar,built from ground_truth_resolved + stats_combined + trophies + narrative,0,0,0,8.695652173913043,52.17391304347826,8.695652173913043
2014,2014,Arjen Robben,Arjen Robben,arjen-robben-1984,4,2014-01-01,2014-12-31,Bayern Munich,Netherlands,Right winger,forward,1,0,0,0,11.0,28.0,0.39285714285714285,28.0,0,0,0,0,1,0,0,0,0,0,0,1,3,3,0,0,modern,calendar,built from ground_truth_resolved + stats_combined + trophies + narrative,0,0,0,65.21739130434783,26.08695652173913,65.21739130434783
2014,2014,Thomas Müller,Thomas Müller,thomas-muller-1989,5,2014-01-01,2014-12-31,Bayern Munich,Germany,Forward attacking midfielder,forward,1,0,0,0,13.0,31.0,0.41935483870967744,31.0,0,0,0,0,1,0,0,1,0,0,1,1,3,3,1,1,modern,calendar,built from ground_truth_resolved + stats_combined + trophies + narrative,0,0,0,69.56521739130434,52.17391304347826,69.56521739130434
2014,2014,Philipp Lahm,Philipp Lahm,philipp-lahm-1983,6,2014-01-01,2014-12-31,Bayern Munich,Germany,Right-back left-back midfielder,defender,0,0,1,0,1.0,28.0,0.03571428571428571,28.0,0,0,0,0,1,0,0,1,0,0,1,1,3,3,1,1,modern,calendar,built from ground_truth_resolved + stats_combined + trophies + narrative,0,0,0,17.391304347826086,26.08695652173913,17.391304347826086
2014,2014,Neymar,Neymar,neymar-1992,7,2014-01-01,2014-12-31,Barcelona,Brazil,Attacking midfielder forward,forward,1,0,0,0,9.0,26.0,0.34615384615384615,26.0,0,0,1,0,1,0,0,0,0,0,0,1,3,3,1,1,modern,calendar,built from ground_truth_resolved + stats_combined + trophies + narrative,0,0,0,54.347826086956516,8.695652173913043,56.52173913043478
2014,2014,James Rodríguez,James Rodríguez,james-rodriguez-1991,8,2014-01-01,2014-12-31,Monaco Real Madrid,Colombia,Attacking midfielder right winger,forward,1,0,0,0,9.0,34.0,0.2647058823529412,34.0,0,1,0,0,1,0,0,0,0,0,0,1,3,3,0,0,modern,calendar,built from ground_truth_resolved + stats_combined + trophies + narrative,0,0,0,54.347826086956516,71.73913043478261,52.17391304347826
2014,2014,Toni Kroos,Toni Kroos,toni-kroos-1990,9,2014-01-01,2014-12-31,Bayern Munich Real Madrid,Germany,Midfielder,midfielder,0,1,0,0,2.0,29.0,0.06896551724137931,29.0,0,1,0,0,1,0,0,1,0,0,1,1,3,3,1,1,modern,calendar,built from ground_truth_resolved + stats_combined + trophies + narrative,0,0,0,23.91304347826087,36.95652173913043,26.08695652173913
2014,2014,Ángel Di María,Ángel Di María,angel-di-maria-1988,10,2014-01-01,2014-12-31,Real Madrid Manchester United,Argentina,Winger attacking midfielder,forward,1,0,0,0,4.0,34.0,0.11764705882352941,34.0,0,1,0,0,1,0,0,0,0,0,0,1,3,3,0,0,modern,calendar,built from ground_truth_resolved + stats_combined + trophies + narrative,0,0,0,39.130434782608695,71.73913043478261,34.78260869565217
2014,2014,Diego Costa,Diego Costa,diego-costa-1988,11,2014-01-01,2014-12-31,Atlético Madrid Chelsea,Spain,Striker,forward,1,0,0,0,27.0,35.0,0.7714285714285715,35.0,0,0,0,0,1,0,0,0,0,0,0,1,3,3,0,0,modern,calendar,built from ground_truth_resolved + stats_combined + trophies + narrative,0,0,0,91.30434782608695,84.78260869565217,86.95652173913044
2014,2014,Gareth Bale,Gareth Bale,gareth-bale-1989,12,2014-01-01,2014-12-31,Real Madrid,Wales,Right winger forward,forward,1,0,0,0,15.0,27.0,0.5555555555555556,27.0,0,1,0,0,1,0,0,0,0,0,0,1,3,3,0,0,modern,calendar,built from ground_truth_resolved + stats_combined + trophies + narrative,0,0,0,73.91304347826086,15.217391304347828,78.26086956521739
2014,2014,Zlatan Ibrahimović,Zlatan Ibrahimović,zlatan-ibrahimovic-1981,13,2014-01-01,2014-12-31,Paris Saint-Germain,Sweden,Striker,forward,1,0,0,0,26.0,33.0,0.7878787878787878,33.0,0,0,1,0,1,0,0,0,0,0,0,1,3,3,0,0,modern,calendar,built from ground_truth_resolved + stats_combined + trophies + narrative,0,0,0,86.95652173913044,65.21739130434783,91.30434782608695
2014,2014,Yaya Touré,Yaya Touré,yaya-toure-1983,14,2014-01-01,2014-12-31,Manchester City,Ivory Coast,Midfielder,midfielder,0,1,0,0,20.0,35.0,0.5714285714285714,35.0,0,0,0,0,1,0,0,0,0,0,0,1,3,3,0,0,modern,calendar,built from ground_truth_resolved + stats_combined + trophies + narrative,0,0,0,82.6086956521739,84.78260869565217,82.6086956521739
2014,2014,Mario Götze,Mario Götze,mario-gotze-1992,15,2014-01-01,2014-12-31,Bayern Munich,Germany,Attacking midfielder winger forward,forward,1,0,0,0,10.0,27.0,0.37037037037037035,27.0,0,0,0,0,1,0,0,1,0,0,1,1,3,3,1,1,modern,calendar,built from ground_truth_resolved + stats_combined + trophies + narrative,0,0,0,60.86956521739131,15.217391304347828,60.86956521739131
2014,2014,Karim Benzema,Karim Benzema,karim-benzema-1987,16,2014-01-01,2014-12-31,Real Madrid,France,Striker,forward,1,0,0,0,17.0,35.0,0.4857142857142857,35.0,0,1,0,0,1,0,0,0,0,0,0,1,3,3,0,0,modern,calendar,built from ground_truth_resolved + stats_combined + trophies + narrative,0,0,0,78.26086956521739,84.78260869565217,73.91304347826086
2014,2014,Andrés Iniesta,Andrés Iniesta,andres-iniesta-1984,17,2014-01-01,2014-12-31,Barcelona,Spain,Midfielder,midfielder,0,1,0,0,3.0,35.0,0.08571428571428572,35.0,0,0,1,0,1,0,0,0,0,0,0,1,3,3,1,1,modern,calendar,built from ground_truth_resolved + stats_combined + trophies + narrative,0,0,0,30.434782608695656,84.78260869565217,30.434782608695656
2014,2014,Bastian Schweinsteiger,Bastian Schweinsteiger,bastian-schweinsteiger-1984,18,2014-01-01,2014-12-31,Bayern Munich,Germany,Midfielder,midfielder,0,1,0,0,4.0,23.0,0.17391304347826086,23.0,0,0,0,0,1,0,0,1,0,0,1,1,3,3,1,1,modern,calendar,built from ground_truth_resolved + stats_combined + trophies + narrative,0,0,0,39.130434782608695,4.3478260869565215,43.47826086956522
2014,2014,Javier Mascherano,Javier Mascherano,javier-mascherano-1984,19,2014-01-01,2014-12-31,Barcelona,Argentina,Centre-back defensive midfielder,defender,0,0,1,0,0.0,28.0,0.0,28.0,0,0,1,0,1,0,0,0,0,0,0,1,3,3,1,1,modern,calendar,built from ground_truth_resolved + stats_combined + trophies + narrative,0,0,0,8.695652173913043,26.08695652173913,8.695652173913043
2014,2014,Thibaut Courtois,Thibaut Courtois,thibaut-courtois-1992,20,2014-01-01,2014-12-31,Atlético Madrid Chelsea,Belgium,Goalkeeper,goalkeeper,0,0,0,1,0.0,37.0,0.0,37.0,0,0,0,0,1,0,0,0,0,0,0,1,3,3,0,0,modern,calendar,built from ground_truth_resolved + stats_combined + trophies + narrative,0,0,0,8.695652173913043,100.0,8.695652173913043
2014,2014,David Luiz,David Luiz,david-luiz-1987,21,2014-01-01,2014-12-31,Chelsea Paris Saint-Germain,Brazil,Centre-back defensive midfielder,defender,0,0,1,0,2.0,29.0,0.06066176470588235,,1,0,0,0,1,0,0,0,0,0,0,1,3,3,0,0,modern,calendar,built from ground_truth_resolved + stats_combined + trophies + narrative,1,1,1,23.91304347826087,36.95652173913043,21.73913043478261
2014,2014,Paul Pogba,Paul Pogba,paul-pogba-1993,22,2014-01-01,2014-12-31,Juventus,France,Midfielder,midfielder,0,1,0,0,7.0,36.0,0.19444444444444445,36.0,0,0,0,0,1,0,0,0,0,0,0,1,3,3,0,0,modern,calendar,built from ground_truth_resolved + stats_combined + trophies + narrative,0,0,0,47.82608695652174,95.65217391304348,47.82608695652174
2014,2014,Sergio Ramos,Sergio Ramos,sergio-ramos-1986,23,2014-01-01,2014-12-31,Real Madrid,Spain,Centre-back,defender,0,0,1,0,4.0,32.0,0.125,32.0,0,1,0,0,1,0,0,0,0,0,0,1,3,3,0,0,modern,calendar,built from ground_truth_resolved + stats_combined + trophies + narrative,0,0,0,39.130434782608695,60.86956521739131,39.130434782608695
2015,2015,Lionel Messi,Lionel Messi,lionel-messi-1987,1,2015-01-01,2015-12-31,Barcelona,Argentina,Forward,forward,1,0,0,0,43.0,38.0,1.131578947368421,38.0,0,1,1,1,0,0,1,0,0,0,0,1,3,3,0,0,modern,calendar,built from ground_truth_resolved + stats_combined + trophies + narrative,0,0,0,95.65217391304348,97.82608695652173,95.65217391304348
2015,2015,Cristiano Ronaldo,Cristiano Ronaldo,cristiano-ronaldo-1985,2,2015-01-01,2015-12-31,Real Madrid,Portugal,Forward,forward,1,0,0,0,48.0,35.0,1.3714285714285714,35.0,0,0,0,0,0,0,1,0,0,0,0,1,3,3,1,1,modern,calendar,built from ground_truth_resolved + stats_combined + trophies + narrative,0,0,0,100.0,84.78260869565217,100.0
2015,2015,Neymar,Neymar,neymar-1992,3,2015-01-01,2015-12-31,Barcelona,Brazil,Attacking midfielder forward,forward,1,0,0,0,22.0,33.0,0.6666666666666666,33.0,0,1,1,1,0,0,1,0,0,0,0,1,3,3,0,0,modern,calendar,built from ground_truth_resolved + stats_combined + trophies + narrative,0,0,0,86.95652173913044,71.73913043478261,78.26086956521739
2015,2015,Robert Lewandowski,Robert Lewandowski,robert-lewandowski-1988,4,2015-01-01,2015-12-31,Bayern Munich,Poland,Striker,forward,1,0,0,0,17.0,31.0,0.5483870967741935,31.0,0,0,0,0,0,0,1,0,0,0,0,1,3,3,0,0,modern,calendar,built from ground_truth_resolved + stats_combined + trophies + narrative,0,0,0,76.08695652173914,50.0,69.56521739130434
2015,2015,Luis Suárez,Luis Suárez,luis-suarez-1987,5,2015-01-01,2015-12-31,Barcelona,Uruguay,Striker,forward,1,0,0,0,16.0,27.0,0.5925925925925926,27.0,0,1,1,1,0,0,1,0,0,0,0,1,3,3,0,0,modern,calendar,built from ground_truth_resolved + stats_combined + trophies + narrative,0,0,0,67.3913043478261,21.73913043478261,73.91304347826086
2015,2015,Thomas Müller,Thomas Müller,thomas-muller-1989,6,2015-01-01,2015-12-31,Bayern Munich,Germany,Forward attacking midfielder,forward,1,0,0,0,13.0,32.0,0.40625,32.0,0,0,0,0,0,0,1,0,0,0,0,1,3,3,0,0,modern,calendar,built from ground_truth_resolved + stats_combined + trophies + narrative,0,0,0,47.82608695652174,60.86956521739131,47.82608695652174
2015,2015,Manuel Neuer,Manuel Neuer,manuel-neuer-1986,7,2015-01-01,2015-12-31,Bayern Munich,Germany,Goalkeeper,goalkeeper,0,0,0,1,0.0,32.0,0.0,32.0,0,0,0,0,0,0,1,0,0,0,0,1,3,3,0,0,modern,calendar,built from ground_truth_resolved + stats_combined + trophies + narrative,0,0,0,8.695652173913043,60.86956521739131,8.695652173913043
2015,2015,Eden Hazard,Eden Hazard,eden-hazard-1991,8,2015-01-01,2015-12-31,Chelsea,Belgium,Left winger attacking midfielder,forward,1,0,0,0,14.0,38.0,0.3684210526315789,38.0,0,0,0,0,0,0,1,0,0,0,0,1,3,3,0,0,modern,calendar,built from ground_truth_resolved + stats_combined + trophies + narrative,0,0,0,56.52173913043478,97.82608695652173,43.47826086956522
2015,2015,Andrés Iniesta,Andrés Iniesta,andres-iniesta-1984,9,2015-01-01,2015-12-31,Barcelona,Spain,Midfielder,midfielder,0,1,0,0,0.0,24.0,0.0,24.0,0,1,1,1,0,0,1,0,0,0,0,1,3,3,0,0,modern,calendar,built from ground_truth_resolved + stats_combined + trophies + narrative,0,0,0,8.695652173913043,10.869565217391305,8.695652173913043
2015,2015,Alexis Sánchez,Alexis Sánchez,alexis-sanchez-1988,10,2015-01-01,2015-12-31,Arsenal,Chile,Winger striker,forward,1,0,0,0,16.0,35.0,0.45714285714285713,35.0,0,0,0,0,0,0,1,0,0,1,1,2,2,2,1,1,modern,calendar,built from ground_truth_resolved + stats_combined + trophies + narrative,0,0,0,67.3913043478261,84.78260869565217,60.86956521739131
2015,2015,Zlatan Ibrahimović,Zlatan Ibrahimović,zlatan-ibrahimovic-1981,11,2015-01-01,2015-12-31,Paris Saint-Germain,Sweden,Striker,forward,1,0,0,0,19.0,24.0,0.7916666666666666,24.0,0,0,1,0,0,0,1,0,0,0,0,1,3,3,0,0,modern,calendar,built from ground_truth_resolved + stats_combined + trophies + narrative,0,0,0,82.6086956521739,10.869565217391305,86.95652173913044
2015,2015,Yaya Touré,Yaya Touré,yaya-toure-1983,12,2015-01-01,2015-12-31,Manchester City,Ivory Coast,Midfielder,midfielder,0,1,0,0,10.0,29.0,0.3448275862068966,29.0,0,0,0,0,0,0,1,0,0,0,0,1,3,3,0,0,modern,calendar,built from ground_truth_resolved + stats_combined + trophies + narrative,0,0,0,36.95652173913043,39.130434782608695,39.130434782608695
2015,2015,Sergio Agüero,Sergio Agüero,sergio-aguero-1988,13,2015-01-01,2015-12-31,Manchester City,Argentina,Striker,forward,1,0,0,0,26.0,33.0,0.7878787878787878,33.0,0,0,0,0,0,0,1,0,0,0,0,1,3,3,0,0,modern,calendar,built from ground_truth_resolved + stats_combined + trophies + narrative,0,0,0,91.30434782608695,71.73913043478261,82.6086956521739
2015,2015,Javier Mascherano,Javier Mascherano,javier-mascherano-1984,14,2015-01-01,2015-12-31,Barcelona,Argentina,Centre-back defensive midfielder,defender,0,0,1,0,0.0,28.0,0.0,28.0,0,1,1,1,0,0,1,0,0,0,0,1,3,3,0,0,modern,calendar,built from ground_truth_resolved + stats_combined + trophies + narrative,0,0,0,8.695652173913043,28.26086956521739,8.695652173913043
2015,2015,Paul Pogba,Paul Pogba,paul-pogba-1993,15,2015-01-01,2015-12-31,Juventus,France,Midfielder,midfielder,0,1,0,0,8.0,26.0,0.3076923076923077,26.0,0,0,0,0,0,0,1,0,0,0,0,1,3,3,0,0,modern,calendar,built from ground_truth_resolved + stats_combined + trophies + narrative,0,0,0,30.434782608695656,17.391304347826086,34.78260869565217
2015,2015,Gareth Bale,Gareth Bale,gareth-bale-1989,16,2015-01-01,2015-12-31,Real Madrid,Wales,Right winger forward,forward,1,0,0,0,13.0,31.0,0.41935483870967744,31.0,0,0,0,0,0,0,1,0,0,0,0,1,3,3,1,1,modern,calendar,built from ground_truth_resolved + stats_combined + trophies + narrative,0,0,0,47.82608695652174,50.0,52.17391304347826
2015,2015,Arturo Vidal,Arturo Vidal,arturo-vidal-1987,17,2015-01-01,2015-12-31,Juventus Bayern Munich,Chile,Midfielder,midfielder,0,1,0,0,7.0,28.0,0.25,28.0,0,0,0,0,0,0,1,0,0,1,1,1,3,3,1,1,modern,calendar,built from ground_truth_resolved + stats_combined + trophies + narrative,0,0,0,26.08695652173913,28.26086956521739,26.08695652173913
2015,2015,Kevin De Bruyne,Kevin De Bruyne,kevin-de-bruyne-1991,18,2015-01-01,2015-12-31,VfL Wolfsburg Manchester City,Belgium,Midfielder,midfielder,0,1,0,0,10.0,34.0,0.29411764705882354,34.0,0,0,0,0,0,0,1,0,0,0,0,1,3,3,0,0,modern,calendar,built from ground_truth_resolved + stats_combined + trophies + narrative,0,0,0,36.95652173913043,78.26086956521739,30.434782608695656
2015,2015,James Rodríguez,James Rodríguez,james-rodriguez-1991,19,2015-01-01,2015-12-31,Real Madrid,Colombia,Attacking midfielder right winger,forward,1,0,0,0,13.0,29.0,0.4482758620689655,29.0,0,0,0,0,0,0,1,0,0,0,0,1,3,3,1,1,modern,calendar,built from ground_truth_resolved + stats_combined + trophies + narrative,0,0,0,47.82608695652174,39.130434782608695,56.52173913043478
2015,2015,Karim Benzema,Karim Benzema,karim-benzema-1987,20,2015-01-01,2015-12-31,Real Madrid,France,Striker,forward,1,0,0,0,15.0,29.0,0.5172413793103449,29.0,0,0,0,0,0,0,1,0,0,0,0,1,3,3,1,1,modern,calendar,built from ground_truth_resolved + stats_combined + trophies + narrative,0,0,0,60.86956521739131,39.130434782608695,65.21739130434783
2015,2015,Toni Kroos,Toni Kroos,toni-kroos-1990,21,2015-01-01,2015-12-31,Real Madrid,Germany,Midfielder,midfielder,0,1,0,0,2.0,36.0,0.05555555555555555,36.0,0,0,0,0,0,0,1,0,0,0,0,1,3,3,1,1,modern,calendar,built from ground_truth_resolved + stats_combined + trophies + narrative,0,0,0,17.391304347826086,91.30434782608695,17.391304347826086
2015,2015,Arjen Robben,Arjen Robben,arjen-robben-1984,22,2015-01-01,2015-12-31,Bayern Munich,Netherlands,Right winger,forward,1,0,0,0,17.0,21.0,0.8095238095238095,21.0,0,0,0,0,0,0,1,0,0,0,0,1,3,3,0,0,modern,calendar,built from ground_truth_resolved + stats_combined + trophies + narrative,0,0,0,76.08695652173914,4.3478260869565215,91.30434782608695
2015,2015,Ivan Rakitić,Ivan Rakitić,ivan-rakitic-1988,23,2015-01-01,2015-12-31,Barcelona,Croatia,Midfielder,midfielder,0,1,0,0,5.0,32.0,0.15625,32.0,0,1,1,1,0,0,1,0,0,0,0,1,3,3,0,0,modern,calendar,built from ground_truth_resolved + stats_combined + trophies + narrative,0,0,0,21.73913043478261,60.86956521739131,21.73913043478261
2016,2016,Cristiano Ronaldo,Cristiano Ronaldo,cristiano-ronaldo-1985,1,2016-01-01,2016-12-31,Real Madrid,Portugal,Forward,forward,1,0,0,0,35.0,36.0,0.9722222222222222,36.0,0,1,1,1,0,1,1,0,1,0,1,1,3,3,1,1,modern,calendar,built from ground_truth_resolved + stats_combined + trophies + narrative,0,0,0,90.0,88.33333333333333,90.0
2016,2016,Lionel Messi,Lionel Messi,lionel-messi-1987,2,2016-01-01,2016-12-31,Barcelona,Argentina,Forward,forward,1,0,0,0,26.0,33.0,0.7878787878787878,33.0,0,0,0,0,0,1,1,0,0,0,0,1,3,3,0,0,modern,calendar,built from ground_truth_resolved + stats_combined + trophies + narrative,0,0,0,83.33333333333334,56.666666666666664,73.33333333333333
2016,2016,Antoine Griezmann,Antoine Griezmann,antoine-griezmann-1991,3,2016-01-01,2016-12-31,Atlético Madrid,France,Forward attacking midfielder,forward,1,0,0,0,22.0,38.0,0.5789473684210527,38.0,0,0,0,0,0,1,1,0,0,0,0,2,2,2,0,0,modern,calendar,built from ground_truth_resolved + stats_combined + trophies + narrative,0,0,0,66.66666666666666,100.0,60.0
2016,2016,Luis Suárez,Luis Suárez,luis-suarez-1987,4,2016-01-01,2016-12-31,Barcelona,Spain,Striker,forward,1,0,0,0,40.0,35.0,1.1428571428571428,35.0,0,0,0,0,0,1,1,0,0,0,0,1,3,3,0,0,modern,calendar,built from ground_truth_resolved + stats_combined + trophies + narrative,0,0,0,100.0,78.33333333333333,96.66666666666667
2016,2016,Neymar,Neymar,neymar-1992,5,2016-01-01,2016-12-31,Barcelona,Brazil,Attacking midfielder forward,forward,1,0,0,0,24.0,34.0,0.7058823529411765,34.0,0,0,0,0,0,1,1,0,0,0,0,1,3,3,0,0,modern,calendar,built from ground_truth_resolved + stats_combined + trophies + narrative,0,0,0,73.33333333333333,65.0,70.0
2016,2016,Gareth Bale,Gareth Bale,gareth-bale-1989,6,2016-01-01,2016-12-31,Real Madrid,Wales,Right winger forward,forward,1,0,0,0,19.0,23.0,0.8260869565217391,23.0,0,1,1,1,0,1,1,0,0,0,0,1,3,3,1,1,modern,calendar,built from ground_truth_resolved + stats_combined + trophies + narrative,0,0,0,58.333333333333336,5.0,83.33333333333334
2016,2016,Riyad Mahrez,Riyad Mahrez,riyad-mahrez-1991,7,2016-01-01,2016-12-31,Leicester City,Algeria,Right winger,forward,1,0,0,0,17.0,37.0,0.4594594594594595,37.0,0,0,0,0,0,1,1,0,0,0,0,2,2,2,0,0,modern,calendar,built from ground_truth_resolved + stats_combined + trophies + narrative,0,0,0,53.333333333333336,95.0,53.333333333333336
2016,2016,Jamie Vardy,Jamie Vardy,jamie-vardy-1987,8,2016-01-01,2016-12-31,Leicester City,,Striker,forward,1,0,0,0,24.0,36.0,0.6666666666666666,36.0,0,0,0,0,0,1,1,0,0,0,0,2,2,2,0,0,modern,calendar,built from ground_truth_resolved + stats_combined + trophies + narrative,0,0,0,73.33333333333333,88.33333333333333,66.66666666666666
2016,2016,Gianluigi Buffon,Gianluigi Buffon,gianluigi-buffon-1978,9,2016-01-01,2016-12-31,Juventus,Italy,Goalkeeper,goalkeeper,0,0,0,1,0.0,35.0,0.0,35.0,0,0,0,0,0,1,1,0,0,0,0,1,3,3,0,0,modern,calendar,built from ground_truth_resolved + stats_combined + trophies + narrative,0,0,0,8.333333333333332,78.33333333333333,8.333333333333332
2016,2016,Pepe,Pepe,pepe,9,2016-01-01,2016-12-31,Real Madrid,Portugal,,unknown,0,0,0,0,11.0,32.0,0.35294117647058826,,1,1,1,1,0,1,1,0,1,0,1,1,3,3,1,1,modern,calendar,built from ground_truth_resolved + stats_combined + trophies + narrative,1,1,1,48.333333333333336,46.666666666666664,48.333333333333336
2016,2016,Pierre-Emerick Aubameyang,Pierre-Emerick Aubameyang,pierre-emerick-aubameyang-1989,11,2016-01-01,2016-12-31,Borussia Dortmund,,Striker,forward,1,0,0,0,25.0,31.0,0.8064516129032258,31.0,0,0,0,0,0,1,1,0,0,0,0,2,2,2,0,0,modern,calendar,built from ground_truth_resolved + stats_combined + trophies + narrative,0,0,0,80.0,31.666666666666664,80.0
2016,2016,Rui Patrício,Rui Patrício,rui-patricio-1988,12,2016-01-01,2016-12-31,Sporting CP,,Goalkeeper,goalkeeper,0,0,0,1,0.0,34.0,0.0,34.0,0,0,0,0,0,1,1,0,0,0,0,2,2,2,0,0,modern,calendar,built from ground_truth_resolved + stats_combined + trophies + narrative,0,0,0,8.333333333333332,65.0,8.333333333333332
2016,2016,Zlatan Ibrahimović,Zlatan Ibrahimović,zlatan-ibrahimovic-1981,13,2016-01-01,2016-12-31,Paris Saint-Germain Manchester United,Sweden,Striker,forward,1,0,0,0,38.0,31.0,1.2258064516129032,31.0,0,0,0,0,0,1,1,0,0,0,0,1,3,3,0,0,modern,calendar,built from ground_truth_resolved + stats_combined + trophies + narrative,0,0,0,96.66666666666667,31.666666666666664,100.0
2016,2016,Paul Pogba,Paul Pogba,paul-pogba-1993,14,2016-01-01,2016-12-31,Juventus Manchester United,France,Midfielder,midfielder,0,1,0,0,8.0,35.0,0.22857142857142856,35.0,0,0,0,0,0,1,1,0,0,0,0,1,3,3,0,0,modern,calendar,built from ground_truth_resolved + stats_combined + trophies + narrative,0,0,0,40.0,78.33333333333333,36.666666666666664
2016,2016,Arturo Vidal,Arturo Vidal,arturo-vidal-1987,14,2016-01-01,2016-12-31,Bayern Munich,Chile,Midfielder,midfielder,0,1,0,0,4.0,30.0,0.13333333333333333,30.0,0,0,0,0,0,1,1,0,0,1,1,1,3,3,0,0,modern,calendar,built from ground_truth_resolved + stats_combined + trophies + narrative,0,0,0,33.33333333333333,20.0,33.33333333333333
2016,2016,Robert Lewandowski,Robert Lewandowski,robert-lewandowski-1988,16,2016-01-01,2016-12-31,Bayern Munich,Poland,Striker,forward,1,0,0,0,30.0,32.0,0.9375,32.0,0,0,0,0,0,1,1,0,0,0,0,1,3,3,0,0,modern,calendar,built from ground_truth_resolved + stats_combined + trophies + narrative,0,0,0,86.66666666666667,46.666666666666664,86.66666666666667
2016,2016,Toni Kroos,Toni Kroos,toni-kroos-1990,17,2016-01-01,2016-12-31,Real Madrid,Germany,Midfielder,midfielder,0,1,0,0,1.0,32.0,0.03125,32.0,0,1,1,1,0,1,1,0,0,0,0,1,3,3,1,1,modern,calendar,built from ground_truth_resolved + stats_combined + trophies + narrative,0,0,0,20.0,46.666666666666664,16.666666666666664
2016,2016,Luka Modrić,Luka Modrić,luka-modric-1985,17,2016-01-01,2016-12-31,Real Madrid,Croatia,Central midfielder,midfielder,0,1,0,0,2.0,32.0,0.0625,32.0,0,1,1,1,0,1,1,0,0,0,0,1,3,3,1,1,modern,calendar,built from ground_truth_resolved + stats_combined + trophies + narrative,0,0,0,28.333333333333332,46.666666666666664,26.666666666666668
2016,2016,Dimitri Payet,Dimitri Payet,dimitri-payet-1987,17,2016-01-01,2016-12-31,West Ham United,,Attacking midfielder,midfielder,0,1,0,0,9.0,30.0,0.3,30.0,0,0,0,0,0,1,1,0,0,0,0,2,2,2,0,0,modern,calendar,built from ground_truth_resolved + stats_combined + trophies + narrative,0,0,0,43.333333333333336,20.0,43.333333333333336
2016,2016,Sergio Agüero,Sergio Agüero,sergio-aguero-1988,20,2016-01-01,2016-12-31,Manchester City,Argentina,Striker,forward,1,0,0,0,24.0,30.0,0.8,30.0,0,0,0,0,0,1,1,0,0,0,0,1,3,3,0,0,modern,calendar,built from ground_truth_resolved + stats_combined + trophies + narrative,0,0,0,73.33333333333333,20.0,76.66666666666667
2016,2016,Kevin De Bruyne,Kevin De Bruyne,kevin-de-bruyne-1991,20,2016-01-01,2016-12-31,Manchester City,Belgium,Midfielder,midfielder,0,1,0,0,7.0,27.0,0.25925925925925924,27.0,0,0,0,0,0,1,1,0,0,0,0,1,3,3,0,0,modern,calendar,built from ground_truth_resolved + stats_combined + trophies + narrative,0,0,0,36.666666666666664,10.0,40.0
2016,2016,Paulo Dybala,Paulo Dybala,paulo-dybala-1993,20,2016-01-01,2016-12-31,Juventus,,Forward attacking midfielder,forward,1,0,0,0,19.0,34.0,0.5588235294117647,34.0,0,0,0,0,0,1,1,0,0,0,0,1,3,3,0,0,modern,calendar,built from ground_truth_resolved + stats_combined + trophies + narrative,0,0,0,58.333333333333336,65.0,56.666666666666664
2016,2016,Diego Godín,Diego Godín,diego-godin-1986,20,2016-01-01,2016-12-31,Atlético Madrid,,Centre-back,defender,0,0,1,0,1.0,31.0,0.03225806451612903,31.0,0,0,0,0,0,1,1,0,0,0,0,2,2,2,0,0,modern,calendar,built from ground_truth_resolved + stats_combined + trophies + narrative,0,0,0,20.0,31.666666666666664,20.0
2016,2016,Gonzalo Higuaín,Gonzalo Higuaín,gonzalo-higuain-1987,20,2016-01-01,2016-12-31,Napoli Juventus,,Striker,forward,1,0,0,0,36.0,35.0,1.0285714285714285,35.0,0,0,0,0,0,1,1,0,0,0,0,1,3,3,0,0,modern,calendar,built from ground_truth_resolved + stats_combined + trophies + narrative,0,0,0,93.33333333333333,78.33333333333333,93.33333333333333
2016,2016,Andrés Iniesta,Andrés Iniesta,andres-iniesta-1984,20,2016-01-01,2016-12-31,Barcelona,Spain,Midfielder,midfielder,0,1,0,0,1.0,28.0,0.03571428571428571,28.0,0,0,0,0,0,1,1,0,0,0,0,1,3,3,0,0,modern,calendar,built from ground_truth_resolved + stats_combined + trophies + narrative,0,0,0,20.0,13.333333333333334,23.333333333333332
2016,2016,Koke,Koke,koke,20,2016-01-01,2016-12-31,Atlético Madrid,,,unknown,0,0,0,0,11.0,32.0,0.35294117647058826,,1,0,0,0,0,1,1,0,0,0,0,2,2,2,0,0,modern,calendar,built from ground_truth_resolved + stats_combined + trophies + narrative,1,1,1,48.333333333333336,46.666666666666664,48.333333333333336
2016,2016,Hugo Lloris,Hugo Lloris,hugo-lloris-1986,20,2016-01-01,2016-12-31,Tottenham Hotspur,,Goalkeeper,goalkeeper,0,0,0,1,0.0,37.0,0.0,37.0,0,0,0,0,0,1,1,0,0,0,0,2,2,2,0,0,modern,calendar,built from ground_truth_resolved + stats_combined + trophies + narrative,0,0,0,8.333333333333332,95.0,8.333333333333332
2016,2016,Thomas Müller,Thomas Müller,thomas-muller-1989,20,2016-01-01,2016-12-31,Bayern Munich,Germany,Forward attacking midfielder,forward,1,0,0,0,20.0,31.0,0.6451612903225806,31.0,0,0,0,0,0,1,1,0,0,0,0,1,3,3,0,0,modern,calendar,built from ground_truth_resolved + stats_combined + trophies + narrative,0,0,0,63.33333333333333,31.666666666666664,63.33333333333333
2016,2016,Manuel Neuer,Manuel Neuer,manuel-neuer-1986,20,2016-01-01,2016-12-31,Bayern Munich,Germany,Goalkeeper,goalkeeper,0,0,0,1,0.0,34.0,0.0,34.0,0,0,0,0,0,1,1,0,0,0,0,1,3,3,0,0,modern,calendar,built from ground_truth_resolved + stats_combined + trophies + narrative,0,0,0,8.333333333333332,65.0,8.333333333333332
2016,2016,Sergio Ramos,Sergio Ramos,sergio-ramos-1986,20,2016-01-01,2016-12-31,Real Madrid,Spain,Centre-back,defender,0,0,1,0,2.0,23.0,0.08695652173913043,23.0,0,1,1,1,0,1,1,0,0,0,0,1,3,3,1,1,modern,calendar,built from ground_truth_resolved + stats_combined + trophies + narrative,0,0,0,28.333333333333332,5.0,30.0
2017,2017,Cristiano Ronaldo,Cristiano Ronaldo,cristiano-ronaldo-1985,1,2017-01-01,2017-12-31,Real Madrid,Portugal,Forward,forward,1,0,0,0,25.0,29.0,0.8620689655172413,29.0,0,1,0,0,0,0,0,0,0,0,0,1,3,3,1,1,modern,calendar,built from ground_truth_resolved + stats_combined + trophies + narrative,0,0,0,76.66666666666667,23.333333333333332,83.33333333333334
2017,2017,Lionel Messi,Lionel Messi,lionel-messi-1987,2,2017-01-01,2017-12-31,Barcelona,Argentina,Forward,forward,1,0,0,0,37.0,34.0,1.088235294117647,34.0,0,0,1,0,0,0,0,0,0,0,0,1,3,3,0,0,modern,calendar,built from ground_truth_resolved + stats_combined + trophies + narrative,0,0,0,100.0,73.33333333333333,100.0
2017,2017,Neymar,Neymar,neymar-1992,3,2017-01-01,2017-12-31,Barcelona Paris Saint-Germain,Brazil,Attacking midfielder forward,forward,1,0,0,0,13.0,30.0,0.43333333333333335,30.0,0,0,0,0,0,0,0,0,0,0,0,1,3,3,0,0,modern,calendar,built from ground_truth_resolved + stats_combined + trophies + narrative,0,0,0,53.333333333333336,40.0,53.333333333333336
2017,2017,Gianluigi Buffon,Gianluigi Buffon,gianluigi-buffon-1978,4,2017-01-01,2017-12-31,Juventus,Italy,Goalkeeper,goalkeeper,0,0,0,1,0.0,30.0,0.0,30.0,0,0,0,0,0,0,0,0,0,0,0,1,3,3,0,0,modern,calendar,built from ground_truth_resolved + stats_combined + trophies + narrative,0,0,0,6.666666666666667,40.0,6.666666666666667
2017,2017,Luka Modrić,Luka Modrić,luka-modric-1985,5,2017-01-01,2017-12-31,Real Madrid,Croatia,Central midfielder,midfielder,0,1,0,0,1.0,25.0,0.04,25.0,0,1,0,0,0,0,0,0,0,0,0,1,3,3,1,1,modern,calendar,built from ground_truth_resolved + stats_combined + trophies + narrative,0,0,0,16.666666666666664,3.3333333333333335,20.0
2017,2017,Sergio Ramos,Sergio Ramos,sergio-ramos-1986,6,2017-01-01,2017-12-31,Real Madrid,Spain,Centre-back,defender,0,0,1,0,7.0,28.0,0.25,28.0,0,1,0,0,0,0,0,0,0,0,0,1,3,3,1,1,modern,calendar,built from ground_truth_resolved + stats_combined + trophies + narrative,0,0,0,33.33333333333333,13.333333333333334,33.33333333333333
2017,2017,Kylian Mbappé,Kylian Mbappé,kylian-mbappe-1998,7,2017-01-01,2017-12-31,Monaco Paris Saint-Germain,France,Forward,forward,1,0,0,0,17.0,31.0,0.5483870967741935,31.0,0,0,0,0,0,0,0,0,0,0,0,1,3,3,0,0,modern,calendar,built from ground_truth_resolved + stats_combined + trophies + narrative,0,0,0,66.66666666666666,53.333333333333336,66.66666666666666
2017,2017,N'Golo Kanté,N'Golo Kanté,n-golo-kante-1991,8,2017-01-01,2017-12-31,Chelsea,,Defensive midfielder,midfielder,0,1,0,0,1.0,35.0,0.02857142857142857,35.0,0,0,0,0,0,0,0,0,0,0,0,1,3,3,0,0,modern,calendar,built from ground_truth_resolved + stats_combined + trophies + narrative,0,0,0,16.666666666666664,81.66666666666667,13.333333333333334
2017,2017,Robert Lewandowski,Robert Lewandowski,robert-lewandowski-1988,9,2017-01-01,2017-12-31,Bayern Munich,Poland,Striker,forward,1,0,0,0,30.0,33.0,0.9090909090909091,33.0,0,0,0,0,0,0,0,0,0,0,0,1,3,3,0,0,modern,calendar,built from ground_truth_resolved + stats_combined + trophies + narrative,0,0,0,90.0,68.33333333333333,86.66666666666667
2017,2017,Harry Kane,Harry Kane,harry-kane-1993,10,2017-01-01,2017-12-31,Tottenham Hotspur,England,Striker,forward,1,0,0,0,29.0,30.0,0.9666666666666667,30.0,0,0,0,0,0,0,0,0,0,0,0,2,2,2,0,0,modern,calendar,built from ground_truth_resolved + stats_combined + trophies + narrative,0,0,0,85.0,40.0,90.0
2017,2017,Edinson Cavani,Edinson Cavani,edinson-cavani-1987,11,2017-01-01,2017-12-31,Paris Saint-Germain,Uruguay,Striker,forward,1,0,0,0,35.0,36.0,0.9722222222222222,36.0,0,0,1,0,0,0,0,0,0,0,0,1,3,3,0,0,modern,calendar,built from ground_truth_resolved + stats_combined + trophies + narrative,0,0,0,96.66666666666667,95.0,96.66666666666667
2017,2017,Isco,Isco,isco-1992,12,2017-01-01,2017-12-31,Real Madrid,,Attacking midfielder winger,forward,1,0,0,0,10.0,30.0,0.3333333333333333,30.0,0,1,0,0,0,0,0,0,0,0,0,1,3,3,1,1,modern,calendar,built from ground_truth_resolved + stats_combined + trophies + narrative,0,0,0,36.666666666666664,40.0,36.666666666666664
2017,2017,Luis Suárez,Luis Suárez,luis-suarez-1987,13,2017-01-01,2017-12-31,Barcelona,Spain,Striker,forward,1,0,0,0,29.0,35.0,0.8285714285714286,35.0,0,0,1,0,0,0,0,0,0,0,0,1,3,3,0,0,modern,calendar,built from ground_truth_resolved + stats_combined + trophies + narrative,0,0,0,85.0,81.66666666666667,80.0
2017,2017,Kevin De Bruyne,Kevin De Bruyne,kevin-de-bruyne-1991,14,2017-01-01,2017-12-31,Manchester City,Belgium,Midfielder,midfielder,0,1,0,0,6.0,36.0,0.16666666666666666,36.0,0,0,1,0,0,0,0,0,0,0,0,1,3,3,0,0,modern,calendar,built from ground_truth_resolved + stats_combined + trophies + narrative,0,0,0,30.0,95.0,30.0
2017,2017,Paulo Dybala,Paulo Dybala,paulo-dybala-1993,15,2017-01-01,2017-12-31,Juventus,,Forward attacking midfielder,forward,1,0,0,0,11.0,31.0,0.3548387096774194,31.0,0,0,0,0,0,0,0,0,0,0,0,1,3,3,0,0,modern,calendar,built from ground_truth_resolved + stats_combined + trophies + narrative,0,0,0,43.333333333333336,53.333333333333336,43.333333333333336
2017,2017,Marcelo,Marcelo,marcelo,16,2017-01-01,2017-12-31,Real Madrid,,,unknown,0,0,0,0,11.0,32.0,0.35294117647058826,,1,1,0,0,0,0,0,0,0,0,0,1,3,3,1,1,modern,calendar,built from ground_truth_resolved + stats_combined + trophies + narrative,1,1,1,43.333333333333336,61.66666666666667,40.0
2017,2017,Toni Kroos,Toni Kroos,toni-kroos-1990,17,2017-01-01,2017-12-31,Real Madrid,Germany,Midfielder,midfielder,0,1,0,0,3.0,29.0,0.10344827586206896,29.0,0,1,0,0,0,0,0,0,0,0,0,1,3,3,1,1,modern,calendar,built from ground_truth_resolved + stats_combined + trophies + narrative,0,0,0,25.0,23.333333333333332,25.0
2017,2017,Antoine Griezmann,Antoine Griezmann,antoine-griezmann-1991,18,2017-01-01,2017-12-31,Atlético Madrid,France,Forward attacking midfielder,forward,1,0,0,0,16.0,36.0,0.4444444444444444,36.0,0,0,0,0,0,0,0,0,0,0,0,2,2,2,0,0,modern,calendar,built from ground_truth_resolved + stats_combined + trophies + narrative,0,0,0,61.66666666666667,95.0,58.333333333333336
2017,2017,Eden Hazard,Eden Hazard,eden-hazard-1991,19,2017-01-01,2017-12-31,Chelsea,Belgium,Left winger attacking midfielder,forward,1,0,0,0,16.0,36.0,0.4444444444444444,36.0,0,0,0,0,0,0,0,0,0,0,0,1,3,3,0,0,modern,calendar,built from ground_truth_resolved + stats_combined + trophies + narrative,0,0,0,61.66666666666667,95.0,58.333333333333336
2017,2017,David de Gea,David de Gea,david-de-gea-1990,20,2017-01-01,2017-12-31,Manchester United,,Goalkeeper,goalkeeper,0,0,0,1,0.0,35.0,0.0,35.0,0,0,0,0,0,0,0,0,0,0,0,1,3,3,0,0,modern,calendar,built from ground_truth_resolved + stats_combined + trophies + narrative,0,0,0,6.666666666666667,81.66666666666667,6.666666666666667
2017,2017,Pierre-Emerick Aubameyang,Pierre-Emerick Aubameyang,pierre-emerick-aubameyang-1989,21,2017-01-01,2017-12-31,Borussia Dortmund,,Striker,forward,1,0,0,0,31.0,32.0,0.96875,32.0,0,0,0,0,0,0,0,0,0,0,0,2,2,2,0,0,modern,calendar,built from ground_truth_resolved + stats_combined + trophies + narrative,0,0,0,93.33333333333333,61.66666666666667,93.33333333333333
2017,2017,Leonardo Bonucci,Leonardo Bonucci,leonardo-bonucci-1987,21,2017-01-01,2017-12-31,Juventus Milan,,Centre-back,defender,0,0,1,0,3.0,29.0,0.10344827586206896,29.0,0,0,0,0,0,0,0,0,0,0,0,1,3,3,0,0,modern,calendar,built from ground_truth_resolved + stats_combined + trophies + narrative,0,0,0,25.0,23.333333333333332,25.0
2017,2017,Sadio Mané,Sadio Mané,sadio-mane-1992,23,2017-01-01,2017-12-31,Liverpool,Senegal,Winger,forward,1,0,0,0,13.0,27.0,0.48148148148148145,27.0,0,0,0,0,0,0,0,0,0,0,0,1,3,3,0,0,modern,calendar,built from ground_truth_resolved + stats_combined + trophies + narrative,0,0,0,53.333333333333336,8.333333333333332,63.33333333333333
2017,2017,Radamel Falcao,Radamel Falcao,radamel-falcao-1986,24,2017-01-01,2017-12-31,Monaco,Colombia,Striker,forward,1,0,0,0,21.0,29.0,0.7241379310344828,29.0,0,0,0,0,0,0,0,0,0,0,0,2,2,2,0,0,modern,calendar,built from ground_truth_resolved + stats_combined + trophies + narrative,0,0,0,71.66666666666667,23.333333333333332,73.33333333333333
2017,2017,Karim Benzema,Karim Benzema,karim-benzema-1987,25,2017-01-01,2017-12-31,Real Madrid,France,Striker,forward,1,0,0,0,11.0,29.0,0.3793103448275862,29.0,0,1,0,0,0,0,0,0,0,0,0,1,3,3,1,1,modern,calendar,built from ground_truth_resolved + stats_combined + trophies + narrative,0,0,0,43.333333333333336,23.333333333333332,46.666666666666664
2017,2017,Jan Oblak,Jan Oblak,jan-oblak-1993,26,2017-01-01,2017-12-31,Atlético Madrid,,Goalkeeper,goalkeeper,0,0,0,1,0.0,30.0,0.0,30.0,0,0,0,0,0,0,0,0,0,0,0,2,2,2,0,0,modern,calendar,built from ground_truth_resolved + stats_combined + trophies + narrative,0,0,0,6.666666666666667,40.0,6.666666666666667
2017,2017,Mats Hummels,Mats Hummels,mats-hummels-1988,27,2017-01-01,2017-12-31,Bayern Munich,Germany,Centre-back,defender,0,0,1,0,1.0,27.0,0.037037037037037035,27.0,0,0,0,0,0,0,0,0,0,0,0,1,3,3,0,0,modern,calendar,built from ground_truth_resolved + stats_combined + trophies + narrative,0,0,0,16.666666666666664,8.333333333333332,16.666666666666664
2017,2017,Edin Džeko,Edin Džeko,edin-dzeko-1986,28,2017-01-01,2017-12-31,Roma,Bosnia and Herzegovina,Striker,forward,1,0,0,0,21.0,33.0,0.6407624633431085,,1,0,0,0,0,0,0,0,0,0,0,2,2,2,0,0,modern,calendar,built from ground_truth_resolved + stats_combined + trophies + narrative,1,1,1,71.66666666666667,68.33333333333333,70.0
2017,2017,Philippe Coutinho,Philippe Coutinho,philippe-coutinho-1992,29,2017-01-01,2017-12-31,Liverpool,,Attacking midfielder,midfielder,0,1,0,0,13.0,31.0,0.41935483870967744,31.0,0,0,0,0,0,0,0,0,0,0,0,1,3,3,0,0,modern,calendar,built from ground_truth_resolved + stats_combined + trophies + narrative,0,0,0,53.333333333333336,53.333333333333336,50.0
2017,2017,Dries Mertens,Dries Mertens,dries-mertens-1987,29,2017-01-01,2017-12-31,Napoli,,Attacking midfielder winger,forward,1,0,0,0,28.0,35.0,0.8,35.0,0,0,0,0,0,0,0,0,0,0,0,2,2,2,0,0,modern,calendar,built from ground_truth_resolved + stats_combined + trophies + narrative,0,0,0,80.0,81.66666666666667,76.66666666666667
2018,2018,Luka Modrić,Luka Modrić,luka-modric-1985,1,2018-01-01,2018-12-31,Real Madrid,Croatia,Central midfielder,midfielder,0,1,0,0,1.0,26.0,0.038461538461538464,26.0,0,1,0,0,1,0,0,0,0,0,0,1,3,3,0,0,modern,calendar,built from ground_truth_resolved + stats_combined + trophies + narrative,0,0,0,26.666666666666668,13.333333333333334,30.0
2018,2018,Cristiano Ronaldo,Cristiano Ronaldo,cristiano-ronaldo-1985,2,2018-01-01,2018-12-31,Real Madrid Juventus,Portugal,Forward,forward,1,0,0,0,26.0,27.0,0.9629629629629629,27.0,0,1,0,0,1,0,0,0,0,0,0,1,3,3,0,0,modern,calendar,built from ground_truth_resolved + stats_combined + trophies + narrative,0,0,0,86.66666666666667,23.333333333333332,100.0
2018,2018,Antoine Griezmann,Antoine Griezmann,antoine-griezmann-1991,3,2018-01-01,2018-12-31,Atlético Madrid,France,Forward attacking midfielder,forward,1,0,0,0,19.0,32.0,0.59375,32.0,0,0,0,0,1,0,0,1,0,0,1,2,2,2,0,0,modern,calendar,built from ground_truth_resolved + stats_combined + trophies + narrative,0,0,0,75.0,50.0,70.0
2018,2018,Kylian Mbappé,Kylian Mbappé,kylian-mbappe-1998,4,2018-01-01,2018-12-31,Paris Saint-Germain,France,Forward,forward,1,0,0,0,13.0,28.0,0.4642857142857143,28.0,0,0,1,0,1,0,0,1,0,0,1,1,3,3,0,0,modern,calendar,built from ground_truth_resolved + stats_combined + trophies + narrative,0,0,0,63.33333333333333,30.0,66.66666666666666
2018,2018,Lionel Messi,Lionel Messi,lionel-messi-1987,5,2018-01-01,2018-12-31,Barcelona,Argentina,Forward,forward,1,0,0,0,34.0,36.0,0.9444444444444444,36.0,0,0,1,0,1,0,0,0,0,0,0,1,3,3,0,0,modern,calendar,built from ground_truth_resolved + stats_combined + trophies + narrative,0,0,0,100.0,80.0,93.33333333333333
2018,2018,Mohamed Salah,Mohamed Salah,mohamed-salah-1992,6,2018-01-01,2018-12-31,Liverpool,Egypt,Right winger,forward,1,0,0,0,32.0,36.0,0.8888888888888888,36.0,0,0,0,0,1,0,0,0,0,0,0,1,3,3,1,1,modern,calendar,built from ground_truth_resolved + stats_combined + trophies + narrative,0,0,0,96.66666666666667,80.0,90.0
2018,2018,Raphaël Varane,Raphaël Varane,raphael-varane-1993,7,2018-01-01,2018-12-31,Real Madrid,,Centre-back,defender,0,0,1,0,0.0,27.0,0.0,27.0,0,1,0,0,1,0,0,0,0,0,0,1,3,3,0,0,modern,calendar,built from ground_truth_resolved + stats_combined + trophies + narrative,0,0,0,11.666666666666666,23.333333333333332,11.666666666666666
2018,2018,Eden Hazard,Eden Hazard,eden-hazard-1991,8,2018-01-01,2018-12-31,Chelsea,Belgium,Left winger attacking midfielder,forward,1,0,0,0,12.0,34.0,0.35294117647058826,34.0,0,0,0,0,1,0,0,0,0,0,0,1,3,3,0,0,modern,calendar,built from ground_truth_resolved + stats_combined + trophies + narrative,0,0,0,60.0,65.0,58.333333333333336
2018,2018,Kevin De Bruyne,Kevin De Bruyne,kevin-de-bruyne-1991,9,2018-01-01,2018-12-31,Manchester City,Belgium,Midfielder,midfielder,0,1,0,0,8.0,37.0,0.21621621621621623,37.0,0,0,1,0,1,0,0,0,0,0,0,1,3,3,0,0,modern,calendar,built from ground_truth_resolved + stats_combined + trophies + narrative,0,0,0,50.0,93.33333333333333,43.333333333333336
2018,2018,Harry Kane,Harry Kane,harry-kane-1993,10,2018-01-01,2018-12-31,Tottenham Hotspur,England,Striker,forward,1,0,0,0,30.0,37.0,0.8108108108108109,37.0,0,0,0,0,1,0,0,0,0,0,0,2,2,2,0,0,modern,calendar,built from ground_truth_resolved + stats_combined + trophies + narrative,0,0,0,93.33333333333333,93.33333333333333,80.0
2018,2018,N'Golo Kanté,N'Golo Kanté,n-golo-kante-1991,11,2018-01-01,2018-12-31,Chelsea,,Defensive midfielder,midfielder,0,1,0,0,1.0,34.0,0.029411764705882353,34.0,0,0,0,0,1,0,0,0,0,0,0,1,3,3,0,0,modern,calendar,built from ground_truth_resolved + stats_combined + trophies + narrative,0,0,0,26.666666666666668,65.0,26.666666666666668
2018,2018,Neymar,Neymar,neymar-1992,12,2018-01-01,2018-12-31,Paris Saint-Germain,Brazil,Attacking midfielder forward,forward,1,0,0,0,19.0,20.0,0.95,20.0,0,0,1,0,1,0,0,0,0,0,0,1,3,3,0,0,modern,calendar,built from ground_truth_resolved + stats_combined + trophies + narrative,0,0,0,75.0,3.3333333333333335,96.66666666666667
2018,2018,Luis Suárez,Luis Suárez,luis-suarez-1987,13,2018-01-01,2018-12-31,Barcelona,Spain,Striker,forward,1,0,0,0,25.0,33.0,0.7575757575757576,33.0,0,0,1,0,1,0,0,0,0,0,0,1,3,3,0,0,modern,calendar,built from ground_truth_resolved + stats_combined + trophies + narrative,0,0,0,83.33333333333334,60.0,76.66666666666667
2018,2018,Thibaut Courtois,Thibaut Courtois,thibaut-courtois-1992,14,2018-01-01,2018-12-31,Chelsea Real Madrid,Belgium,Goalkeeper,goalkeeper,0,0,0,1,0.0,35.0,0.0,35.0,0,1,0,0,1,0,0,0,0,0,0,1,3,3,0,0,modern,calendar,built from ground_truth_resolved + stats_combined + trophies + narrative,0,0,0,11.666666666666666,71.66666666666667,11.666666666666666
2018,2018,Paul Pogba,Paul Pogba,paul-pogba-1993,15,2018-01-01,2018-12-31,Manchester United,France,Midfielder,midfielder,0,1,0,0,6.0,27.0,0.2222222222222222,27.0,0,0,0,0,1,0,0,1,0,0,1,1,3,3,0,0,modern,calendar,built from ground_truth_resolved + stats_combined + trophies + narrative,0,0,0,43.333333333333336,23.333333333333332,46.666666666666664
2018,2018,Sergio Agüero,Sergio Agüero,sergio-aguero-1988,16,2018-01-01,2018-12-31,Manchester City,Argentina,Striker,forward,1,0,0,0,21.0,25.0,0.84,25.0,0,0,1,0,1,0,0,0,0,0,0,1,3,3,0,0,modern,calendar,built from ground_truth_resolved + stats_combined + trophies + narrative,0,0,0,80.0,6.666666666666667,83.33333333333334
2018,2018,Gareth Bale,Gareth Bale,gareth-bale-1989,17,2018-01-01,2018-12-31,Real Madrid,Wales,Right winger forward,forward,1,0,0,0,16.0,26.0,0.6153846153846154,26.0,0,1,0,0,1,0,0,0,0,0,0,1,3,3,0,0,modern,calendar,built from ground_truth_resolved + stats_combined + trophies + narrative,0,0,0,70.0,13.333333333333334,73.33333333333333
2018,2018,Karim Benzema,Karim Benzema,karim-benzema-1987,17,2018-01-01,2018-12-31,Real Madrid,France,Striker,forward,1,0,0,0,5.0,32.0,0.15625,32.0,0,1,0,0,1,0,0,1,0,0,1,1,3,3,0,0,modern,calendar,built from ground_truth_resolved + stats_combined + trophies + narrative,0,0,0,38.333333333333336,50.0,38.333333333333336
2018,2018,Roberto Firmino,Roberto Firmino,roberto-firmino-1991,19,2018-01-01,2018-12-31,Liverpool,,Forward attacking midfielder,forward,1,0,0,0,15.0,37.0,0.40540540540540543,37.0,0,0,0,0,1,0,0,0,0,0,0,1,3,3,1,1,modern,calendar,built from ground_truth_resolved + stats_combined + trophies + narrative,0,0,0,66.66666666666666,93.33333333333333,63.33333333333333
2018,2018,Ivan Rakitić,Ivan Rakitić,ivan-rakitic-1988,19,2018-01-01,2018-12-31,Barcelona,Croatia,Midfielder,midfielder,0,1,0,0,1.0,35.0,0.02857142857142857,35.0,0,0,1,0,1,0,0,0,0,0,0,1,3,3,0,0,modern,calendar,built from ground_truth_resolved + stats_combined + trophies + narrative,0,0,0,26.666666666666668,71.66666666666667,23.333333333333332
2018,2018,Sergio Ramos,Sergio Ramos,sergio-ramos-1986,19,2018-01-01,2018-12-31,Real Madrid,Spain,Centre-back,defender,0,0,1,0,4.0,26.0,0.15384615384615385,26.0,0,1,0,0,1,0,0,0,0,0,0,1,3,3,0,0,modern,calendar,built from ground_truth_resolved + stats_combined + trophies + narrative,0,0,0,33.33333333333333,13.333333333333334,33.33333333333333
2018,2018,Edinson Cavani,Edinson Cavani,edinson-cavani-1987,22,2018-01-01,2018-12-31,Paris Saint-Germain,Uruguay,Striker,forward,1,0,0,0,28.0,32.0,0.875,32.0,0,0,1,0,1,0,0,0,0,0,0,1,3,3,0,0,modern,calendar,built from ground_truth_resolved + stats_combined + trophies + narrative,0,0,0,90.0,50.0,86.66666666666667
2018,2018,Sadio Mané,Sadio Mané,sadio-mane-1992,22,2018-01-01,2018-12-31,Liverpool,Senegal,Winger,forward,1,0,0,0,10.0,29.0,0.3448275862068966,29.0,0,0,0,0,1,0,0,0,0,0,0,1,3,3,1,1,modern,calendar,built from ground_truth_resolved + stats_combined + trophies + narrative,0,0,0,53.333333333333336,33.33333333333333,53.333333333333336
2018,2018,Marcelo,Marcelo,marcelo,22,2018-01-01,2018-12-31,Real Madrid,,,unknown,0,0,0,0,11.0,32.0,0.35294117647058826,,1,1,0,0,1,0,0,0,0,0,0,1,3,3,0,0,modern,calendar,built from ground_truth_resolved + stats_combined + trophies + narrative,1,1,1,56.666666666666664,50.0,58.333333333333336
2018,2018,Alisson,Alisson,alisson-1992,25,2018-01-01,2018-12-31,Roma Liverpool,,Goalkeeper,goalkeeper,0,0,0,1,0.0,37.0,0.0,37.0,0,0,0,0,1,0,0,0,0,0,0,1,3,3,1,1,modern,calendar,built from ground_truth_resolved + stats_combined + trophies + narrative,0,0,0,11.666666666666666,93.33333333333333,11.666666666666666
2018,2018,Mario Mandžukić,Mario Mandžukić,mario-mandzukic-1986,25,2018-01-01,2018-12-31,Juventus,,Striker,forward,1,0,0,0,5.0,32.0,0.15625,32.0,0,0,0,0,1,0,0,0,0,0,0,1,3,3,0,0,modern,calendar,built from ground_truth_resolved + stats_combined + trophies + narrative,0,0,0,38.333333333333336,50.0,38.333333333333336
2018,2018,Jan Oblak,Jan Oblak,jan-oblak-1993,25,2018-01-01,2018-12-31,Atlético Madrid,,Goalkeeper,goalkeeper,0,0,0,1,0.0,37.0,0.0,37.0,0,0,0,0,1,0,0,0,0,0,0,2,2,2,0,0,modern,calendar,built from ground_truth_resolved + stats_combined + trophies + narrative,0,0,0,11.666666666666666,93.33333333333333,11.666666666666666
2018,2018,Diego Godín,Diego Godín,diego-godin-1986,28,2018-01-01,2018-12-31,Atlético Madrid,,Centre-back,defender,0,0,1,0,0.0,30.0,0.0,30.0,0,0,0,0,1,0,0,0,0,0,0,2,2,2,0,0,modern,calendar,built from ground_truth_resolved + stats_combined + trophies + narrative,0,0,0,11.666666666666666,38.333333333333336,11.666666666666666
2018,2018,Isco,Isco,isco-1992,29,2018-01-01,2018-12-31,Real Madrid,,Attacking midfielder winger,forward,1,0,0,0,7.0,30.0,0.23333333333333334,30.0,0,1,0,0,1,0,0,0,0,0,0,1,3,3,0,0,modern,calendar,built from ground_truth_resolved + stats_combined + trophies + narrative,0,0,0,46.666666666666664,38.333333333333336,50.0
2018,2018,Hugo Lloris,Hugo Lloris,hugo-lloris-1986,29,2018-01-01,2018-12-31,Tottenham Hotspur,,Goalkeeper,goalkeeper,0,0,0,1,0.0,36.0,0.0,36.0,0,0,0,0,1,0,0,0,0,0,0,2,2,2,0,0,modern,calendar,built from ground_truth_resolved + stats_combined + trophies + narrative,0,0,0,11.666666666666666,80.0,11.666666666666666
2019,2019,Lionel Messi,Lionel Messi,lionel-messi-1987,1,2019-01-01,2019-12-31,Barcelona,Argentina,Forward,forward,1,0,0,0,36.0,34.0,1.0588235294117647,34.0,0,0,0,0,0,0,1,0,0,0,0,1,3,3,0,0,modern,calendar,built from ground_truth_resolved + stats_combined + trophies + narrative,0,0,0,100.0,53.333333333333336,96.66666666666667
2019,2019,Virgil van Dijk,Virgil van Dijk,virgil-van-dijk-1991,2,2019-01-01,2019-12-31,Liverpool,Netherlands,Centre-back,defender,0,0,1,0,4.0,38.0,0.10526315789473684,38.0,0,1,1,1,0,0,1,0,0,0,0,1,3,3,0,0,modern,calendar,built from ground_truth_resolved + stats_combined + trophies + narrative,0,0,0,36.666666666666664,96.66666666666667,35.0
2019,2019,Cristiano Ronaldo,Cristiano Ronaldo,cristiano-ronaldo-1985,3,2019-01-01,2019-12-31,Juventus,Portugal,Forward,forward,1,0,0,0,21.0,31.0,0.6774193548387096,31.0,0,0,0,0,0,0,1,0,0,0,0,1,3,3,0,0,modern,calendar,built from ground_truth_resolved + stats_combined + trophies + narrative,0,0,0,73.33333333333333,26.666666666666668,90.0
2019,2019,Sadio Mané,Sadio Mané,sadio-mane-1992,4,2019-01-01,2019-12-31,Liverpool,Senegal,Winger,forward,1,0,0,0,22.0,36.0,0.6111111111111112,36.0,0,1,1,1,0,0,1,0,0,0,0,1,3,3,0,0,modern,calendar,built from ground_truth_resolved + stats_combined + trophies + narrative,0,0,0,85.0,78.33333333333333,78.33333333333333
2019,2019,Mohamed Salah,Mohamed Salah,mohamed-salah-1992,5,2019-01-01,2019-12-31,Liverpool,Egypt,Right winger,forward,1,0,0,0,22.0,38.0,0.5789473684210527,38.0,0,1,1,1,0,0,1,0,0,0,0,1,3,3,0,0,modern,calendar,built from ground_truth_resolved + stats_combined + trophies + narrative,0,0,0,85.0,96.66666666666667,70.0
2019,2019,Kylian Mbappé,Kylian Mbappé,kylian-mbappe-1998,6,2019-01-01,2019-12-31,Paris Saint-Germain,France,Forward,forward,1,0,0,0,33.0,29.0,1.1379310344827587,29.0,0,0,1,0,0,0,1,0,0,0,0,1,3,3,0,0,modern,calendar,built from ground_truth_resolved + stats_combined + trophies + narrative,0,0,0,96.66666666666667,15.0,100.0
2019,2019,Alisson,Alisson,alisson-1992,7,2019-01-01,2019-12-31,Liverpool,,Goalkeeper,goalkeeper,0,0,0,1,0.0,38.0,0.0,38.0,0,1,1,1,0,0,1,0,0,0,0,1,3,3,0,0,modern,calendar,built from ground_truth_resolved + stats_combined + trophies + narrative,0,0,0,6.666666666666667,96.66666666666667,6.666666666666667
2019,2019,Robert Lewandowski,Robert Lewandowski,robert-lewandowski-1988,8,2019-01-01,2019-12-31,Bayern Munich,Poland,Striker,forward,1,0,0,0,22.0,33.0,0.6666666666666666,33.0,0,0,0,0,0,0,1,0,0,0,0,1,3,3,1,1,modern,calendar,built from ground_truth_resolved + stats_combined + trophies + narrative,0,0,0,85.0,38.333333333333336,86.66666666666667
2019,2019,Bernardo Silva,Bernardo Silva,bernardo-silva-1994,9,2019-01-01,2019-12-31,Manchester City,Portugal,Midfielder,midfielder,0,1,0,0,7.0,36.0,0.19444444444444445,36.0,0,0,0,0,0,0,1,0,0,0,0,1,3,3,0,0,modern,calendar,built from ground_truth_resolved + stats_combined + trophies + narrative,0,0,0,41.66666666666667,78.33333333333333,40.0
2019,2019,Riyad Mahrez,Riyad Mahrez,riyad-mahrez-1991,10,2019-01-01,2019-12-31,Manchester City,Algeria,Right winger,forward,1,0,0,0,7.0,27.0,0.25925925925925924,27.0,0,0,0,0,0,0,1,0,0,0,0,1,3,3,0,0,modern,calendar,built from ground_truth_resolved + stats_combined + trophies + narrative,0,0,0,41.66666666666667,10.0,43.333333333333336
2019,2019,Frenkie de Jong,Frenkie de Jong,frenkie-de-jong-1997,11,2019-01-01,2019-12-31,Ajax Barcelona,,Midfielder,midfielder,0,1,0,0,3.0,31.0,0.0967741935483871,31.0,0,0,0,0,0,0,1,0,0,0,0,1,3,3,0,0,modern,calendar,built from ground_truth_resolved + stats_combined + trophies + narrative,0,0,0,28.333333333333332,26.666666666666668,26.666666666666668
2019,2019,Raheem Sterling,Raheem Sterling,raheem-sterling-1994,12,2019-01-01,2019-12-31,Manchester City,,Winger,forward,1,0,0,0,17.0,34.0,0.5,34.0,0,0,0,0,0,0,1,0,0,0,0,1,3,3,0,0,modern,calendar,built from ground_truth_resolved + stats_combined + trophies + narrative,0,0,0,66.66666666666666,53.333333333333336,63.33333333333333
2019,2019,Eden Hazard,Eden Hazard,eden-hazard-1991,13,2019-01-01,2019-12-31,Chelsea Real Madrid,Belgium,Left winger attacking midfielder,forward,1,0,0,0,16.0,37.0,0.43243243243243246,37.0,0,0,0,0,0,0,1,0,0,0,0,1,3,3,0,0,modern,calendar,built from ground_truth_resolved + stats_combined + trophies + narrative,0,0,0,63.33333333333333,88.33333333333333,60.0
2019,2019,Kevin De Bruyne,Kevin De Bruyne,kevin-de-bruyne-1991,14,2019-01-01,2019-12-31,Manchester City,Belgium,Midfielder,midfielder,0,1,0,0,2.0,19.0,0.10526315789473684,19.0,0,0,0,0,0,0,1,0,0,0,0,1,3,3,0,0,modern,calendar,built from ground_truth_resolved + stats_combined + trophies + narrative,0,0,0,18.333333333333332,3.3333333333333335,35.0
2019,2019,Matthijs de Ligt,Matthijs de Ligt,matthijs-de-ligt-1999,15,2019-01-01,2019-12-31,Ajax Juventus,,Centre-back,defender,0,0,1,0,3.0,33.0,0.09090909090909091,33.0,0,0,0,0,0,0,1,0,0,0,0,1,3,3,0,0,modern,calendar,built from ground_truth_resolved + stats_combined + trophies + narrative,0,0,0,28.333333333333332,38.333333333333336,23.333333333333332
2019,2019,Sergio Agüero,Sergio Agüero,sergio-aguero-1988,16,2019-01-01,2019-12-31,Manchester City,Argentina,Striker,forward,1,0,0,0,21.0,33.0,0.6363636363636364,33.0,0,0,0,0,0,0,1,0,0,0,0,1,3,3,0,0,modern,calendar,built from ground_truth_resolved + stats_combined + trophies + narrative,0,0,0,73.33333333333333,38.333333333333336,83.33333333333334
2019,2019,Roberto Firmino,Roberto Firmino,roberto-firmino-1991,17,2019-01-01,2019-12-31,Liverpool,,Forward attacking midfielder,forward,1,0,0,0,12.0,34.0,0.35294117647058826,34.0,0,1,1,1,0,0,1,0,0,0,0,1,3,3,0,0,modern,calendar,built from ground_truth_resolved + stats_combined + trophies + narrative,0,0,0,51.66666666666667,53.333333333333336,50.0
2019,2019,Antoine Griezmann,Antoine Griezmann,antoine-griezmann-1991,18,2019-01-01,2019-12-31,Atlético Madrid Barcelona,France,Forward attacking midfielder,forward,1,0,0,0,15.0,37.0,0.40540540540540543,37.0,0,0,0,0,0,0,1,0,0,0,0,1,3,3,0,0,modern,calendar,built from ground_truth_resolved + stats_combined + trophies + narrative,0,0,0,58.333333333333336,88.33333333333333,56.666666666666664
2019,2019,Trent Alexander-Arnold,Trent Alexander-Arnold,trent-alexander-arnold-1998,19,2019-01-01,2019-12-31,Liverpool,England,Right-back midfielder,defender,0,0,1,0,1.0,29.0,0.034482758620689655,29.0,0,1,1,1,0,0,1,0,0,0,0,1,3,3,0,0,modern,calendar,built from ground_truth_resolved + stats_combined + trophies + narrative,0,0,0,13.333333333333334,15.0,13.333333333333334
2019,2019,Pierre-Emerick Aubameyang,Pierre-Emerick Aubameyang,pierre-emerick-aubameyang-1989,20,2019-01-01,2019-12-31,Arsenal,,Striker,forward,1,0,0,0,22.0,36.0,0.6111111111111112,36.0,0,0,0,0,0,0,1,0,0,0,0,2,2,2,0,0,modern,calendar,built from ground_truth_resolved + stats_combined + trophies + narrative,0,0,0,85.0,78.33333333333333,78.33333333333333
2019,2019,Dušan Tadić,Dušan Tadić,dusan-tadic-1988,20,2019-01-01,2019-12-31,Ajax,,Attacking midfielder forward,forward,1,0,0,0,28.0,34.0,0.8235294117647058,34.0,0,0,0,0,0,0,1,0,0,0,0,2,2,2,0,0,modern,calendar,built from ground_truth_resolved + stats_combined + trophies + narrative,0,0,0,93.33333333333333,53.333333333333336,93.33333333333333
2019,2019,Son Heung-min,Son Heung-min,son-heung-min-1992,22,2019-01-01,2019-12-31,Tottenham Hotspur,South Korea,Forward,forward,1,0,0,0,12.0,31.0,0.3870967741935484,31.0,0,0,0,0,0,0,1,0,0,0,0,2,2,2,0,0,modern,calendar,built from ground_truth_resolved + stats_combined + trophies + narrative,0,0,0,51.66666666666667,26.666666666666668,53.333333333333336
2019,2019,Hugo Lloris,Hugo Lloris,hugo-lloris-1986,23,2019-01-01,2019-12-31,Tottenham Hotspur,,Goalkeeper,goalkeeper,0,0,0,1,0.0,33.0,0.0,33.0,0,0,0,0,0,0,1,0,0,0,0,2,2,2,0,0,modern,calendar,built from ground_truth_resolved + stats_combined + trophies + narrative,0,0,0,6.666666666666667,38.333333333333336,6.666666666666667
2019,2019,Kalidou Koulibaly,Kalidou Koulibaly,kalidou-koulibaly-1991,24,2019-01-01,2019-12-31,Napoli,,Centre-back,defender,0,0,1,0,2.0,35.0,0.05714285714285714,35.0,0,0,0,0,0,0,1,0,0,0,0,2,2,2,0,0,modern,calendar,built from ground_truth_resolved + stats_combined + trophies + narrative,0,0,0,18.333333333333332,66.66666666666666,16.666666666666664
2019,2019,Marc-André ter Stegen,Marc-André ter Stegen,marc-andre-ter-stegen-1992,24,2019-01-01,2019-12-31,Barcelona,,Goalkeeper,goalkeeper,0,0,0,1,0.0,35.0,0.0,35.0,0,0,0,0,0,0,1,0,0,0,0,1,3,3,0,0,modern,calendar,built from ground_truth_resolved + stats_combined + trophies + narrative,0,0,0,6.666666666666667,66.66666666666666,6.666666666666667
2019,2019,Karim Benzema,Karim Benzema,karim-benzema-1987,26,2019-01-01,2019-12-31,Real Madrid,France,Striker,forward,1,0,0,0,21.0,36.0,0.5833333333333334,36.0,0,0,1,0,0,0,1,0,0,0,0,1,3,3,0,0,modern,calendar,built from ground_truth_resolved + stats_combined + trophies + narrative,0,0,0,73.33333333333333,78.33333333333333,73.33333333333333
2019,2019,Georginio Wijnaldum,Georginio Wijnaldum,georginio-wijnaldum-1990,26,2019-01-01,2019-12-31,Liverpool,,Midfielder,midfielder,0,1,0,0,3.0,35.0,0.08571428571428572,35.0,0,1,1,1,0,0,1,0,0,0,0,1,3,3,0,0,modern,calendar,built from ground_truth_resolved + stats_combined + trophies + narrative,0,0,0,28.333333333333332,66.66666666666666,20.0
2019,2019,João Félix,João Félix,joao-felix-1999,28,2019-01-01,2019-12-31,Benfica Atlético Madrid,,Attacking midfielder forward,forward,1,0,0,0,15.0,26.0,0.5769230769230769,26.0,0,0,0,0,0,0,1,0,0,0,0,2,2,2,0,0,modern,calendar,built from ground_truth_resolved + stats_combined + trophies + narrative,0,0,0,58.333333333333336,6.666666666666667,66.66666666666666
2019,2019,Marquinhos,Marquinhos,marquinhos-1994,28,2019-01-01,2019-12-31,Paris Saint-Germain,,Centre-back,defender,0,0,1,0,3.0,30.0,0.1,30.0,0,0,1,0,0,0,1,0,0,0,0,1,3,3,0,0,modern,calendar,built from ground_truth_resolved + stats_combined + trophies + narrative,0,0,0,28.333333333333332,20.0,30.0
2019,2019,Donny van de Beek,Donny van de Beek,donny-van-de-beek-1997,28,2019-01-01,2019-12-31,Ajax,,Midfielder,midfielder,0,1,0,0,9.0,34.0,0.2647058823529412,34.0,0,0,0,0,0,0,1,0,0,0,0,2,2,2,0,0,modern,calendar,built from ground_truth_resolved + stats_combined + trophies + narrative,0,0,0,46.666666666666664,53.333333333333336,46.666666666666664
2021,2021,Lionel Messi,Lionel Messi,lionel-messi-1987,1,2021-01-01,2021-12-31,Paris Saint-Germain,Argentina,Forward,forward,1,0,0,0,30.0,35.0,0.8571428571428571,35.0,0,0,1,0,0,0,1,0,0,1,1,1,3,3,0,0,modern,calendar,built from ground_truth_resolved + stats_combined + trophies + narrative,0,0,0,96.66666666666667,70.0,86.66666666666667
2021,2021,Robert Lewandowski,Robert Lewandowski,robert-lewandowski-1988,2,2021-01-01,2021-12-31,Bayern Munich,Poland,Striker,forward,1,0,0,0,41.0,29.0,1.4137931034482758,29.0,0,0,0,0,0,0,1,0,0,0,0,1,3,3,0,0,modern,calendar,built from ground_truth_resolved + stats_combined + trophies + narrative,0,0,0,100.0,33.33333333333333,100.0
2021,2021,Jorginho,Jorginho,jorginho,3,2021-01-01,2021-12-31,Chelsea,,,unknown,0,0,0,0,11.0,32.0,0.35294117647058826,,1,1,0,0,0,0,1,0,0,0,0,1,3,3,0,0,modern,calendar,built from ground_truth_resolved + stats_combined + trophies + narrative,1,1,1,56.666666666666664,48.333333333333336,53.333333333333336
2021,2021,Karim Benzema,Karim Benzema,karim-benzema-1987,4,2021-01-01,2021-12-31,Real Madrid,France,Striker,forward,1,0,0,0,23.0,34.0,0.6764705882352942,34.0,0,0,1,0,0,0,1,0,0,0,0,1,3,3,1,1,modern,calendar,built from ground_truth_resolved + stats_combined + trophies + narrative,0,0,0,76.66666666666667,61.66666666666667,80.0
2021,2021,N'Golo Kanté,N'Golo Kanté,n-golo-kante-1991,5,2021-01-01,2021-12-31,Chelsea,,Defensive midfielder,midfielder,0,1,0,0,0.0,30.0,0.0,30.0,0,1,0,0,0,0,1,0,0,0,0,1,3,3,0,0,modern,calendar,built from ground_truth_resolved + stats_combined + trophies + narrative,0,0,0,8.333333333333332,36.666666666666664,8.333333333333332
2021,2021,Cristiano Ronaldo,Cristiano Ronaldo,cristiano-ronaldo-1985,6,2021-01-01,2021-12-31,Manchester United,Portugal,Forward,forward,1,0,0,0,29.0,33.0,0.8787878787878788,33.0,0,0,0,0,0,0,1,0,0,0,0,1,3,3,0,0,modern,calendar,built from ground_truth_resolved + stats_combined + trophies + narrative,0,0,0,93.33333333333333,55.00000000000001,93.33333333333333
2021,2021,Mohamed Salah,Mohamed Salah,mohamed-salah-1992,7,2021-01-01,2021-12-31,Liverpool,Egypt,Right winger,forward,1,0,0,0,22.0,37.0,0.5945945945945946,37.0,0,0,0,0,0,0,1,0,0,0,0,1,3,3,0,0,modern,calendar,built from ground_truth_resolved + stats_combined + trophies + narrative,0,0,0,70.0,91.66666666666666,66.66666666666666
2021,2021,Kevin De Bruyne,Kevin De Bruyne,kevin-de-bruyne-1991,8,2021-01-01,2021-12-31,Manchester City,Belgium,Midfielder,midfielder,0,1,0,0,6.0,25.0,0.24,25.0,0,0,1,0,0,0,1,0,0,0,0,1,3,3,0,0,modern,calendar,built from ground_truth_resolved + stats_combined + trophies + narrative,0,0,0,38.333333333333336,10.0,40.0
2021,2021,Kylian Mbappé,Kylian Mbappé,kylian-mbappe-1998,9,2021-01-01,2021-12-31,Paris Saint-Germain,France,Forward,forward,1,0,0,0,27.0,31.0,0.8709677419354839,31.0,0,0,1,0,0,0,1,0,0,0,0,1,3,3,0,0,modern,calendar,built from ground_truth_resolved + stats_combined + trophies + narrative,0,0,0,88.33333333333333,41.66666666666667,90.0
2021,2021,Gianluigi Donnarumma,Gianluigi Donnarumma,gianluigi-donnarumma-1999,10,2021-01-01,2021-12-31,Paris Saint-Germain,Italy,Goalkeeper,goalkeeper,0,0,0,1,0.0,37.0,0.0,37.0,0,0,1,0,0,0,1,0,0,0,0,1,3,3,0,0,modern,calendar,built from ground_truth_resolved + stats_combined + trophies + narrative,0,0,0,8.333333333333332,91.66666666666666,8.333333333333332
2021,2021,Erling Haaland,Erling Haaland,erling-haaland-2000,11,2021-01-01,2021-12-31,Borussia Dortmund,Norway,Striker,forward,1,0,0,0,27.0,28.0,0.9642857142857143,28.0,0,0,0,0,0,0,1,0,0,0,0,2,2,2,0,0,modern,calendar,built from ground_truth_resolved + stats_combined + trophies + narrative,0,0,0,88.33333333333333,26.666666666666668,96.66666666666667
2021,2021,Romelu Lukaku,Romelu Lukaku,romelu-lukaku-1993,12,2021-01-01,2021-12-31,Chelsea,,Striker,forward,1,0,0,0,24.0,36.0,0.6666666666666666,36.0,0,1,0,0,0,0,1,0,0,0,0,1,3,3,0,0,modern,calendar,built from ground_truth_resolved + stats_combined + trophies + narrative,0,0,0,83.33333333333334,80.0,76.66666666666667
2021,2021,Giorgio Chiellini,Giorgio Chiellini,giorgio-chiellini-1984,12,2021-01-01,2021-12-31,Juventus,,Centre-back,defender,0,0,1,0,0.0,17.0,0.0,17.0,0,0,0,0,0,0,1,0,0,0,0,1,3,3,0,0,modern,calendar,built from ground_truth_resolved + stats_combined + trophies + narrative,0,0,0,8.333333333333332,3.3333333333333335,8.333333333333332
2021,2021,Leonardo Bonucci,Leonardo Bonucci,leonardo-bonucci-1987,14,2021-01-01,2021-12-31,Juventus,,Centre-back,defender,0,0,1,0,2.0,26.0,0.07692307692307693,26.0,0,0,0,0,0,0,1,0,0,0,0,1,3,3,0,0,modern,calendar,built from ground_truth_resolved + stats_combined + trophies + narrative,0,0,0,21.666666666666668,15.0,23.333333333333332
2021,2021,Raheem Sterling,Raheem Sterling,raheem-sterling-1994,15,2021-01-01,2021-12-31,Manchester City,,Winger,forward,1,0,0,0,10.0,31.0,0.3225806451612903,31.0,0,0,1,0,0,0,1,0,0,0,0,1,3,3,0,0,modern,calendar,built from ground_truth_resolved + stats_combined + trophies + narrative,0,0,0,53.333333333333336,41.66666666666667,46.666666666666664
2021,2021,Neymar,Neymar,neymar-1992,16,2021-01-01,2021-12-31,Paris Saint-Germain,Brazil,Attacking midfielder forward,forward,1,0,0,0,9.0,18.0,0.5,18.0,0,0,1,0,0,0,1,0,0,0,0,1,3,3,0,0,modern,calendar,built from ground_truth_resolved + stats_combined + trophies + narrative,0,0,0,46.666666666666664,6.666666666666667,63.33333333333333
2021,2021,Luis Suárez,Luis Suárez,luis-suarez-1987,17,2021-01-01,2021-12-31,Atlético Madrid,Spain,Striker,forward,1,0,0,0,21.0,32.0,0.65625,32.0,0,0,0,0,0,0,1,0,0,0,0,2,2,2,0,0,modern,calendar,built from ground_truth_resolved + stats_combined + trophies + narrative,0,0,0,66.66666666666666,48.333333333333336,70.0
2021,2021,Simon Kjær,Simon Kjær,simon-kj-r-1989,17,2021-01-01,2021-12-31,Milan,,Centre-back,defender,0,0,1,0,0.0,28.0,0.0,28.0,0,0,0,0,0,0,1,0,0,0,0,1,3,3,0,0,modern,calendar,built from ground_truth_resolved + stats_combined + trophies + narrative,0,0,0,8.333333333333332,26.666666666666668,8.333333333333332
2021,2021,Mason Mount,Mason Mount,mason-mount-1999,19,2021-01-01,2021-12-31,Chelsea,,Midfielder,midfielder,0,1,0,0,6.0,36.0,0.16666666666666666,36.0,0,1,0,0,0,0,1,0,0,0,0,1,3,3,0,0,modern,calendar,built from ground_truth_resolved + stats_combined + trophies + narrative,0,0,0,38.333333333333336,80.0,36.666666666666664
2021,2021,Riyad Mahrez,Riyad Mahrez,riyad-mahrez-1991,19,2021-01-01,2021-12-31,Manchester City,Algeria,Right winger,forward,1,0,0,0,9.0,27.0,0.3333333333333333,27.0,0,0,1,0,0,0,1,0,0,0,0,1,3,3,0,0,modern,calendar,built from ground_truth_resolved + stats_combined + trophies + narrative,0,0,0,46.666666666666664,20.0,50.0
2021,2021,Bruno Fernandes,Bruno Fernandes,bruno-fernandes-1994,21,2021-01-01,2021-12-31,Manchester United,,Attacking midfielder,midfielder,0,1,0,0,18.0,37.0,0.4864864864864865,37.0,0,0,0,0,0,0,1,0,0,0,0,1,3,3,0,0,modern,calendar,built from ground_truth_resolved + stats_combined + trophies + narrative,0,0,0,63.33333333333333,91.66666666666666,60.0
2021,2021,Lautaro Martínez,Lautaro Martínez,lautaro-martinez-1997,21,2021-01-01,2021-12-31,Inter Milan,Argentina,Striker,forward,1,0,0,0,17.0,38.0,0.4473684210526316,38.0,0,0,0,0,0,0,1,0,0,1,1,1,3,3,0,0,modern,calendar,built from ground_truth_resolved + stats_combined + trophies + narrative,0,0,0,60.0,100.0,56.666666666666664
2021,2021,Harry Kane,Harry Kane,harry-kane-1993,23,2021-01-01,2021-12-31,Tottenham Hotspur,England,Striker,forward,1,0,0,0,23.0,35.0,0.6571428571428571,35.0,0,0,0,0,0,0,1,0,0,0,0,2,2,2,0,0,modern,calendar,built from ground_truth_resolved + stats_combined + trophies + narrative,0,0,0,76.66666666666667,70.0,73.33333333333333
2021,2021,Pedri,Pedri,pedri-2002,24,2021-01-01,2021-12-31,Barcelona,Spain,Midfielder,midfielder,0,1,0,0,3.0,37.0,0.08108108108108109,37.0,0,0,0,0,0,0,1,0,0,0,0,1,3,3,0,0,modern,calendar,built from ground_truth_resolved + stats_combined + trophies + narrative,0,0,0,28.333333333333332,91.66666666666666,26.666666666666668
2021,2021,Phil Foden,Phil Foden,phil-foden-2000,25,2021-01-01,2021-12-31,Manchester City,England,Midfielder,midfielder,0,1,0,0,9.0,28.0,0.32142857142857145,28.0,0,0,1,0,0,0,1,0,0,0,0,1,3,3,0,0,modern,calendar,built from ground_truth_resolved + stats_combined + trophies + narrative,0,0,0,46.666666666666664,26.666666666666668,43.333333333333336
2021,2021,Gerard Moreno,Gerard Moreno,gerard-moreno-1992,26,2021-01-01,2021-12-31,Villarreal,,Striker,forward,1,0,0,0,23.0,33.0,0.696969696969697,33.0,0,0,0,0,0,0,1,0,0,0,0,2,2,2,0,0,modern,calendar,built from ground_truth_resolved + stats_combined + trophies + narrative,0,0,0,76.66666666666667,55.00000000000001,83.33333333333334
2021,2021,Nicolò Barella,Nicolò Barella,nicolo-barella-1997,26,2021-01-01,2021-12-31,Inter Milan,Italy,Midfielder,midfielder,0,1,0,0,3.0,36.0,0.08333333333333333,36.0,0,0,0,0,0,0,1,0,0,0,0,1,3,3,0,0,modern,calendar,built from ground_truth_resolved + stats_combined + trophies + narrative,0,0,0,28.333333333333332,80.0,30.0
2021,2021,Rúben Dias,Rúben Dias,ruben-dias-1997,26,2021-01-01,2021-12-31,Manchester City,Portugal,Centre-back,defender,0,0,1,0,2.0,34.0,0.058823529411764705,34.0,0,0,1,0,0,0,1,0,0,0,0,1,3,3,0,0,modern,calendar,built from ground_truth_resolved + stats_combined + trophies + narrative,0,0,0,21.666666666666668,61.66666666666667,20.0
2021,2021,Luka Modrić,Luka Modrić,luka-modric-1985,29,2021-01-01,2021-12-31,Real Madrid,Croatia,Central midfielder,midfielder,0,1,0,0,5.0,35.0,0.14285714285714285,35.0,0,0,1,0,0,0,1,0,0,0,0,1,3,3,1,1,modern,calendar,built from ground_truth_resolved + stats_combined + trophies + narrative,0,0,0,33.33333333333333,70.0,33.33333333333333
2021,2021,Cesar Azpilicueta,Cesar Azpilicueta,cesar-azpilicueta-1989,29,2021-01-01,2021-12-31,Chelsea,,Defender,defender,0,0,1,0,1.0,26.0,0.038461538461538464,26.0,0,1,0,0,0,0,1,0,0,0,0,1,3,3,0,0,modern,calendar,built from ground_truth_resolved + stats_combined + trophies + narrative,0,0,0,16.666666666666664,15.0,16.666666666666664
2022,2022,Karim Benzema,Karim Benzema,karim-benzema-1987,1,2021-08-01,2022-07-31,Real Madrid,France,Striker,forward,1,0,0,0,27.0,32.0,0.84375,32.0,0,1,0,0,1,0,0,0,0,0,0,1,3,3,0,0,modern,season,built from ground_truth_resolved + stats_combined + trophies + narrative,0,0,0,93.33333333333333,41.66666666666667,90.0
2022,2022,Sadio Mané,Sadio Mané,sadio-mane-1992,2,2021-08-01,2022-07-31,Liverpool,Senegal,Winger,forward,1,0,0,0,16.0,34.0,0.47058823529411764,34.0,0,0,0,0,1,0,0,0,0,0,0,1,3,3,0,0,modern,season,built from ground_truth_resolved + stats_combined + trophies + narrative,0,0,0,56.666666666666664,61.66666666666667,56.666666666666664
2022,2022,Kevin De Bruyne,Kevin De Bruyne,kevin-de-bruyne-1991,3,2021-08-01,2022-07-31,Manchester City,Belgium,Midfielder,midfielder,0,1,0,0,15.0,30.0,0.5,30.0,0,0,1,0,1,0,0,0,0,0,0,1,3,3,1,1,modern,season,built from ground_truth_resolved + stats_combined + trophies + narrative,0,0,0,53.333333333333336,23.333333333333332,63.33333333333333
2022,2022,Robert Lewandowski,Robert Lewandowski,robert-lewandowski-1988,4,2021-08-01,2022-07-31,Bayern Munich,Poland,Striker,forward,1,0,0,0,35.0,34.0,1.0294117647058822,34.0,0,0,0,0,1,0,0,0,0,0,0,1,3,3,0,0,modern,season,built from ground_truth_resolved + stats_combined + trophies + narrative,0,0,0,100.0,61.66666666666667,100.0
2022,2022,Mohamed Salah,Mohamed Salah,mohamed-salah-1992,5,2021-08-01,2022-07-31,Liverpool,Egypt,Right winger,forward,1,0,0,0,23.0,35.0,0.6571428571428571,35.0,0,0,0,0,1,0,0,0,0,0,0,1,3,3,0,0,modern,season,built from ground_truth_resolved + stats_combined + trophies + narrative,0,0,0,81.66666666666667,80.0,75.0
2022,2022,Kylian Mbappé,Kylian Mbappé,kylian-mbappe-1998,6,2021-08-01,2022-07-31,Paris Saint-Germain,France,Forward,forward,1,0,0,0,28.0,35.0,0.8,35.0,0,0,1,0,1,0,0,0,0,0,0,1,3,3,0,0,modern,season,built from ground_truth_resolved + stats_combined + trophies + narrative,0,0,0,96.66666666666667,80.0,86.66666666666667
2022,2022,Thibaut Courtois,Thibaut Courtois,thibaut-courtois-1992,7,2021-08-01,2022-07-31,Real Madrid,Belgium,Goalkeeper,goalkeeper,0,0,0,1,0.0,36.0,0.0,36.0,0,1,0,0,1,0,0,0,0,0,0,1,3,3,0,0,modern,season,built from ground_truth_resolved + stats_combined + trophies + narrative,0,0,0,5.0,93.33333333333333,5.0
2022,2022,Vinícius Júnior,Vinícius Júnior,vinicius-junior-2000,8,2021-08-01,2022-07-31,Real Madrid,Brazil,Forward left winger,forward,1,0,0,0,17.0,35.0,0.4857142857142857,35.0,0,1,0,0,1,0,0,0,0,0,0,1,3,3,0,0,modern,season,built from ground_truth_resolved + stats_combined + trophies + narrative,0,0,0,61.66666666666667,80.0,60.0
2022,2022,Luka Modrić,Luka Modrić,luka-modric-1985,9,2021-08-01,2022-07-31,Real Madrid,Croatia,Central midfielder,midfielder,0,1,0,0,2.0,28.0,0.07142857142857142,28.0,0,1,0,0,1,0,0,0,0,0,0,1,3,3,0,0,modern,season,built from ground_truth_resolved + stats_combined + trophies + narrative,0,0,0,18.333333333333332,13.333333333333334,20.0
2022,2022,Erling Haaland,Erling Haaland,erling-haaland-2000,10,2021-08-01,2022-07-31,Borussia Dortmund,Norway,Striker,forward,1,0,0,0,22.0,24.0,0.9166666666666666,24.0,0,0,0,0,1,0,0,0,0,0,0,2,2,2,0,0,modern,season,built from ground_truth_resolved + stats_combined + trophies + narrative,0,0,0,76.66666666666667,3.3333333333333335,93.33333333333333
2022,2022,Son Heung-min,Son Heung-min,son-heung-min-1992,11,2021-08-01,2022-07-31,Tottenham Hotspur,South Korea,Forward,forward,1,0,0,0,23.0,35.0,0.6571428571428571,35.0,0,0,0,0,1,0,0,0,0,0,0,2,2,2,0,0,modern,season,built from ground_truth_resolved + stats_combined + trophies + narrative,0,0,0,81.66666666666667,80.0,75.0
2022,2022,Riyad Mahrez,Riyad Mahrez,riyad-mahrez-1991,12,2021-08-01,2022-07-31,Manchester City,Algeria,Right winger,forward,1,0,0,0,11.0,28.0,0.39285714285714285,28.0,0,0,1,0,1,0,0,0,0,0,0,1,3,3,1,1,modern,season,built from ground_truth_resolved + stats_combined + trophies + narrative,0,0,0,45.0,13.333333333333334,50.0
2022,2022,Sébastien Haller,Sébastien Haller,sebastien-haller-1994,13,2021-08-01,2022-07-31,Ajax,Ivory Coast,Striker,forward,1,0,0,0,21.0,31.0,0.6774193548387096,31.0,0,0,0,0,1,0,0,0,0,0,0,2,2,2,0,0,modern,season,built from ground_truth_resolved + stats_combined + trophies + narrative,0,0,0,73.33333333333333,28.333333333333332,83.33333333333334
2022,2022,Fabinho,Fabinho,fabinho,14,2021-08-01,2022-07-31,Liverpool,Brazil,,unknown,0,0,0,0,11.0,32.0,0.35294117647058826,,1,0,0,0,1,0,0,0,0,0,0,1,3,3,0,0,modern,season,built from ground_truth_resolved + stats_combined + trophies + narrative,1,1,1,45.0,41.66666666666667,45.0
2022,2022,Rafael Leão,Rafael Leão,rafael-leao-1999,14,2021-08-01,2022-07-31,AC Milan,Portugal,Left winger,forward,1,0,0,0,11.0,34.0,0.3235294117647059,34.0,0,0,0,0,1,0,0,0,0,0,0,1,3,3,0,0,modern,season,built from ground_truth_resolved + stats_combined + trophies + narrative,0,0,0,45.0,61.66666666666667,40.0
2022,2022,Virgil van Dijk,Virgil van Dijk,virgil-van-dijk-1991,16,2021-08-01,2022-07-31,Liverpool,Netherlands,Centre-back,defender,0,0,1,0,3.0,34.0,0.08823529411764706,34.0,0,0,0,0,1,0,0,0,0,0,0,1,3,3,0,0,modern,season,built from ground_truth_resolved + stats_combined + trophies + narrative,0,0,0,26.666666666666668,61.66666666666667,25.0
2022,2022,Casemiro,Casemiro,casemiro-1992,17,2021-08-01,2022-07-31,Real Madrid,Brazil,Defensive midfielder,midfielder,0,1,0,0,1.0,32.0,0.03125,32.0,0,1,0,0,1,0,0,0,0,0,0,1,3,3,0,0,modern,season,built from ground_truth_resolved + stats_combined + trophies + narrative,0,0,0,11.666666666666666,41.66666666666667,13.333333333333334
2022,2022,Luis Díaz,Luis Díaz,luis-diaz,17,2021-08-01,2022-07-31,Liverpool,Colombia,,unknown,0,0,0,0,11.0,32.0,0.35294117647058826,,1,0,0,0,1,0,0,0,0,0,0,1,3,3,0,0,modern,season,built from ground_truth_resolved + stats_combined + trophies + narrative,1,1,1,45.0,41.66666666666667,45.0
2022,2022,Dušan Vlahović,Dušan Vlahović,dusan-vlahovic-2000,17,2021-08-01,2022-07-31,Juventus,Serbia,Striker,forward,1,0,0,0,24.0,36.0,0.6666666666666666,36.0,0,0,0,0,1,0,0,0,0,0,0,1,3,3,0,0,modern,season,built from ground_truth_resolved + stats_combined + trophies + narrative,0,0,0,86.66666666666667,93.33333333333333,80.0
2022,2022,Cristiano Ronaldo,Cristiano Ronaldo,cristiano-ronaldo-1985,20,2021-08-01,2022-07-31,Manchester United,Portugal,Forward,forward,1,0,0,0,18.0,31.0,0.5806451612903226,31.0,0,0,0,0,1,0,0,0,0,0,0,1,3,3,0,0,modern,season,built from ground_truth_resolved + stats_combined + trophies + narrative,0,0,0,66.66666666666666,28.333333333333332,66.66666666666666
2022,2022,Harry Kane,Harry Kane,harry-kane-1993,21,2021-08-01,2022-07-31,Tottenham Hotspur,England,Striker,forward,1,0,0,0,17.0,37.0,0.4594594594594595,37.0,0,0,0,0,1,0,0,0,0,0,0,2,2,2,0,0,modern,season,built from ground_truth_resolved + stats_combined + trophies + narrative,0,0,0,61.66666666666667,100.0,53.333333333333336
2022,2022,Trent Alexander-Arnold,Trent Alexander-Arnold,trent-alexander-arnold-1998,22,2021-08-01,2022-07-31,Liverpool,England,Right-back midfielder,defender,0,0,1,0,2.0,32.0,0.0625,32.0,0,0,0,0,1,0,0,0,0,0,0,1,3,3,0,0,modern,season,built from ground_truth_resolved + stats_combined + trophies + narrative,0,0,0,18.333333333333332,41.66666666666667,16.666666666666664
2022,2022,Phil Foden,Phil Foden,phil-foden-2000,22,2021-08-01,2022-07-31,Manchester City,England,Midfielder,midfielder,0,1,0,0,9.0,28.0,0.32142857142857145,28.0,0,0,1,0,1,0,0,0,0,0,0,1,3,3,1,1,modern,season,built from ground_truth_resolved + stats_combined + trophies + narrative,0,0,0,36.666666666666664,13.333333333333334,36.666666666666664
2022,2022,Bernardo Silva,Bernardo Silva,bernardo-silva-1994,22,2021-08-01,2022-07-31,Manchester City,Portugal,Midfielder,midfielder,0,1,0,0,8.0,35.0,0.22857142857142856,35.0,0,0,1,0,1,0,0,0,0,0,0,1,3,3,1,1,modern,season,built from ground_truth_resolved + stats_combined + trophies + narrative,0,0,0,33.33333333333333,80.0,33.33333333333333
2022,2022,João Cancelo,João Cancelo,joao-cancelo-1994,25,2021-08-01,2022-07-31,Manchester City,Portugal,Full-back,defender,0,0,1,0,1.0,36.0,0.027777777777777776,36.0,0,0,1,0,1,0,0,0,0,0,0,1,3,3,1,1,modern,season,built from ground_truth_resolved + stats_combined + trophies + narrative,0,0,0,11.666666666666666,93.33333333333333,10.0
2022,2022,Joshua Kimmich,Joshua Kimmich,joshua-kimmich-1995,25,2021-08-01,2022-07-31,Bayern Munich,Germany,Defensive midfielder right-back,defender,0,0,1,0,3.0,28.0,0.10714285714285714,28.0,0,0,0,0,1,0,0,0,0,0,0,1,3,3,0,0,modern,season,built from ground_truth_resolved + stats_combined + trophies + narrative,0,0,0,26.666666666666668,13.333333333333334,30.0
2022,2022,Mike Maignan,Mike Maignan,mike-maignan-1995,25,2021-08-01,2022-07-31,AC Milan,France,Goalkeeper,goalkeeper,0,0,0,1,0.0,32.0,0.0,32.0,0,0,0,0,1,0,0,0,0,0,0,1,3,3,0,0,modern,season,built from ground_truth_resolved + stats_combined + trophies + narrative,0,0,0,5.0,41.66666666666667,5.0
2022,2022,Christopher Nkunku,Christopher Nkunku,christopher-nkunku-1997,25,2021-08-01,2022-07-31,RB Leipzig,France,Forward attacking midfielder winger,forward,1,0,0,0,20.0,34.0,0.5882352941176471,34.0,0,0,0,0,1,0,0,0,0,0,0,2,2,2,0,0,modern,season,built from ground_truth_resolved + stats_combined + trophies + narrative,0,0,0,70.0,61.66666666666667,70.0
2022,2022,Darwin Núñez,Darwin Núñez,darwin-nunez-1999,25,2021-08-01,2022-07-31,Benfica,Uruguay,Striker,forward,1,0,0,0,26.0,28.0,0.9285714285714286,28.0,0,0,0,0,1,0,0,0,0,0,0,2,2,2,0,0,modern,season,built from ground_truth_resolved + stats_combined + trophies + narrative,0,0,0,90.0,13.333333333333334,96.66666666666667
2022,2022,Antonio Rüdiger,Antonio Rüdiger,antonio-rudiger-1993,25,2021-08-01,2022-07-31,Chelsea,Germany,Centre-back,defender,0,0,1,0,3.0,34.0,0.08823529411764706,34.0,0,0,0,0,1,0,0,0,0,0,0,1,3,3,0,0,modern,season,built from ground_truth_resolved + stats_combined + trophies + narrative,0,0,0,26.666666666666668,61.66666666666667,25.0
2023,2023,Lionel Messi,Lionel Messi,lionel-messi-1987,1,2022-08-01,2023-07-31,Inter Miami,Argentina,Forward,forward,1,0,0,0,17.0,38.0,0.4473684210526316,38.0,0,0,0,0,0,0,0,1,0,0,1,1,3,3,0,0,modern,season,built from ground_truth_resolved + stats_combined + trophies + narrative,0,0,0,73.33333333333333,91.66666666666666,70.0
2023,2023,Erling Haaland,Erling Haaland,erling-haaland-2000,2,2022-08-01,2023-07-31,Manchester City,Norway,Striker,forward,1,0,0,0,36.0,35.0,1.0285714285714285,35.0,0,1,1,1,0,0,0,0,0,0,0,1,3,3,0,0,modern,season,built from ground_truth_resolved + stats_combined + trophies + narrative,0,0,0,100.0,71.66666666666667,100.0
2023,2023,Kylian Mbappé,Kylian Mbappé,kylian-mbappe-1998,3,2022-08-01,2023-07-31,Paris Saint-Germain,France,Forward,forward,1,0,0,0,29.0,34.0,0.8529411764705882,34.0,0,0,1,0,0,0,0,0,0,0,0,1,3,3,0,0,modern,season,built from ground_truth_resolved + stats_combined + trophies + narrative,0,0,0,93.33333333333333,61.66666666666667,96.66666666666667
2023,2023,Kevin De Bruyne,Kevin De Bruyne,kevin-de-bruyne-1991,4,2022-08-01,2023-07-31,Manchester City,Belgium,Midfielder,midfielder,0,1,0,0,7.0,32.0,0.21875,32.0,0,1,1,1,0,0,0,0,0,0,0,1,3,3,0,0,modern,season,built from ground_truth_resolved + stats_combined + trophies + narrative,0,0,0,30.0,36.666666666666664,30.0
2023,2023,Rodri,Rodri,rodri,5,2022-08-01,2023-07-31,Manchester City,Spain,,unknown,0,0,0,0,11.0,32.0,0.35294117647058826,,1,1,1,1,0,0,0,0,0,0,0,1,3,3,0,0,modern,season,built from ground_truth_resolved + stats_combined + trophies + narrative,1,1,1,48.333333333333336,36.666666666666664,50.0
2023,2023,Vinícius Júnior,Vinícius Júnior,vinicius-junior-2000,6,2022-08-01,2023-07-31,Real Madrid,Brazil,Forward left winger,forward,1,0,0,0,10.0,33.0,0.30303030303030304,33.0,0,0,1,0,0,0,0,0,0,0,0,1,3,3,1,1,modern,season,built from ground_truth_resolved + stats_combined + trophies + narrative,0,0,0,43.333333333333336,50.0,43.333333333333336
2023,2023,Julián Álvarez,Julián Álvarez,julian-alvarez-2000,7,2022-08-01,2023-07-31,Manchester City,Argentina,Forward,forward,1,0,0,0,9.0,31.0,0.2903225806451613,31.0,0,1,1,1,0,0,0,1,0,0,1,1,3,3,0,0,modern,season,built from ground_truth_resolved + stats_combined + trophies + narrative,0,0,0,40.0,23.333333333333332,40.0
2023,2023,Victor Osimhen,Victor Osimhen,victor-osimhen-1998,8,2022-08-01,2023-07-31,Napoli,Nigeria,Striker,forward,1,0,0,0,26.0,32.0,0.8125,32.0,0,0,0,0,0,0,0,0,0,0,0,2,2,2,0,0,modern,season,built from ground_truth_resolved + stats_combined + trophies + narrative,0,0,0,90.0,36.666666666666664,93.33333333333333
2023,2023,Bernardo Silva,Bernardo Silva,bernardo-silva-1994,9,2022-08-01,2023-07-31,Manchester City,Portugal,Midfielder,midfielder,0,1,0,0,4.0,34.0,0.11764705882352941,34.0,0,1,1,1,0,0,0,0,0,0,0,1,3,3,0,0,modern,season,built from ground_truth_resolved + stats_combined + trophies + narrative,0,0,0,21.666666666666668,61.66666666666667,20.0
2023,2023,Luka Modrić,Luka Modrić,luka-modric-1985,10,2022-08-01,2023-07-31,Real Madrid,Croatia,Central midfielder,midfielder,0,1,0,0,4.0,33.0,0.12121212121212122,33.0,0,0,1,0,0,0,0,0,0,0,0,1,3,3,1,1,modern,season,built from ground_truth_resolved + stats_combined + trophies + narrative,0,0,0,21.666666666666668,50.0,23.333333333333332
2023,2023,Mohamed Salah,Mohamed Salah,mohamed-salah-1992,11,2022-08-01,2023-07-31,Liverpool,Egypt,Right winger,forward,1,0,0,0,19.0,38.0,0.5,38.0,0,0,0,0,0,0,0,0,0,0,0,1,3,3,0,0,modern,season,built from ground_truth_resolved + stats_combined + trophies + narrative,0,0,0,78.33333333333333,91.66666666666666,76.66666666666667
2023,2023,Robert Lewandowski,Robert Lewandowski,robert-lewandowski-1988,12,2022-08-01,2023-07-31,Barcelona,Poland,Striker,forward,1,0,0,0,23.0,34.0,0.6764705882352942,34.0,0,0,0,0,0,0,0,0,0,0,0,1,3,3,0,0,modern,season,built from ground_truth_resolved + stats_combined + trophies + narrative,0,0,0,86.66666666666667,61.66666666666667,83.33333333333334
2023,2023,Yassine Bounou,Yassine Bounou,yassine-bounou-1991,13,2022-08-01,2023-07-31,Sevilla,Morocco,Goalkeeper,goalkeeper,0,0,0,1,0.0,25.0,0.0,25.0,0,0,0,0,0,0,0,0,0,0,0,2,2,2,0,0,modern,season,built from ground_truth_resolved + stats_combined + trophies + narrative,0,0,0,8.333333333333332,10.0,8.333333333333332
2023,2023,İlkay Gündoğan,İlkay Gündoğan,ilkay-gundogan-1990,14,2022-08-01,2023-07-31,Manchester City,Germany,Midfielder,midfielder,0,1,0,0,8.0,31.0,0.25806451612903225,31.0,0,1,1,1,0,0,0,0,0,0,0,1,3,3,0,0,modern,season,built from ground_truth_resolved + stats_combined + trophies + narrative,0,0,0,35.0,23.333333333333332,35.0
2023,2023,Emiliano Martínez,Emiliano Martínez,emiliano-martinez-1992,15,2022-08-01,2023-07-31,Aston Villa,Argentina,Goalkeeper,goalkeeper,0,0,0,1,0.0,36.0,0.0,36.0,0,0,0,0,0,0,0,1,0,0,1,2,2,2,0,0,modern,season,built from ground_truth_resolved + stats_combined + trophies + narrative,0,0,0,8.333333333333332,76.66666666666667,8.333333333333332
2023,2023,Karim Benzema,Karim Benzema,karim-benzema-1987,16,2022-08-01,2023-07-31,Real Madrid,France,Striker,forward,1,0,0,0,19.0,24.0,0.7916666666666666,24.0,0,0,1,0,0,0,0,0,0,0,0,1,3,3,1,1,modern,season,built from ground_truth_resolved + stats_combined + trophies + narrative,0,0,0,78.33333333333333,5.0,90.0
2023,2023,Khvicha Kvaratskhelia,Khvicha Kvaratskhelia,khvicha-kvaratskhelia-2001,17,2022-08-01,2023-07-31,Napoli,Georgia,Left winger,forward,1,0,0,0,12.0,34.0,0.35294117647058826,34.0,0,0,0,0,0,0,0,0,0,0,0,2,2,2,0,0,modern,season,built from ground_truth_resolved + stats_combined + trophies + narrative,0,0,0,55.00000000000001,61.66666666666667,50.0
2023,2023,Jude Bellingham,Jude Bellingham,jude-bellingham-2003,18,2022-08-01,2023-07-31,Borussia Dortmund,England,Attacking midfielder central midfielder,midfielder,0,1,0,0,8.0,31.0,0.25806451612903225,31.0,0,0,0,0,0,0,0,0,0,0,0,2,2,2,0,0,modern,season,built from ground_truth_resolved + stats_combined + trophies + narrative,0,0,0,35.0,23.333333333333332,35.0
2023,2023,Harry Kane,Harry Kane,harry-kane-1993,19,2022-08-01,2023-07-31,Tottenham Hotspur,England,Striker,forward,1,0,0,0,30.0,38.0,0.7894736842105263,38.0,0,0,0,0,0,0,0,0,0,0,0,2,2,2,0,0,modern,season,built from ground_truth_resolved + stats_combined + trophies + narrative,0,0,0,96.66666666666667,91.66666666666666,86.66666666666667
2023,2023,Lautaro Martínez,Lautaro Martínez,lautaro-martinez-1997,20,2022-08-01,2023-07-31,Inter Milan,Argentina,Striker,forward,1,0,0,0,21.0,38.0,0.5526315789473685,38.0,0,0,0,0,0,0,0,1,0,0,1,1,3,3,0,0,modern,season,built from ground_truth_resolved + stats_combined + trophies + narrative,0,0,0,83.33333333333334,91.66666666666666,80.0
2023,2023,Antoine Griezmann,Antoine Griezmann,antoine-griezmann-1991,21,2022-08-01,2023-07-31,Atlético Madrid,France,Forward attacking midfielder,forward,1,0,0,0,15.0,38.0,0.39473684210526316,38.0,0,0,0,0,0,0,0,0,0,0,0,2,2,2,0,0,modern,season,built from ground_truth_resolved + stats_combined + trophies + narrative,0,0,0,66.66666666666666,91.66666666666666,63.33333333333333
2023,2023,Kim Min-jae,Kim Min-jae,kim-min-jae,22,2022-08-01,2023-07-31,Napoli,South Korea,,unknown,0,0,0,0,11.0,32.0,0.35294117647058826,,1,0,0,0,0,0,0,0,0,0,0,2,2,2,0,0,modern,season,built from ground_truth_resolved + stats_combined + trophies + narrative,1,1,1,48.333333333333336,36.666666666666664,50.0
2023,2023,André Onana,André Onana,andre-onana-1996,23,2022-08-01,2023-07-31,Inter Milan,Cameroon,Goalkeeper,goalkeeper,0,0,0,1,0.0,24.0,0.0,24.0,0,0,0,0,0,0,0,0,0,0,0,1,3,3,0,0,modern,season,built from ground_truth_resolved + stats_combined + trophies + narrative,0,0,0,8.333333333333332,5.0,8.333333333333332
2023,2023,Bukayo Saka,Bukayo Saka,bukayo-saka-2001,24,2022-08-01,2023-07-31,Arsenal,England,Right winger,forward,1,0,0,0,14.0,38.0,0.3684210526315789,38.0,0,0,0,0,0,0,0,0,0,0,0,2,2,2,0,0,modern,season,built from ground_truth_resolved + stats_combined + trophies + narrative,0,0,0,60.0,91.66666666666666,60.0
2023,2023,Joško Gvardiol,Joško Gvardiol,josko-gvardiol-2002,25,2022-08-01,2023-07-31,RB Leipzig,Croatia,Centre-back left-back,defender,0,0,1,0,1.0,30.0,0.03333333333333333,30.0,0,0,0,0,0,0,0,0,0,0,0,2,2,2,0,0,modern,season,built from ground_truth_resolved + stats_combined + trophies + narrative,0,0,0,16.666666666666664,16.666666666666664,16.666666666666664
2023,2023,Jamal Musiala,Jamal Musiala,jamal-musiala-2003,26,2022-08-01,2023-07-31,Bayern Munich,Germany,Attacking midfielder,midfielder,0,1,0,0,12.0,33.0,0.36363636363636365,33.0,0,0,0,0,0,0,0,0,0,0,0,1,3,3,0,0,modern,season,built from ground_truth_resolved + stats_combined + trophies + narrative,0,0,0,55.00000000000001,50.0,56.666666666666664
2023,2023,Nicolò Barella,Nicolò Barella,nicolo-barella-1997,27,2022-08-01,2023-07-31,Inter Milan,Italy,Midfielder,midfielder,0,1,0,0,6.0,35.0,0.17142857142857143,35.0,0,0,0,0,0,0,0,0,0,0,0,1,3,3,0,0,modern,season,built from ground_truth_resolved + stats_combined + trophies + narrative,0,0,0,26.666666666666668,71.66666666666667,26.666666666666668
2023,2023,Randal Kolo Muani,Randal Kolo Muani,randal-kolo-muani-1998,28,2022-08-01,2023-07-31,Eintracht Frankfurt,France,Forward,forward,1,0,0,0,15.0,32.0,0.46875,32.0,0,0,0,0,0,0,0,0,0,0,0,3,1,1,0,0,modern,season,built from ground_truth_resolved + stats_combined + trophies + narrative,0,0,0,66.66666666666666,36.666666666666664,73.33333333333333
2023,2023,Martin Ødegaard,Martin Ødegaard,martin-degaard-1998,28,2022-08-01,2023-07-31,Arsenal,Norway,Midfielder,midfielder,0,1,0,0,15.0,37.0,0.40540540540540543,37.0,0,0,0,0,0,0,0,0,0,0,0,2,2,2,0,0,modern,season,built from ground_truth_resolved + stats_combined + trophies + narrative,0,0,0,66.66666666666666,80.0,66.66666666666666
2023,2023,Rúben Dias,Rúben Dias,ruben-dias-1997,30,2022-08-01,2023-07-31,Manchester City,Portugal,Centre-back,defender,0,0,1,0,0.0,26.0,0.0,26.0,0,1,1,1,0,0,0,0,0,0,0,1,3,3,0,0,modern,season,built from ground_truth_resolved + stats_combined + trophies + narrative,0,0,0,8.333333333333332,13.333333333333334,8.333333333333332
2024,2024,Rodri,Rodri,rodri,1,2023-08-01,2024-07-31,Manchester City,Spain,,unknown,0,0,0,0,11.0,32.0,0.35294117647058826,,1,0,0,0,0,1,1,0,1,0,1,1,3,3,1,1,modern,season,built from ground_truth_resolved + stats_combined + trophies + narrative,1,1,1,60.0,45.0,60.0
2024,2024,Vinícius Júnior,Vinícius Júnior,vinicius-junior-2000,2,2023-08-01,2024-07-31,Real Madrid,Brazil,Forward left winger,forward,1,0,0,0,15.0,26.0,0.5769230769230769,26.0,0,1,0,0,0,1,1,0,0,0,0,1,3,3,0,0,modern,season,built from ground_truth_resolved + stats_combined + trophies + narrative,0,0,0,70.0,10.0,76.66666666666667
2024,2024,Jude Bellingham,Jude Bellingham,jude-bellingham-2003,3,2023-08-01,2024-07-31,Real Madrid,England,Attacking midfielder central midfielder,midfielder,0,1,0,0,19.0,28.0,0.6785714285714286,28.0,0,1,0,0,0,1,1,0,0,0,0,1,3,3,0,0,modern,season,built from ground_truth_resolved + stats_combined + trophies + narrative,0,0,0,78.33333333333333,16.666666666666664,86.66666666666667
2024,2024,Dani Carvajal,Dani Carvajal,dani-carvajal-1992,4,2023-08-01,2024-07-31,Real Madrid,Spain,Right-back,defender,0,0,1,0,4.0,28.0,0.14285714285714285,28.0,0,1,0,0,0,1,1,0,1,0,1,1,3,3,1,1,modern,season,built from ground_truth_resolved + stats_combined + trophies + narrative,0,0,0,31.666666666666664,16.666666666666664,33.33333333333333
2024,2024,Erling Haaland,Erling Haaland,erling-haaland-2000,5,2023-08-01,2024-07-31,Manchester City,Norway,Striker,forward,1,0,0,0,27.0,31.0,0.8709677419354839,31.0,0,0,0,0,0,1,1,0,0,0,0,1,3,3,0,0,modern,season,built from ground_truth_resolved + stats_combined + trophies + narrative,0,0,0,95.0,33.33333333333333,93.33333333333333
2024,2024,Kylian Mbappé,Kylian Mbappé,kylian-mbappe-1998,6,2023-08-01,2024-07-31,Paris Saint-Germain,France,Forward,forward,1,0,0,0,27.0,29.0,0.9310344827586207,29.0,0,0,1,0,0,1,1,0,0,0,0,1,3,3,1,1,modern,season,built from ground_truth_resolved + stats_combined + trophies + narrative,0,0,0,95.0,23.333333333333332,96.66666666666667
2024,2024,Lautaro Martínez,Lautaro Martínez,lautaro-martinez-1997,7,2023-08-01,2024-07-31,Inter Milan,Argentina,Striker,forward,1,0,0,0,24.0,33.0,0.7272727272727273,33.0,0,0,0,0,0,1,1,0,0,1,1,1,3,3,1,1,modern,season,built from ground_truth_resolved + stats_combined + trophies + narrative,0,0,0,88.33333333333333,60.0,90.0
2024,2024,Lamine Yamal,Lamine Yamal,lamine-yamal-2007,8,2023-08-01,2024-07-31,Barcelona,Spain,Winger,forward,1,0,0,0,5.0,37.0,0.13513513513513514,37.0,0,0,1,0,0,1,1,0,1,0,1,1,3,3,1,1,modern,season,built from ground_truth_resolved + stats_combined + trophies + narrative,0,0,0,38.333333333333336,91.66666666666666,30.0
2024,2024,Toni Kroos,Toni Kroos,toni-kroos-1990,9,2023-08-01,2024-07-31,Real Madrid,Germany,Midfielder,midfielder,0,1,0,0,1.0,33.0,0.030303030303030304,33.0,0,1,0,0,0,1,1,0,0,0,0,1,3,3,0,0,modern,season,built from ground_truth_resolved + stats_combined + trophies + narrative,0,0,0,11.666666666666666,60.0,11.666666666666666
2024,2024,Harry Kane,Harry Kane,harry-kane-1993,10,2023-08-01,2024-07-31,Bayern Munich,England,Striker,forward,1,0,0,0,36.0,32.0,1.125,32.0,0,0,0,0,0,1,1,0,0,0,0,1,3,3,0,0,modern,season,built from ground_truth_resolved + stats_combined + trophies + narrative,0,0,0,100.0,45.0,100.0
2024,2024,Phil Foden,Phil Foden,phil-foden-2000,11,2023-08-01,2024-07-31,Manchester City,England,Midfielder,midfielder,0,1,0,0,19.0,35.0,0.5428571428571428,35.0,0,0,0,0,0,1,1,0,0,0,0,1,3,3,0,0,modern,season,built from ground_truth_resolved + stats_combined + trophies + narrative,0,0,0,78.33333333333333,80.0,73.33333333333333
2024,2024,Florian Wirtz,Florian Wirtz,florian-wirtz-2003,12,2023-08-01,2024-07-31,Bayer Leverkusen,Germany,Attacking midfielder left midfielder,midfielder,0,1,0,0,11.0,32.0,0.34375,32.0,0,0,0,0,0,1,1,0,0,0,0,2,2,2,0,0,modern,season,built from ground_truth_resolved + stats_combined + trophies + narrative,0,0,0,60.0,45.0,56.666666666666664
2024,2024,Dani Olmo,Dani Olmo,dani-olmo-1998,13,2023-08-01,2024-07-31,RB Leipzig,Spain,Attacking midfielder winger,forward,1,0,0,0,4.0,21.0,0.19047619047619047,21.0,0,0,0,0,0,1,1,0,1,0,1,2,2,2,1,1,modern,season,built from ground_truth_resolved + stats_combined + trophies + narrative,0,0,0,31.666666666666664,3.3333333333333335,43.333333333333336
2024,2024,Ademola Lookman,Ademola Lookman,ademola-lookman-1997,14,2023-08-01,2024-07-31,Atalanta,Nigeria,Attacking midfielder winger second striker,forward,1,0,0,0,11.0,31.0,0.3548387096774194,31.0,0,0,0,0,0,1,1,0,0,0,0,2,2,2,0,0,modern,season,built from ground_truth_resolved + stats_combined + trophies + narrative,0,0,0,60.0,33.33333333333333,63.33333333333333
2024,2024,Nico Williams,Nico Williams,nico-williams-2002,15,2023-08-01,2024-07-31,Athletic Bilbao,Spain,Winger,forward,1,0,0,0,5.0,31.0,0.16129032258064516,31.0,0,0,0,0,0,1,1,0,1,0,1,3,1,1,1,1,modern,season,built from ground_truth_resolved + stats_combined + trophies + narrative,0,0,0,38.333333333333336,33.33333333333333,36.666666666666664
2024,2024,Granit Xhaka,Granit Xhaka,granit-xhaka-1992,16,2023-08-01,2024-07-31,Bayer Leverkusen,Switzerland,Defensive midfielder,midfielder,0,1,0,0,3.0,33.0,0.09090909090909091,33.0,0,0,0,0,0,1,1,0,0,0,0,2,2,2,0,0,modern,season,built from ground_truth_resolved + stats_combined + trophies + narrative,0,0,0,25.0,60.0,23.333333333333332
2024,2024,Federico Valverde,Federico Valverde,federico-valverde-1998,17,2023-08-01,2024-07-31,Real Madrid,Uruguay,Central midfielder,midfielder,0,1,0,0,2.0,37.0,0.05405405405405406,37.0,0,1,0,0,0,1,1,0,0,0,0,1,3,3,0,0,modern,season,built from ground_truth_resolved + stats_combined + trophies + narrative,0,0,0,18.333333333333332,91.66666666666666,20.0
2024,2024,Emiliano Martínez,Emiliano Martínez,emiliano-martinez-1992,18,2023-08-01,2024-07-31,Aston Villa,Argentina,Goalkeeper,goalkeeper,0,0,0,1,0.0,34.0,0.0,34.0,0,0,0,0,0,1,1,0,0,1,1,2,2,2,1,1,modern,season,built from ground_truth_resolved + stats_combined + trophies + narrative,0,0,0,5.0,71.66666666666667,5.0
2024,2024,Martin Ødegaard,Martin Ødegaard,martin-degaard-1998,19,2023-08-01,2024-07-31,Arsenal,Norway,Midfielder,midfielder,0,1,0,0,8.0,35.0,0.22857142857142856,35.0,0,0,0,0,0,1,1,0,0,0,0,2,2,2,0,0,modern,season,built from ground_truth_resolved + stats_combined + trophies + narrative,0,0,0,50.0,80.0,46.666666666666664
2024,2024,Hakan Çalhanoğlu,Hakan Çalhanoğlu,hakan-calhanoglu-1994,20,2023-08-01,2024-07-31,Inter Milan,Turkey,Midfielder,midfielder,0,1,0,0,13.0,32.0,0.40625,32.0,0,0,0,0,0,1,1,0,0,0,0,1,3,3,0,0,modern,season,built from ground_truth_resolved + stats_combined + trophies + narrative,0,0,0,66.66666666666666,45.0,66.66666666666666
2024,2024,Bukayo Saka,Bukayo Saka,bukayo-saka-2001,21,2023-08-01,2024-07-31,Arsenal,England,Right winger,forward,1,0,0,0,16.0,35.0,0.45714285714285713,35.0,0,0,0,0,0,1,1,0,0,0,0,2,2,2,0,0,modern,season,built from ground_truth_resolved + stats_combined + trophies + narrative,0,0,0,73.33333333333333,80.0,70.0
2024,2024,Antonio Rüdiger,Antonio Rüdiger,antonio-rudiger-1993,22,2023-08-01,2024-07-31,Real Madrid,Germany,Centre-back,defender,0,0,1,0,1.0,33.0,0.030303030303030304,33.0,0,1,0,0,0,1,1,0,0,0,0,1,3,3,0,0,modern,season,built from ground_truth_resolved + stats_combined + trophies + narrative,0,0,0,11.666666666666666,60.0,11.666666666666666
2024,2024,Rúben Dias,Rúben Dias,ruben-dias-1997,23,2023-08-01,2024-07-31,Manchester City,Portugal,Centre-back,defender,0,0,1,0,0.0,30.0,0.0,30.0,0,0,0,0,0,1,1,0,0,0,0,1,3,3,0,0,modern,season,built from ground_truth_resolved + stats_combined + trophies + narrative,0,0,0,5.0,26.666666666666668,5.0
2024,2024,William Saliba,William Saliba,william-saliba-2001,24,2023-08-01,2024-07-31,Arsenal,France,Centre-back,defender,0,0,1,0,2.0,38.0,0.05263157894736842,38.0,0,0,0,0,0,1,1,0,0,0,0,2,2,2,0,0,modern,season,built from ground_truth_resolved + stats_combined + trophies + narrative,0,0,0,18.333333333333332,98.33333333333333,16.666666666666664
2024,2024,Cole Palmer,Cole Palmer,cole-palmer-2002,25,2023-08-01,2024-07-31,Chelsea,England,Attacking midfielder winger,forward,1,0,0,0,22.0,34.0,0.6470588235294118,34.0,0,0,0,0,0,1,1,0,0,0,0,1,3,3,0,0,modern,season,built from ground_truth_resolved + stats_combined + trophies + narrative,0,0,0,83.33333333333334,71.66666666666667,80.0
2024,2024,Declan Rice,Declan Rice,declan-rice-1999,26,2023-08-01,2024-07-31,Arsenal,England,Midfielder,midfielder,0,1,0,0,7.0,38.0,0.18421052631578946,38.0,0,0,0,0,0,1,1,0,0,0,0,2,2,2,0,0,modern,season,built from ground_truth_resolved + stats_combined + trophies + narrative,0,0,0,45.0,98.33333333333333,40.0
2024,2024,Vitinha,Vitinha,vitinha-2000,27,2023-08-01,2024-07-31,Paris Saint-Germain,Portugal,Central midfielder,midfielder,0,1,0,0,7.0,28.0,0.25,28.0,0,0,1,0,0,1,1,0,0,0,0,1,3,3,1,1,modern,season,built from ground_truth_resolved + stats_combined + trophies + narrative,0,0,0,45.0,16.666666666666664,50.0
2024,2024,Álex Grimaldo,Álex Grimaldo,alex-grimaldo-1995,28,2023-08-01,2024-07-31,Bayer Leverkusen,Spain,Left wing-back left-back,defender,0,0,1,0,10.0,33.0,0.30303030303030304,33.0,0,0,0,0,0,1,1,0,1,0,1,2,2,2,1,1,modern,season,built from ground_truth_resolved + stats_combined + trophies + narrative,0,0,0,53.333333333333336,60.0,53.333333333333336
2024,2024,Artem Dovbyk,Artem Dovbyk,artem-dovbyk-1997,29,2023-08-01,2024-07-31,Girona,Ukraine,Striker,forward,1,0,0,0,24.0,36.0,0.6666666666666666,36.0,0,0,0,0,0,1,1,0,0,0,0,3,1,1,0,0,modern,season,built from ground_truth_resolved + stats_combined + trophies + narrative,0,0,0,88.33333333333333,86.66666666666667,83.33333333333334
2024,2024,Mats Hummels,Mats Hummels,mats-hummels-1988,29,2023-08-01,2024-07-31,Borussia Dortmund,Germany,Centre-back,defender,0,0,1,0,3.0,25.0,0.12,25.0,0,0,0,0,0,1,1,0,0,0,0,2,2,2,0,0,modern,season,built from ground_truth_resolved + stats_combined + trophies + narrative,0,0,0,25.0,6.666666666666667,26.666666666666668
2025,2025,Ousmane Dembélé,Ousmane Dembélé,ousmane-dembele-1997,1,2024-08-01,2025-07-31,Paris Saint-Germain,France,Forward right winger,forward,1,0,0,0,21.0,29.0,0.7241379310344828,29.0,0,1,1,1,0,0,0,0,0,0,0,1,3,3,1,1,modern,season,built from ground_truth_resolved + stats_combined + trophies + narrative,0,0,0,78.33333333333333,15.0,83.33333333333334
2025,2025,Lamine Yamal,Lamine Yamal,lamine-yamal-2007,2,2024-08-01,2025-07-31,Barcelona,Spain,Winger,forward,1,0,0,0,9.0,35.0,0.2571428571428571,35.0,0,0,1,0,0,0,0,0,1,0,1,1,3,3,0,0,modern,season,built from ground_truth_resolved + stats_combined + trophies + narrative,0,0,0,43.333333333333336,76.66666666666667,40.0
2025,2025,Vitinha,Vitinha,vitinha-2000,3,2024-08-01,2025-07-31,Paris Saint-Germain,Portugal,Central midfielder,midfielder,0,1,0,0,5.0,29.0,0.1724137931034483,29.0,0,1,1,1,0,0,0,0,0,0,0,1,3,3,1,1,modern,season,built from ground_truth_resolved + stats_combined + trophies + narrative,0,0,0,28.333333333333332,15.0,30.0
2025,2025,Mohamed Salah,Mohamed Salah,mohamed-salah-1992,4,2024-08-01,2025-07-31,Liverpool,Egypt,Right winger,forward,1,0,0,0,29.0,38.0,0.7631578947368421,38.0,0,0,0,0,0,0,0,0,0,0,0,1,3,3,0,0,modern,season,built from ground_truth_resolved + stats_combined + trophies + narrative,0,0,0,93.33333333333333,100.0,86.66666666666667
2025,2025,Raphinha,Raphinha,raphinha-1996,5,2024-08-01,2025-07-31,Barcelona,Brazil,Winger,forward,1,0,0,0,18.0,36.0,0.5,36.0,0,0,1,0,0,0,0,0,0,0,0,1,3,3,0,0,modern,season,built from ground_truth_resolved + stats_combined + trophies + narrative,0,0,0,73.33333333333333,85.0,73.33333333333333
2025,2025,Achraf Hakimi,Achraf Hakimi,achraf-hakimi-1998,6,2024-08-01,2025-07-31,Paris Saint-Germain,Morocco,Right-back,defender,0,0,1,0,4.0,25.0,0.16,25.0,0,1,1,1,0,0,0,0,0,0,0,1,3,3,1,1,modern,season,built from ground_truth_resolved + stats_combined + trophies + narrative,0,0,0,18.333333333333332,6.666666666666667,26.666666666666668
2025,2025,Kylian Mbappé,Kylian Mbappé,kylian-mbappe-1998,7,2024-08-01,2025-07-31,Real Madrid,France,Forward,forward,1,0,0,0,31.0,34.0,0.9117647058823529,34.0,0,0,0,0,0,0,0,0,0,0,0,1,3,3,0,0,modern,season,built from ground_truth_resolved + stats_combined + trophies + narrative,0,0,0,96.66666666666667,66.66666666666666,96.66666666666667
2025,2025,Cole Palmer,Cole Palmer,cole-palmer-2002,8,2024-08-01,2025-07-31,Chelsea,England,Attacking midfielder winger,forward,1,0,0,0,15.0,37.0,0.40540540540540543,37.0,0,0,0,0,0,0,0,0,0,0,0,1,3,3,0,0,modern,season,built from ground_truth_resolved + stats_combined + trophies + narrative,0,0,0,70.0,93.33333333333333,70.0
2025,2025,Gianluigi Donnarumma,Gianluigi Donnarumma,gianluigi-donnarumma-1999,9,2024-08-01,2025-07-31,Paris Saint-Germain,Italy,Goalkeeper,goalkeeper,0,0,0,1,0.0,24.0,0.0,24.0,0,1,1,1,0,0,0,0,0,0,0,1,3,3,1,1,modern,season,built from ground_truth_resolved + stats_combined + trophies + narrative,0,0,0,3.3333333333333335,3.3333333333333335,3.3333333333333335
2025,2025,Nuno Mendes,Nuno Mendes,nuno-mendes,10,2024-08-01,2025-07-31,Paris Saint-Germain,Portugal,,unknown,0,0,0,0,11.0,32.0,0.35294117647058826,,1,1,1,1,0,0,0,0,0,0,0,1,3,3,1,1,modern,season,built from ground_truth_resolved + stats_combined + trophies + narrative,1,1,1,55.00000000000001,56.666666666666664,58.333333333333336
2025,2025,Pedri,Pedri,pedri-2002,11,2024-08-01,2025-07-31,Barcelona,Spain,Midfielder,midfielder,0,1,0,0,4.0,37.0,0.10810810810810811,37.0,0,0,1,0,0,0,0,0,1,0,1,1,3,3,0,0,modern,season,built from ground_truth_resolved + stats_combined + trophies + narrative,0,0,0,18.333333333333332,93.33333333333333,13.333333333333334
2025,2025,Khvicha Kvaratskhelia,Khvicha Kvaratskhelia,khvicha-kvaratskhelia-2001,12,2024-08-01,2025-07-31,Napoli Paris Saint-Germain,Georgia,Left winger,forward,1,0,0,0,9.0,31.0,0.2903225806451613,31.0,0,1,0,0,0,0,0,0,0,0,0,1,3,3,1,1,modern,season,built from ground_truth_resolved + stats_combined + trophies + narrative,0,0,0,43.333333333333336,43.333333333333336,45.0
2025,2025,Harry Kane,Harry Kane,harry-kane-1993,13,2024-08-01,2025-07-31,Bayern Munich,England,Striker,forward,1,0,0,0,26.0,31.0,0.8387096774193549,31.0,0,0,0,0,0,0,0,0,0,0,0,1,3,3,0,0,modern,season,built from ground_truth_resolved + stats_combined + trophies + narrative,0,0,0,86.66666666666667,43.333333333333336,93.33333333333333
2025,2025,Désiré Doué,Désiré Doué,desire-doue-2005,14,2024-08-01,2025-07-31,Paris Saint-Germain,France,Attacking midfielder winger,forward,1,0,0,0,6.0,31.0,0.1935483870967742,31.0,0,1,1,1,0,0,0,0,0,0,0,1,3,3,1,1,modern,season,built from ground_truth_resolved + stats_combined + trophies + narrative,0,0,0,33.33333333333333,43.333333333333336,33.33333333333333
2025,2025,Viktor Gyökeres,Viktor Gyökeres,viktor-gyokeres-1998,15,2024-08-01,2025-07-31,Sporting CP,Sweden,Striker,forward,1,0,0,0,39.0,33.0,1.1818181818181819,33.0,0,0,0,0,0,0,0,0,0,0,0,2,2,2,0,0,modern,season,built from ground_truth_resolved + stats_combined + trophies + narrative,0,0,0,100.0,60.0,100.0
2025,2025,Vinícius Júnior,Vinícius Júnior,vinicius-junior-2000,16,2024-08-01,2025-07-31,Real Madrid,Brazil,Forward left winger,forward,1,0,0,0,11.0,30.0,0.36666666666666664,30.0,0,0,0,0,0,0,0,0,0,0,0,1,3,3,0,0,modern,season,built from ground_truth_resolved + stats_combined + trophies + narrative,0,0,0,55.00000000000001,26.666666666666668,63.33333333333333
2025,2025,Robert Lewandowski,Robert Lewandowski,robert-lewandowski-1988,17,2024-08-01,2025-07-31,Barcelona,Poland,Striker,forward,1,0,0,0,27.0,34.0,0.7941176470588235,34.0,0,0,1,0,0,0,0,0,0,0,0,1,3,3,0,0,modern,season,built from ground_truth_resolved + stats_combined + trophies + narrative,0,0,0,90.0,66.66666666666666,90.0
2025,2025,Scott McTominay,Scott McTominay,scott-mctominay-1996,18,2024-08-01,2025-07-31,Manchester United Napoli,Scotland,Midfielder,midfielder,0,1,0,0,12.0,36.0,0.3333333333333333,36.0,0,0,0,0,0,0,0,0,0,0,0,1,3,3,0,0,modern,season,built from ground_truth_resolved + stats_combined + trophies + narrative,0,0,0,63.33333333333333,85.0,53.333333333333336
2025,2025,João Neves,João Neves,joao-neves-2004,19,2024-08-01,2025-07-31,Paris Saint-Germain,Portugal,Midfielder,midfielder,0,1,0,0,3.0,29.0,0.10344827586206896,29.0,0,1,1,1,0,0,0,0,0,0,0,1,3,3,1,1,modern,season,built from ground_truth_resolved + stats_combined + trophies + narrative,0,0,0,8.333333333333332,15.0,10.0
2025,2025,Lautaro Martínez,Lautaro Martínez,lautaro-martinez-1997,20,2024-08-01,2025-07-31,Inter Milan,Argentina,Striker,forward,1,0,0,0,12.0,31.0,0.3870967741935484,31.0,0,0,0,0,0,0,0,0,0,1,1,1,3,3,0,0,modern,season,built from ground_truth_resolved + stats_combined + trophies + narrative,0,0,0,63.33333333333333,43.333333333333336,66.66666666666666
2025,2025,Serhou Guirassy,Serhou Guirassy,serhou-guirassy-1996,21,2024-08-01,2025-07-31,Borussia Dortmund,Guinea,Striker,forward,1,0,0,0,21.0,30.0,0.7,30.0,0,0,0,0,0,0,0,0,0,0,0,2,2,2,0,0,modern,season,built from ground_truth_resolved + stats_combined + trophies + narrative,0,0,0,78.33333333333333,26.666666666666668,76.66666666666667
2025,2025,Alexis Mac Allister,Alexis Mac Allister,alexis-mac-allister-1998,22,2024-08-01,2025-07-31,Liverpool,Argentina,Midfielder,midfielder,0,1,0,0,5.0,35.0,0.14285714285714285,35.0,0,0,0,0,0,0,0,0,0,1,1,1,3,3,0,0,modern,season,built from ground_truth_resolved + stats_combined + trophies + narrative,0,0,0,28.333333333333332,76.66666666666667,23.333333333333332
2025,2025,Jude Bellingham,Jude Bellingham,jude-bellingham-2003,23,2024-08-01,2025-07-31,Real Madrid,England,Attacking midfielder central midfielder,midfielder,0,1,0,0,9.0,31.0,0.2903225806451613,31.0,0,0,0,0,0,0,0,0,0,0,0,1,3,3,0,0,modern,season,built from ground_truth_resolved + stats_combined + trophies + narrative,0,0,0,43.333333333333336,43.333333333333336,45.0
2025,2025,Fabián Ruiz,Fabián Ruiz,fabian-ruiz-1996,24,2024-08-01,2025-07-31,Paris Saint-Germain,Spain,Central midfielder,midfielder,0,1,0,0,4.0,30.0,0.13333333333333333,30.0,0,1,1,1,0,0,0,0,1,0,1,1,3,3,1,1,modern,season,built from ground_truth_resolved + stats_combined + trophies + narrative,0,0,0,18.333333333333332,26.666666666666668,20.0
2025,2025,Denzel Dumfries,Denzel Dumfries,denzel-dumfries-1996,25,2024-08-01,2025-07-31,Inter Milan,Netherlands,Right-back right wing-back,defender,0,0,1,0,7.0,29.0,0.2413793103448276,29.0,0,0,0,0,0,0,0,0,0,0,0,1,3,3,0,0,modern,season,built from ground_truth_resolved + stats_combined + trophies + narrative,0,0,0,36.666666666666664,15.0,36.666666666666664
2025,2025,Erling Haaland,Erling Haaland,erling-haaland-2000,26,2024-08-01,2025-07-31,Manchester City,Norway,Striker,forward,1,0,0,0,22.0,31.0,0.7096774193548387,31.0,0,0,0,0,0,0,0,0,0,0,0,1,3,3,0,0,modern,season,built from ground_truth_resolved + stats_combined + trophies + narrative,0,0,0,83.33333333333334,43.333333333333336,80.0
2025,2025,Declan Rice,Declan Rice,declan-rice-1999,27,2024-08-01,2025-07-31,Arsenal,England,Midfielder,midfielder,0,1,0,0,4.0,35.0,0.11428571428571428,35.0,0,0,1,0,0,0,0,0,0,0,0,2,2,2,0,0,modern,season,built from ground_truth_resolved + stats_combined + trophies + narrative,0,0,0,18.333333333333332,76.66666666666667,16.666666666666664
2025,2025,Virgil van Dijk,Virgil van Dijk,virgil-van-dijk-1991,28,2024-08-01,2025-07-31,Liverpool,Netherlands,Centre-back,defender,0,0,1,0,3.0,37.0,0.08108108108108109,37.0,0,0,0,0,0,0,0,0,0,0,0,1,3,3,0,0,modern,season,built from ground_truth_resolved + stats_combined + trophies + narrative,0,0,0,8.333333333333332,93.33333333333333,6.666666666666667
2025,2025,Florian Wirtz,Florian Wirtz,florian-wirtz-2003,29,2024-08-01,2025-07-31,Bayer Leverkusen,Germany,Attacking midfielder left midfielder,midfielder,0,1,0,0,10.0,31.0,0.3225806451612903,31.0,0,0,0,0,0,0,0,0,0,0,0,2,2,2,0,0,modern,season,built from ground_truth_resolved + stats_combined + trophies + narrative,0,0,0,50.0,43.333333333333336,50.0
2025,2025,Michael Olise,Michael Olise,michael-olise-2001,30,2024-08-01,2025-07-31,Bayern Munich,France,Winger attacking midfielder,forward,1,0,0,0,12.0,34.0,0.35294117647058826,34.0,0,0,0,0,0,0,0,0,0,0,0,1,3,3,0,0,modern,season,built from ground_truth_resolved + stats_combined + trophies + narrative,0,0,0,63.33333333333333,66.66666666666666,58.333333333333336
