season_id,award_year,rank,player_name_raw,club_at_time,nation_team,points,source,table_index,eval_period_start,eval_period_end,player_name_canonical
1956,1956,1,Stanley Matthews,Blackpool,England,47.0,https://en.wikipedia.org/wiki/1956_Ballon_d%27Or,1,1956-01-01,1956-12-31,Stanley Matthews
1956,1956,2,Alfredo Di Stéfano,Real Madrid,Spain,44.0,https://en.wikipedia.org/wiki/1956_Ballon_d%27Or,1,1956-01-01,1956-12-31,Alfredo Di Stéfano
1956,1956,3,Raymond Kopa,Reims Real Madrid,France,33.0,https://en.wikipedia.org/wiki/1956_Ballon_d%27Or,1,1956-01-01,1956-12-31,Raymond Kopa
1956,1956,4,Ferenc Puskás,Budapest Honvéd,Hungary,32.0,https://en.wikipedia.org/wiki/1956_Ballon_d%27Or,1,1956-01-01,1956-12-31,Ferenc Puskás
1956,1956,5,Lev Yashin,Dynamo Moscow,Soviet Union,19.0,https://en.wikipedia.org/wiki/1956_Ballon_d%27Or,1,1956-01-01,1956-12-31,Lev Yashin
1956,1956,6,József Bozsik,Budapest Honvéd,Hungary,15.0,https://en.wikipedia.org/wiki/1956_Ballon_d%27Or,1,1956-01-01,1956-12-31,József Bozsik
1956,1956,7,Ernst Ocwirk,Austria Wien Sampdoria,Austria,9.0,https://en.wikipedia.org/wiki/1956_Ballon_d%27Or,1,1956-01-01,1956-12-31,Ernst Ocwirk
1956,1956,8,Sándor Kocsis,Budapest Honvéd,Hungary,6.0,https://en.wikipedia.org/wiki/1956_Ballon_d%27Or,1,1956-01-01,1956-12-31,Sándor Kocsis
1956,1956,9,Thadée Cisowski,RC Paris,France,4.0,https://en.wikipedia.org/wiki/1956_Ballon_d%27Or,1,1956-01-01,1956-12-31,Thadée Cisowski
1956,1956,9,Ivan Kolev,CDNA Sofia,Bulgaria,4.0,https://en.wikipedia.org/wiki/1956_Ballon_d%27Or,1,1956-01-01,1956-12-31,Ivan Kolev
1956,1956,9,Billy Wright,Wolverhampton Wanderers,England,4.0,https://en.wikipedia.org/wiki/1956_Ballon_d%27Or,1,1956-01-01,1956-12-31,Billy Wright
1956,1956,12,Júlio Botelho,Fiorentina,Italy,3.0,https://en.wikipedia.org/wiki/1956_Ballon_d%27Or,1,1956-01-01,1956-12-31,Júlio Botelho
1956,1956,13,Stefan Bozhkov,CDNA Sofia,Bulgaria,2.0,https://en.wikipedia.org/wiki/1956_Ballon_d%27Or,1,1956-01-01,1956-12-31,Stefan Bozhkov
1956,1956,13,Duncan Edwards,Manchester United,England,2.0,https://en.wikipedia.org/wiki/1956_Ballon_d%27Or,1,1956-01-01,1956-12-31,Duncan Edwards
1956,1956,13,Gerhard Hanappi,Rapid Wien,Austria,2.0,https://en.wikipedia.org/wiki/1956_Ballon_d%27Or,1,1956-01-01,1956-12-31,Gerhard Hanappi
1956,1956,13,Robert Jonquet,Reims,France,2.0,https://en.wikipedia.org/wiki/1956_Ballon_d%27Or,1,1956-01-01,1956-12-31,Robert Jonquet
1956,1956,13,Miguel Montuori,Fiorentina,Italy,2.0,https://en.wikipedia.org/wiki/1956_Ballon_d%27Or,1,1956-01-01,1956-12-31,Miguel Montuori
1956,1956,13,Pepillo,Sevilla,Spain,2.0,https://en.wikipedia.org/wiki/1956_Ballon_d%27Or,1,1956-01-01,1956-12-31,Pepillo
1956,1956,13,Juan Alberto Schiaffino,Milan,Italy,2.0,https://en.wikipedia.org/wiki/1956_Ballon_d%27Or,1,1956-01-01,1956-12-31,Juan Alberto Schiaffino
1956,1956,13,Eduard Streltsov,Torpedo Moscow,Soviet Union,2.0,https://en.wikipedia.org/wiki/1956_Ballon_d%27Or,1,1956-01-01,1956-12-31,Eduard Streltsov
1956,1956,21,Marcelino Campanal,Sevilla,Spain,1.0,https://en.wikipedia.org/wiki/1956_Ballon_d%27Or,1,1956-01-01,1956-12-31,Marcelino Campanal
1956,1956,21,Břetislav Dolejší,Dukla Prague,Czechoslovakia,1.0,https://en.wikipedia.org/wiki/1956_Ballon_d%27Or,1,1956-01-01,1956-12-31,Břetislav Dolejší
1956,1956,21,Roger Piantoni,FC Nancy,France,1.0,https://en.wikipedia.org/wiki/1956_Ballon_d%27Or,1,1956-01-01,1956-12-31,Roger Piantoni
1956,1956,21,Kees Rijvers,Saint-Étienne,Netherlands,1.0,https://en.wikipedia.org/wiki/1956_Ballon_d%27Or,1,1956-01-01,1956-12-31,Kees Rijvers
1957,1957,1,Alfredo Di Stéfano,Real Madrid,Spain,72.0,https://en.wikipedia.org/wiki/1957_Ballon_d%27Or,1,1957-01-01,1957-12-31,Alfredo Di Stéfano
1957,1957,2,Billy Wright,Wolverhampton Wanderers,England,19.0,https://en.wikipedia.org/wiki/1957_Ballon_d%27Or,1,1957-01-01,1957-12-31,Billy Wright
1957,1957,3,Duncan Edwards,Manchester United,England,16.0,https://en.wikipedia.org/wiki/1957_Ballon_d%27Or,1,1957-01-01,1957-12-31,Duncan Edwards
1957,1957,3,Raymond Kopa,Real Madrid,France,16.0,https://en.wikipedia.org/wiki/1957_Ballon_d%27Or,1,1957-01-01,1957-12-31,Raymond Kopa
1957,1957,5,László Kubala,Barcelona,Hungary,15.0,https://en.wikipedia.org/wiki/1957_Ballon_d%27Or,1,1957-01-01,1957-12-31,László Kubala
1957,1957,6,John Charles,Leeds United Juventus,Wales,14.0,https://en.wikipedia.org/wiki/1957_Ballon_d%27Or,1,1957-01-01,1957-12-31,John Charles
1957,1957,7,Eduard Streltsov,Torpedo Moscow,Soviet Union,12.0,https://en.wikipedia.org/wiki/1957_Ballon_d%27Or,1,1957-01-01,1957-12-31,Eduard Streltsov
1957,1957,8,Tommy Taylor,Manchester United,England,10.0,https://en.wikipedia.org/wiki/1957_Ballon_d%27Or,1,1957-01-01,1957-12-31,Tommy Taylor
1957,1957,9,József Bozsik,Budapest Honvéd,Hungary,9.0,https://en.wikipedia.org/wiki/1957_Ballon_d%27Or,1,1957-01-01,1957-12-31,József Bozsik
1957,1957,9,Igor Netto,Spartak Moscow,Soviet Union,9.0,https://en.wikipedia.org/wiki/1957_Ballon_d%27Or,1,1957-01-01,1957-12-31,Igor Netto
1957,1957,11,Lev Yashin,Dynamo Moscow,Soviet Union,8.0,https://en.wikipedia.org/wiki/1957_Ballon_d%27Or,1,1957-01-01,1957-12-31,Lev Yashin
1957,1957,12,Paco Gento,Real Madrid,Spain,7.0,https://en.wikipedia.org/wiki/1957_Ballon_d%27Or,1,1957-01-01,1957-12-31,Paco Gento
1957,1957,12,Gyula Grosics,Budapest Honvéd Tatabánya,Hungary,7.0,https://en.wikipedia.org/wiki/1957_Ballon_d%27Or,1,1957-01-01,1957-12-31,Gyula Grosics
1957,1957,14,Danny Blanchflower,Tottenham Hotspur,Northern Ireland,4.0,https://en.wikipedia.org/wiki/1957_Ballon_d%27Or,1,1957-01-01,1957-12-31,Danny Blanchflower
1957,1957,14,Miloš Milutinović,Partizan,Yugoslavia,4.0,https://en.wikipedia.org/wiki/1957_Ballon_d%27Or,1,1957-01-01,1957-12-31,Miloš Milutinović
1957,1957,14,Juan Alberto Schiaffino,Milan,Italy,4.0,https://en.wikipedia.org/wiki/1957_Ballon_d%27Or,1,1957-01-01,1957-12-31,Juan Alberto Schiaffino
1957,1957,17,Gerhard Hanappi,Rapid Wien,Austria,3.0,https://en.wikipedia.org/wiki/1957_Ballon_d%27Or,1,1957-01-01,1957-12-31,Gerhard Hanappi
1957,1957,17,Johnny Haynes,Fulham,England,3.0,https://en.wikipedia.org/wiki/1957_Ballon_d%27Or,1,1957-01-01,1957-12-31,Johnny Haynes
1957,1957,17,Stanley Matthews,Blackpool,England,3.0,https://en.wikipedia.org/wiki/1957_Ballon_d%27Or,1,1957-01-01,1957-12-31,Stanley Matthews
1957,1957,20,Sándor Kocsis,Young Fellows Zürich,Hungary,2.0,https://en.wikipedia.org/wiki/1957_Ballon_d%27Or,1,1957-01-01,1957-12-31,Sándor Kocsis
1957,1957,20,Horst Szymaniak,Wuppertaler SV,West Germany,2.0,https://en.wikipedia.org/wiki/1957_Ballon_d%27Or,1,1957-01-01,1957-12-31,Horst Szymaniak
1957,1957,22,Kurt Hamrin,Padova,Sweden,1.0,https://en.wikipedia.org/wiki/1957_Ballon_d%27Or,1,1957-01-01,1957-12-31,Kurt Hamrin
1957,1957,22,Ladislav Novák,Dukla Prague,Czechoslovakia,1.0,https://en.wikipedia.org/wiki/1957_Ballon_d%27Or,1,1957-01-01,1957-12-31,Ladislav Novák
1958,1958,1,Raymond Kopa,Real Madrid,France,71.0,https://en.wikipedia.org/wiki/1958_Ballon_d%27Or,2,1958-01-01,1958-12-31,Raymond Kopa
1958,1958,2,Helmut Rahn,Rot-Weiss Essen,West Germany,40.0,https://en.wikipedia.org/wiki/1958_Ballon_d%27Or,2,1958-01-01,1958-12-31,Helmut Rahn
1958,1958,3,Just Fontaine,Reims,France,23.0,https://en.wikipedia.org/wiki/1958_Ballon_d%27Or,2,1958-01-01,1958-12-31,Just Fontaine
1958,1958,4,John Charles,Juventus,Wales,15.0,https://en.wikipedia.org/wiki/1958_Ballon_d%27Or,2,1958-01-01,1958-12-31,John Charles
1958,1958,4,Kurt Hamrin,Padova Fiorentina,Sweden,15.0,https://en.wikipedia.org/wiki/1958_Ballon_d%27Or,2,1958-01-01,1958-12-31,Kurt Hamrin
1958,1958,6,Billy Wright,Wolverhampton Wanderers,England,9.0,https://en.wikipedia.org/wiki/1958_Ballon_d%27Or,2,1958-01-01,1958-12-31,Billy Wright
1958,1958,7,Johnny Haynes,Fulham,England,7.0,https://en.wikipedia.org/wiki/1958_Ballon_d%27Or,2,1958-01-01,1958-12-31,Johnny Haynes
1958,1958,8,Harry Gregg,Manchester United,Northern Ireland,6.0,https://en.wikipedia.org/wiki/1958_Ballon_d%27Or,2,1958-01-01,1958-12-31,Harry Gregg
1958,1958,8,Nils Liedholm,Milan,Sweden,6.0,https://en.wikipedia.org/wiki/1958_Ballon_d%27Or,2,1958-01-01,1958-12-31,Nils Liedholm
1958,1958,8,Horst Szymaniak,Wuppertaler SV,West Germany,6.0,https://en.wikipedia.org/wiki/1958_Ballon_d%27Or,2,1958-01-01,1958-12-31,Horst Szymaniak
1958,1958,11,Colin McDonald,Burnley,England,5.0,https://en.wikipedia.org/wiki/1958_Ballon_d%27Or,2,1958-01-01,1958-12-31,Colin McDonald
1958,1958,12,Paco Gento,Real Madrid,Spain,4.0,https://en.wikipedia.org/wiki/1958_Ballon_d%27Or,2,1958-01-01,1958-12-31,Paco Gento
1958,1958,12,Gunnar Gren,Örgryte IS,Sweden,4.0,https://en.wikipedia.org/wiki/1958_Ballon_d%27Or,2,1958-01-01,1958-12-31,Gunnar Gren
1958,1958,14,Vujadin Boškov,Vojvodina,Yugoslavia,3.0,https://en.wikipedia.org/wiki/1958_Ballon_d%27Or,2,1958-01-01,1958-12-31,Vujadin Boškov
1958,1958,14,Bengt Gustavsson,Atalanta,Sweden,3.0,https://en.wikipedia.org/wiki/1958_Ballon_d%27Or,2,1958-01-01,1958-12-31,Bengt Gustavsson
1958,1958,14,Valentin Ivanov,Torpedo Moskva,Soviet Union,3.0,https://en.wikipedia.org/wiki/1958_Ballon_d%27Or,2,1958-01-01,1958-12-31,Valentin Ivanov
1958,1958,14,Luis Suárez,Barcelona,Spain,3.0,https://en.wikipedia.org/wiki/1958_Ballon_d%27Or,2,1958-01-01,1958-12-31,Luis Suárez
1958,1958,14,Lev Yashin,Dynamo Moscow,Soviet Union,3.0,https://en.wikipedia.org/wiki/1958_Ballon_d%27Or,2,1958-01-01,1958-12-31,Lev Yashin
1958,1958,19,Orvar Bergmark,Örebro SK,Sweden,2.0,https://en.wikipedia.org/wiki/1958_Ballon_d%27Or,2,1958-01-01,1958-12-31,Orvar Bergmark
1958,1958,19,Danny Blanchflower,Tottenham Hotspur,Northern Ireland,2.0,https://en.wikipedia.org/wiki/1958_Ballon_d%27Or,2,1958-01-01,1958-12-31,Danny Blanchflower
1958,1958,19,Ivan Kolev,CDNA Sofia,Bulgaria,2.0,https://en.wikipedia.org/wiki/1958_Ballon_d%27Or,2,1958-01-01,1958-12-31,Ivan Kolev
1958,1958,19,Bruno Nicolè,Juventus,Italy,2.0,https://en.wikipedia.org/wiki/1958_Ballon_d%27Or,2,1958-01-01,1958-12-31,Bruno Nicolè
1958,1958,19,Ladislav Novák,Dukla Prague,Czechoslovakia,2.0,https://en.wikipedia.org/wiki/1958_Ballon_d%27Or,2,1958-01-01,1958-12-31,Ladislav Novák
1958,1958,19,Lennart Skoglund,Internazionale,Sweden,2.0,https://en.wikipedia.org/wiki/1958_Ballon_d%27Or,2,1958-01-01,1958-12-31,Lennart Skoglund
1958,1958,25,Giampiero Boniperti,Juventus,Italy,1.0,https://en.wikipedia.org/wiki/1958_Ballon_d%27Or,2,1958-01-01,1958-12-31,Giampiero Boniperti
1958,1958,25,Gerhard Hanappi,Rapid Wien,Austria,1.0,https://en.wikipedia.org/wiki/1958_Ballon_d%27Or,2,1958-01-01,1958-12-31,Gerhard Hanappi
1959,1959,1,Alfredo Di Stéfano,Real Madrid,Spain,80.0,https://en.wikipedia.org/wiki/1959_Ballon_d%27Or,1,1959-01-01,1959-12-31,Alfredo Di Stéfano
1959,1959,2,Raymond Kopa,Real Madrid Reims,France,42.0,https://en.wikipedia.org/wiki/1959_Ballon_d%27Or,1,1959-01-01,1959-12-31,Raymond Kopa
1959,1959,3,John Charles,Juventus,Wales,24.0,https://en.wikipedia.org/wiki/1959_Ballon_d%27Or,1,1959-01-01,1959-12-31,John Charles
1959,1959,4,Luis Suárez,Barcelona,Spain,22.0,https://en.wikipedia.org/wiki/1959_Ballon_d%27Or,1,1959-01-01,1959-12-31,Luis Suárez
1959,1959,5,Agne Simonsson,Örgryte IS,Sweden,20.0,https://en.wikipedia.org/wiki/1959_Ballon_d%27Or,1,1959-01-01,1959-12-31,Agne Simonsson
1959,1959,6,Lajos Tichy,Budapest Honvéd,Hungary,18.0,https://en.wikipedia.org/wiki/1959_Ballon_d%27Or,1,1959-01-01,1959-12-31,Lajos Tichy
1959,1959,7,Ferenc Puskás,Real Madrid,Hungary,16.0,https://en.wikipedia.org/wiki/1959_Ballon_d%27Or,1,1959-01-01,1959-12-31,Ferenc Puskás
1959,1959,8,Francisco Gento,Real Madrid,Spain,12.0,https://en.wikipedia.org/wiki/1959_Ballon_d%27Or,1,1959-01-01,1959-12-31,Francisco Gento
1959,1959,9,Helmut Rahn,Rot-Weiss Essen 1. FC Köln,West Germany,11.0,https://en.wikipedia.org/wiki/1959_Ballon_d%27Or,1,1959-01-01,1959-12-31,Helmut Rahn
1959,1959,10,Horst Szymaniak,Wuppertaler SV Karlsruher SC,West Germany,8.0,https://en.wikipedia.org/wiki/1959_Ballon_d%27Or,1,1959-01-01,1959-12-31,Horst Szymaniak
1959,1959,11,Lev Yashin,Dynamo Moscow,Soviet Union,7.0,https://en.wikipedia.org/wiki/1959_Ballon_d%27Or,1,1959-01-01,1959-12-31,Lev Yashin
1959,1959,12,Yuriy Voynov,Dynamo Kyiv,Soviet Union,5.0,https://en.wikipedia.org/wiki/1959_Ballon_d%27Or,1,1959-01-01,1959-12-31,Yuriy Voynov
1959,1959,13,Dezső Bundzsák,Vasas,Hungary,4.0,https://en.wikipedia.org/wiki/1959_Ballon_d%27Or,1,1959-01-01,1959-12-31,Dezső Bundzsák
1959,1959,13,Gyula Grosics,Tatabánya,Hungary,4.0,https://en.wikipedia.org/wiki/1959_Ballon_d%27Or,1,1959-01-01,1959-12-31,Gyula Grosics
1959,1959,13,Ivan Kolev,CDNA Sofia,Bulgaria,4.0,https://en.wikipedia.org/wiki/1959_Ballon_d%27Or,1,1959-01-01,1959-12-31,Ivan Kolev
1959,1959,13,Nils Liedholm,Milan,Sweden,4.0,https://en.wikipedia.org/wiki/1959_Ballon_d%27Or,1,1959-01-01,1959-12-31,Nils Liedholm
1959,1959,17,Titus Buberník,ČH Bratislava,Czechoslovakia,3.0,https://en.wikipedia.org/wiki/1959_Ballon_d%27Or,1,1959-01-01,1959-12-31,Titus Buberník
1959,1959,17,Just Fontaine,Reims,France,3.0,https://en.wikipedia.org/wiki/1959_Ballon_d%27Or,1,1959-01-01,1959-12-31,Just Fontaine
1959,1959,17,Georgi Naydenov,CDNA Sofia,Bulgaria,3.0,https://en.wikipedia.org/wiki/1959_Ballon_d%27Or,1,1959-01-01,1959-12-31,Georgi Naydenov
1959,1959,20,Flórián Albert,Ferencváros,Hungary,2.0,https://en.wikipedia.org/wiki/1959_Ballon_d%27Or,1,1959-01-01,1959-12-31,Flórián Albert
1959,1959,20,Uwe Seeler,Hamburger SV,West Germany,2.0,https://en.wikipedia.org/wiki/1959_Ballon_d%27Or,1,1959-01-01,1959-12-31,Uwe Seeler
1959,1959,20,Joan Segarra,Barcelona,Spain,2.0,https://en.wikipedia.org/wiki/1959_Ballon_d%27Or,1,1959-01-01,1959-12-31,Joan Segarra
1959,1959,23,János Göröcs,Újpest,Hungary,1.0,https://en.wikipedia.org/wiki/1959_Ballon_d%27Or,1,1959-01-01,1959-12-31,János Göröcs
1959,1959,23,Ken Jones,Scunthorpe United,Wales,1.0,https://en.wikipedia.org/wiki/1959_Ballon_d%27Or,1,1959-01-01,1959-12-31,Ken Jones
1959,1959,23,Roger Marche,RC Paris,France,1.0,https://en.wikipedia.org/wiki/1959_Ballon_d%27Or,1,1959-01-01,1959-12-31,Roger Marche
1959,1959,23,Antoni Ramallets,Barcelona,Spain,1.0,https://en.wikipedia.org/wiki/1959_Ballon_d%27Or,1,1959-01-01,1959-12-31,Antoni Ramallets
1960,1960,1,Luis Suárez,Barcelona,Spain,54.0,https://en.wikipedia.org/wiki/1960_Ballon_d%27Or,1,1960-01-01,1960-12-31,Luis Suárez
1960,1960,2,Ferenc Puskás,Real Madrid,Hungary,37.0,https://en.wikipedia.org/wiki/1960_Ballon_d%27Or,1,1960-01-01,1960-12-31,Ferenc Puskás
1960,1960,3,Uwe Seeler,Hamburger SV,West Germany,33.0,https://en.wikipedia.org/wiki/1960_Ballon_d%27Or,1,1960-01-01,1960-12-31,Uwe Seeler
1960,1960,4,Alfredo Di Stéfano,Real Madrid,Spain,32.0,https://en.wikipedia.org/wiki/1960_Ballon_d%27Or,1,1960-01-01,1960-12-31,Alfredo Di Stéfano
1960,1960,5,Lev Yashin,Dynamo Moscow,Soviet Union,28.0,https://en.wikipedia.org/wiki/1960_Ballon_d%27Or,1,1960-01-01,1960-12-31,Lev Yashin
1960,1960,6,Raymond Kopa,Reims,France,14.0,https://en.wikipedia.org/wiki/1960_Ballon_d%27Or,1,1960-01-01,1960-12-31,Raymond Kopa
1960,1960,7,John Charles,Juventus,Wales,11.0,https://en.wikipedia.org/wiki/1960_Ballon_d%27Or,1,1960-01-01,1960-12-31,John Charles
1960,1960,7,Bobby Charlton,Manchester United,England,11.0,https://en.wikipedia.org/wiki/1960_Ballon_d%27Or,1,1960-01-01,1960-12-31,Bobby Charlton
1960,1960,9,Omar Sívori,Juventus,Italy,9.0,https://en.wikipedia.org/wiki/1960_Ballon_d%27Or,1,1960-01-01,1960-12-31,Omar Sívori
1960,1960,9,Horst Szymaniak,Karlsruher SC,West Germany,9.0,https://en.wikipedia.org/wiki/1960_Ballon_d%27Or,1,1960-01-01,1960-12-31,Horst Szymaniak
1960,1960,11,Paco Gento,Real Madrid,Spain,8.0,https://en.wikipedia.org/wiki/1960_Ballon_d%27Or,1,1960-01-01,1960-12-31,Paco Gento
1960,1960,12,Bora Kostić,Red Star Belgrade,Yugoslavia,7.0,https://en.wikipedia.org/wiki/1960_Ballon_d%27Or,1,1960-01-01,1960-12-31,Bora Kostić
1960,1960,13,Joseph Ujlaki,RC Paris,France,5.0,https://en.wikipedia.org/wiki/1960_Ballon_d%27Or,1,1960-01-01,1960-12-31,Joseph Ujlaki
1960,1960,14,Kurt Hamrin,Fiorentina,Sweden,4.0,https://en.wikipedia.org/wiki/1960_Ballon_d%27Or,1,1960-01-01,1960-12-31,Kurt Hamrin
1960,1960,14,Bobby Smith,Tottenham Hotspur,England,4.0,https://en.wikipedia.org/wiki/1960_Ballon_d%27Or,1,1960-01-01,1960-12-31,Bobby Smith
1960,1960,16,Luis del Sol,Real Betis Real Madrid,Spain,3.0,https://en.wikipedia.org/wiki/1960_Ballon_d%27Or,1,1960-01-01,1960-12-31,Luis del Sol
1960,1960,16,Jimmy Greaves,Chelsea,England,3.0,https://en.wikipedia.org/wiki/1960_Ballon_d%27Or,1,1960-01-01,1960-12-31,Jimmy Greaves
1960,1960,16,Ivan Kolev,CDNA Sofia,Bulgaria,3.0,https://en.wikipedia.org/wiki/1960_Ballon_d%27Or,1,1960-01-01,1960-12-31,Ivan Kolev
1960,1960,19,János Göröcs,Újpest,Hungary,2.0,https://en.wikipedia.org/wiki/1960_Ballon_d%27Or,1,1960-01-01,1960-12-31,János Göröcs
1960,1960,19,Károly Sándor,MTK Budapest,Hungary,2.0,https://en.wikipedia.org/wiki/1960_Ballon_d%27Or,1,1960-01-01,1960-12-31,Károly Sándor
1960,1960,19,Dragoslav Šekularac,Red Star Belgrade,Yugoslavia,2.0,https://en.wikipedia.org/wiki/1960_Ballon_d%27Or,1,1960-01-01,1960-12-31,Dragoslav Šekularac
1960,1960,19,Agne Simonsson,Örgryte IS Real Madrid,Sweden,2.0,https://en.wikipedia.org/wiki/1960_Ballon_d%27Or,1,1960-01-01,1960-12-31,Agne Simonsson
1960,1960,23,Antonio Angelillo,Internazionale,Italy,1.0,https://en.wikipedia.org/wiki/1960_Ballon_d%27Or,1,1960-01-01,1960-12-31,Antonio Angelillo
1960,1960,23,Gerhard Hanappi,Rapid Wien,Austria,1.0,https://en.wikipedia.org/wiki/1960_Ballon_d%27Or,1,1960-01-01,1960-12-31,Gerhard Hanappi
1960,1960,23,Erich Hof,Wiener SC,Austria,1.0,https://en.wikipedia.org/wiki/1960_Ballon_d%27Or,1,1960-01-01,1960-12-31,Erich Hof
1960,1960,23,Blagoje Vidinić,Radnički Belgrade,Yugoslavia,1.0,https://en.wikipedia.org/wiki/1960_Ballon_d%27Or,1,1960-01-01,1960-12-31,Blagoje Vidinić
1961,1961,1,Omar Sívori,Juventus,Italy,46.0,https://en.wikipedia.org/wiki/1961_Ballon_d%27Or,1,1961-01-01,1961-12-31,Omar Sívori
1961,1961,2,Luis Suárez,Barcelona Internazionale,Spain,40.0,https://en.wikipedia.org/wiki/1961_Ballon_d%27Or,1,1961-01-01,1961-12-31,Luis Suárez
1961,1961,3,Johnny Haynes,Fulham,England,22.0,https://en.wikipedia.org/wiki/1961_Ballon_d%27Or,1,1961-01-01,1961-12-31,Johnny Haynes
1961,1961,4,Lev Yashin,Dynamo Moscow,Soviet Union,21.0,https://en.wikipedia.org/wiki/1961_Ballon_d%27Or,1,1961-01-01,1961-12-31,Lev Yashin
1961,1961,5,Ferenc Puskás,Real Madrid,Hungary,16.0,https://en.wikipedia.org/wiki/1961_Ballon_d%27Or,1,1961-01-01,1961-12-31,Ferenc Puskás
1961,1961,6,Alfredo Di Stéfano,Real Madrid,Spain,13.0,https://en.wikipedia.org/wiki/1961_Ballon_d%27Or,1,1961-01-01,1961-12-31,Alfredo Di Stéfano
1961,1961,6,Uwe Seeler,Hamburger SV,West Germany,13.0,https://en.wikipedia.org/wiki/1961_Ballon_d%27Or,1,1961-01-01,1961-12-31,Uwe Seeler
1961,1961,8,John Charles,Juventus,Wales,10.0,https://en.wikipedia.org/wiki/1961_Ballon_d%27Or,1,1961-01-01,1961-12-31,John Charles
1961,1961,9,Paco Gento,Real Madrid,Spain,8.0,https://en.wikipedia.org/wiki/1961_Ballon_d%27Or,1,1961-01-01,1961-12-31,Paco Gento
1961,1961,10,José Águas,Benfica,Portugal,5.0,https://en.wikipedia.org/wiki/1961_Ballon_d%27Or,1,1961-01-01,1961-12-31,José Águas
1961,1961,10,Bobby Charlton,Manchester United,England,5.0,https://en.wikipedia.org/wiki/1961_Ballon_d%27Or,1,1961-01-01,1961-12-31,Bobby Charlton
1961,1961,10,Gyula Grosics,Tatabánya,Hungary,5.0,https://en.wikipedia.org/wiki/1961_Ballon_d%27Or,1,1961-01-01,1961-12-31,Gyula Grosics
1961,1961,10,Gerhard Hanappi,Rapid Wien,Austria,5.0,https://en.wikipedia.org/wiki/1961_Ballon_d%27Or,1,1961-01-01,1961-12-31,Gerhard Hanappi
1961,1961,10,Josef Masopust,Dukla Prague,Czechoslovakia,5.0,https://en.wikipedia.org/wiki/1961_Ballon_d%27Or,1,1961-01-01,1961-12-31,Josef Masopust
1961,1961,10,José Santamaría,Real Madrid,Spain,5.0,https://en.wikipedia.org/wiki/1961_Ballon_d%27Or,1,1961-01-01,1961-12-31,José Santamaría
1961,1961,10,Dragoslav Šekularac,Red Star Belgrade,Yugoslavia,5.0,https://en.wikipedia.org/wiki/1961_Ballon_d%27Or,1,1961-01-01,1961-12-31,Dragoslav Šekularac
1961,1961,17,Danny Blanchflower,Tottenham Hotspur,Northern Ireland,4.0,https://en.wikipedia.org/wiki/1961_Ballon_d%27Or,1,1961-01-01,1961-12-31,Danny Blanchflower
1961,1961,17,Germano,Benfica,Portugal,4.0,https://en.wikipedia.org/wiki/1961_Ballon_d%27Or,1,1961-01-01,1961-12-31,Germano
1961,1961,17,Kurt Hamrin,Fiorentina,Sweden,4.0,https://en.wikipedia.org/wiki/1961_Ballon_d%27Or,1,1961-01-01,1961-12-31,Kurt Hamrin
1961,1961,17,Mikheil Meskhi,Dinamo Tbilisi,Soviet Union,4.0,https://en.wikipedia.org/wiki/1961_Ballon_d%27Or,1,1961-01-01,1961-12-31,Mikheil Meskhi
1961,1961,17,Viktor Ponedelnik,SKA Rostov-on-Don,Soviet Union,4.0,https://en.wikipedia.org/wiki/1961_Ballon_d%27Or,1,1961-01-01,1961-12-31,Viktor Ponedelnik
1961,1961,17,Horst Szymaniak,Karlsruher SC Catania,West Germany,4.0,https://en.wikipedia.org/wiki/1961_Ballon_d%27Or,1,1961-01-01,1961-12-31,Horst Szymaniak
1961,1961,23,José Augusto,Benfica,Portugal,3.0,https://en.wikipedia.org/wiki/1961_Ballon_d%27Or,1,1961-01-01,1961-12-31,José Augusto
1961,1961,23,Denis Law,Manchester City Torino,Scotland,3.0,https://en.wikipedia.org/wiki/1961_Ballon_d%27Or,1,1961-01-01,1961-12-31,Denis Law
1961,1961,23,Slava Metreveli,Torpedo Moscow,Soviet Union,3.0,https://en.wikipedia.org/wiki/1961_Ballon_d%27Or,1,1961-01-01,1961-12-31,Slava Metreveli
1961,1961,23,Max Morlock,1. FC Nürnberg,West Germany,3.0,https://en.wikipedia.org/wiki/1961_Ballon_d%27Or,1,1961-01-01,1961-12-31,Max Morlock
1961,1961,23,Horst Nemec,Austria Wien,Austria,3.0,https://en.wikipedia.org/wiki/1961_Ballon_d%27Or,1,1961-01-01,1961-12-31,Horst Nemec
1961,1961,28,Pierre Bernard,Sedan Nîmes,France,2.0,https://en.wikipedia.org/wiki/1961_Ballon_d%27Or,1,1961-01-01,1961-12-31,Pierre Bernard
1961,1961,28,Gert Dörfel,Hamburger SV,West Germany,2.0,https://en.wikipedia.org/wiki/1961_Ballon_d%27Or,1,1961-01-01,1961-12-31,Gert Dörfel
1961,1961,28,Norbert Eschmann,Stade Français,Switzerland,2.0,https://en.wikipedia.org/wiki/1961_Ballon_d%27Or,1,1961-01-01,1961-12-31,Norbert Eschmann
1961,1961,28,Jimmy Greaves,Chelsea Milan Tottenham Hotspur,England,2.0,https://en.wikipedia.org/wiki/1961_Ballon_d%27Or,1,1961-01-01,1961-12-31,Jimmy Greaves
1961,1961,28,Lucien Muller,Reims,France,2.0,https://en.wikipedia.org/wiki/1961_Ballon_d%27Or,1,1961-01-01,1961-12-31,Lucien Muller
1961,1961,28,Costa Pereira,Benfica,Portugal,2.0,https://en.wikipedia.org/wiki/1961_Ballon_d%27Or,1,1961-01-01,1961-12-31,Costa Pereira
1961,1961,28,Lajos Tichy,Budapest Honvéd,Hungary,2.0,https://en.wikipedia.org/wiki/1961_Ballon_d%27Or,1,1961-01-01,1961-12-31,Lajos Tichy
1961,1961,35,Charles Antenen,La Chaux-de-Fonds,Switzerland,1.0,https://en.wikipedia.org/wiki/1961_Ballon_d%27Or,1,1961-01-01,1961-12-31,Charles Antenen
1961,1961,35,Mário Coluna,Benfica,Portugal,1.0,https://en.wikipedia.org/wiki/1961_Ballon_d%27Or,1,1961-01-01,1961-12-31,Mário Coluna
1961,1961,35,Eusébio,Benfica,Portugal,1.0,https://en.wikipedia.org/wiki/1961_Ballon_d%27Or,1,1961-01-01,1961-12-31,Eusébio
1961,1961,35,Gernot Fraydl,Austria Wien,Austria,1.0,https://en.wikipedia.org/wiki/1961_Ballon_d%27Or,1,1961-01-01,1961-12-31,Gernot Fraydl
1961,1961,35,Karl Koller,First Vienna,Austria,1.0,https://en.wikipedia.org/wiki/1961_Ballon_d%27Or,1,1961-01-01,1961-12-31,Karl Koller
1961,1961,35,Rudolf Kučera,Dukla Prague,Czechoslovakia,1.0,https://en.wikipedia.org/wiki/1961_Ballon_d%27Or,1,1961-01-01,1961-12-31,Rudolf Kučera
1961,1961,35,Dumitru Macri,Rapid București,Romania,1.0,https://en.wikipedia.org/wiki/1961_Ballon_d%27Or,1,1961-01-01,1961-12-31,Dumitru Macri
1961,1961,35,Jimmy McIlroy,Burnley,Northern Ireland,1.0,https://en.wikipedia.org/wiki/1961_Ballon_d%27Or,1,1961-01-01,1961-12-31,Jimmy McIlroy
1961,1961,35,Karl Stotz,Austria Wien,Austria,1.0,https://en.wikipedia.org/wiki/1961_Ballon_d%27Or,1,1961-01-01,1961-12-31,Karl Stotz
1962,1962,1,Josef Masopust,Dukla Prague,Czechoslovakia,65.0,https://en.wikipedia.org/wiki/1962_Ballon_d%27Or,1,1962-01-01,1962-12-31,Josef Masopust
1962,1962,2,Eusébio,Benfica,Portugal,53.0,https://en.wikipedia.org/wiki/1962_Ballon_d%27Or,1,1962-01-01,1962-12-31,Eusébio
1962,1962,3,Karl-Heinz Schnellinger,1. FC Köln,West Germany,33.0,https://en.wikipedia.org/wiki/1962_Ballon_d%27Or,1,1962-01-01,1962-12-31,Karl-Heinz Schnellinger
1962,1962,4,Dragoslav Šekularac,Red Star Belgrade,Yugoslavia,26.0,https://en.wikipedia.org/wiki/1962_Ballon_d%27Or,1,1962-01-01,1962-12-31,Dragoslav Šekularac
1962,1962,5,Jef Jurion,Anderlecht,Belgium,15.0,https://en.wikipedia.org/wiki/1962_Ballon_d%27Or,1,1962-01-01,1962-12-31,Jef Jurion
1962,1962,6,Gianni Rivera,Milan,Italy,14.0,https://en.wikipedia.org/wiki/1962_Ballon_d%27Or,1,1962-01-01,1962-12-31,Gianni Rivera
1962,1962,7,Jimmy Greaves,Tottenham Hotspur,England,11.0,https://en.wikipedia.org/wiki/1962_Ballon_d%27Or,1,1962-01-01,1962-12-31,Jimmy Greaves
1962,1962,8,John Charles,Juventus Leeds United Roma,Wales,10.0,https://en.wikipedia.org/wiki/1962_Ballon_d%27Or,1,1962-01-01,1962-12-31,John Charles
1962,1962,8,Milan Galić,Partizan,Yugoslavia,10.0,https://en.wikipedia.org/wiki/1962_Ballon_d%27Or,1,1962-01-01,1962-12-31,Milan Galić
1962,1962,10,János Göröcs,Újpest,Hungary,6.0,https://en.wikipedia.org/wiki/1962_Ballon_d%27Or,1,1962-01-01,1962-12-31,János Göröcs
1962,1962,11,José Águas,Benfica,Portugal,4.0,https://en.wikipedia.org/wiki/1962_Ballon_d%27Or,1,1962-01-01,1962-12-31,José Águas
1962,1962,11,Raymond Kopa,Reims,France,4.0,https://en.wikipedia.org/wiki/1962_Ballon_d%27Or,1,1962-01-01,1962-12-31,Raymond Kopa
1962,1962,11,Denis Law,Torino Manchester United,Scotland,4.0,https://en.wikipedia.org/wiki/1962_Ballon_d%27Or,1,1962-01-01,1962-12-31,Denis Law
1962,1962,11,Omar Sívori,Juventus,Argentina,4.0,https://en.wikipedia.org/wiki/1962_Ballon_d%27Or,1,1962-01-01,1962-12-31,Omar Sívori
1962,1962,15,Luis del Sol,Real Madrid Juventus,Spain,3.0,https://en.wikipedia.org/wiki/1962_Ballon_d%27Or,1,1962-01-01,1962-12-31,Luis del Sol
1962,1962,15,Andrej Kvašňák,Sparta Prague,Czechoslovakia,3.0,https://en.wikipedia.org/wiki/1962_Ballon_d%27Or,1,1962-01-01,1962-12-31,Andrej Kvašňák
1962,1962,15,André Lerond,Stade Français,France,3.0,https://en.wikipedia.org/wiki/1962_Ballon_d%27Or,1,1962-01-01,1962-12-31,André Lerond
1962,1962,15,Luis Suárez,Internazionale,Spain,3.0,https://en.wikipedia.org/wiki/1962_Ballon_d%27Or,1,1962-01-01,1962-12-31,Luis Suárez
1962,1962,19,Flórián Albert,Ferencváros,Hungary,2.0,https://en.wikipedia.org/wiki/1962_Ballon_d%27Or,1,1962-01-01,1962-12-31,Flórián Albert
1962,1962,19,Kurt Hamrin,Fiorentina,Sweden,2.0,https://en.wikipedia.org/wiki/1962_Ballon_d%27Or,1,1962-01-01,1962-12-31,Kurt Hamrin
1962,1962,19,Horst Nemec,Austria Wien,Austria,2.0,https://en.wikipedia.org/wiki/1962_Ballon_d%27Or,1,1962-01-01,1962-12-31,Horst Nemec
1962,1962,19,Joaquín Peiró,Atlético Madrid Torino,Spain,2.0,https://en.wikipedia.org/wiki/1962_Ballon_d%27Or,1,1962-01-01,1962-12-31,Joaquín Peiró
1962,1962,19,Viliam Schrojf,Slovan Bratislava,Czechoslovakia,2.0,https://en.wikipedia.org/wiki/1962_Ballon_d%27Or,1,1962-01-01,1962-12-31,Viliam Schrojf
1962,1962,19,Ernő Solymosi,Újpest,Hungary,2.0,https://en.wikipedia.org/wiki/1962_Ballon_d%27Or,1,1962-01-01,1962-12-31,Ernő Solymosi
1962,1962,25,Paco Gento,Real Madrid,Spain,1.0,https://en.wikipedia.org/wiki/1962_Ballon_d%27Or,1,1962-01-01,1962-12-31,Paco Gento
1962,1962,25,Ezio Pascutti,Bologna,Italy,1.0,https://en.wikipedia.org/wiki/1962_Ballon_d%27Or,1,1962-01-01,1962-12-31,Ezio Pascutti
1962,1962,25,Lajos Tichy,Budapest Honvéd,Hungary,1.0,https://en.wikipedia.org/wiki/1962_Ballon_d%27Or,1,1962-01-01,1962-12-31,Lajos Tichy
1963,1963,1,Lev Yashin,Dynamo Moscow,Soviet Union,73.0,https://en.wikipedia.org/wiki/1963_Ballon_d%27Or,1,1963-01-01,1963-12-31,Lev Yashin
1963,1963,2,Gianni Rivera,Milan,Italy,55.0,https://en.wikipedia.org/wiki/1963_Ballon_d%27Or,1,1963-01-01,1963-12-31,Gianni Rivera
1963,1963,3,Jimmy Greaves,Tottenham Hotspur,England,50.0,https://en.wikipedia.org/wiki/1963_Ballon_d%27Or,1,1963-01-01,1963-12-31,Jimmy Greaves
1963,1963,4,Denis Law,Manchester United,Scotland,45.0,https://en.wikipedia.org/wiki/1963_Ballon_d%27Or,1,1963-01-01,1963-12-31,Denis Law
1963,1963,5,Eusébio,Benfica,Portugal,19.0,https://en.wikipedia.org/wiki/1963_Ballon_d%27Or,1,1963-01-01,1963-12-31,Eusébio
1963,1963,6,Karl-Heinz Schnellinger,1. FC Köln Mantova,West Germany,16.0,https://en.wikipedia.org/wiki/1963_Ballon_d%27Or,1,1963-01-01,1963-12-31,Karl-Heinz Schnellinger
1963,1963,7,Uwe Seeler,Hamburger SV,West Germany,9.0,https://en.wikipedia.org/wiki/1963_Ballon_d%27Or,1,1963-01-01,1963-12-31,Uwe Seeler
1963,1963,8,Bobby Charlton,Manchester United,England,5.0,https://en.wikipedia.org/wiki/1963_Ballon_d%27Or,1,1963-01-01,1963-12-31,Bobby Charlton
1963,1963,8,Luis Suárez,Inter Milan,Spain,5.0,https://en.wikipedia.org/wiki/1963_Ballon_d%27Or,1,1963-01-01,1963-12-31,Luis Suárez
1963,1963,8,Giovanni Trapattoni,Milan,Italy,5.0,https://en.wikipedia.org/wiki/1963_Ballon_d%27Or,1,1963-01-01,1963-12-31,Giovanni Trapattoni
1963,1963,11,José Altafini,Milan,Brazil,4.0,https://en.wikipedia.org/wiki/1963_Ballon_d%27Or,1,1963-01-01,1963-12-31,José Altafini
1963,1963,11,Paul Van Himst,Anderlecht,Belgium,4.0,https://en.wikipedia.org/wiki/1963_Ballon_d%27Or,1,1963-01-01,1963-12-31,Paul Van Himst
1963,1963,13,Flórián Albert,Ferencváros,Hungary,3.0,https://en.wikipedia.org/wiki/1963_Ballon_d%27Or,1,1963-01-01,1963-12-31,Flórián Albert
1963,1963,13,Harry Bild,IFK Norrköping,Sweden,3.0,https://en.wikipedia.org/wiki/1963_Ballon_d%27Or,1,1963-01-01,1963-12-31,Harry Bild
1963,1963,13,Josef Masopust,Dukla Prague,Czechoslovakia,3.0,https://en.wikipedia.org/wiki/1963_Ballon_d%27Or,1,1963-01-01,1963-12-31,Josef Masopust
1963,1963,13,Omar Sívori,Juventus,Argentina,3.0,https://en.wikipedia.org/wiki/1963_Ballon_d%27Or,1,1963-01-01,1963-12-31,Omar Sívori
1963,1963,17,Robert Herbin,Saint-Étienne,France,2.0,https://en.wikipedia.org/wiki/1963_Ballon_d%27Or,1,1963-01-01,1963-12-31,Robert Herbin
1963,1963,17,Jef Jurion,Anderlecht,Belgium,2.0,https://en.wikipedia.org/wiki/1963_Ballon_d%27Or,1,1963-01-01,1963-12-31,Jef Jurion
1963,1963,17,Cesare Maldini,Milan,Italy,2.0,https://en.wikipedia.org/wiki/1963_Ballon_d%27Or,1,1963-01-01,1963-12-31,Cesare Maldini
1963,1963,17,Károly Sándor,MTK Budapest,Hungary,2.0,https://en.wikipedia.org/wiki/1963_Ballon_d%27Or,1,1963-01-01,1963-12-31,Károly Sándor
1963,1963,21,Mário Coluna,Benfica,Portugal,1.0,https://en.wikipedia.org/wiki/1963_Ballon_d%27Or,1,1963-01-01,1963-12-31,Mário Coluna
1963,1963,21,Ake Johansson,IFK Norrköping,Sweden,1.0,https://en.wikipedia.org/wiki/1963_Ballon_d%27Or,1,1963-01-01,1963-12-31,Ake Johansson
1963,1963,21,Manfred Kaiser,Wismut Aue,East Germany,1.0,https://en.wikipedia.org/wiki/1963_Ballon_d%27Or,1,1963-01-01,1963-12-31,Manfred Kaiser
1963,1963,21,Metin Oktay,Galatasaray,Turkey,1.0,https://en.wikipedia.org/wiki/1963_Ballon_d%27Or,1,1963-01-01,1963-12-31,Metin Oktay
1963,1963,21,Svatopluk Pluskal,Dukla Prague,Czechoslovakia,1.0,https://en.wikipedia.org/wiki/1963_Ballon_d%27Or,1,1963-01-01,1963-12-31,Svatopluk Pluskal
1964,1964,1,Denis Law,Manchester United,Scotland,61.0,https://en.wikipedia.org/wiki/1964_Ballon_d%27Or,1,1964-01-01,1964-12-31,Denis Law
1964,1964,2,Luis Suárez,Internazionale,Spain,43.0,https://en.wikipedia.org/wiki/1964_Ballon_d%27Or,1,1964-01-01,1964-12-31,Luis Suárez
1964,1964,3,Amancio,Real Madrid,Spain,38.0,https://en.wikipedia.org/wiki/1964_Ballon_d%27Or,1,1964-01-01,1964-12-31,Amancio
1964,1964,4,Eusébio,Benfica,Portugal,31.0,https://en.wikipedia.org/wiki/1964_Ballon_d%27Or,1,1964-01-01,1964-12-31,Eusébio
1964,1964,5,Paul Van Himst,Anderlecht,Belgium,28.0,https://en.wikipedia.org/wiki/1964_Ballon_d%27Or,1,1964-01-01,1964-12-31,Paul Van Himst
1964,1964,6,Jimmy Greaves,Tottenham Hotspur,England,19.0,https://en.wikipedia.org/wiki/1964_Ballon_d%27Or,1,1964-01-01,1964-12-31,Jimmy Greaves
1964,1964,7,Mario Corso,Internazionale,Italy,17.0,https://en.wikipedia.org/wiki/1964_Ballon_d%27Or,1,1964-01-01,1964-12-31,Mario Corso
1964,1964,8,Lev Yashin,Dynamo Moscow,Soviet Union,15.0,https://en.wikipedia.org/wiki/1964_Ballon_d%27Or,1,1964-01-01,1964-12-31,Lev Yashin
1964,1964,9,Gianni Rivera,Milan,Italy,14.0,https://en.wikipedia.org/wiki/1964_Ballon_d%27Or,1,1964-01-01,1964-12-31,Gianni Rivera
1964,1964,10,Valery Voronin,Torpedo Moscow,Soviet Union,11.0,https://en.wikipedia.org/wiki/1964_Ballon_d%27Or,1,1964-01-01,1964-12-31,Valery Voronin
1964,1964,11,Ferenc Bene,Újpest,Hungary,6.0,https://en.wikipedia.org/wiki/1964_Ballon_d%27Or,1,1964-01-01,1964-12-31,Ferenc Bene
1964,1964,11,Karl-Heinz Schnellinger,Mantova Roma,West Germany,6.0,https://en.wikipedia.org/wiki/1964_Ballon_d%27Or,1,1964-01-01,1964-12-31,Karl-Heinz Schnellinger
1964,1964,13,Jean Nicolay,Standard Liège,Belgium,5.0,https://en.wikipedia.org/wiki/1964_Ballon_d%27Or,1,1964-01-01,1964-12-31,Jean Nicolay
1964,1964,14,Helmut Haller,Bologna,West Germany,4.0,https://en.wikipedia.org/wiki/1964_Ballon_d%27Or,1,1964-01-01,1964-12-31,Helmut Haller
1964,1964,15,José Torres,Benfica,Portugal,3.0,https://en.wikipedia.org/wiki/1964_Ballon_d%27Or,1,1964-01-01,1964-12-31,José Torres
1964,1964,16,Flórián Albert,Ferencváros,Hungary,2.0,https://en.wikipedia.org/wiki/1964_Ballon_d%27Or,1,1964-01-01,1964-12-31,Flórián Albert
1964,1964,16,José Altafini,Milan,Italy,2.0,https://en.wikipedia.org/wiki/1964_Ballon_d%27Or,1,1964-01-01,1964-12-31,José Altafini
1964,1964,16,Coen Moulijn,Feyenoord,Netherlands,2.0,https://en.wikipedia.org/wiki/1964_Ballon_d%27Or,1,1964-01-01,1964-12-31,Coen Moulijn
1964,1964,19,Néstor Combin,Lyon Juventus,France,1.0,https://en.wikipedia.org/wiki/1964_Ballon_d%27Or,1,1964-01-01,1964-12-31,Néstor Combin
1964,1964,19,Giacinto Facchetti,Internazionale,Italy,1.0,https://en.wikipedia.org/wiki/1964_Ballon_d%27Or,1,1964-01-01,1964-12-31,Giacinto Facchetti
1964,1964,19,Ole Madsen,HIK,Denmark,1.0,https://en.wikipedia.org/wiki/1964_Ballon_d%27Or,1,1964-01-01,1964-12-31,Ole Madsen
1964,1964,19,Sandro Mazzola,Internazionale,Italy,1.0,https://en.wikipedia.org/wiki/1964_Ballon_d%27Or,1,1964-01-01,1964-12-31,Sandro Mazzola
1964,1964,19,Bobby Moore,West Ham United,England,1.0,https://en.wikipedia.org/wiki/1964_Ballon_d%27Or,1,1964-01-01,1964-12-31,Bobby Moore
1964,1964,19,Jef Jurion,Anderlecht,Belgium,1.0,https://en.wikipedia.org/wiki/1964_Ballon_d%27Or,1,1964-01-01,1964-12-31,Jef Jurion
1964,1964,19,Omar Sívori,Juventus,Italy,1.0,https://en.wikipedia.org/wiki/1964_Ballon_d%27Or,1,1964-01-01,1964-12-31,Omar Sívori
1964,1964,19,Klaus Urbanczyk,Chemie Halle,East Germany,1.0,https://en.wikipedia.org/wiki/1964_Ballon_d%27Or,1,1964-01-01,1964-12-31,Klaus Urbanczyk
1965,1965,1,Eusébio,Benfica,Portugal,67.0,https://en.wikipedia.org/wiki/1965_Ballon_d%27Or,1,1965-01-01,1965-12-31,Eusébio
1965,1965,2,Giacinto Facchetti,Internazionale,Italy,59.0,https://en.wikipedia.org/wiki/1965_Ballon_d%27Or,1,1965-01-01,1965-12-31,Giacinto Facchetti
1965,1965,3,Luis Suárez,Internazionale,Spain,45.0,https://en.wikipedia.org/wiki/1965_Ballon_d%27Or,1,1965-01-01,1965-12-31,Luis Suárez
1965,1965,4,Paul Van Himst,Anderlecht,Belgium,25.0,https://en.wikipedia.org/wiki/1965_Ballon_d%27Or,1,1965-01-01,1965-12-31,Paul Van Himst
1965,1965,5,Bobby Charlton,Manchester United,England,19.0,https://en.wikipedia.org/wiki/1965_Ballon_d%27Or,1,1965-01-01,1965-12-31,Bobby Charlton
1965,1965,6,Flórián Albert,Ferencváros,Hungary,14.0,https://en.wikipedia.org/wiki/1965_Ballon_d%27Or,1,1965-01-01,1965-12-31,Flórián Albert
1965,1965,7,Gianni Rivera,Milan,Italy,10.0,https://en.wikipedia.org/wiki/1965_Ballon_d%27Or,1,1965-01-01,1965-12-31,Gianni Rivera
1965,1965,8,Georgi Asparuhov,Levski Sofia,Bulgaria,9.0,https://en.wikipedia.org/wiki/1965_Ballon_d%27Or,1,1965-01-01,1965-12-31,Georgi Asparuhov
1965,1965,8,Sandro Mazzola,Internazionale,Italy,9.0,https://en.wikipedia.org/wiki/1965_Ballon_d%27Or,1,1965-01-01,1965-12-31,Sandro Mazzola
1965,1965,8,Valery Voronin,Torpedo Moskva,Soviet Union,9.0,https://en.wikipedia.org/wiki/1965_Ballon_d%27Or,1,1965-01-01,1965-12-31,Valery Voronin
1965,1965,11,Denis Law,Manchester United,Scotland,8.0,https://en.wikipedia.org/wiki/1965_Ballon_d%27Or,1,1965-01-01,1965-12-31,Denis Law
1965,1965,12,Karl-Heinz Schnellinger,Roma Milan,West Germany,6.0,https://en.wikipedia.org/wiki/1965_Ballon_d%27Or,1,1965-01-01,1965-12-31,Karl-Heinz Schnellinger
1965,1965,13,Jim Baxter,Rangers Sunderland,Scotland,5.0,https://en.wikipedia.org/wiki/1965_Ballon_d%27Or,1,1965-01-01,1965-12-31,Jim Baxter
1965,1965,13,Ferenc Puskás,Real Madrid,Spain,5.0,https://en.wikipedia.org/wiki/1965_Ballon_d%27Or,1,1965-01-01,1965-12-31,Ferenc Puskás
1965,1965,15,Mario Corso,Internazionale,Italy,3.0,https://en.wikipedia.org/wiki/1965_Ballon_d%27Or,1,1965-01-01,1965-12-31,Mario Corso
1965,1965,15,Lev Yashin,Dynamo Moscow,Soviet Union,3.0,https://en.wikipedia.org/wiki/1965_Ballon_d%27Or,1,1965-01-01,1965-12-31,Lev Yashin
1965,1965,17,Amancio,Real Madrid,Spain,2.0,https://en.wikipedia.org/wiki/1965_Ballon_d%27Or,1,1965-01-01,1965-12-31,Amancio
1965,1965,17,Franz Beckenbauer,Bayern Munich,West Germany,2.0,https://en.wikipedia.org/wiki/1965_Ballon_d%27Or,1,1965-01-01,1965-12-31,Franz Beckenbauer
1965,1965,17,Ferenc Bene,Újpest,Hungary,2.0,https://en.wikipedia.org/wiki/1965_Ballon_d%27Or,1,1965-01-01,1965-12-31,Ferenc Bene
1965,1965,17,Mário Coluna,Benfica,Portugal,2.0,https://en.wikipedia.org/wiki/1965_Ballon_d%27Or,1,1965-01-01,1965-12-31,Mário Coluna
1965,1965,17,Milan Galić,Partizan,Yugoslavia,2.0,https://en.wikipedia.org/wiki/1965_Ballon_d%27Or,1,1965-01-01,1965-12-31,Milan Galić
1965,1965,17,Philippe Gondet,Nantes,France,2.0,https://en.wikipedia.org/wiki/1965_Ballon_d%27Or,1,1965-01-01,1965-12-31,Philippe Gondet
1965,1965,17,Andrej Kvašňák,Sparta Prague,Czechoslovakia,2.0,https://en.wikipedia.org/wiki/1965_Ballon_d%27Or,1,1965-01-01,1965-12-31,Andrej Kvašňák
1965,1965,17,Slava Metreveli,Dinamo Tbilisi,Soviet Union,2.0,https://en.wikipedia.org/wiki/1965_Ballon_d%27Or,1,1965-01-01,1965-12-31,Slava Metreveli
1965,1965,25,Ivor Allchurch,Cardiff City Swansea Town,Wales,1.0,https://en.wikipedia.org/wiki/1965_Ballon_d%27Or,1,1965-01-01,1965-12-31,Ivor Allchurch
1965,1965,25,Sigfried Held,Kickers Offenbach Borussia Dortmund,West Germany,1.0,https://en.wikipedia.org/wiki/1965_Ballon_d%27Or,1,1965-01-01,1965-12-31,Sigfried Held
1965,1965,25,Köbi Kuhn,Zürich,Switzerland,1.0,https://en.wikipedia.org/wiki/1965_Ballon_d%27Or,1,1965-01-01,1965-12-31,Köbi Kuhn
1966,1966,1,Bobby Charlton,Manchester United,England,81.0,https://en.wikipedia.org/wiki/1966_Ballon_d%27Or,1,1966-01-01,1966-12-31,Bobby Charlton
1966,1966,2,Eusébio,Benfica,Portugal,80.0,https://en.wikipedia.org/wiki/1966_Ballon_d%27Or,1,1966-01-01,1966-12-31,Eusébio
1966,1966,3,Franz Beckenbauer,Bayern Munich,West Germany,59.0,https://en.wikipedia.org/wiki/1966_Ballon_d%27Or,1,1966-01-01,1966-12-31,Franz Beckenbauer
1966,1966,4,Bobby Moore,West Ham United,England,31.0,https://en.wikipedia.org/wiki/1966_Ballon_d%27Or,1,1966-01-01,1966-12-31,Bobby Moore
1966,1966,5,Flórián Albert,Ferencváros,Hungary,23.0,https://en.wikipedia.org/wiki/1966_Ballon_d%27Or,1,1966-01-01,1966-12-31,Flórián Albert
1966,1966,6,Ferenc Bene,Újpest,Hungary,8.0,https://en.wikipedia.org/wiki/1966_Ballon_d%27Or,1,1966-01-01,1966-12-31,Ferenc Bene
1966,1966,7,Lev Yashin,Dynamo Moscow,Soviet Union,6.0,https://en.wikipedia.org/wiki/1966_Ballon_d%27Or,1,1966-01-01,1966-12-31,Lev Yashin
1966,1966,8,Alan Ball,Blackpool Everton,England,6.0,https://en.wikipedia.org/wiki/1966_Ballon_d%27Or,1,1966-01-01,1966-12-31,Alan Ball
1966,1966,9,János Farkas,Vasas,Hungary,6.0,https://en.wikipedia.org/wiki/1966_Ballon_d%27Or,1,1966-01-01,1966-12-31,János Farkas
1966,1966,10,José Torres,Benfica,Portugal,5.0,https://en.wikipedia.org/wiki/1966_Ballon_d%27Or,1,1966-01-01,1966-12-31,José Torres
1966,1966,11,Mario Corso,Internazionale,Italy,4.0,https://en.wikipedia.org/wiki/1966_Ballon_d%27Or,1,1966-01-01,1966-12-31,Mario Corso
1966,1966,11,Valery Voronin,Torpedo Moscow,Soviet Union,4.0,https://en.wikipedia.org/wiki/1966_Ballon_d%27Or,1,1966-01-01,1966-12-31,Valery Voronin
1966,1966,13,Mário Coluna,Benfica,Portugal,3.0,https://en.wikipedia.org/wiki/1966_Ballon_d%27Or,1,1966-01-01,1966-12-31,Mário Coluna
1966,1966,14,Georgi Asparuhov,Levski Sofia,Bulgaria,2.0,https://en.wikipedia.org/wiki/1966_Ballon_d%27Or,1,1966-01-01,1966-12-31,Georgi Asparuhov
1966,1966,14,Gordon Banks,Leicester City,England,2.0,https://en.wikipedia.org/wiki/1966_Ballon_d%27Or,1,1966-01-01,1966-12-31,Gordon Banks
1966,1966,14,Geoff Hurst,West Ham United,England,2.0,https://en.wikipedia.org/wiki/1966_Ballon_d%27Or,1,1966-01-01,1966-12-31,Geoff Hurst
1966,1966,14,Sandro Mazzola,Internazionale,Italy,2.0,https://en.wikipedia.org/wiki/1966_Ballon_d%27Or,1,1966-01-01,1966-12-31,Sandro Mazzola
1966,1966,18,Igor Chislenko,Dynamo Moscow,Soviet Union,1.0,https://en.wikipedia.org/wiki/1966_Ballon_d%27Or,1,1966-01-01,1966-12-31,Igor Chislenko
1966,1966,18,Tony Dunne,Manchester United,Republic of Ireland,1.0,https://en.wikipedia.org/wiki/1966_Ballon_d%27Or,1,1966-01-01,1966-12-31,Tony Dunne
1966,1966,18,Helmut Haller,Bologna,West Germany,1.0,https://en.wikipedia.org/wiki/1966_Ballon_d%27Or,1,1966-01-01,1966-12-31,Helmut Haller
1966,1966,18,Denis Law,Manchester United,Scotland,1.0,https://en.wikipedia.org/wiki/1966_Ballon_d%27Or,1,1966-01-01,1966-12-31,Denis Law
1966,1966,18,Willi Schulz,Hamburger SV,West Germany,1.0,https://en.wikipedia.org/wiki/1966_Ballon_d%27Or,1,1966-01-01,1966-12-31,Willi Schulz
1966,1966,18,Paul Van Himst,Anderlecht,Belgium,1.0,https://en.wikipedia.org/wiki/1966_Ballon_d%27Or,1,1966-01-01,1966-12-31,Paul Van Himst
1967,1967,1,Flórián Albert,Ferencváros,Hungary,68.0,https://en.wikipedia.org/wiki/1967_Ballon_d%27Or,1,1967-01-01,1967-12-31,Flórián Albert
1967,1967,2,Bobby Charlton,Manchester United,England,40.0,https://en.wikipedia.org/wiki/1967_Ballon_d%27Or,1,1967-01-01,1967-12-31,Bobby Charlton
1967,1967,3,Jimmy Johnstone,Celtic,Scotland,39.0,https://en.wikipedia.org/wiki/1967_Ballon_d%27Or,1,1967-01-01,1967-12-31,Jimmy Johnstone
1967,1967,4,Franz Beckenbauer,Bayern Munich,West Germany,37.0,https://en.wikipedia.org/wiki/1967_Ballon_d%27Or,1,1967-01-01,1967-12-31,Franz Beckenbauer
1967,1967,5,Eusébio,Benfica,Portugal,26.0,https://en.wikipedia.org/wiki/1967_Ballon_d%27Or,1,1967-01-01,1967-12-31,Eusébio
1967,1967,6,Tommy Gemmell,Celtic,Scotland,21.0,https://en.wikipedia.org/wiki/1967_Ballon_d%27Or,1,1967-01-01,1967-12-31,Tommy Gemmell
1967,1967,7,Gerd Müller,Bayern Munich,West Germany,19.0,https://en.wikipedia.org/wiki/1967_Ballon_d%27Or,1,1967-01-01,1967-12-31,Gerd Müller
1967,1967,8,George Best,Manchester United,Northern Ireland,18.0,https://en.wikipedia.org/wiki/1967_Ballon_d%27Or,1,1967-01-01,1967-12-31,George Best
1967,1967,9,Igor Chislenko,Dynamo Moscow,Soviet Union,9.0,https://en.wikipedia.org/wiki/1967_Ballon_d%27Or,1,1967-01-01,1967-12-31,Igor Chislenko
1967,1967,10,János Farkas,Vasas,Hungary,8.0,https://en.wikipedia.org/wiki/1967_Ballon_d%27Or,1,1967-01-01,1967-12-31,János Farkas
1967,1967,10,Sandro Mazzola,Internazionale,Italy,8.0,https://en.wikipedia.org/wiki/1967_Ballon_d%27Or,1,1967-01-01,1967-12-31,Sandro Mazzola
1967,1967,10,Pirri,Real Madrid,Spain,8.0,https://en.wikipedia.org/wiki/1967_Ballon_d%27Or,1,1967-01-01,1967-12-31,Pirri
1967,1967,13,Gigi Riva,Cagliari,Italy,6.0,https://en.wikipedia.org/wiki/1967_Ballon_d%27Or,1,1967-01-01,1967-12-31,Gigi Riva
1967,1967,13,Eduard Streltsov,Torpedo Moscow,Soviet Union,6.0,https://en.wikipedia.org/wiki/1967_Ballon_d%27Or,1,1967-01-01,1967-12-31,Eduard Streltsov
1967,1967,15,Anatoliy Byshovets,Dynamo Kyiv,Soviet Union,5.0,https://en.wikipedia.org/wiki/1967_Ballon_d%27Or,1,1967-01-01,1967-12-31,Anatoliy Byshovets
1967,1967,16,Alan Ball,Everton,England,4.0,https://en.wikipedia.org/wiki/1967_Ballon_d%27Or,1,1967-01-01,1967-12-31,Alan Ball
1967,1967,16,Helmut Haller,Bologna,West Germany,4.0,https://en.wikipedia.org/wiki/1967_Ballon_d%27Or,1,1967-01-01,1967-12-31,Helmut Haller
1967,1967,16,Włodzimierz Lubański,Górnik Zabrze,Poland,4.0,https://en.wikipedia.org/wiki/1967_Ballon_d%27Or,1,1967-01-01,1967-12-31,Włodzimierz Lubański
1967,1967,16,Gianni Rivera,Milan,Italy,4.0,https://en.wikipedia.org/wiki/1967_Ballon_d%27Or,1,1967-01-01,1967-12-31,Gianni Rivera
1967,1967,20,Zvezdan Čebinac,PSV Eindhoven 1. FC Nürnberg,Yugoslavia,3.0,https://en.wikipedia.org/wiki/1967_Ballon_d%27Or,1,1967-01-01,1967-12-31,Zvezdan Čebinac
1967,1967,20,Giacinto Facchetti,Internazionale,Italy,3.0,https://en.wikipedia.org/wiki/1967_Ballon_d%27Or,1,1967-01-01,1967-12-31,Giacinto Facchetti
1967,1967,20,Geoff Hurst,West Ham United,England,3.0,https://en.wikipedia.org/wiki/1967_Ballon_d%27Or,1,1967-01-01,1967-12-31,Geoff Hurst
1967,1967,20,Wolfgang Overath,1. FC Köln,West Germany,3.0,https://en.wikipedia.org/wiki/1967_Ballon_d%27Or,1,1967-01-01,1967-12-31,Wolfgang Overath
1967,1967,20,Paul Van Himst,Anderlecht,Belgium,3.0,https://en.wikipedia.org/wiki/1967_Ballon_d%27Or,1,1967-01-01,1967-12-31,Paul Van Himst
1967,1967,25,Nikola Kotkov,Lokomotiv Sofia,Bulgaria,2.0,https://en.wikipedia.org/wiki/1967_Ballon_d%27Or,1,1967-01-01,1967-12-31,Nikola Kotkov
1967,1967,25,Valery Voronin,Torpedo Moscow,Soviet Union,2.0,https://en.wikipedia.org/wiki/1967_Ballon_d%27Or,1,1967-01-01,1967-12-31,Valery Voronin
1967,1967,27,José Augusto,Benfica,Portugal,1.0,https://en.wikipedia.org/wiki/1967_Ballon_d%27Or,1,1967-01-01,1967-12-31,José Augusto
1967,1967,27,Johnny Bjerregaard,Rapid Wien,Denmark,1.0,https://en.wikipedia.org/wiki/1967_Ballon_d%27Or,1,1967-01-01,1967-12-31,Johnny Bjerregaard
1967,1967,27,Néstor Combin,Torino,France,1.0,https://en.wikipedia.org/wiki/1967_Ballon_d%27Or,1,1967-01-01,1967-12-31,Néstor Combin
1967,1967,27,Johan Cruyff,Ajax,Netherlands,1.0,https://en.wikipedia.org/wiki/1967_Ballon_d%27Or,1,1967-01-01,1967-12-31,Johan Cruyff
1967,1967,27,Pedro de Felipe,Real Madrid,Spain,1.0,https://en.wikipedia.org/wiki/1967_Ballon_d%27Or,1,1967-01-01,1967-12-31,Pedro de Felipe
1967,1967,27,Louis Pilot,Standard Liège,Luxembourg,1.0,https://en.wikipedia.org/wiki/1967_Ballon_d%27Or,1,1967-01-01,1967-12-31,Louis Pilot
1967,1967,27,Ove Kindvall,Feyenoord,Sweden,1.0,https://en.wikipedia.org/wiki/1967_Ballon_d%27Or,1,1967-01-01,1967-12-31,Ove Kindvall
1967,1967,27,Zygfryd Szołtysik,Górnik Zabrze,Poland,1.0,https://en.wikipedia.org/wiki/1967_Ballon_d%27Or,1,1967-01-01,1967-12-31,Zygfryd Szołtysik
1968,1968,1,George Best,Manchester United,Northern Ireland,61.0,https://en.wikipedia.org/wiki/1968_Ballon_d%27Or,1,1968-01-01,1968-12-31,George Best
1968,1968,2,Bobby Charlton,Manchester United,England,53.0,https://en.wikipedia.org/wiki/1968_Ballon_d%27Or,1,1968-01-01,1968-12-31,Bobby Charlton
1968,1968,3,Dragan Džajić,Red Star Belgrade,Yugoslavia,46.0,https://en.wikipedia.org/wiki/1968_Ballon_d%27Or,1,1968-01-01,1968-12-31,Dragan Džajić
1968,1968,4,Franz Beckenbauer,Bayern Munich,West Germany,36.0,https://en.wikipedia.org/wiki/1968_Ballon_d%27Or,1,1968-01-01,1968-12-31,Franz Beckenbauer
1968,1968,5,Giacinto Facchetti,Internazionale,Italy,30.0,https://en.wikipedia.org/wiki/1968_Ballon_d%27Or,1,1968-01-01,1968-12-31,Giacinto Facchetti
1968,1968,6,Gigi Riva,Cagliari,Italy,22.0,https://en.wikipedia.org/wiki/1968_Ballon_d%27Or,1,1968-01-01,1968-12-31,Gigi Riva
1968,1968,7,Amancio,Real Madrid,Spain,21.0,https://en.wikipedia.org/wiki/1968_Ballon_d%27Or,1,1968-01-01,1968-12-31,Amancio
1968,1968,8,Eusébio,Benfica,Portugal,15.0,https://en.wikipedia.org/wiki/1968_Ballon_d%27Or,1,1968-01-01,1968-12-31,Eusébio
1968,1968,9,Gianni Rivera,Milan,Italy,13.0,https://en.wikipedia.org/wiki/1968_Ballon_d%27Or,1,1968-01-01,1968-12-31,Gianni Rivera
1968,1968,10,Jimmy Greaves,Tottenham Hotspur,England,8.0,https://en.wikipedia.org/wiki/1968_Ballon_d%27Or,1,1968-01-01,1968-12-31,Jimmy Greaves
1968,1968,10,Pirri,Real Madrid,Spain,8.0,https://en.wikipedia.org/wiki/1968_Ballon_d%27Or,1,1968-01-01,1968-12-31,Pirri
1968,1968,12,Antal Dunai,Újpest,Hungary,7.0,https://en.wikipedia.org/wiki/1968_Ballon_d%27Or,1,1968-01-01,1968-12-31,Antal Dunai
1968,1968,12,Willi Schulz,Hamburger SV,West Germany,7.0,https://en.wikipedia.org/wiki/1968_Ballon_d%27Or,1,1968-01-01,1968-12-31,Willi Schulz
1968,1968,14,Georgi Asparuhov,Levski Sofia,Bulgaria,6.0,https://en.wikipedia.org/wiki/1968_Ballon_d%27Or,1,1968-01-01,1968-12-31,Georgi Asparuhov
1968,1968,14,Albert Shesternyov,CSKA Moscow,Soviet Union,6.0,https://en.wikipedia.org/wiki/1968_Ballon_d%27Or,1,1968-01-01,1968-12-31,Albert Shesternyov
1968,1968,16,Ove Kindvall,Feyenoord,Sweden,5.0,https://en.wikipedia.org/wiki/1968_Ballon_d%27Or,1,1968-01-01,1968-12-31,Ove Kindvall
1968,1968,17,Flórián Albert,Ferencváros,Hungary,4.0,https://en.wikipedia.org/wiki/1968_Ballon_d%27Or,1,1968-01-01,1968-12-31,Flórián Albert
1968,1968,17,Sandro Mazzola,Internazionale,Italy,4.0,https://en.wikipedia.org/wiki/1968_Ballon_d%27Or,1,1968-01-01,1968-12-31,Sandro Mazzola
1968,1968,17,Lajos Szűcs,Ferencváros,Hungary,4.0,https://en.wikipedia.org/wiki/1968_Ballon_d%27Or,1,1968-01-01,1968-12-31,Lajos Szűcs
1968,1968,20,Johan Cruyff,Ajax,Netherlands,3.0,https://en.wikipedia.org/wiki/1968_Ballon_d%27Or,1,1968-01-01,1968-12-31,Johan Cruyff
1968,1968,20,Gerd Müller,Bayern Munich,West Germany,3.0,https://en.wikipedia.org/wiki/1968_Ballon_d%27Or,1,1968-01-01,1968-12-31,Gerd Müller
1968,1968,22,Jack Charlton,Leeds United,England,2.0,https://en.wikipedia.org/wiki/1968_Ballon_d%27Or,1,1968-01-01,1968-12-31,Jack Charlton
1968,1968,22,Bobby Moore,West Ham United,England,2.0,https://en.wikipedia.org/wiki/1968_Ballon_d%27Or,1,1968-01-01,1968-12-31,Bobby Moore
1968,1968,24,Alan Ball,Everton,England,1.0,https://en.wikipedia.org/wiki/1968_Ballon_d%27Or,1,1968-01-01,1968-12-31,Alan Ball
1968,1968,24,Ferenc Bene,Újpest,Hungary,1.0,https://en.wikipedia.org/wiki/1968_Ballon_d%27Or,1,1968-01-01,1968-12-31,Ferenc Bene
1968,1968,24,Angelo Domenghini,Internazionale,Italy,1.0,https://en.wikipedia.org/wiki/1968_Ballon_d%27Or,1,1968-01-01,1968-12-31,Angelo Domenghini
1968,1968,24,Mirsad Fazlagić,Sarajevo,Yugoslavia,1.0,https://en.wikipedia.org/wiki/1968_Ballon_d%27Or,1,1968-01-01,1968-12-31,Mirsad Fazlagić
1968,1968,24,Tommy Gemmell,Celtic,Scotland,1.0,https://en.wikipedia.org/wiki/1968_Ballon_d%27Or,1,1968-01-01,1968-12-31,Tommy Gemmell
1968,1968,24,Jimmy Johnstone,Celtic,Scotland,1.0,https://en.wikipedia.org/wiki/1968_Ballon_d%27Or,1,1968-01-01,1968-12-31,Jimmy Johnstone
1968,1968,24,Murtaz Khurtsilava,Dinamo Tbilisi,Soviet Union,1.0,https://en.wikipedia.org/wiki/1968_Ballon_d%27Or,1,1968-01-01,1968-12-31,Murtaz Khurtsilava
1968,1968,24,Ivica Osim,Željezničar,Yugoslavia,1.0,https://en.wikipedia.org/wiki/1968_Ballon_d%27Or,1,1968-01-01,1968-12-31,Ivica Osim
1968,1968,24,Louis Pilot,Standard Liège,Luxembourg,1.0,https://en.wikipedia.org/wiki/1968_Ballon_d%27Or,1,1968-01-01,1968-12-31,Louis Pilot
1969,1969,1,Gianni Rivera,Milan,Italy,83.0,https://en.wikipedia.org/wiki/1969_Ballon_d%27Or,1,1969-01-01,1969-12-31,Gianni Rivera
1969,1969,2,Gigi Riva,Cagliari,Italy,79.0,https://en.wikipedia.org/wiki/1969_Ballon_d%27Or,1,1969-01-01,1969-12-31,Gigi Riva
1969,1969,3,Gerd Müller,Bayern Munich,West Germany,38.0,https://en.wikipedia.org/wiki/1969_Ballon_d%27Or,1,1969-01-01,1969-12-31,Gerd Müller
1969,1969,4,Johan Cruyff,Ajax,Netherlands,30.0,https://en.wikipedia.org/wiki/1969_Ballon_d%27Or,1,1969-01-01,1969-12-31,Johan Cruyff
1969,1969,4,Ove Kindvall,Feyenoord,Sweden,30.0,https://en.wikipedia.org/wiki/1969_Ballon_d%27Or,1,1969-01-01,1969-12-31,Ove Kindvall
1969,1969,6,George Best,Manchester United,Northern Ireland,21.0,https://en.wikipedia.org/wiki/1969_Ballon_d%27Or,1,1969-01-01,1969-12-31,George Best
1969,1969,7,Franz Beckenbauer,Bayern Munich,West Germany,18.0,https://en.wikipedia.org/wiki/1969_Ballon_d%27Or,1,1969-01-01,1969-12-31,Franz Beckenbauer
1969,1969,8,Pierino Prati,Milan,Italy,17.0,https://en.wikipedia.org/wiki/1969_Ballon_d%27Or,1,1969-01-01,1969-12-31,Pierino Prati
1969,1969,9,Petar Zhekov,CSKA Sofia,Bulgaria,14.0,https://en.wikipedia.org/wiki/1969_Ballon_d%27Or,1,1969-01-01,1969-12-31,Petar Zhekov
1969,1969,10,Jack Charlton,Leeds United,England,10.0,https://en.wikipedia.org/wiki/1969_Ballon_d%27Or,1,1969-01-01,1969-12-31,Jack Charlton
1969,1969,11,Albert Shesternyov,CSKA Moscow,Soviet Union,8.0,https://en.wikipedia.org/wiki/1969_Ballon_d%27Or,1,1969-01-01,1969-12-31,Albert Shesternyov
1969,1969,12,Dragan Džajić,Red Star Belgrade,Yugoslavia,6.0,https://en.wikipedia.org/wiki/1969_Ballon_d%27Or,1,1969-01-01,1969-12-31,Dragan Džajić
1969,1969,13,Francis Lee,Manchester City,England,4.0,https://en.wikipedia.org/wiki/1969_Ballon_d%27Or,1,1969-01-01,1969-12-31,Francis Lee
1969,1969,13,Martin Peters,West Ham United,England,4.0,https://en.wikipedia.org/wiki/1969_Ballon_d%27Or,1,1969-01-01,1969-12-31,Martin Peters
1969,1969,15,Jozef Adamec,Spartak Trnava,Czechoslovakia,3.0,https://en.wikipedia.org/wiki/1969_Ballon_d%27Or,1,1969-01-01,1969-12-31,Jozef Adamec
1969,1969,15,Bobby Charlton,Manchester United,England,3.0,https://en.wikipedia.org/wiki/1969_Ballon_d%27Or,1,1969-01-01,1969-12-31,Bobby Charlton
1969,1969,15,Angelo Sormani,Milan,Italy,3.0,https://en.wikipedia.org/wiki/1969_Ballon_d%27Or,1,1969-01-01,1969-12-31,Angelo Sormani
1969,1969,18,Ferenc Bene,Újpest,Hungary,2.0,https://en.wikipedia.org/wiki/1969_Ballon_d%27Or,1,1969-01-01,1969-12-31,Ferenc Bene
1969,1969,18,Andrej Kvašňák,KRC Mechelen,Czechoslovakia,2.0,https://en.wikipedia.org/wiki/1969_Ballon_d%27Or,1,1969-01-01,1969-12-31,Andrej Kvašňák
1969,1969,18,Louis Pilot,Standard Liège,Luxembourg,2.0,https://en.wikipedia.org/wiki/1969_Ballon_d%27Or,1,1969-01-01,1969-12-31,Louis Pilot
1969,1969,18,Giorgos Sideris,Olympiacos,Greece,2.0,https://en.wikipedia.org/wiki/1969_Ballon_d%27Or,1,1969-01-01,1969-12-31,Giorgos Sideris
1969,1969,18,Manuel Velázquez,Real Madrid,Spain,2.0,https://en.wikipedia.org/wiki/1969_Ballon_d%27Or,1,1969-01-01,1969-12-31,Manuel Velázquez
1969,1969,23,Billy Bremner,Leeds United,Scotland,1.0,https://en.wikipedia.org/wiki/1969_Ballon_d%27Or,1,1969-01-01,1969-12-31,Billy Bremner
1969,1969,23,Kazimierz Deyna,Legia Warsaw,Poland,1.0,https://en.wikipedia.org/wiki/1969_Ballon_d%27Or,1,1969-01-01,1969-12-31,Kazimierz Deyna
1969,1969,23,Mimis Domazos,Panathinaikos,Greece,1.0,https://en.wikipedia.org/wiki/1969_Ballon_d%27Or,1,1969-01-01,1969-12-31,Mimis Domazos
1969,1969,23,Gilbert Gress,VfB Stuttgart,France,1.0,https://en.wikipedia.org/wiki/1969_Ballon_d%27Or,1,1969-01-01,1969-12-31,Gilbert Gress
1969,1969,23,Jimmy Johnstone,Celtic,Scotland,1.0,https://en.wikipedia.org/wiki/1969_Ballon_d%27Or,1,1969-01-01,1969-12-31,Jimmy Johnstone
1969,1969,23,Włodzimierz Lubański,Górnik Zabrze,Poland,1.0,https://en.wikipedia.org/wiki/1969_Ballon_d%27Or,1,1969-01-01,1969-12-31,Włodzimierz Lubański
1969,1969,23,Vladimir Muntyan,Dynamo Kyiv,Soviet Union,1.0,https://en.wikipedia.org/wiki/1969_Ballon_d%27Or,1,1969-01-01,1969-12-31,Vladimir Muntyan
1969,1969,23,Wilfried Van Moer,Standard Liège,Belgium,1.0,https://en.wikipedia.org/wiki/1969_Ballon_d%27Or,1,1969-01-01,1969-12-31,Wilfried Van Moer
1969,1969,23,Ivo Viktor,Dukla Prague,Czechoslovakia,1.0,https://en.wikipedia.org/wiki/1969_Ballon_d%27Or,1,1969-01-01,1969-12-31,Ivo Viktor
1970,1970,1,Gerd Müller,Bayern Munich,West Germany,77.0,https://en.wikipedia.org/wiki/1970_Ballon_d%27Or,1,1970-01-01,1970-12-31,Gerd Müller
1970,1970,2,Bobby Moore,West Ham United,England,70.0,https://en.wikipedia.org/wiki/1970_Ballon_d%27Or,1,1970-01-01,1970-12-31,Bobby Moore
1970,1970,3,Gigi Riva,Cagliari,Italy,65.0,https://en.wikipedia.org/wiki/1970_Ballon_d%27Or,1,1970-01-01,1970-12-31,Gigi Riva
1970,1970,4,Franz Beckenbauer,Bayern Munich,West Germany,32.0,https://en.wikipedia.org/wiki/1970_Ballon_d%27Or,1,1970-01-01,1970-12-31,Franz Beckenbauer
1970,1970,5,Wolfgang Overath,1. FC Köln,West Germany,29.0,https://en.wikipedia.org/wiki/1970_Ballon_d%27Or,1,1970-01-01,1970-12-31,Wolfgang Overath
1970,1970,6,Dragan Džajić,Red Star Belgrade,Yugoslavia,24.0,https://en.wikipedia.org/wiki/1970_Ballon_d%27Or,1,1970-01-01,1970-12-31,Dragan Džajić
1970,1970,7,Johan Cruyff,Ajax,Netherlands,13.0,https://en.wikipedia.org/wiki/1970_Ballon_d%27Or,1,1970-01-01,1970-12-31,Johan Cruyff
1970,1970,8,Gordon Banks,Stoke City,England,8.0,https://en.wikipedia.org/wiki/1970_Ballon_d%27Or,1,1970-01-01,1970-12-31,Gordon Banks
1970,1970,8,Sandro Mazzola,Internazionale,Italy,8.0,https://en.wikipedia.org/wiki/1970_Ballon_d%27Or,1,1970-01-01,1970-12-31,Sandro Mazzola
1970,1970,10,Rinus Israël,Feyenoord,Netherlands,7.0,https://en.wikipedia.org/wiki/1970_Ballon_d%27Or,1,1970-01-01,1970-12-31,Rinus Israël
1970,1970,10,Gianni Rivera,Milan,Italy,7.0,https://en.wikipedia.org/wiki/1970_Ballon_d%27Or,1,1970-01-01,1970-12-31,Gianni Rivera
1970,1970,10,Uwe Seeler,Hamburger SV,West Germany,7.0,https://en.wikipedia.org/wiki/1970_Ballon_d%27Or,1,1970-01-01,1970-12-31,Uwe Seeler
1970,1970,10,Albert Shesternyov,CSKA Moscow,Soviet Union,7.0,https://en.wikipedia.org/wiki/1970_Ballon_d%27Or,1,1970-01-01,1970-12-31,Albert Shesternyov
1970,1970,14,Angelo Domenghini,Cagliari,Italy,4.0,https://en.wikipedia.org/wiki/1970_Ballon_d%27Or,1,1970-01-01,1970-12-31,Angelo Domenghini
1970,1970,14,Ove Kindvall,Feyenoord,Sweden,4.0,https://en.wikipedia.org/wiki/1970_Ballon_d%27Or,1,1970-01-01,1970-12-31,Ove Kindvall
1970,1970,14,Francis Lee,Manchester City,England,4.0,https://en.wikipedia.org/wiki/1970_Ballon_d%27Or,1,1970-01-01,1970-12-31,Francis Lee
1970,1970,14,Willem van Hanegem,Feyenoord,Netherlands,4.0,https://en.wikipedia.org/wiki/1970_Ballon_d%27Or,1,1970-01-01,1970-12-31,Willem van Hanegem
1970,1970,18,Alan Ball,Everton,England,3.0,https://en.wikipedia.org/wiki/1970_Ballon_d%27Or,1,1970-01-01,1970-12-31,Alan Ball
1970,1970,18,Terry Cooper,Leeds United,England,3.0,https://en.wikipedia.org/wiki/1970_Ballon_d%27Or,1,1970-01-01,1970-12-31,Terry Cooper
1970,1970,18,Giacinto Facchetti,Internazionale,Italy,3.0,https://en.wikipedia.org/wiki/1970_Ballon_d%27Or,1,1970-01-01,1970-12-31,Giacinto Facchetti
1970,1970,18,Geoff Hurst,West Ham United,England,3.0,https://en.wikipedia.org/wiki/1970_Ballon_d%27Or,1,1970-01-01,1970-12-31,Geoff Hurst
1970,1970,22,Eusébio,Benfica,Portugal,2.0,https://en.wikipedia.org/wiki/1970_Ballon_d%27Or,1,1970-01-01,1970-12-31,Eusébio
1970,1970,22,Josip Skoblar,Marseille,Yugoslavia,2.0,https://en.wikipedia.org/wiki/1970_Ballon_d%27Or,1,1970-01-01,1970-12-31,Josip Skoblar
1970,1970,24,Cornel Dinu,Dinamo București,Romania,1.0,https://en.wikipedia.org/wiki/1970_Ballon_d%27Or,1,1970-01-01,1970-12-31,Cornel Dinu
1970,1970,24,Jean Djorkaeff,Paris Saint-Germain,France,1.0,https://en.wikipedia.org/wiki/1970_Ballon_d%27Or,1,1970-01-01,1970-12-31,Jean Djorkaeff
1970,1970,24,Florea Dumitrache,Dinamo București,Romania,1.0,https://en.wikipedia.org/wiki/1970_Ballon_d%27Or,1,1970-01-01,1970-12-31,Florea Dumitrache
1970,1970,24,Franz Hasil,Feyenoord,Austria,1.0,https://en.wikipedia.org/wiki/1970_Ballon_d%27Or,1,1970-01-01,1970-12-31,Franz Hasil
1970,1970,24,Hans-Jürgen Kreische,Dynamo Dresden,East Germany,1.0,https://en.wikipedia.org/wiki/1970_Ballon_d%27Or,1,1970-01-01,1970-12-31,Hans-Jürgen Kreische
1970,1970,24,Carles Rexach,Barcelona,Spain,1.0,https://en.wikipedia.org/wiki/1970_Ballon_d%27Or,1,1970-01-01,1970-12-31,Carles Rexach
1971,1971,1,Johan Cruyff,Ajax,Netherlands,116.0,https://en.wikipedia.org/wiki/1971_Ballon_d%27Or,1,1971-01-01,1971-12-31,Johan Cruyff
1971,1971,2,Sandro Mazzola,Internazionale,Italy,57.0,https://en.wikipedia.org/wiki/1971_Ballon_d%27Or,1,1971-01-01,1971-12-31,Sandro Mazzola
1971,1971,3,George Best,Manchester United,Northern Ireland,56.0,https://en.wikipedia.org/wiki/1971_Ballon_d%27Or,1,1971-01-01,1971-12-31,George Best
1971,1971,4,Günter Netzer,Borussia Mönchengladbach,West Germany,30.0,https://en.wikipedia.org/wiki/1971_Ballon_d%27Or,1,1971-01-01,1971-12-31,Günter Netzer
1971,1971,5,Franz Beckenbauer,Bayern Munich,West Germany,27.0,https://en.wikipedia.org/wiki/1971_Ballon_d%27Or,1,1971-01-01,1971-12-31,Franz Beckenbauer
1971,1971,6,Gerd Müller,Bayern Munich,West Germany,18.0,https://en.wikipedia.org/wiki/1971_Ballon_d%27Or,1,1971-01-01,1971-12-31,Gerd Müller
1971,1971,6,Josip Skoblar,Marseille,Yugoslavia,18.0,https://en.wikipedia.org/wiki/1971_Ballon_d%27Or,1,1971-01-01,1971-12-31,Josip Skoblar
1971,1971,8,Martin Chivers,Tottenham Hotspur,England,12.0,https://en.wikipedia.org/wiki/1971_Ballon_d%27Or,1,1971-01-01,1971-12-31,Martin Chivers
1971,1971,9,Piet Keizer,Ajax,Netherlands,9.0,https://en.wikipedia.org/wiki/1971_Ballon_d%27Or,1,1971-01-01,1971-12-31,Piet Keizer
1971,1971,10,Bobby Moore,West Ham United,England,7.0,https://en.wikipedia.org/wiki/1971_Ballon_d%27Or,1,1971-01-01,1971-12-31,Bobby Moore
1971,1971,10,Ferenc Bene,Újpest,Hungary,7.0,https://en.wikipedia.org/wiki/1971_Ballon_d%27Or,1,1971-01-01,1971-12-31,Ferenc Bene
1971,1971,12,Yevhen Rudakov,Dynamo Kyiv,Soviet Union,6.0,https://en.wikipedia.org/wiki/1971_Ballon_d%27Or,1,1971-01-01,1971-12-31,Yevhen Rudakov
1971,1971,13,Giacinto Facchetti,Internazionale,Italy,4.0,https://en.wikipedia.org/wiki/1971_Ballon_d%27Or,1,1971-01-01,1971-12-31,Giacinto Facchetti
1971,1971,13,Mimis Domazos,Panathinaikos,Greece,4.0,https://en.wikipedia.org/wiki/1971_Ballon_d%27Or,1,1971-01-01,1971-12-31,Mimis Domazos
1971,1971,15,Pirri,Real Madrid,Spain,3.0,https://en.wikipedia.org/wiki/1971_Ballon_d%27Or,1,1971-01-01,1971-12-31,Pirri
1971,1971,15,Dragan Džajić,Red Star Belgrade,Yugoslavia,3.0,https://en.wikipedia.org/wiki/1971_Ballon_d%27Or,1,1971-01-01,1971-12-31,Dragan Džajić
1971,1971,15,Berti Vogts,Borussia Mönchengladbach,West Germany,3.0,https://en.wikipedia.org/wiki/1971_Ballon_d%27Or,1,1971-01-01,1971-12-31,Berti Vogts
1971,1971,18,Terry Cooper,Leeds United,England,2.0,https://en.wikipedia.org/wiki/1971_Ballon_d%27Or,1,1971-01-01,1971-12-31,Terry Cooper
1971,1971,18,Francis Lee,Manchester City,England,2.0,https://en.wikipedia.org/wiki/1971_Ballon_d%27Or,1,1971-01-01,1971-12-31,Francis Lee
1971,1971,18,Wolfgang Overath,1. FC Köln,West Germany,2.0,https://en.wikipedia.org/wiki/1971_Ballon_d%27Or,1,1971-01-01,1971-12-31,Wolfgang Overath
1971,1971,18,Wilfried Van Moer,Standard Liège,Belgium,2.0,https://en.wikipedia.org/wiki/1971_Ballon_d%27Or,1,1971-01-01,1971-12-31,Wilfried Van Moer
1971,1971,22,Bobby Charlton,Manchester United,England,1.0,https://en.wikipedia.org/wiki/1971_Ballon_d%27Or,1,1971-01-01,1971-12-31,Bobby Charlton
1971,1971,22,Albert Shesternyov,CSKA Moscow,Soviet Union,1.0,https://en.wikipedia.org/wiki/1971_Ballon_d%27Or,1,1971-01-01,1971-12-31,Albert Shesternyov
1972,1972,1,Franz Beckenbauer,Bayern Munich,West Germany,81.0,https://en.wikipedia.org/wiki/1972_Ballon_d%27Or,1,1972-01-01,1972-12-31,Franz Beckenbauer
1972,1972,2,Gerd Müller,Bayern Munich,West Germany,79.0,https://en.wikipedia.org/wiki/1972_Ballon_d%27Or,1,1972-01-01,1972-12-31,Gerd Müller
1972,1972,2,Günter Netzer,Borussia Mönchengladbach,West Germany,79.0,https://en.wikipedia.org/wiki/1972_Ballon_d%27Or,1,1972-01-01,1972-12-31,Günter Netzer
1972,1972,4,Johan Cruyff,Ajax,Netherlands,73.0,https://en.wikipedia.org/wiki/1972_Ballon_d%27Or,1,1972-01-01,1972-12-31,Johan Cruyff
1972,1972,5,Piet Keizer,Ajax,Netherlands,13.0,https://en.wikipedia.org/wiki/1972_Ballon_d%27Or,1,1972-01-01,1972-12-31,Piet Keizer
1972,1972,6,Kazimierz Deyna,Legia Warsaw,Poland,6.0,https://en.wikipedia.org/wiki/1972_Ballon_d%27Or,1,1972-01-01,1972-12-31,Kazimierz Deyna
1972,1972,7,Gordon Banks,Stoke City,England,4.0,https://en.wikipedia.org/wiki/1972_Ballon_d%27Or,1,1972-01-01,1972-12-31,Gordon Banks
1972,1972,7,Barry Hulshoff,Ajax,Netherlands,4.0,https://en.wikipedia.org/wiki/1972_Ballon_d%27Or,1,1972-01-01,1972-12-31,Barry Hulshoff
1972,1972,7,Włodzimierz Lubański,Górnik Zabrze,Poland,4.0,https://en.wikipedia.org/wiki/1972_Ballon_d%27Or,1,1972-01-01,1972-12-31,Włodzimierz Lubański
1972,1972,7,Bobby Moore,West Ham United,England,4.0,https://en.wikipedia.org/wiki/1972_Ballon_d%27Or,1,1972-01-01,1972-12-31,Bobby Moore
1972,1972,11,Hristo Bonev,Lokomotiv Plovdiv,Bulgaria,3.0,https://en.wikipedia.org/wiki/1972_Ballon_d%27Or,1,1972-01-01,1972-12-31,Hristo Bonev
1972,1972,11,Murtaz Khurtsilava,Dinamo Tbilisi,Soviet Union,3.0,https://en.wikipedia.org/wiki/1972_Ballon_d%27Or,1,1972-01-01,1972-12-31,Murtaz Khurtsilava
1972,1972,11,Gerrie Mühren,Ajax,Netherlands,3.0,https://en.wikipedia.org/wiki/1972_Ballon_d%27Or,1,1972-01-01,1972-12-31,Gerrie Mühren
1972,1972,11,Paul Van Himst,Anderlecht,Belgium,3.0,https://en.wikipedia.org/wiki/1972_Ballon_d%27Or,1,1972-01-01,1972-12-31,Paul Van Himst
1972,1972,15,Antal Dunai,Újpest,Hungary,2.0,https://en.wikipedia.org/wiki/1972_Ballon_d%27Or,1,1972-01-01,1972-12-31,Antal Dunai
1972,1972,15,Eusébio,Benfica,Portugal,2.0,https://en.wikipedia.org/wiki/1972_Ballon_d%27Or,1,1972-01-01,1972-12-31,Eusébio
1972,1972,15,Sandro Mazzola,Internazionale,Italy,2.0,https://en.wikipedia.org/wiki/1972_Ballon_d%27Or,1,1972-01-01,1972-12-31,Sandro Mazzola
1972,1972,18,Amancio,Real Madrid,Spain,1.0,https://en.wikipedia.org/wiki/1972_Ballon_d%27Or,1,1972-01-01,1972-12-31,Amancio
1972,1972,18,Paul Breitner,Bayern Munich,West Germany,1.0,https://en.wikipedia.org/wiki/1972_Ballon_d%27Or,1,1972-01-01,1972-12-31,Paul Breitner
1972,1972,18,Giorgio Chinaglia,Lazio,Italy,1.0,https://en.wikipedia.org/wiki/1972_Ballon_d%27Or,1,1972-01-01,1972-12-31,Giorgio Chinaglia
1972,1972,18,Dragan Džajić,Red Star Belgrade,Yugoslavia,1.0,https://en.wikipedia.org/wiki/1972_Ballon_d%27Or,1,1972-01-01,1972-12-31,Dragan Džajić
1972,1972,18,Johnny Giles,Leeds United,Republic of Ireland,1.0,https://en.wikipedia.org/wiki/1972_Ballon_d%27Or,1,1972-01-01,1972-12-31,Johnny Giles
1972,1972,18,John Greig,Rangers,Scotland,1.0,https://en.wikipedia.org/wiki/1972_Ballon_d%27Or,1,1972-01-01,1972-12-31,John Greig
1972,1972,18,Johan Neeskens,Ajax,Netherlands,1.0,https://en.wikipedia.org/wiki/1972_Ballon_d%27Or,1,1972-01-01,1972-12-31,Johan Neeskens
1972,1972,18,Gianni Rivera,Milan,Italy,1.0,https://en.wikipedia.org/wiki/1972_Ballon_d%27Or,1,1972-01-01,1972-12-31,Gianni Rivera
1972,1972,18,Yevhen Rudakov,Dynamo Kyiv,Soviet Union,1.0,https://en.wikipedia.org/wiki/1972_Ballon_d%27Or,1,1972-01-01,1972-12-31,Yevhen Rudakov
1972,1972,18,Marius Trésor,Marseille,France,1.0,https://en.wikipedia.org/wiki/1972_Ballon_d%27Or,1,1972-01-01,1972-12-31,Marius Trésor
1973,1973,1,Johan Cruyff,Ajax Barcelona,Netherlands,96.0,https://en.wikipedia.org/wiki/1973_Ballon_d%27Or,1,1973-01-01,1973-12-31,Johan Cruyff
1973,1973,2,Dino Zoff,Juventus,Italy,47.0,https://en.wikipedia.org/wiki/1973_Ballon_d%27Or,1,1973-01-01,1973-12-31,Dino Zoff
1973,1973,3,Gerd Müller,Bayern Munich,West Germany,44.0,https://en.wikipedia.org/wiki/1973_Ballon_d%27Or,1,1973-01-01,1973-12-31,Gerd Müller
1973,1973,4,Franz Beckenbauer,Bayern Munich,West Germany,30.0,https://en.wikipedia.org/wiki/1973_Ballon_d%27Or,1,1973-01-01,1973-12-31,Franz Beckenbauer
1973,1973,5,Billy Bremner,Leeds United,Scotland,22.0,https://en.wikipedia.org/wiki/1973_Ballon_d%27Or,1,1973-01-01,1973-12-31,Billy Bremner
1973,1973,6,Kazimierz Deyna,Legia Warsaw,Poland,16.0,https://en.wikipedia.org/wiki/1973_Ballon_d%27Or,1,1973-01-01,1973-12-31,Kazimierz Deyna
1973,1973,7,Eusébio,Benfica,Portugal,14.0,https://en.wikipedia.org/wiki/1973_Ballon_d%27Or,1,1973-01-01,1973-12-31,Eusébio
1973,1973,8,Gianni Rivera,Milan,Italy,12.0,https://en.wikipedia.org/wiki/1973_Ballon_d%27Or,1,1973-01-01,1973-12-31,Gianni Rivera
1973,1973,9,Ralf Edström,Åtvidabergs FF PSV Eindhoven,Sweden,11.0,https://en.wikipedia.org/wiki/1973_Ballon_d%27Or,1,1973-01-01,1973-12-31,Ralf Edström
1973,1973,9,Günter Netzer,Borussia Mönchengladbach Real Madrid,West Germany,11.0,https://en.wikipedia.org/wiki/1973_Ballon_d%27Or,1,1973-01-01,1973-12-31,Günter Netzer
1973,1973,11,Ulrich Hoeneß,Bayern Munich,West Germany,8.0,https://en.wikipedia.org/wiki/1973_Ballon_d%27Or,1,1973-01-01,1973-12-31,Ulrich Hoeneß
1973,1973,12,Hristo Bonev,Lokomotiv Plovdiv,Bulgaria,7.0,https://en.wikipedia.org/wiki/1973_Ballon_d%27Or,1,1973-01-01,1973-12-31,Hristo Bonev
1973,1973,12,Giacinto Facchetti,Internazionale,Italy,7.0,https://en.wikipedia.org/wiki/1973_Ballon_d%27Or,1,1973-01-01,1973-12-31,Giacinto Facchetti
1973,1973,14,Juan Manuel Asensi,Barcelona,Spain,5.0,https://en.wikipedia.org/wiki/1973_Ballon_d%27Or,1,1973-01-01,1973-12-31,Juan Manuel Asensi
1973,1973,14,Sandro Mazzola,Internazionale,Italy,5.0,https://en.wikipedia.org/wiki/1973_Ballon_d%27Or,1,1973-01-01,1973-12-31,Sandro Mazzola
1973,1973,14,Jan Tomaszewski,ŁKS Łódź,Poland,5.0,https://en.wikipedia.org/wiki/1973_Ballon_d%27Or,1,1973-01-01,1973-12-31,Jan Tomaszewski
1973,1973,17,Włodzimierz Lubański,Górnik Zabrze,Poland,4.0,https://en.wikipedia.org/wiki/1973_Ballon_d%27Or,1,1973-01-01,1973-12-31,Włodzimierz Lubański
1973,1973,18,Wolfgang Overath,1. FC Köln,West Germany,3.0,https://en.wikipedia.org/wiki/1973_Ballon_d%27Or,1,1973-01-01,1973-12-31,Wolfgang Overath
1973,1973,19,Barry Hulshoff,Ajax,Netherlands,2.0,https://en.wikipedia.org/wiki/1973_Ballon_d%27Or,1,1973-01-01,1973-12-31,Barry Hulshoff
1973,1973,19,Hans-Jürgen Kreische,Dynamo Dresden,East Germany,2.0,https://en.wikipedia.org/wiki/1973_Ballon_d%27Or,1,1973-01-01,1973-12-31,Hans-Jürgen Kreische
1973,1973,19,Bobby Moore,West Ham United,England,2.0,https://en.wikipedia.org/wiki/1973_Ballon_d%27Or,1,1973-01-01,1973-12-31,Bobby Moore
1973,1973,19,Roland Sandberg,Åtvidabergs FF 1. FC Kaiserslautern,Sweden,2.0,https://en.wikipedia.org/wiki/1973_Ballon_d%27Or,1,1973-01-01,1973-12-31,Roland Sandberg
1973,1973,23,Vladislav Bogićević,Red Star Belgrade,Yugoslavia,1.0,https://en.wikipedia.org/wiki/1973_Ballon_d%27Or,1,1973-01-01,1973-12-31,Vladislav Bogićević
1973,1973,23,Dragan Džajić,Red Star Belgrade,Yugoslavia,1.0,https://en.wikipedia.org/wiki/1973_Ballon_d%27Or,1,1973-01-01,1973-12-31,Dragan Džajić
1973,1973,23,Pat Jennings,Tottenham Hotspur,Northern Ireland,1.0,https://en.wikipedia.org/wiki/1973_Ballon_d%27Or,1,1973-01-01,1973-12-31,Pat Jennings
1973,1973,23,Denis Law,Manchester City,Scotland,1.0,https://en.wikipedia.org/wiki/1973_Ballon_d%27Or,1,1973-01-01,1973-12-31,Denis Law
1973,1973,23,Ivo Viktor,Dukla Prague,Czechoslovakia,1.0,https://en.wikipedia.org/wiki/1973_Ballon_d%27Or,1,1973-01-01,1973-12-31,Ivo Viktor
1974,1974,1,Johan Cruyff,Barcelona,Netherlands,116.0,https://en.wikipedia.org/wiki/1974_Ballon_d%27Or,1,1974-01-01,1974-12-31,Johan Cruyff
1974,1974,2,Franz Beckenbauer,Bayern Munich,West Germany,105.0,https://en.wikipedia.org/wiki/1974_Ballon_d%27Or,1,1974-01-01,1974-12-31,Franz Beckenbauer
1974,1974,3,Kazimierz Deyna,Legia Warsaw,Poland,35.0,https://en.wikipedia.org/wiki/1974_Ballon_d%27Or,1,1974-01-01,1974-12-31,Kazimierz Deyna
1974,1974,4,Paul Breitner,Bayern Munich,West Germany,32.0,https://en.wikipedia.org/wiki/1974_Ballon_d%27Or,1,1974-01-01,1974-12-31,Paul Breitner
1974,1974,5,Johan Neeskens,Barcelona,Netherlands,21.0,https://en.wikipedia.org/wiki/1974_Ballon_d%27Or,1,1974-01-01,1974-12-31,Johan Neeskens
1974,1974,6,Grzegorz Lato,Stal Mielec,Poland,16.0,https://en.wikipedia.org/wiki/1974_Ballon_d%27Or,1,1974-01-01,1974-12-31,Grzegorz Lato
1974,1974,7,Gerd Müller,Bayern Munich,West Germany,14.0,https://en.wikipedia.org/wiki/1974_Ballon_d%27Or,1,1974-01-01,1974-12-31,Gerd Müller
1974,1974,8,Robert Gadocha,Legia Warsaw,Poland,11.0,https://en.wikipedia.org/wiki/1974_Ballon_d%27Or,1,1974-01-01,1974-12-31,Robert Gadocha
1974,1974,9,Billy Bremner,Leeds United,Scotland,9.0,https://en.wikipedia.org/wiki/1974_Ballon_d%27Or,1,1974-01-01,1974-12-31,Billy Bremner
1974,1974,10,Ralf Edström,PSV Eindhoven,Sweden,4.0,https://en.wikipedia.org/wiki/1974_Ballon_d%27Or,1,1974-01-01,1974-12-31,Ralf Edström
1974,1974,10,Jürgen Sparwasser,1. FC Magdeburg,East Germany,4.0,https://en.wikipedia.org/wiki/1974_Ballon_d%27Or,1,1974-01-01,1974-12-31,Jürgen Sparwasser
1974,1974,10,Berti Vogts,Borussia Mönchengladbach,West Germany,4.0,https://en.wikipedia.org/wiki/1974_Ballon_d%27Or,1,1974-01-01,1974-12-31,Berti Vogts
1974,1974,13,Ronnie Hellström,1. FC Kaiserslautern,Sweden,3.0,https://en.wikipedia.org/wiki/1974_Ballon_d%27Or,1,1974-01-01,1974-12-31,Ronnie Hellström
1974,1974,13,Jan Tomaszewski,ŁKS Łódź,Poland,3.0,https://en.wikipedia.org/wiki/1974_Ballon_d%27Or,1,1974-01-01,1974-12-31,Jan Tomaszewski
1974,1974,15,José Altafini,Juventus,Italy,2.0,https://en.wikipedia.org/wiki/1974_Ballon_d%27Or,1,1974-01-01,1974-12-31,José Altafini
1974,1974,15,Hristo Bonev,Lokomotiv Plovdiv,Bulgaria,2.0,https://en.wikipedia.org/wiki/1974_Ballon_d%27Or,1,1974-01-01,1974-12-31,Hristo Bonev
1974,1974,15,Jerzy Gorgoń,Górnik Zabrze,Poland,2.0,https://en.wikipedia.org/wiki/1974_Ballon_d%27Or,1,1974-01-01,1974-12-31,Jerzy Gorgoń
1974,1974,15,Sepp Maier,Bayern Munich,West Germany,2.0,https://en.wikipedia.org/wiki/1974_Ballon_d%27Or,1,1974-01-01,1974-12-31,Sepp Maier
1974,1974,19,Oleg Blokhin,Dynamo Kyiv,Soviet Union,1.0,https://en.wikipedia.org/wiki/1974_Ballon_d%27Or,1,1974-01-01,1974-12-31,Oleg Blokhin
1974,1974,19,Rainer Bonhof,Borussia Mönchengladbach,West Germany,1.0,https://en.wikipedia.org/wiki/1974_Ballon_d%27Or,1,1974-01-01,1974-12-31,Rainer Bonhof
1974,1974,19,Jean-Marc Guillou,Angers,France,1.0,https://en.wikipedia.org/wiki/1974_Ballon_d%27Or,1,1974-01-01,1974-12-31,Jean-Marc Guillou
1974,1974,19,Uli Hoeneß,Bayern Munich,West Germany,1.0,https://en.wikipedia.org/wiki/1974_Ballon_d%27Or,1,1974-01-01,1974-12-31,Uli Hoeneß
1974,1974,19,Branko Oblak,Hajduk Split,Yugoslavia,1.0,https://en.wikipedia.org/wiki/1974_Ballon_d%27Or,1,1974-01-01,1974-12-31,Branko Oblak
1975,1975,1,Oleg Blokhin,Dynamo Kyiv,Soviet Union,122.0,https://en.wikipedia.org/wiki/1975_Ballon_d%27Or,1,1975-01-01,1975-12-31,Oleg Blokhin
1975,1975,2,Franz Beckenbauer,Bayern Munich,West Germany,42.0,https://en.wikipedia.org/wiki/1975_Ballon_d%27Or,1,1975-01-01,1975-12-31,Franz Beckenbauer
1975,1975,3,Johan Cruyff,Barcelona,Netherlands,27.0,https://en.wikipedia.org/wiki/1975_Ballon_d%27Or,1,1975-01-01,1975-12-31,Johan Cruyff
1975,1975,4,Berti Vogts,Borussia Mönchengladbach,West Germany,25.0,https://en.wikipedia.org/wiki/1975_Ballon_d%27Or,1,1975-01-01,1975-12-31,Berti Vogts
1975,1975,5,Sepp Maier,Bayern Munich,West Germany,20.0,https://en.wikipedia.org/wiki/1975_Ballon_d%27Or,1,1975-01-01,1975-12-31,Sepp Maier
1975,1975,6,Ruud Geels,Ajax,Netherlands,18.0,https://en.wikipedia.org/wiki/1975_Ballon_d%27Or,1,1975-01-01,1975-12-31,Ruud Geels
1975,1975,7,Jupp Heynckes,Borussia Mönchengladbach,West Germany,17.0,https://en.wikipedia.org/wiki/1975_Ballon_d%27Or,1,1975-01-01,1975-12-31,Jupp Heynckes
1975,1975,8,Paul Breitner,Real Madrid,West Germany,14.0,https://en.wikipedia.org/wiki/1975_Ballon_d%27Or,1,1975-01-01,1975-12-31,Paul Breitner
1975,1975,9,Colin Todd,Derby County,England,12.0,https://en.wikipedia.org/wiki/1975_Ballon_d%27Or,1,1975-01-01,1975-12-31,Colin Todd
1975,1975,10,Dudu Georgescu,Dinamo București,Romania,11.0,https://en.wikipedia.org/wiki/1975_Ballon_d%27Or,1,1975-01-01,1975-12-31,Dudu Georgescu
1975,1975,11,Peter Lorimer,Leeds United,Scotland,9.0,https://en.wikipedia.org/wiki/1975_Ballon_d%27Or,1,1975-01-01,1975-12-31,Peter Lorimer
1975,1975,11,Branko Oblak,Schalke 04,Yugoslavia,9.0,https://en.wikipedia.org/wiki/1975_Ballon_d%27Or,1,1975-01-01,1975-12-31,Branko Oblak
1975,1975,11,Pirri,Real Madrid,Spain,9.0,https://en.wikipedia.org/wiki/1975_Ballon_d%27Or,1,1975-01-01,1975-12-31,Pirri
1975,1975,14,Ralf Edström,PSV Eindhoven,Sweden,6.0,https://en.wikipedia.org/wiki/1975_Ballon_d%27Or,1,1975-01-01,1975-12-31,Ralf Edström
1975,1975,14,Günter Netzer,Real Madrid,West Germany,6.0,https://en.wikipedia.org/wiki/1975_Ballon_d%27Or,1,1975-01-01,1975-12-31,Günter Netzer
1975,1975,14,Dino Zoff,Juventus,Italy,6.0,https://en.wikipedia.org/wiki/1975_Ballon_d%27Or,1,1975-01-01,1975-12-31,Dino Zoff
1975,1975,17,Hristo Bonev,Lokomotiv Plovdiv,Bulgaria,4.0,https://en.wikipedia.org/wiki/1975_Ballon_d%27Or,1,1975-01-01,1975-12-31,Hristo Bonev
1975,1975,17,Josip Katalinski,Nice,Yugoslavia,4.0,https://en.wikipedia.org/wiki/1975_Ballon_d%27Or,1,1975-01-01,1975-12-31,Josip Katalinski
1975,1975,17,Grzegorz Lato,Stal Mielec,Poland,4.0,https://en.wikipedia.org/wiki/1975_Ballon_d%27Or,1,1975-01-01,1975-12-31,Grzegorz Lato
1975,1975,17,Gerd Müller,Bayern Munich,West Germany,4.0,https://en.wikipedia.org/wiki/1975_Ballon_d%27Or,1,1975-01-01,1975-12-31,Gerd Müller
1975,1975,17,Ivo Viktor,Dukla Prague,Czechoslovakia,4.0,https://en.wikipedia.org/wiki/1975_Ballon_d%27Or,1,1975-01-01,1975-12-31,Ivo Viktor
1975,1975,22,Ján Pivarník,Slovan Bratislava,Czechoslovakia,3.0,https://en.wikipedia.org/wiki/1975_Ballon_d%27Or,1,1975-01-01,1975-12-31,Ján Pivarník
1975,1975,23,Leonid Buryak,Dynamo Kyiv,Soviet Union,2.0,https://en.wikipedia.org/wiki/1975_Ballon_d%27Or,1,1975-01-01,1975-12-31,Leonid Buryak
1975,1975,23,Jürgen Croy,Sachsenring Zwickau,East Germany,2.0,https://en.wikipedia.org/wiki/1975_Ballon_d%27Or,1,1975-01-01,1975-12-31,Jürgen Croy
1975,1975,23,Johan Neeskens,Barcelona,Netherlands,2.0,https://en.wikipedia.org/wiki/1975_Ballon_d%27Or,1,1975-01-01,1975-12-31,Johan Neeskens
1975,1975,23,Jean-Marc Guillou,Nice,France,2.0,https://en.wikipedia.org/wiki/1975_Ballon_d%27Or,1,1975-01-01,1975-12-31,Jean-Marc Guillou
1975,1975,27,João Alves,Boavista,Portugal,1.0,https://en.wikipedia.org/wiki/1975_Ballon_d%27Or,1,1975-01-01,1975-12-31,João Alves
1975,1975,27,Dragan Džajić,Bastia,Yugoslavia,1.0,https://en.wikipedia.org/wiki/1975_Ballon_d%27Or,1,1975-01-01,1975-12-31,Dragan Džajić
1975,1975,27,Giacinto Facchetti,Internazionale,Italy,1.0,https://en.wikipedia.org/wiki/1975_Ballon_d%27Or,1,1975-01-01,1975-12-31,Giacinto Facchetti
1975,1975,27,Don Givens,Queens Park Rangers,Republic of Ireland,1.0,https://en.wikipedia.org/wiki/1975_Ballon_d%27Or,1,1975-01-01,1975-12-31,Don Givens
1975,1975,27,Pat Jennings,Tottenham Hotspur,Northern Ireland,1.0,https://en.wikipedia.org/wiki/1975_Ballon_d%27Or,1,1975-01-01,1975-12-31,Pat Jennings
1975,1975,27,Allan Simonsen,Borussia Mönchengladbach,Denmark,1.0,https://en.wikipedia.org/wiki/1975_Ballon_d%27Or,1,1975-01-01,1975-12-31,Allan Simonsen
1976,1976,1,Franz Beckenbauer,Bayern Munich,West Germany,91.0,https://en.wikipedia.org/wiki/1976_Ballon_d%27Or,1,1976-01-01,1976-12-31,Franz Beckenbauer
1976,1976,2,Rob Rensenbrink,Anderlecht,Netherlands,75.0,https://en.wikipedia.org/wiki/1976_Ballon_d%27Or,1,1976-01-01,1976-12-31,Rob Rensenbrink
1976,1976,3,Ivo Viktor,Dukla Prague,Czechoslovakia,52.0,https://en.wikipedia.org/wiki/1976_Ballon_d%27Or,1,1976-01-01,1976-12-31,Ivo Viktor
1976,1976,4,Kevin Keegan,Liverpool,England,32.0,https://en.wikipedia.org/wiki/1976_Ballon_d%27Or,1,1976-01-01,1976-12-31,Kevin Keegan
1976,1976,5,Michel Platini,Nancy,France,19.0,https://en.wikipedia.org/wiki/1976_Ballon_d%27Or,1,1976-01-01,1976-12-31,Michel Platini
1976,1976,6,Anton Ondruš,Slovan Bratislava,Czechoslovakia,16.0,https://en.wikipedia.org/wiki/1976_Ballon_d%27Or,1,1976-01-01,1976-12-31,Anton Ondruš
1976,1976,7,Johan Cruyff,Barcelona,Netherlands,12.0,https://en.wikipedia.org/wiki/1976_Ballon_d%27Or,1,1976-01-01,1976-12-31,Johan Cruyff
1976,1976,7,Ivan Ćurković,Saint-Étienne,Yugoslavia,12.0,https://en.wikipedia.org/wiki/1976_Ballon_d%27Or,1,1976-01-01,1976-12-31,Ivan Ćurković
1976,1976,9,Rainer Bonhof,Borussia Mönchengladbach,West Germany,9.0,https://en.wikipedia.org/wiki/1976_Ballon_d%27Or,1,1976-01-01,1976-12-31,Rainer Bonhof
1976,1976,9,Gerd Müller,Bayern Munich,West Germany,9.0,https://en.wikipedia.org/wiki/1976_Ballon_d%27Or,1,1976-01-01,1976-12-31,Gerd Müller
1976,1976,9,Marián Masný,Slovan Bratislava,Czechoslovakia,9.0,https://en.wikipedia.org/wiki/1976_Ballon_d%27Or,1,1976-01-01,1976-12-31,Marián Masný
1976,1976,12,Franco Causio,Juventus,Italy,7.0,https://en.wikipedia.org/wiki/1976_Ballon_d%27Or,1,1976-01-01,1976-12-31,Franco Causio
1976,1976,13,Berti Vogts,Borussia Mönchengladbach,West Germany,6.0,https://en.wikipedia.org/wiki/1976_Ballon_d%27Or,1,1976-01-01,1976-12-31,Berti Vogts
1976,1976,14,Tibor Nyilasi,Ferencváros,Hungary,5.0,https://en.wikipedia.org/wiki/1976_Ballon_d%27Or,1,1976-01-01,1976-12-31,Tibor Nyilasi
1976,1976,15,Roberto Bettega,Juventus,Italy,4.0,https://en.wikipedia.org/wiki/1976_Ballon_d%27Or,1,1976-01-01,1976-12-31,Roberto Bettega
1976,1976,15,Jürgen Croy,Sachsenring Zwickau,East Germany,4.0,https://en.wikipedia.org/wiki/1976_Ballon_d%27Or,1,1976-01-01,1976-12-31,Jürgen Croy
1976,1976,15,Dudu Georgescu,Dinamo București,Romania,4.0,https://en.wikipedia.org/wiki/1976_Ballon_d%27Or,1,1976-01-01,1976-12-31,Dudu Georgescu
1976,1976,15,Jaroslav Pollák,VSS Košice,Czechoslovakia,4.0,https://en.wikipedia.org/wiki/1976_Ballon_d%27Or,1,1976-01-01,1976-12-31,Jaroslav Pollák
1976,1976,19,Oleg Blokhin,Dinamo Kyiv,Soviet Union,3.0,https://en.wikipedia.org/wiki/1976_Ballon_d%27Or,1,1976-01-01,1976-12-31,Oleg Blokhin
1976,1976,19,Joachim Streich,1. FC Magdeburg,East Germany,3.0,https://en.wikipedia.org/wiki/1976_Ballon_d%27Or,1,1976-01-01,1976-12-31,Joachim Streich
1976,1976,21,Gérard Janvion,Saint-Étienne,France,2.0,https://en.wikipedia.org/wiki/1976_Ballon_d%27Or,1,1976-01-01,1976-12-31,Gérard Janvion
1976,1976,21,Dieter Müller,1. FC Köln,West Germany,2.0,https://en.wikipedia.org/wiki/1976_Ballon_d%27Or,1,1976-01-01,1976-12-31,Dieter Müller
1976,1976,21,Dominique Rocheteau,Saint-Étienne,France,2.0,https://en.wikipedia.org/wiki/1976_Ballon_d%27Or,1,1976-01-01,1976-12-31,Dominique Rocheteau
1976,1976,21,Santillana,Real Madrid,Spain,2.0,https://en.wikipedia.org/wiki/1976_Ballon_d%27Or,1,1976-01-01,1976-12-31,Santillana
1976,1976,21,Benny Wendt,Tennis Borussia Berlin,Sweden,2.0,https://en.wikipedia.org/wiki/1976_Ballon_d%27Or,1,1976-01-01,1976-12-31,Benny Wendt
1976,1976,26,Dominique Bathenay,Saint-Étienne,France,1.0,https://en.wikipedia.org/wiki/1976_Ballon_d%27Or,1,1976-01-01,1976-12-31,Dominique Bathenay
1976,1976,26,Jupp Heynckes,Borussia Mönchengladbach,West Germany,1.0,https://en.wikipedia.org/wiki/1976_Ballon_d%27Or,1,1976-01-01,1976-12-31,Jupp Heynckes
1976,1976,26,Ali Kemal,Trabzonspor,Turkey,1.0,https://en.wikipedia.org/wiki/1976_Ballon_d%27Or,1,1976-01-01,1976-12-31,Ali Kemal
1976,1976,26,Dino Zoff,Juventus,Italy,1.0,https://en.wikipedia.org/wiki/1976_Ballon_d%27Or,1,1976-01-01,1976-12-31,Dino Zoff
1977,1977,1,Allan Simonsen,Borussia Mönchengladbach,Denmark,74.0,https://en.wikipedia.org/wiki/1977_Ballon_d%27Or,1,1977-01-01,1977-12-31,Allan Simonsen
1977,1977,2,Kevin Keegan,Liverpool Hamburger SV,England,71.0,https://en.wikipedia.org/wiki/1977_Ballon_d%27Or,1,1977-01-01,1977-12-31,Kevin Keegan
1977,1977,3,Michel Platini,Nancy,France,70.0,https://en.wikipedia.org/wiki/1977_Ballon_d%27Or,1,1977-01-01,1977-12-31,Michel Platini
1977,1977,4,Roberto Bettega,Juventus,Italy,39.0,https://en.wikipedia.org/wiki/1977_Ballon_d%27Or,1,1977-01-01,1977-12-31,Roberto Bettega
1977,1977,5,Johan Cruyff,Barcelona,Netherlands,23.0,https://en.wikipedia.org/wiki/1977_Ballon_d%27Or,1,1977-01-01,1977-12-31,Johan Cruyff
1977,1977,6,Klaus Fischer,Schalke 04,West Germany,21.0,https://en.wikipedia.org/wiki/1977_Ballon_d%27Or,1,1977-01-01,1977-12-31,Klaus Fischer
1977,1977,7,Tibor Nyilasi,Ferencváros,Hungary,13.0,https://en.wikipedia.org/wiki/1977_Ballon_d%27Or,1,1977-01-01,1977-12-31,Tibor Nyilasi
1977,1977,7,Rob Rensenbrink,Anderlecht,Netherlands,13.0,https://en.wikipedia.org/wiki/1977_Ballon_d%27Or,1,1977-01-01,1977-12-31,Rob Rensenbrink
1977,1977,9,Dudu Georgescu,Dinamo București,Romania,6.0,https://en.wikipedia.org/wiki/1977_Ballon_d%27Or,1,1977-01-01,1977-12-31,Dudu Georgescu
1977,1977,10,Emlyn Hughes,Liverpool,England,5.0,https://en.wikipedia.org/wiki/1977_Ballon_d%27Or,1,1977-01-01,1977-12-31,Emlyn Hughes
1977,1977,10,Steve Heighway,Liverpool,Ireland,5.0,https://en.wikipedia.org/wiki/1977_Ballon_d%27Or,1,1977-01-01,1977-12-31,Steve Heighway
1977,1977,10,Berti Vogts,Borussia Mönchengladbach,West Germany,5.0,https://en.wikipedia.org/wiki/1977_Ballon_d%27Or,1,1977-01-01,1977-12-31,Berti Vogts
1977,1977,13,Dominique Bathenay,Saint-Étienne,France,4.0,https://en.wikipedia.org/wiki/1977_Ballon_d%27Or,1,1977-01-01,1977-12-31,Dominique Bathenay
1977,1977,13,Trevor Brooking,West Ham United,England,4.0,https://en.wikipedia.org/wiki/1977_Ballon_d%27Or,1,1977-01-01,1977-12-31,Trevor Brooking
1977,1977,13,Anders Linderoth,Marseille,Sweden,4.0,https://en.wikipedia.org/wiki/1977_Ballon_d%27Or,1,1977-01-01,1977-12-31,Anders Linderoth
1977,1977,13,Ronnie Hellström,1. FC Kaiserslautern,Sweden,4.0,https://en.wikipedia.org/wiki/1977_Ballon_d%27Or,1,1977-01-01,1977-12-31,Ronnie Hellström
1977,1977,13,Franco Causio,Juventus,Italy,4.0,https://en.wikipedia.org/wiki/1977_Ballon_d%27Or,1,1977-01-01,1977-12-31,Franco Causio
1977,1977,18,Ruud Krol,Ajax,Netherlands,3.0,https://en.wikipedia.org/wiki/1977_Ballon_d%27Or,1,1977-01-01,1977-12-31,Ruud Krol
1977,1977,18,Marius Trésor,Marseille,France,3.0,https://en.wikipedia.org/wiki/1977_Ballon_d%27Or,1,1977-01-01,1977-12-31,Marius Trésor
1977,1977,20,Rainer Bonhof,Borussia Mönchengladbach,West Germany,2.0,https://en.wikipedia.org/wiki/1977_Ballon_d%27Or,1,1977-01-01,1977-12-31,Rainer Bonhof
1977,1977,20,Heinz Flohe,1. FC Köln,West Germany,2.0,https://en.wikipedia.org/wiki/1977_Ballon_d%27Or,1,1977-01-01,1977-12-31,Heinz Flohe
1977,1977,20,Ruud Geels,Ajax,Netherlands,2.0,https://en.wikipedia.org/wiki/1977_Ballon_d%27Or,1,1977-01-01,1977-12-31,Ruud Geels
1977,1977,20,Dieter Müller,1. FC Köln,West Germany,2.0,https://en.wikipedia.org/wiki/1977_Ballon_d%27Or,1,1977-01-01,1977-12-31,Dieter Müller
1977,1977,20,Pirri,Real Madrid,Spain,2.0,https://en.wikipedia.org/wiki/1977_Ballon_d%27Or,1,1977-01-01,1977-12-31,Pirri
1977,1977,20,Peter Shilton,Nottingham Forest,England,2.0,https://en.wikipedia.org/wiki/1977_Ballon_d%27Or,1,1977-01-01,1977-12-31,Peter Shilton
1977,1977,26,Giancarlo Antognoni,Fiorentina,Italy,1.0,https://en.wikipedia.org/wiki/1977_Ballon_d%27Or,1,1977-01-01,1977-12-31,Giancarlo Antognoni
1977,1977,26,Jürgen Grabowski,Eintracht Frankfurt,West Germany,1.0,https://en.wikipedia.org/wiki/1977_Ballon_d%27Or,1,1977-01-01,1977-12-31,Jürgen Grabowski
1977,1977,26,Gérard Janvion,Saint-Étienne,France,1.0,https://en.wikipedia.org/wiki/1977_Ballon_d%27Or,1,1977-01-01,1977-12-31,Gérard Janvion
1977,1977,26,Ray Kennedy,Liverpool,England,1.0,https://en.wikipedia.org/wiki/1977_Ballon_d%27Or,1,1977-01-01,1977-12-31,Ray Kennedy
1977,1977,26,Hans Krankl,Rapid Wien,Austria,1.0,https://en.wikipedia.org/wiki/1977_Ballon_d%27Or,1,1977-01-01,1977-12-31,Hans Krankl
1977,1977,26,Gordon McQueen,Leeds United,Scotland,1.0,https://en.wikipedia.org/wiki/1977_Ballon_d%27Or,1,1977-01-01,1977-12-31,Gordon McQueen
1977,1977,26,András Törőcsik,Újpest,Hungary,1.0,https://en.wikipedia.org/wiki/1977_Ballon_d%27Or,1,1977-01-01,1977-12-31,András Törőcsik
1978,1978,1,Kevin Keegan,Hamburger SV,England,87.0,https://en.wikipedia.org/wiki/1978_Ballon_d%27Or,1,1978-01-01,1978-12-31,Kevin Keegan
1978,1978,2,Hans Krankl,Barcelona,Austria,81.0,https://en.wikipedia.org/wiki/1978_Ballon_d%27Or,1,1978-01-01,1978-12-31,Hans Krankl
1978,1978,3,Rob Rensenbrink,Anderlecht,Netherlands,50.0,https://en.wikipedia.org/wiki/1978_Ballon_d%27Or,1,1978-01-01,1978-12-31,Rob Rensenbrink
1978,1978,4,Roberto Bettega,Juventus,Italy,28.0,https://en.wikipedia.org/wiki/1978_Ballon_d%27Or,1,1978-01-01,1978-12-31,Roberto Bettega
1978,1978,5,Paolo Rossi,L.R. Vicenza,Italy,23.0,https://en.wikipedia.org/wiki/1978_Ballon_d%27Or,1,1978-01-01,1978-12-31,Paolo Rossi
1978,1978,6,Ronnie Hellström,Kaiserslautern,Sweden,20.0,https://en.wikipedia.org/wiki/1978_Ballon_d%27Or,1,1978-01-01,1978-12-31,Ronnie Hellström
1978,1978,6,Ruud Krol,Ajax,Netherlands,20.0,https://en.wikipedia.org/wiki/1978_Ballon_d%27Or,1,1978-01-01,1978-12-31,Ruud Krol
1978,1978,8,Kenny Dalglish,Liverpool,Scotland,10.0,https://en.wikipedia.org/wiki/1978_Ballon_d%27Or,1,1978-01-01,1978-12-31,Kenny Dalglish
1978,1978,8,Allan Simonsen,Borussia Mönchengladbach,Denmark,10.0,https://en.wikipedia.org/wiki/1978_Ballon_d%27Or,1,1978-01-01,1978-12-31,Allan Simonsen
1978,1978,10,Peter Shilton,Nottingham Forest,England,9.0,https://en.wikipedia.org/wiki/1978_Ballon_d%27Or,1,1978-01-01,1978-12-31,Peter Shilton
1978,1978,11,Arie Haan,Anderlecht,Netherlands,7.0,https://en.wikipedia.org/wiki/1978_Ballon_d%27Or,1,1978-01-01,1978-12-31,Arie Haan
1978,1978,12,René van de Kerkhof,PSV Eindhoven,Netherlands,6.0,https://en.wikipedia.org/wiki/1978_Ballon_d%27Or,1,1978-01-01,1978-12-31,René van de Kerkhof
1978,1978,13,Antonio Cabrini,Juventus,Italy,5.0,https://en.wikipedia.org/wiki/1978_Ballon_d%27Or,1,1978-01-01,1978-12-31,Antonio Cabrini
1978,1978,13,Willy van de Kerkhof,PSV Eindhoven,Netherlands,5.0,https://en.wikipedia.org/wiki/1978_Ballon_d%27Or,1,1978-01-01,1978-12-31,Willy van de Kerkhof
1978,1978,15,Johan Cruyff,Barcelona,Netherlands,4.0,https://en.wikipedia.org/wiki/1978_Ballon_d%27Or,1,1978-01-01,1978-12-31,Johan Cruyff
1978,1978,15,Graeme Souness,Liverpool,Scotland,4.0,https://en.wikipedia.org/wiki/1978_Ballon_d%27Or,1,1978-01-01,1978-12-31,Graeme Souness
1978,1978,15,Zdeněk Nehoda,Dukla Prague,Czechoslovakia,4.0,https://en.wikipedia.org/wiki/1978_Ballon_d%27Or,1,1978-01-01,1978-12-31,Zdeněk Nehoda
1978,1978,18,Marián Masný,Slovan Bratislava,Czechoslovakia,3.0,https://en.wikipedia.org/wiki/1978_Ballon_d%27Or,1,1978-01-01,1978-12-31,Marián Masný
1978,1978,19,Archie Gemmill,Nottingham Forest,Scotland,2.0,https://en.wikipedia.org/wiki/1978_Ballon_d%27Or,1,1978-01-01,1978-12-31,Archie Gemmill
1978,1978,19,Marius Trésor,Marseille,France,2.0,https://en.wikipedia.org/wiki/1978_Ballon_d%27Or,1,1978-01-01,1978-12-31,Marius Trésor
1978,1978,21,João Alves,Benfica,Portugal,1.0,https://en.wikipedia.org/wiki/1978_Ballon_d%27Or,1,1978-01-01,1978-12-31,João Alves
1978,1978,21,Rainer Bonhof,Valencia,West Germany,1.0,https://en.wikipedia.org/wiki/1978_Ballon_d%27Or,1,1978-01-01,1978-12-31,Rainer Bonhof
1978,1978,21,Zbigniew Boniek,Widzew Łódź,Poland,1.0,https://en.wikipedia.org/wiki/1978_Ballon_d%27Or,1,1978-01-01,1978-12-31,Zbigniew Boniek
1978,1978,21,Franco Causio,Juventus,Italy,1.0,https://en.wikipedia.org/wiki/1978_Ballon_d%27Or,1,1978-01-01,1978-12-31,Franco Causio
1978,1978,21,Hansi Müller,VfB Stuttgart,West Germany,1.0,https://en.wikipedia.org/wiki/1978_Ballon_d%27Or,1,1978-01-01,1978-12-31,Hansi Müller
1978,1978,21,Johan Neeskens,Barcelona,Netherlands,1.0,https://en.wikipedia.org/wiki/1978_Ballon_d%27Or,1,1978-01-01,1978-12-31,Johan Neeskens
1978,1978,21,Michel Platini,Nancy,France,1.0,https://en.wikipedia.org/wiki/1978_Ballon_d%27Or,1,1978-01-01,1978-12-31,Michel Platini
1978,1978,21,Karl-Heinz Rummenigge,Bayern Munich,West Germany,1.0,https://en.wikipedia.org/wiki/1978_Ballon_d%27Or,1,1978-01-01,1978-12-31,Karl-Heinz Rummenigge
1978,1978,21,Didier Six,Marseille,France,1.0,https://en.wikipedia.org/wiki/1978_Ballon_d%27Or,1,1978-01-01,1978-12-31,Didier Six
1978,1978,21,François Van Der Elst,Anderlecht,Belgium,1.0,https://en.wikipedia.org/wiki/1978_Ballon_d%27Or,1,1978-01-01,1978-12-31,François Van Der Elst
1979,1979,1,Kevin Keegan,Hamburger SV,England,118.0,https://en.wikipedia.org/wiki/1979_Ballon_d%27Or,1,1979-01-01,1979-12-31,Kevin Keegan
1979,1979,2,Karl-Heinz Rummenigge,Bayern Munich,West Germany,52.0,https://en.wikipedia.org/wiki/1979_Ballon_d%27Or,1,1979-01-01,1979-12-31,Karl-Heinz Rummenigge
1979,1979,3,Ruud Krol,Ajax,Netherlands,41.0,https://en.wikipedia.org/wiki/1979_Ballon_d%27Or,1,1979-01-01,1979-12-31,Ruud Krol
1979,1979,4,Manfred Kaltz,Hamburger SV,West Germany,27.0,https://en.wikipedia.org/wiki/1979_Ballon_d%27Or,1,1979-01-01,1979-12-31,Manfred Kaltz
1979,1979,5,Michel Platini,Saint-Étienne,France,23.0,https://en.wikipedia.org/wiki/1979_Ballon_d%27Or,1,1979-01-01,1979-12-31,Michel Platini
1979,1979,6,Paolo Rossi,Perugia,Italy,16.0,https://en.wikipedia.org/wiki/1979_Ballon_d%27Or,1,1979-01-01,1979-12-31,Paolo Rossi
1979,1979,7,Trevor Francis,Nottingham Forest,England,13.0,https://en.wikipedia.org/wiki/1979_Ballon_d%27Or,1,1979-01-01,1979-12-31,Trevor Francis
1979,1979,7,Liam Brady,Arsenal,Republic of Ireland,13.0,https://en.wikipedia.org/wiki/1979_Ballon_d%27Or,1,1979-01-01,1979-12-31,Liam Brady
1979,1979,9,Zbigniew Boniek,Widzew Łódź,Poland,8.0,https://en.wikipedia.org/wiki/1979_Ballon_d%27Or,1,1979-01-01,1979-12-31,Zbigniew Boniek
1979,1979,9,Zdeněk Nehoda,Dukla Prague,Czechoslovakia,8.0,https://en.wikipedia.org/wiki/1979_Ballon_d%27Or,1,1979-01-01,1979-12-31,Zdeněk Nehoda
1979,1979,11,Kenny Dalglish,Liverpool,Scotland,7.0,https://en.wikipedia.org/wiki/1979_Ballon_d%27Or,1,1979-01-01,1979-12-31,Kenny Dalglish
1979,1979,11,Allan Simonsen,Barcelona,Denmark,7.0,https://en.wikipedia.org/wiki/1979_Ballon_d%27Or,1,1979-01-01,1979-12-31,Allan Simonsen
1979,1979,13,Paul Breitner,Bayern Munich,West Germany,6.0,https://en.wikipedia.org/wiki/1979_Ballon_d%27Or,1,1979-01-01,1979-12-31,Paul Breitner
1979,1979,13,Kees Kist,AZ,Netherlands,6.0,https://en.wikipedia.org/wiki/1979_Ballon_d%27Or,1,1979-01-01,1979-12-31,Kees Kist
1979,1979,15,Johnny Rep,Saint-Étienne,Netherlands,5.0,https://en.wikipedia.org/wiki/1979_Ballon_d%27Or,1,1979-01-01,1979-12-31,Johnny Rep
1979,1979,15,Tony Woodcock,1. FC Köln,England,5.0,https://en.wikipedia.org/wiki/1979_Ballon_d%27Or,1,1979-01-01,1979-12-31,Tony Woodcock
1979,1979,15,Hans Krankl,Barcelona,Austria,5.0,https://en.wikipedia.org/wiki/1979_Ballon_d%27Or,1,1979-01-01,1979-12-31,Hans Krankl
1979,1979,15,Safet Sušić,FK Sarajevo,SFR Yugoslavia,5.0,https://en.wikipedia.org/wiki/1979_Ballon_d%27Or,1,1979-01-01,1979-12-31,Safet Sušić
1979,1979,19,Uli Stielike,Real Madrid,West Germany,4.0,https://en.wikipedia.org/wiki/1979_Ballon_d%27Or,1,1979-01-01,1979-12-31,Uli Stielike
1979,1979,20,Marius Trésor,Marseille,France,3.0,https://en.wikipedia.org/wiki/1979_Ballon_d%27Or,1,1979-01-01,1979-12-31,Marius Trésor
1979,1979,21,João Alves,Paris Saint-Germain,Portugal,2.0,https://en.wikipedia.org/wiki/1979_Ballon_d%27Or,1,1979-01-01,1979-12-31,João Alves
1979,1979,21,Franco Causio,Juventus,Italy,2.0,https://en.wikipedia.org/wiki/1979_Ballon_d%27Or,1,1979-01-01,1979-12-31,Franco Causio
1979,1979,21,Gordon McQueen,Manchester United,Scotland,2.0,https://en.wikipedia.org/wiki/1979_Ballon_d%27Or,1,1979-01-01,1979-12-31,Gordon McQueen
1979,1979,21,René van de Kerkhof,PSV Eindhoven,Netherlands,2.0,https://en.wikipedia.org/wiki/1979_Ballon_d%27Or,1,1979-01-01,1979-12-31,René van de Kerkhof
1979,1979,21,Bruno Pezzey,Eintracht Frankfurt,Austria,2.0,https://en.wikipedia.org/wiki/1979_Ballon_d%27Or,1,1979-01-01,1979-12-31,Bruno Pezzey
1979,1979,21,Simon Tahamata,Ajax,Netherlands,2.0,https://en.wikipedia.org/wiki/1979_Ballon_d%27Or,1,1979-01-01,1979-12-31,Simon Tahamata
1979,1979,27,Juan Manuel Asensi,Barcelona,Spain,1.0,https://en.wikipedia.org/wiki/1979_Ballon_d%27Or,1,1979-01-01,1979-12-31,Juan Manuel Asensi
1979,1979,27,Trevor Brooking,West Ham United,England,1.0,https://en.wikipedia.org/wiki/1979_Ballon_d%27Or,1,1979-01-01,1979-12-31,Trevor Brooking
1979,1979,27,Ronnie Hellström,Kaiserslautern,Sweden,1.0,https://en.wikipedia.org/wiki/1979_Ballon_d%27Or,1,1979-01-01,1979-12-31,Ronnie Hellström
1979,1979,27,Hansi Müller,VfB Stuttgart,West Germany,1.0,https://en.wikipedia.org/wiki/1979_Ballon_d%27Or,1,1979-01-01,1979-12-31,Hansi Müller
1979,1979,27,Antonín Panenka,Bohemians 1905,Czechoslovakia,1.0,https://en.wikipedia.org/wiki/1979_Ballon_d%27Or,1,1979-01-01,1979-12-31,Antonín Panenka
1979,1979,27,Walter Schachner,Austria Wien,Austria,1.0,https://en.wikipedia.org/wiki/1979_Ballon_d%27Or,1,1979-01-01,1979-12-31,Walter Schachner
1980,1980,1,Karl-Heinz Rummenigge,Bayern Munich,West Germany,122.0,https://en.wikipedia.org/wiki/1980_Ballon_d%27Or,1,1980-01-01,1980-12-31,Karl-Heinz Rummenigge
1980,1980,2,Bernd Schuster,Barcelona,West Germany,34.0,https://en.wikipedia.org/wiki/1980_Ballon_d%27Or,1,1980-01-01,1980-12-31,Bernd Schuster
1980,1980,3,Michel Platini,Saint-Étienne,France,33.0,https://en.wikipedia.org/wiki/1980_Ballon_d%27Or,1,1980-01-01,1980-12-31,Michel Platini
1980,1980,4,Wilfried Van Moer,Beveren,Belgium,27.0,https://en.wikipedia.org/wiki/1980_Ballon_d%27Or,1,1980-01-01,1980-12-31,Wilfried Van Moer
1980,1980,5,Jan Ceulemans,Club Brugge,Belgium,20.0,https://en.wikipedia.org/wiki/1980_Ballon_d%27Or,1,1980-01-01,1980-12-31,Jan Ceulemans
1980,1980,6,Horst Hrubesch,Hamburger SV,West Germany,18.0,https://en.wikipedia.org/wiki/1980_Ballon_d%27Or,1,1980-01-01,1980-12-31,Horst Hrubesch
1980,1980,7,Herbert Prohaska,Internazionale,Austria,14.0,https://en.wikipedia.org/wiki/1980_Ballon_d%27Or,1,1980-01-01,1980-12-31,Herbert Prohaska
1980,1980,8,Hansi Müller,VfB Stuttgart,West Germany,11.0,https://en.wikipedia.org/wiki/1980_Ballon_d%27Or,1,1980-01-01,1980-12-31,Hansi Müller
1980,1980,8,Liam Brady,Juventus,Republic of Ireland,11.0,https://en.wikipedia.org/wiki/1980_Ballon_d%27Or,1,1980-01-01,1980-12-31,Liam Brady
1980,1980,10,Manfred Kaltz,Hamburger SV,West Germany,10.0,https://en.wikipedia.org/wiki/1980_Ballon_d%27Or,1,1980-01-01,1980-12-31,Manfred Kaltz
1980,1980,11,Erwin Vandenbergh,Lierse,Belgium,9.0,https://en.wikipedia.org/wiki/1980_Ballon_d%27Or,1,1980-01-01,1980-12-31,Erwin Vandenbergh
1980,1980,11,Luis Arconada,Real Sociedad,Spain,9.0,https://en.wikipedia.org/wiki/1980_Ballon_d%27Or,1,1980-01-01,1980-12-31,Luis Arconada
1980,1980,11,Dino Zoff,Juventus,Italy,9.0,https://en.wikipedia.org/wiki/1980_Ballon_d%27Or,1,1980-01-01,1980-12-31,Dino Zoff
1980,1980,14,Kenny Dalglish,Liverpool,Scotland,5.0,https://en.wikipedia.org/wiki/1980_Ballon_d%27Or,1,1980-01-01,1980-12-31,Kenny Dalglish
1980,1980,14,Bruno Pezzey,Eintracht Frankfurt,Austria,5.0,https://en.wikipedia.org/wiki/1980_Ballon_d%27Or,1,1980-01-01,1980-12-31,Bruno Pezzey
1980,1980,16,Terry McDermott,Liverpool,England,4.0,https://en.wikipedia.org/wiki/1980_Ballon_d%27Or,1,1980-01-01,1980-12-31,Terry McDermott
1980,1980,16,Viv Anderson,Nottingham Forest,England,4.0,https://en.wikipedia.org/wiki/1980_Ballon_d%27Or,1,1980-01-01,1980-12-31,Viv Anderson
1980,1980,16,Ruud Krol,Napoli,Netherlands,4.0,https://en.wikipedia.org/wiki/1980_Ballon_d%27Or,1,1980-01-01,1980-12-31,Ruud Krol
1980,1980,16,Francesco Graziani,Torino,Italy,4.0,https://en.wikipedia.org/wiki/1980_Ballon_d%27Or,1,1980-01-01,1980-12-31,Francesco Graziani
1980,1980,20,Ladislav Vízek,Dukla Prague,Czechoslovakia,3.0,https://en.wikipedia.org/wiki/1980_Ballon_d%27Or,1,1980-01-01,1980-12-31,Ladislav Vízek
1980,1980,20,Manuel Bento,Benfica,Portugal,3.0,https://en.wikipedia.org/wiki/1980_Ballon_d%27Or,1,1980-01-01,1980-12-31,Manuel Bento
1980,1980,22,Frank Arnesen,Ajax,Denmark,2.0,https://en.wikipedia.org/wiki/1980_Ballon_d%27Or,1,1980-01-01,1980-12-31,Frank Arnesen
1980,1980,22,Antonín Panenka,Bohemians 1905,Czechoslovakia,2.0,https://en.wikipedia.org/wiki/1980_Ballon_d%27Or,1,1980-01-01,1980-12-31,Antonín Panenka
1980,1980,22,David O'Leary,Arsenal,Republic of Ireland,2.0,https://en.wikipedia.org/wiki/1980_Ballon_d%27Or,1,1980-01-01,1980-12-31,David O'Leary
1980,1980,22,Vladimir Petrović,Red Star Belgrade,SFR Yugoslavia,2.0,https://en.wikipedia.org/wiki/1980_Ballon_d%27Or,1,1980-01-01,1980-12-31,Vladimir Petrović
1980,1980,22,Zbigniew Boniek,Widzew Łódź,Poland,2.0,https://en.wikipedia.org/wiki/1980_Ballon_d%27Or,1,1980-01-01,1980-12-31,Zbigniew Boniek
1980,1980,27,Giancarlo Antognoni,Fiorentina,Italy,1.0,https://en.wikipedia.org/wiki/1980_Ballon_d%27Or,1,1980-01-01,1980-12-31,Giancarlo Antognoni
1980,1980,27,Alessandro Altobelli,Internazionale,Italy,1.0,https://en.wikipedia.org/wiki/1980_Ballon_d%27Or,1,1980-01-01,1980-12-31,Alessandro Altobelli
1980,1980,27,Marcel Răducanu,Steaua București,Romania,1.0,https://en.wikipedia.org/wiki/1980_Ballon_d%27Or,1,1980-01-01,1980-12-31,Marcel Răducanu
1980,1980,27,Trevor Francis,Nottingham Forest,England,1.0,https://en.wikipedia.org/wiki/1980_Ballon_d%27Or,1,1980-01-01,1980-12-31,Trevor Francis
1980,1980,27,Zdeněk Nehoda,Dukla Prague,Czechoslovakia,1.0,https://en.wikipedia.org/wiki/1980_Ballon_d%27Or,1,1980-01-01,1980-12-31,Zdeněk Nehoda
1980,1980,27,Peter Shilton,Nottingham Forest,England,1.0,https://en.wikipedia.org/wiki/1980_Ballon_d%27Or,1,1980-01-01,1980-12-31,Peter Shilton
1981,1981,1,Karl-Heinz Rummenigge,Bayern Munich,West Germany,106.0,https://en.wikipedia.org/wiki/1981_Ballon_d%27Or,1,1981-01-01,1981-12-31,Karl-Heinz Rummenigge
1981,1981,2,Paul Breitner,Bayern Munich,West Germany,64.0,https://en.wikipedia.org/wiki/1981_Ballon_d%27Or,1,1981-01-01,1981-12-31,Paul Breitner
1981,1981,3,Bernd Schuster,Barcelona,West Germany,39.0,https://en.wikipedia.org/wiki/1981_Ballon_d%27Or,1,1981-01-01,1981-12-31,Bernd Schuster
1981,1981,4,Michel Platini,Saint-Étienne,France,36.0,https://en.wikipedia.org/wiki/1981_Ballon_d%27Or,1,1981-01-01,1981-12-31,Michel Platini
1981,1981,5,Oleg Blokhin,Dinamo Kyiv,Soviet Union,14.0,https://en.wikipedia.org/wiki/1981_Ballon_d%27Or,1,1981-01-01,1981-12-31,Oleg Blokhin
1981,1981,6,Dino Zoff,Juventus,Italy,13.0,https://en.wikipedia.org/wiki/1981_Ballon_d%27Or,1,1981-01-01,1981-12-31,Dino Zoff
1981,1981,7,Ramaz Shengelia,Dinamo Tbilisi,Soviet Union,10.0,https://en.wikipedia.org/wiki/1981_Ballon_d%27Or,1,1981-01-01,1981-12-31,Ramaz Shengelia
1981,1981,8,Alexsandr Chivadze,Dinamo Tbilisi,Soviet Union,9.0,https://en.wikipedia.org/wiki/1981_Ballon_d%27Or,1,1981-01-01,1981-12-31,Alexsandr Chivadze
1981,1981,9,Liam Brady,Juventus,Republic of Ireland,7.0,https://en.wikipedia.org/wiki/1981_Ballon_d%27Or,1,1981-01-01,1981-12-31,Liam Brady
1981,1981,9,John Wark,Ipswich Town,Scotland,7.0,https://en.wikipedia.org/wiki/1981_Ballon_d%27Or,1,1981-01-01,1981-12-31,John Wark
1981,1981,11,David Kipiani,Dinamo Tbilisi,Soviet Union,6.0,https://en.wikipedia.org/wiki/1981_Ballon_d%27Or,1,1981-01-01,1981-12-31,David Kipiani
1981,1981,11,András Törőcsik,Újpest,Hungary,6.0,https://en.wikipedia.org/wiki/1981_Ballon_d%27Or,1,1981-01-01,1981-12-31,András Törőcsik
1981,1981,11,Zbigniew Boniek,Widzew Łódź,Poland,6.0,https://en.wikipedia.org/wiki/1981_Ballon_d%27Or,1,1981-01-01,1981-12-31,Zbigniew Boniek
1981,1981,11,Maxime Bossis,Nantes,France,6.0,https://en.wikipedia.org/wiki/1981_Ballon_d%27Or,1,1981-01-01,1981-12-31,Maxime Bossis
1981,1981,11,Bruno Pezzey,Eintracht Frankfurt,Austria,6.0,https://en.wikipedia.org/wiki/1981_Ballon_d%27Or,1,1981-01-01,1981-12-31,Bruno Pezzey
1981,1981,16,Horst Hrubesch,Hamburger SV,West Germany,5.0,https://en.wikipedia.org/wiki/1981_Ballon_d%27Or,1,1981-01-01,1981-12-31,Horst Hrubesch
1981,1981,16,Ruud Krol,Napoli,Netherlands,5.0,https://en.wikipedia.org/wiki/1981_Ballon_d%27Or,1,1981-01-01,1981-12-31,Ruud Krol
1981,1981,16,Vladimir Petrović,Red Star Belgrade,Yugoslavia,5.0,https://en.wikipedia.org/wiki/1981_Ballon_d%27Or,1,1981-01-01,1981-12-31,Vladimir Petrović
1981,1981,19,Zlatko Vujovic,Hajduk Split,Yugoslavia,4.0,https://en.wikipedia.org/wiki/1981_Ballon_d%27Or,1,1981-01-01,1981-12-31,Zlatko Vujovic
1981,1981,19,Trevor Brooking,West Ham United,England,4.0,https://en.wikipedia.org/wiki/1981_Ballon_d%27Or,1,1981-01-01,1981-12-31,Trevor Brooking
1981,1981,21,Giancarlo Antognoni,Fiorentina,Italy,3.0,https://en.wikipedia.org/wiki/1981_Ballon_d%27Or,1,1981-01-01,1981-12-31,Giancarlo Antognoni
1981,1981,21,Jan Ceulemans,Club Brugge,Belgium,3.0,https://en.wikipedia.org/wiki/1981_Ballon_d%27Or,1,1981-01-01,1981-12-31,Jan Ceulemans
1981,1981,21,Kenny Dalglish,Liverpool,Scotland,3.0,https://en.wikipedia.org/wiki/1981_Ballon_d%27Or,1,1981-01-01,1981-12-31,Kenny Dalglish
1981,1981,21,Bryan Robson,Manchester United,England,3.0,https://en.wikipedia.org/wiki/1981_Ballon_d%27Or,1,1981-01-01,1981-12-31,Bryan Robson
1981,1981,21,Frank Stapleton,Manchester United,Ireland,3.0,https://en.wikipedia.org/wiki/1981_Ballon_d%27Or,1,1981-01-01,1981-12-31,Frank Stapleton
1981,1981,21,Wilfried Van Moer,Beveren,Belgium,3.0,https://en.wikipedia.org/wiki/1981_Ballon_d%27Or,1,1981-01-01,1981-12-31,Wilfried Van Moer
1981,1981,21,Luis Arconada,Real Sociedad,Spain,3.0,https://en.wikipedia.org/wiki/1981_Ballon_d%27Or,1,1981-01-01,1981-12-31,Luis Arconada
1981,1981,28,Grzegorz Lato,Lokeren,Poland,2.0,https://en.wikipedia.org/wiki/1981_Ballon_d%27Or,1,1981-01-01,1981-12-31,Grzegorz Lato
1981,1981,28,Tibor Nyilasi,Ferencváros,Hungary,2.0,https://en.wikipedia.org/wiki/1981_Ballon_d%27Or,1,1981-01-01,1981-12-31,Tibor Nyilasi
1981,1981,28,Wlodzimierz Smolarek,Widzew Łódź,Poland,2.0,https://en.wikipedia.org/wiki/1981_Ballon_d%27Or,1,1981-01-01,1981-12-31,Wlodzimierz Smolarek
1981,1981,28,Frans Thijssen,Ipswich Town,Netherlands,2.0,https://en.wikipedia.org/wiki/1981_Ballon_d%27Or,1,1981-01-01,1981-12-31,Frans Thijssen
1981,1981,32,António Oliveira,Sporting CP,Portugal,1.0,https://en.wikipedia.org/wiki/1981_Ballon_d%27Or,1,1981-01-01,1981-12-31,António Oliveira
1981,1981,32,Uli Stielike,Real Madrid,West Germany,1.0,https://en.wikipedia.org/wiki/1981_Ballon_d%27Or,1,1981-01-01,1981-12-31,Uli Stielike
1981,1981,32,Jesús Zamora,Real Sociedad,Spain,1.0,https://en.wikipedia.org/wiki/1981_Ballon_d%27Or,1,1981-01-01,1981-12-31,Jesús Zamora
1982,1982,1,Paolo Rossi,Juventus,Italy,115.0,https://en.wikipedia.org/wiki/1982_Ballon_d%27Or,1,1982-01-01,1982-12-31,Paolo Rossi
1982,1982,2,Alain Giresse,Bordeaux,France,64.0,https://en.wikipedia.org/wiki/1982_Ballon_d%27Or,1,1982-01-01,1982-12-31,Alain Giresse
1982,1982,3,Zbigniew Boniek,Juventus,Poland,53.0,https://en.wikipedia.org/wiki/1982_Ballon_d%27Or,1,1982-01-01,1982-12-31,Zbigniew Boniek
1982,1982,4,Karl-Heinz Rummenigge,Bayern Munich,West Germany,51.0,https://en.wikipedia.org/wiki/1982_Ballon_d%27Or,1,1982-01-01,1982-12-31,Karl-Heinz Rummenigge
1982,1982,5,Bruno Conti,Roma,Italy,48.0,https://en.wikipedia.org/wiki/1982_Ballon_d%27Or,1,1982-01-01,1982-12-31,Bruno Conti
1982,1982,6,Rinat Dasayev,Spartak Moscow,Soviet Union,17.0,https://en.wikipedia.org/wiki/1982_Ballon_d%27Or,1,1982-01-01,1982-12-31,Rinat Dasayev
1982,1982,7,Pierre Littbarski,1. FC Köln,West Germany,10.0,https://en.wikipedia.org/wiki/1982_Ballon_d%27Or,1,1982-01-01,1982-12-31,Pierre Littbarski
1982,1982,8,Dino Zoff,Juventus,Italy,9.0,https://en.wikipedia.org/wiki/1982_Ballon_d%27Or,1,1982-01-01,1982-12-31,Dino Zoff
1982,1982,9,Michel Platini,Juventus,France,5.0,https://en.wikipedia.org/wiki/1982_Ballon_d%27Or,1,1982-01-01,1982-12-31,Michel Platini
1982,1982,10,Bernd Schuster,Barcelona,West Germany,4.0,https://en.wikipedia.org/wiki/1982_Ballon_d%27Or,1,1982-01-01,1982-12-31,Bernd Schuster
1982,1982,11,Giancarlo Antognoni,Fiorentina,Italy,3.0,https://en.wikipedia.org/wiki/1982_Ballon_d%27Or,1,1982-01-01,1982-12-31,Giancarlo Antognoni
1982,1982,12,Bruno Pezzey,Eintracht Frankfurt,Austria,2.0,https://en.wikipedia.org/wiki/1982_Ballon_d%27Or,1,1982-01-01,1982-12-31,Bruno Pezzey
1982,1982,12,Gaetano Scirea,Juventus,Italy,2.0,https://en.wikipedia.org/wiki/1982_Ballon_d%27Or,1,1982-01-01,1982-12-31,Gaetano Scirea
1982,1982,12,Eric Gerets,Standard Liège,Belgium,2.0,https://en.wikipedia.org/wiki/1982_Ballon_d%27Or,1,1982-01-01,1982-12-31,Eric Gerets
1982,1982,15,Paul Breitner,Bayern Munich,West Germany,1.0,https://en.wikipedia.org/wiki/1982_Ballon_d%27Or,1,1982-01-01,1982-12-31,Paul Breitner
1982,1982,15,Torbjörn Nilsson,IFK Göteborg,Sweden,1.0,https://en.wikipedia.org/wiki/1982_Ballon_d%27Or,1,1982-01-01,1982-12-31,Torbjörn Nilsson
1982,1982,15,Walter Schachner,Cesena,Austria,1.0,https://en.wikipedia.org/wiki/1982_Ballon_d%27Or,1,1982-01-01,1982-12-31,Walter Schachner
1982,1982,15,Marco Tardelli,Juventus,Italy,1.0,https://en.wikipedia.org/wiki/1982_Ballon_d%27Or,1,1982-01-01,1982-12-31,Marco Tardelli
1982,1982,15,Marius Trésor,Bordeaux,France,1.0,https://en.wikipedia.org/wiki/1982_Ballon_d%27Or,1,1982-01-01,1982-12-31,Marius Trésor
1983,1983,1,Michel Platini,Juventus,France,110.0,https://en.wikipedia.org/wiki/1983_Ballon_d%27Or,1,1983-01-01,1983-12-31,Michel Platini
1983,1983,2,Kenny Dalglish,Liverpool,Scotland,26.0,https://en.wikipedia.org/wiki/1983_Ballon_d%27Or,1,1983-01-01,1983-12-31,Kenny Dalglish
1983,1983,3,Allan Simonsen,Vejle,Denmark,25.0,https://en.wikipedia.org/wiki/1983_Ballon_d%27Or,1,1983-01-01,1983-12-31,Allan Simonsen
1983,1983,4,Gordon Strachan,Aberdeen,Scotland,24.0,https://en.wikipedia.org/wiki/1983_Ballon_d%27Or,1,1983-01-01,1983-12-31,Gordon Strachan
1983,1983,5,Felix Magath,Hamburger SV,West Germany,20.0,https://en.wikipedia.org/wiki/1983_Ballon_d%27Or,1,1983-01-01,1983-12-31,Felix Magath
1983,1983,6,Jean-Marie Pfaff,Bayern Munich,Belgium,15.0,https://en.wikipedia.org/wiki/1983_Ballon_d%27Or,1,1983-01-01,1983-12-31,Jean-Marie Pfaff
1983,1983,6,Rinat Dasayev,Spartak Moscow,Soviet Union,15.0,https://en.wikipedia.org/wiki/1983_Ballon_d%27Or,1,1983-01-01,1983-12-31,Rinat Dasayev
1983,1983,8,Karl-Heinz Rummenigge,Bayern Munich,West Germany,14.0,https://en.wikipedia.org/wiki/1983_Ballon_d%27Or,1,1983-01-01,1983-12-31,Karl-Heinz Rummenigge
1983,1983,8,Jesper Olsen,Ajax,Denmark,14.0,https://en.wikipedia.org/wiki/1983_Ballon_d%27Or,1,1983-01-01,1983-12-31,Jesper Olsen
1983,1983,10,Bryan Robson,Manchester United,England,13.0,https://en.wikipedia.org/wiki/1983_Ballon_d%27Or,1,1983-01-01,1983-12-31,Bryan Robson
1983,1983,11,Fernando Gomes,Porto,Portugal,10.0,https://en.wikipedia.org/wiki/1983_Ballon_d%27Or,1,1983-01-01,1983-12-31,Fernando Gomes
1983,1983,11,Bernd Schuster,Barcelona,West Germany,10.0,https://en.wikipedia.org/wiki/1983_Ballon_d%27Or,1,1983-01-01,1983-12-31,Bernd Schuster
1983,1983,11,Franky Vercauteren,Anderlecht,Belgium,10.0,https://en.wikipedia.org/wiki/1983_Ballon_d%27Or,1,1983-01-01,1983-12-31,Franky Vercauteren
1983,1983,11,Alain Giresse,Bordeaux,France,10.0,https://en.wikipedia.org/wiki/1983_Ballon_d%27Or,1,1983-01-01,1983-12-31,Alain Giresse
1983,1983,15,Safet Sušić,Paris Saint-Germain,Yugoslavia,8.0,https://en.wikipedia.org/wiki/1983_Ballon_d%27Or,1,1983-01-01,1983-12-31,Safet Sušić
1983,1983,15,Ian Rush,Liverpool,Wales,8.0,https://en.wikipedia.org/wiki/1983_Ballon_d%27Or,1,1983-01-01,1983-12-31,Ian Rush
1983,1983,17,Morten Olsen,Anderlecht,Denmark,6.0,https://en.wikipedia.org/wiki/1983_Ballon_d%27Or,1,1983-01-01,1983-12-31,Morten Olsen
1983,1983,18,Norman Whiteside,Manchester United,Northern Ireland,5.0,https://en.wikipedia.org/wiki/1983_Ballon_d%27Or,1,1983-01-01,1983-12-31,Norman Whiteside
1983,1983,19,Bruno Conti,Roma,Italy,4.0,https://en.wikipedia.org/wiki/1983_Ballon_d%27Or,1,1983-01-01,1983-12-31,Bruno Conti
1983,1983,19,Eric Gerets,Milan,Belgium,4.0,https://en.wikipedia.org/wiki/1983_Ballon_d%27Or,1,1983-01-01,1983-12-31,Eric Gerets
1983,1983,19,Erwin Vandenbergh,Anderlecht,Belgium,4.0,https://en.wikipedia.org/wiki/1983_Ballon_d%27Or,1,1983-01-01,1983-12-31,Erwin Vandenbergh
1983,1983,19,Michael Laudrup,Lazio,Denmark,4.0,https://en.wikipedia.org/wiki/1983_Ballon_d%27Or,1,1983-01-01,1983-12-31,Michael Laudrup
1983,1983,23,Liam Brady,Sampdoria,Republic of Ireland,3.0,https://en.wikipedia.org/wiki/1983_Ballon_d%27Or,1,1983-01-01,1983-12-31,Liam Brady
1983,1983,23,Antonio Cabrini,Juventus,Italy,3.0,https://en.wikipedia.org/wiki/1983_Ballon_d%27Or,1,1983-01-01,1983-12-31,Antonio Cabrini
1983,1983,23,Carlos Manuel,Benfica,Portugal,3.0,https://en.wikipedia.org/wiki/1983_Ballon_d%27Or,1,1983-01-01,1983-12-31,Carlos Manuel
1983,1983,23,Vasilis Hatzipanagis,Iraklis,Greece,3.0,https://en.wikipedia.org/wiki/1983_Ballon_d%27Or,1,1983-01-01,1983-12-31,Vasilis Hatzipanagis
1983,1983,23,Glenn Hysén,IFK Göteborg,Sweden,3.0,https://en.wikipedia.org/wiki/1983_Ballon_d%27Or,1,1983-01-01,1983-12-31,Glenn Hysén
1983,1983,23,Paolo Rossi,Juventus,Italy,3.0,https://en.wikipedia.org/wiki/1983_Ballon_d%27Or,1,1983-01-01,1983-12-31,Paolo Rossi
1983,1983,23,Costică Ștefănescu,Universitatea Craiova,Romania,3.0,https://en.wikipedia.org/wiki/1983_Ballon_d%27Or,1,1983-01-01,1983-12-31,Costică Ștefănescu
1983,1983,30,Zbigniew Boniek,Juventus,Poland,2.0,https://en.wikipedia.org/wiki/1983_Ballon_d%27Or,1,1983-01-01,1983-12-31,Zbigniew Boniek
1983,1983,30,Fedor Cherenkov,Spartak Moscow,Soviet Union,2.0,https://en.wikipedia.org/wiki/1983_Ballon_d%27Or,1,1983-01-01,1983-12-31,Fedor Cherenkov
1983,1983,30,Ruud Gullit,Feyenoord,Netherlands,2.0,https://en.wikipedia.org/wiki/1983_Ballon_d%27Or,1,1983-01-01,1983-12-31,Ruud Gullit
1983,1983,33,Søren Lerby,Bayern Munich,Denmark,1.0,https://en.wikipedia.org/wiki/1983_Ballon_d%27Or,1,1983-01-01,1983-12-31,Søren Lerby
1983,1983,33,Stoycho Mladenov,CSKA Sofia,Bulgaria,1.0,https://en.wikipedia.org/wiki/1983_Ballon_d%27Or,1,1983-01-01,1983-12-31,Stoycho Mladenov
1983,1983,33,Tibor Nyilasi,Austria Wien,Hungary,1.0,https://en.wikipedia.org/wiki/1983_Ballon_d%27Or,1,1983-01-01,1983-12-31,Tibor Nyilasi
1983,1983,33,Rudi Völler,Werder Bremen,West Germany,1.0,https://en.wikipedia.org/wiki/1983_Ballon_d%27Or,1,1983-01-01,1983-12-31,Rudi Völler
1984,1984,1,Michel Platini,Juventus,France,128.0,https://en.wikipedia.org/wiki/1984_Ballon_d%27Or,1,1984-01-01,1984-12-31,Michel Platini
1984,1984,2,Jean Tigana,Bordeaux,France,57.0,https://en.wikipedia.org/wiki/1984_Ballon_d%27Or,1,1984-01-01,1984-12-31,Jean Tigana
1984,1984,3,Preben Elkjær,Hellas Verona,Denmark,48.0,https://en.wikipedia.org/wiki/1984_Ballon_d%27Or,1,1984-01-01,1984-12-31,Preben Elkjær
1984,1984,4,Ian Rush,Liverpool,Wales,44.0,https://en.wikipedia.org/wiki/1984_Ballon_d%27Or,1,1984-01-01,1984-12-31,Ian Rush
1984,1984,5,Fernando Chalana,Bordeaux,Portugal,18.0,https://en.wikipedia.org/wiki/1984_Ballon_d%27Or,1,1984-01-01,1984-12-31,Fernando Chalana
1984,1984,6,Graeme Souness,Sampdoria,Scotland,16.0,https://en.wikipedia.org/wiki/1984_Ballon_d%27Or,1,1984-01-01,1984-12-31,Graeme Souness
1984,1984,7,Harald Schumacher,1. FC Köln,West Germany,12.0,https://en.wikipedia.org/wiki/1984_Ballon_d%27Or,1,1984-01-01,1984-12-31,Harald Schumacher
1984,1984,8,Karl-Heinz Rummenigge,Internazionale,West Germany,10.0,https://en.wikipedia.org/wiki/1984_Ballon_d%27Or,1,1984-01-01,1984-12-31,Karl-Heinz Rummenigge
1984,1984,9,Alain Giresse,Bordeaux,France,9.0,https://en.wikipedia.org/wiki/1984_Ballon_d%27Or,1,1984-01-01,1984-12-31,Alain Giresse
1984,1984,10,Bryan Robson,Manchester United,England,7.0,https://en.wikipedia.org/wiki/1984_Ballon_d%27Or,1,1984-01-01,1984-12-31,Bryan Robson
1984,1984,11,Bernd Schuster,Barcelona,West Germany,6.0,https://en.wikipedia.org/wiki/1984_Ballon_d%27Or,1,1984-01-01,1984-12-31,Bernd Schuster
1984,1984,12,Enzo Scifo,Anderlecht,Belgium,5.0,https://en.wikipedia.org/wiki/1984_Ballon_d%27Or,1,1984-01-01,1984-12-31,Enzo Scifo
1984,1984,12,Maxime Bossis,Nantes,France,5.0,https://en.wikipedia.org/wiki/1984_Ballon_d%27Or,1,1984-01-01,1984-12-31,Maxime Bossis
1984,1984,14,Klaus Allofs,1. FC Köln,West Germany,3.0,https://en.wikipedia.org/wiki/1984_Ballon_d%27Or,1,1984-01-01,1984-12-31,Klaus Allofs
1984,1984,14,Antonio Cabrini,Juventus,Italy,3.0,https://en.wikipedia.org/wiki/1984_Ballon_d%27Or,1,1984-01-01,1984-12-31,Antonio Cabrini
1984,1984,14,Hans-Peter Briegel,Hellas Verona,West Germany,3.0,https://en.wikipedia.org/wiki/1984_Ballon_d%27Or,1,1984-01-01,1984-12-31,Hans-Peter Briegel
1984,1984,14,Rui Jordão,Sporting CP,Portugal,3.0,https://en.wikipedia.org/wiki/1984_Ballon_d%27Or,1,1984-01-01,1984-12-31,Rui Jordão
1984,1984,18,Paul McStay,Celtic,Scotland,2.0,https://en.wikipedia.org/wiki/1984_Ballon_d%27Or,1,1984-01-01,1984-12-31,Paul McStay
1984,1984,18,Jesper Olsen,Manchester United,Denmark,2.0,https://en.wikipedia.org/wiki/1984_Ballon_d%27Or,1,1984-01-01,1984-12-31,Jesper Olsen
1984,1984,18,Morten Olsen,Anderlecht,Denmark,2.0,https://en.wikipedia.org/wiki/1984_Ballon_d%27Or,1,1984-01-01,1984-12-31,Morten Olsen
1984,1984,18,Gordon Strachan,Manchester United,Scotland,2.0,https://en.wikipedia.org/wiki/1984_Ballon_d%27Or,1,1984-01-01,1984-12-31,Gordon Strachan
1984,1984,22,Rinat Dasayev,Spartak Moscow,Soviet Union,1.0,https://en.wikipedia.org/wiki/1984_Ballon_d%27Or,1,1984-01-01,1984-12-31,Rinat Dasayev
1984,1984,22,Mark Hateley,Milan,England,1.0,https://en.wikipedia.org/wiki/1984_Ballon_d%27Or,1,1984-01-01,1984-12-31,Mark Hateley
1984,1984,22,Silviu Lung,Universitatea Craiova,Romania,1.0,https://en.wikipedia.org/wiki/1984_Ballon_d%27Or,1,1984-01-01,1984-12-31,Silviu Lung
1984,1984,22,Antonio Maceda,Sporting Gijón,Spain,1.0,https://en.wikipedia.org/wiki/1984_Ballon_d%27Or,1,1984-01-01,1984-12-31,Antonio Maceda
1984,1984,22,Torbjörn Nilsson,IFK Göteborg,Sweden,1.0,https://en.wikipedia.org/wiki/1984_Ballon_d%27Or,1,1984-01-01,1984-12-31,Torbjörn Nilsson
1985,1985,1,Michel Platini,Juventus,France,127.0,https://en.wikipedia.org/wiki/1985_Ballon_d%27Or,1,1985-01-01,1985-12-31,Michel Platini
1985,1985,2,Preben Elkjær,Hellas Verona,Denmark,71.0,https://en.wikipedia.org/wiki/1985_Ballon_d%27Or,1,1985-01-01,1985-12-31,Preben Elkjær
1985,1985,3,Bernd Schuster,Barcelona,West Germany,46.0,https://en.wikipedia.org/wiki/1985_Ballon_d%27Or,1,1985-01-01,1985-12-31,Bernd Schuster
1985,1985,4,Michael Laudrup,Juventus,Denmark,14.0,https://en.wikipedia.org/wiki/1985_Ballon_d%27Or,1,1985-01-01,1985-12-31,Michael Laudrup
1985,1985,5,Karl-Heinz Rummenigge,Internazionale,West Germany,13.0,https://en.wikipedia.org/wiki/1985_Ballon_d%27Or,1,1985-01-01,1985-12-31,Karl-Heinz Rummenigge
1985,1985,6,Zbigniew Boniek,Roma,Poland,12.0,https://en.wikipedia.org/wiki/1985_Ballon_d%27Or,1,1985-01-01,1985-12-31,Zbigniew Boniek
1985,1985,7,Oleh Protasov,Dnepr Dnepropetrovsk,Soviet Union,10.0,https://en.wikipedia.org/wiki/1985_Ballon_d%27Or,1,1985-01-01,1985-12-31,Oleh Protasov
1985,1985,8,Hans-Peter Briegel,Hellas Verona,West Germany,9.0,https://en.wikipedia.org/wiki/1985_Ballon_d%27Or,1,1985-01-01,1985-12-31,Hans-Peter Briegel
1985,1985,9,Bryan Robson,Manchester United,England,8.0,https://en.wikipedia.org/wiki/1985_Ballon_d%27Or,1,1985-01-01,1985-12-31,Bryan Robson
1985,1985,9,Rinat Dasayev,Spartak Moscow,Soviet Union,8.0,https://en.wikipedia.org/wiki/1985_Ballon_d%27Or,1,1985-01-01,1985-12-31,Rinat Dasayev
1985,1985,11,Rudi Völler,Werder Bremen,West Germany,7.0,https://en.wikipedia.org/wiki/1985_Ballon_d%27Or,1,1985-01-01,1985-12-31,Rudi Völler
1985,1985,12,Luis Fernández,Paris Saint-Germain,France,6.0,https://en.wikipedia.org/wiki/1985_Ballon_d%27Or,1,1985-01-01,1985-12-31,Luis Fernández
1985,1985,12,Søren Lerby,Bayern Munich,Denmark,6.0,https://en.wikipedia.org/wiki/1985_Ballon_d%27Or,1,1985-01-01,1985-12-31,Søren Lerby
1985,1985,14,Rafael Gordillo,Real Madrid,Spain,5.0,https://en.wikipedia.org/wiki/1985_Ballon_d%27Or,1,1985-01-01,1985-12-31,Rafael Gordillo
1985,1985,14,Ian Rush,Liverpool,Wales,5.0,https://en.wikipedia.org/wiki/1985_Ballon_d%27Or,1,1985-01-01,1985-12-31,Ian Rush
1985,1985,16,Emilio Butragueño,Real Madrid,Spain,4.0,https://en.wikipedia.org/wiki/1985_Ballon_d%27Or,1,1985-01-01,1985-12-31,Emilio Butragueño
1985,1985,16,Fernando Gomes,Porto,Portugal,4.0,https://en.wikipedia.org/wiki/1985_Ballon_d%27Or,1,1985-01-01,1985-12-31,Fernando Gomes
1985,1985,18,Harald Schumacher,1. FC Köln,West Germany,3.0,https://en.wikipedia.org/wiki/1985_Ballon_d%27Or,1,1985-01-01,1985-12-31,Harald Schumacher
1985,1985,18,John Sivebæk,Vejle,Denmark,3.0,https://en.wikipedia.org/wiki/1985_Ballon_d%27Or,1,1985-01-01,1985-12-31,John Sivebæk
1985,1985,18,Neville Southall,Everton,Wales,3.0,https://en.wikipedia.org/wiki/1985_Ballon_d%27Or,1,1985-01-01,1985-12-31,Neville Southall
1985,1985,21,Lajos Détári,Budapest Honvéd,Hungary,2.0,https://en.wikipedia.org/wiki/1985_Ballon_d%27Or,1,1985-01-01,1985-12-31,Lajos Détári
1985,1985,21,Alain Giresse,Bordeaux,France,2.0,https://en.wikipedia.org/wiki/1985_Ballon_d%27Or,1,1985-01-01,1985-12-31,Alain Giresse
1985,1985,21,Vahid Halilhodžić,Nantes,Yugoslavia,2.0,https://en.wikipedia.org/wiki/1985_Ballon_d%27Or,1,1985-01-01,1985-12-31,Vahid Halilhodžić
1985,1985,21,Tibor Nyilasi,Austria Wien,Hungary,2.0,https://en.wikipedia.org/wiki/1985_Ballon_d%27Or,1,1985-01-01,1985-12-31,Tibor Nyilasi
1985,1985,21,Peter Reid,Everton,England,2.0,https://en.wikipedia.org/wiki/1985_Ballon_d%27Or,1,1985-01-01,1985-12-31,Peter Reid
1985,1985,21,Peter Shilton,Southampton,England,2.0,https://en.wikipedia.org/wiki/1985_Ballon_d%27Or,1,1985-01-01,1985-12-31,Peter Shilton
1985,1985,21,Graeme Souness,Sampdoria,Scotland,2.0,https://en.wikipedia.org/wiki/1985_Ballon_d%27Or,1,1985-01-01,1985-12-31,Graeme Souness
1985,1985,21,Pat Jennings,Tottenham Hotspur,Northern Ireland,2.0,https://en.wikipedia.org/wiki/1985_Ballon_d%27Or,1,1985-01-01,1985-12-31,Pat Jennings
1985,1985,29,Steve Archibald,Barcelona,Scotland,1.0,https://en.wikipedia.org/wiki/1985_Ballon_d%27Or,1,1985-01-01,1985-12-31,Steve Archibald
1985,1985,29,Jan Ceulemans,Club Brugge,Belgium,1.0,https://en.wikipedia.org/wiki/1985_Ballon_d%27Or,1,1985-01-01,1985-12-31,Jan Ceulemans
1985,1985,29,Anatoliy Demyanenko,Dinamo Kyiv,Soviet Union,1.0,https://en.wikipedia.org/wiki/1985_Ballon_d%27Or,1,1985-01-01,1985-12-31,Anatoliy Demyanenko
1985,1985,29,Georgi Dimitrov,CSKA Sofia,Bulgaria,1.0,https://en.wikipedia.org/wiki/1985_Ballon_d%27Or,1,1985-01-01,1985-12-31,Georgi Dimitrov
1985,1985,29,Gheorghe Hagi,Sportul Studențesc,Romania,1.0,https://en.wikipedia.org/wiki/1985_Ballon_d%27Or,1,1985-01-01,1985-12-31,Gheorghe Hagi
1985,1985,29,Mark Hateley,Milan,England,1.0,https://en.wikipedia.org/wiki/1985_Ballon_d%27Or,1,1985-01-01,1985-12-31,Mark Hateley
1985,1985,29,Herbert Prohaska,Austria Wien,Austria,1.0,https://en.wikipedia.org/wiki/1985_Ballon_d%27Or,1,1985-01-01,1985-12-31,Herbert Prohaska
1985,1985,29,Gary Stevens,Everton,England,1.0,https://en.wikipedia.org/wiki/1985_Ballon_d%27Or,1,1985-01-01,1985-12-31,Gary Stevens
1985,1985,29,Andreas Thom,Dynamo Berlin,East Germany,1.0,https://en.wikipedia.org/wiki/1985_Ballon_d%27Or,1,1985-01-01,1985-12-31,Andreas Thom
1985,1985,29,Ladislav Vízek,Dukla Prague,Czechoslovakia,1.0,https://en.wikipedia.org/wiki/1985_Ballon_d%27Or,1,1985-01-01,1985-12-31,Ladislav Vízek
1986,1986,1,Igor Belanov,Dynamo Kyiv,Soviet Union,84.0,https://en.wikipedia.org/wiki/1986_Ballon_d%27Or,1,1986-01-01,1986-12-31,Igor Belanov
1986,1986,2,Gary Lineker,Everton Barcelona,England,62.0,https://en.wikipedia.org/wiki/1986_Ballon_d%27Or,1,1986-01-01,1986-12-31,Gary Lineker
1986,1986,3,Emilio Butragueño,Real Madrid,Spain,59.0,https://en.wikipedia.org/wiki/1986_Ballon_d%27Or,1,1986-01-01,1986-12-31,Emilio Butragueño
1986,1986,4,Manuel Amoros,Monaco,France,22.0,https://en.wikipedia.org/wiki/1986_Ballon_d%27Or,1,1986-01-01,1986-12-31,Manuel Amoros
1986,1986,4,Preben Elkjær,Hellas Verona,Denmark,22.0,https://en.wikipedia.org/wiki/1986_Ballon_d%27Or,1,1986-01-01,1986-12-31,Preben Elkjær
1986,1986,6,Ian Rush,Liverpool,Wales,20.0,https://en.wikipedia.org/wiki/1986_Ballon_d%27Or,1,1986-01-01,1986-12-31,Ian Rush
1986,1986,6,Oleksandr Zavarov,Dynamo Kyiv,Soviet Union,20.0,https://en.wikipedia.org/wiki/1986_Ballon_d%27Or,1,1986-01-01,1986-12-31,Oleksandr Zavarov
1986,1986,8,Helmut Duckadam,Steaua București,Romania,10.0,https://en.wikipedia.org/wiki/1986_Ballon_d%27Or,1,1986-01-01,1986-12-31,Helmut Duckadam
1986,1986,8,Marco van Basten,Ajax,Netherlands,10.0,https://en.wikipedia.org/wiki/1986_Ballon_d%27Or,1,1986-01-01,1986-12-31,Marco van Basten
1986,1986,10,Alessandro Altobelli,Internazionale,Italy,9.0,https://en.wikipedia.org/wiki/1986_Ballon_d%27Or,1,1986-01-01,1986-12-31,Alessandro Altobelli
1986,1986,11,Jean-Marie Pfaff,Bayern Munich,Belgium,8.0,https://en.wikipedia.org/wiki/1986_Ballon_d%27Or,1,1986-01-01,1986-12-31,Jean-Marie Pfaff
1986,1986,11,Michel Platini,Juventus,France,8.0,https://en.wikipedia.org/wiki/1986_Ballon_d%27Or,1,1986-01-01,1986-12-31,Michel Platini
1986,1986,13,Jan Ceulemans,Club Brugge,Belgium,7.0,https://en.wikipedia.org/wiki/1986_Ballon_d%27Or,1,1986-01-01,1986-12-31,Jan Ceulemans
1986,1986,13,Søren Lerby,Monaco,Denmark,7.0,https://en.wikipedia.org/wiki/1986_Ballon_d%27Or,1,1986-01-01,1986-12-31,Søren Lerby
1986,1986,15,Morten Olsen,Anderlecht 1. FC Köln,Denmark,6.0,https://en.wikipedia.org/wiki/1986_Ballon_d%27Or,1,1986-01-01,1986-12-31,Morten Olsen
1986,1986,16,Rinat Dasayev,Spartak Moscow,Soviet Union,5.0,https://en.wikipedia.org/wiki/1986_Ballon_d%27Or,1,1986-01-01,1986-12-31,Rinat Dasayev
1986,1986,17,Luis Fernández,Paris Saint-Germain RC Paris,France,4.0,https://en.wikipedia.org/wiki/1986_Ballon_d%27Or,1,1986-01-01,1986-12-31,Luis Fernández
1986,1986,17,Paulo Futre,Porto,Portugal,4.0,https://en.wikipedia.org/wiki/1986_Ballon_d%27Or,1,1986-01-01,1986-12-31,Paulo Futre
1986,1986,17,Ruud Gullit,PSV Eindhoven,Netherlands,4.0,https://en.wikipedia.org/wiki/1986_Ballon_d%27Or,1,1986-01-01,1986-12-31,Ruud Gullit
1986,1986,17,Harald Schumacher,1. FC Köln,West Germany,4.0,https://en.wikipedia.org/wiki/1986_Ballon_d%27Or,1,1986-01-01,1986-12-31,Harald Schumacher
1986,1986,21,Kenny Dalglish,Liverpool,Scotland,3.0,https://en.wikipedia.org/wiki/1986_Ballon_d%27Or,1,1986-01-01,1986-12-31,Kenny Dalglish
1986,1986,21,Jean Tigana,Bordeaux,France,3.0,https://en.wikipedia.org/wiki/1986_Ballon_d%27Or,1,1986-01-01,1986-12-31,Jean Tigana
1986,1986,21,Pavlo Yakovenko,Dynamo Kyiv,Soviet Union,3.0,https://en.wikipedia.org/wiki/1986_Ballon_d%27Or,1,1986-01-01,1986-12-31,Pavlo Yakovenko
1986,1986,24,Karlheinz Förster,VfB Stuttgart Marseille,West Germany,2.0,https://en.wikipedia.org/wiki/1986_Ballon_d%27Or,1,1986-01-01,1986-12-31,Karlheinz Förster
1986,1986,24,Lothar Matthäus,Bayern Munich,West Germany,2.0,https://en.wikipedia.org/wiki/1986_Ballon_d%27Or,1,1986-01-01,1986-12-31,Lothar Matthäus
1986,1986,26,Michael Laudrup,Juventus,Denmark,1.0,https://en.wikipedia.org/wiki/1986_Ballon_d%27Or,1,1986-01-01,1986-12-31,Michael Laudrup
1986,1986,26,Rudi Völler,Werder Bremen,West Germany,1.0,https://en.wikipedia.org/wiki/1986_Ballon_d%27Or,1,1986-01-01,1986-12-31,Rudi Völler
1987,1987,1,Ruud Gullit,Milan,Netherlands,106.0,https://en.wikipedia.org/wiki/1987_Ballon_d%27Or,1,1987-01-01,1987-12-31,Ruud Gullit
1987,1987,2,Paulo Futre,Porto Atlético Madrid,Portugal,91.0,https://en.wikipedia.org/wiki/1987_Ballon_d%27Or,1,1987-01-01,1987-12-31,Paulo Futre
1987,1987,3,Emilio Butragueño,Real Madrid,Spain,61.0,https://en.wikipedia.org/wiki/1987_Ballon_d%27Or,1,1987-01-01,1987-12-31,Emilio Butragueño
1987,1987,4,Míchel,Real Madrid,Spain,29.0,https://en.wikipedia.org/wiki/1987_Ballon_d%27Or,1,1987-01-01,1987-12-31,Míchel
1987,1987,5,Gary Lineker,Barcelona,England,13.0,https://en.wikipedia.org/wiki/1987_Ballon_d%27Or,1,1987-01-01,1987-12-31,Gary Lineker
1987,1987,6,John Barnes,Liverpool,England,10.0,https://en.wikipedia.org/wiki/1987_Ballon_d%27Or,1,1987-01-01,1987-12-31,John Barnes
1987,1987,6,Marco van Basten,Milan,Netherlands,10.0,https://en.wikipedia.org/wiki/1987_Ballon_d%27Or,1,1987-01-01,1987-12-31,Marco van Basten
1987,1987,8,Gianluca Vialli,Sampdoria,Italy,9.0,https://en.wikipedia.org/wiki/1987_Ballon_d%27Or,1,1987-01-01,1987-12-31,Gianluca Vialli
1987,1987,9,Bryan Robson,Manchester United,England,7.0,https://en.wikipedia.org/wiki/1987_Ballon_d%27Or,1,1987-01-01,1987-12-31,Bryan Robson
1987,1987,10,Klaus Allofs,Marseille,West Germany,6.0,https://en.wikipedia.org/wiki/1987_Ballon_d%27Or,1,1987-01-01,1987-12-31,Klaus Allofs
1987,1987,10,Glenn Hysén,Fiorentina,Sweden,6.0,https://en.wikipedia.org/wiki/1987_Ballon_d%27Or,1,1987-01-01,1987-12-31,Glenn Hysén
1987,1987,12,Manuel Amoros,Monaco,France,5.0,https://en.wikipedia.org/wiki/1987_Ballon_d%27Or,1,1987-01-01,1987-12-31,Manuel Amoros
1987,1987,12,Lothar Matthäus,Bayern Munich,West Germany,5.0,https://en.wikipedia.org/wiki/1987_Ballon_d%27Or,1,1987-01-01,1987-12-31,Lothar Matthäus
1987,1987,14,Mark Hateley,Monaco,England,4.0,https://en.wikipedia.org/wiki/1987_Ballon_d%27Or,1,1987-01-01,1987-12-31,Mark Hateley
1987,1987,14,Toni Polster,Torino,Austria,4.0,https://en.wikipedia.org/wiki/1987_Ballon_d%27Or,1,1987-01-01,1987-12-31,Toni Polster
1987,1987,14,Ian Rush,Juventus,Wales,4.0,https://en.wikipedia.org/wiki/1987_Ballon_d%27Or,1,1987-01-01,1987-12-31,Ian Rush
1987,1987,17,Pierre Littbarski,1. FC Köln,West Germany,3.0,https://en.wikipedia.org/wiki/1987_Ballon_d%27Or,1,1987-01-01,1987-12-31,Pierre Littbarski
1987,1987,17,Paul McGrath,Manchester United,Republic of Ireland,3.0,https://en.wikipedia.org/wiki/1987_Ballon_d%27Or,1,1987-01-01,1987-12-31,Paul McGrath
1987,1987,17,Jean-Marie Pfaff,Bayern Munich,Belgium,3.0,https://en.wikipedia.org/wiki/1987_Ballon_d%27Or,1,1987-01-01,1987-12-31,Jean-Marie Pfaff
1987,1987,17,Oleksandr Zavarov,Dynamo Kyiv,Soviet Union,3.0,https://en.wikipedia.org/wiki/1987_Ballon_d%27Or,1,1987-01-01,1987-12-31,Oleksandr Zavarov
1987,1987,21,Peter Beardsley,Liverpool,England,2.0,https://en.wikipedia.org/wiki/1987_Ballon_d%27Or,1,1987-01-01,1987-12-31,Peter Beardsley
1987,1987,21,Józef Młynarczyk,Porto,Poland,2.0,https://en.wikipedia.org/wiki/1987_Ballon_d%27Or,1,1987-01-01,1987-12-31,Józef Młynarczyk
1987,1987,21,Rinat Dasayev,Spartak Moscow,Soviet Union,2.0,https://en.wikipedia.org/wiki/1987_Ballon_d%27Or,1,1987-01-01,1987-12-31,Rinat Dasayev
1987,1987,21,Preben Elkjær,Hellas Verona,Denmark,2.0,https://en.wikipedia.org/wiki/1987_Ballon_d%27Or,1,1987-01-01,1987-12-31,Preben Elkjær
1987,1987,21,Gheorghe Hagi,Steaua București,Romania,2.0,https://en.wikipedia.org/wiki/1987_Ballon_d%27Or,1,1987-01-01,1987-12-31,Gheorghe Hagi
1987,1987,21,Heinz Hermann,Neuchâtel Xamax,Switzerland,2.0,https://en.wikipedia.org/wiki/1987_Ballon_d%27Or,1,1987-01-01,1987-12-31,Heinz Hermann
1987,1987,21,Ally McCoist,Rangers,Scotland,2.0,https://en.wikipedia.org/wiki/1987_Ballon_d%27Or,1,1987-01-01,1987-12-31,Ally McCoist
1987,1987,21,Rodion Cămătaru,Dinamo București,Romania,2.0,https://en.wikipedia.org/wiki/1987_Ballon_d%27Or,1,1987-01-01,1987-12-31,Rodion Cămătaru
1987,1987,21,Peter Shilton,Derby County,England,2.0,https://en.wikipedia.org/wiki/1987_Ballon_d%27Or,1,1987-01-01,1987-12-31,Peter Shilton
1987,1987,30,Alessandro Altobelli,Internazionale,Italy,1.0,https://en.wikipedia.org/wiki/1987_Ballon_d%27Or,1,1987-01-01,1987-12-31,Alessandro Altobelli
1987,1987,30,Glenn Hoddle,Monaco,England,1.0,https://en.wikipedia.org/wiki/1987_Ballon_d%27Or,1,1987-01-01,1987-12-31,Glenn Hoddle
1987,1987,30,Sokol Kushta,Flamurtari,Albania,1.0,https://en.wikipedia.org/wiki/1987_Ballon_d%27Or,1,1987-01-01,1987-12-31,Sokol Kushta
1987,1987,30,Dimitris Saravakos,Panathinaikos,Greece,1.0,https://en.wikipedia.org/wiki/1987_Ballon_d%27Or,1,1987-01-01,1987-12-31,Dimitris Saravakos
1987,1987,30,Rudi Völler,Roma,West Germany,1.0,https://en.wikipedia.org/wiki/1987_Ballon_d%27Or,1,1987-01-01,1987-12-31,Rudi Völler
1988,1988,1,Marco van Basten,Milan,Netherlands,129.0,https://en.wikipedia.org/wiki/1988_Ballon_d%27Or,1,1988-01-01,1988-12-31,Marco van Basten
1988,1988,2,Ruud Gullit,Milan,Netherlands,88.0,https://en.wikipedia.org/wiki/1988_Ballon_d%27Or,1,1988-01-01,1988-12-31,Ruud Gullit
1988,1988,3,Frank Rijkaard,Milan,Netherlands,45.0,https://en.wikipedia.org/wiki/1988_Ballon_d%27Or,1,1988-01-01,1988-12-31,Frank Rijkaard
1988,1988,4,Oleksiy Mykhaylychenko,Dynamo Kyiv,Soviet Union,41.0,https://en.wikipedia.org/wiki/1988_Ballon_d%27Or,1,1988-01-01,1988-12-31,Oleksiy Mykhaylychenko
1988,1988,5,Ronald Koeman,PSV Eindhoven,Netherlands,39.0,https://en.wikipedia.org/wiki/1988_Ballon_d%27Or,1,1988-01-01,1988-12-31,Ronald Koeman
1988,1988,6,Lothar Matthäus,Internazionale,West Germany,10.0,https://en.wikipedia.org/wiki/1988_Ballon_d%27Or,1,1988-01-01,1988-12-31,Lothar Matthäus
1988,1988,7,Gianluca Vialli,Sampdoria,Italy,7.0,https://en.wikipedia.org/wiki/1988_Ballon_d%27Or,1,1988-01-01,1988-12-31,Gianluca Vialli
1988,1988,8,Franco Baresi,Milan,Italy,5.0,https://en.wikipedia.org/wiki/1988_Ballon_d%27Or,1,1988-01-01,1988-12-31,Franco Baresi
1988,1988,8,Jürgen Klinsmann,VfB Stuttgart,West Germany,5.0,https://en.wikipedia.org/wiki/1988_Ballon_d%27Or,1,1988-01-01,1988-12-31,Jürgen Klinsmann
1988,1988,8,Oleksandr Zavarov,Juventus,Soviet Union,5.0,https://en.wikipedia.org/wiki/1988_Ballon_d%27Or,1,1988-01-01,1988-12-31,Oleksandr Zavarov
1988,1988,11,Tanju Çolak,Galatasaray,Turkey,4.0,https://en.wikipedia.org/wiki/1988_Ballon_d%27Or,1,1988-01-01,1988-12-31,Tanju Çolak
1988,1988,11,Oleh Kuznetsov,Dynamo Kyiv,Soviet Union,4.0,https://en.wikipedia.org/wiki/1988_Ballon_d%27Or,1,1988-01-01,1988-12-31,Oleh Kuznetsov
1988,1988,13,Rinat Dasayev,Sevilla,Soviet Union,3.0,https://en.wikipedia.org/wiki/1988_Ballon_d%27Or,1,1988-01-01,1988-12-31,Rinat Dasayev
1988,1988,13,Anatoliy Demyanenko,Dynamo Kyiv,Soviet Union,3.0,https://en.wikipedia.org/wiki/1988_Ballon_d%27Or,1,1988-01-01,1988-12-31,Anatoliy Demyanenko
1988,1988,13,Glenn Hysén,Fiorentina,Sweden,3.0,https://en.wikipedia.org/wiki/1988_Ballon_d%27Or,1,1988-01-01,1988-12-31,Glenn Hysén
1988,1988,13,Míchel,Real Madrid,Spain,3.0,https://en.wikipedia.org/wiki/1988_Ballon_d%27Or,1,1988-01-01,1988-12-31,Míchel
1988,1988,17,Flemming Povlsen,1. FC Köln,Denmark,2.0,https://en.wikipedia.org/wiki/1988_Ballon_d%27Or,1,1988-01-01,1988-12-31,Flemming Povlsen
1988,1988,17,Michel Preud'homme,Mechelen,Belgium,2.0,https://en.wikipedia.org/wiki/1988_Ballon_d%27Or,1,1988-01-01,1988-12-31,Michel Preud'homme
1988,1988,17,Walter Zenga,Internazionale,Italy,2.0,https://en.wikipedia.org/wiki/1988_Ballon_d%27Or,1,1988-01-01,1988-12-31,Walter Zenga
1988,1988,20,Gheorghe Hagi,Steaua București,Romania,1.0,https://en.wikipedia.org/wiki/1988_Ballon_d%27Or,1,1988-01-01,1988-12-31,Gheorghe Hagi
1988,1988,20,Roberto Mancini,Sampdoria,Italy,1.0,https://en.wikipedia.org/wiki/1988_Ballon_d%27Or,1,1988-01-01,1988-12-31,Roberto Mancini
1988,1988,20,Dejan Savićević,Red Star Belgrade,Yugoslavia,1.0,https://en.wikipedia.org/wiki/1988_Ballon_d%27Or,1,1988-01-01,1988-12-31,Dejan Savićević
1988,1988,20,Neville Southall,Everton,Wales,1.0,https://en.wikipedia.org/wiki/1988_Ballon_d%27Or,1,1988-01-01,1988-12-31,Neville Southall
1988,1988,20,Dragan Stojković,Red Star Belgrade,Yugoslavia,1.0,https://en.wikipedia.org/wiki/1988_Ballon_d%27Or,1,1988-01-01,1988-12-31,Dragan Stojković
1989,1989,1,Marco van Basten,Milan,Netherlands,119.0,https://en.wikipedia.org/wiki/1989_Ballon_d%27Or,1,1989-01-01,1989-12-31,Marco van Basten
1989,1989,2,Franco Baresi,Milan,Italy,80.0,https://en.wikipedia.org/wiki/1989_Ballon_d%27Or,1,1989-01-01,1989-12-31,Franco Baresi
1989,1989,3,Frank Rijkaard,Milan,Netherlands,43.0,https://en.wikipedia.org/wiki/1989_Ballon_d%27Or,1,1989-01-01,1989-12-31,Frank Rijkaard
1989,1989,4,Lothar Matthäus,Internazionale,West Germany,24.0,https://en.wikipedia.org/wiki/1989_Ballon_d%27Or,1,1989-01-01,1989-12-31,Lothar Matthäus
1989,1989,5,Peter Shilton,Derby County,England,22.0,https://en.wikipedia.org/wiki/1989_Ballon_d%27Or,1,1989-01-01,1989-12-31,Peter Shilton
1989,1989,6,Dragan Stojković,Red Star Belgrade,Yugoslavia,19.0,https://en.wikipedia.org/wiki/1989_Ballon_d%27Or,1,1989-01-01,1989-12-31,Dragan Stojković
1989,1989,7,Ruud Gullit,Milan,Netherlands,16.0,https://en.wikipedia.org/wiki/1989_Ballon_d%27Or,1,1989-01-01,1989-12-31,Ruud Gullit
1989,1989,8,Gheorghe Hagi,Steaua București,Romania,11.0,https://en.wikipedia.org/wiki/1989_Ballon_d%27Or,1,1989-01-01,1989-12-31,Gheorghe Hagi
1989,1989,8,Jürgen Klinsmann,Internazionale,West Germany,11.0,https://en.wikipedia.org/wiki/1989_Ballon_d%27Or,1,1989-01-01,1989-12-31,Jürgen Klinsmann
1989,1989,10,Jean-Pierre Papin,Marseille,France,10.0,https://en.wikipedia.org/wiki/1989_Ballon_d%27Or,1,1989-01-01,1989-12-31,Jean-Pierre Papin
1989,1989,10,Michel Preud'homme,Mechelen,Belgium,10.0,https://en.wikipedia.org/wiki/1989_Ballon_d%27Or,1,1989-01-01,1989-12-31,Michel Preud'homme
1989,1989,12,Oleksiy Mykhaylychenko,Dynamo Kyiv,Soviet Union,6.0,https://en.wikipedia.org/wiki/1989_Ballon_d%27Or,1,1989-01-01,1989-12-31,Oleksiy Mykhaylychenko
1989,1989,13,Míchel,Real Madrid,Spain,5.0,https://en.wikipedia.org/wiki/1989_Ballon_d%27Or,1,1989-01-01,1989-12-31,Míchel
1989,1989,14,Andreas Brehme,Internazionale,West Germany,3.0,https://en.wikipedia.org/wiki/1989_Ballon_d%27Or,1,1989-01-01,1989-12-31,Andreas Brehme
1989,1989,14,Paulo Futre,Atlético Madrid,Portugal,3.0,https://en.wikipedia.org/wiki/1989_Ballon_d%27Or,1,1989-01-01,1989-12-31,Paulo Futre
1989,1989,14,Karl-Heinz Riedle,Werder Bremen,West Germany,3.0,https://en.wikipedia.org/wiki/1989_Ballon_d%27Or,1,1989-01-01,1989-12-31,Karl-Heinz Riedle
1989,1989,17,John Barnes,Liverpool,England,2.0,https://en.wikipedia.org/wiki/1989_Ballon_d%27Or,1,1989-01-01,1989-12-31,John Barnes
1989,1989,17,Packie Bonner,Celtic,Republic of Ireland,2.0,https://en.wikipedia.org/wiki/1989_Ballon_d%27Or,1,1989-01-01,1989-12-31,Packie Bonner
1989,1989,17,Glenn Hysén,Liverpool,Sweden,2.0,https://en.wikipedia.org/wiki/1989_Ballon_d%27Or,1,1989-01-01,1989-12-31,Glenn Hysén
1989,1989,17,Oleh Kuznetsov,Dynamo Kyiv,Soviet Union,2.0,https://en.wikipedia.org/wiki/1989_Ballon_d%27Or,1,1989-01-01,1989-12-31,Oleh Kuznetsov
1989,1989,17,Andreas Möller,Borussia Dortmund,West Germany,2.0,https://en.wikipedia.org/wiki/1989_Ballon_d%27Or,1,1989-01-01,1989-12-31,Andreas Möller
1989,1989,17,Julio Salinas,Barcelona,Spain,2.0,https://en.wikipedia.org/wiki/1989_Ballon_d%27Or,1,1989-01-01,1989-12-31,Julio Salinas
1989,1989,23,Thomas Häßler,1. FC Köln,West Germany,1.0,https://en.wikipedia.org/wiki/1989_Ballon_d%27Or,1,1989-01-01,1989-12-31,Thomas Häßler
1989,1989,23,Ronald Koeman,Barcelona,Netherlands,1.0,https://en.wikipedia.org/wiki/1989_Ballon_d%27Or,1,1989-01-01,1989-12-31,Ronald Koeman
1989,1989,23,Robby Langers,Nice,Luxembourg,1.0,https://en.wikipedia.org/wiki/1989_Ballon_d%27Or,1,1989-01-01,1989-12-31,Robby Langers
1989,1989,23,Gary Lineker,Tottenham Hotspur,England,1.0,https://en.wikipedia.org/wiki/1989_Ballon_d%27Or,1,1989-01-01,1989-12-31,Gary Lineker
1989,1989,23,Paolo Maldini,Milan,Italy,1.0,https://en.wikipedia.org/wiki/1989_Ballon_d%27Or,1,1989-01-01,1989-12-31,Paolo Maldini
1989,1989,23,Theo Snelders,Aberdeen,Netherlands,1.0,https://en.wikipedia.org/wiki/1989_Ballon_d%27Or,1,1989-01-01,1989-12-31,Theo Snelders
1989,1989,23,Gianluca Vialli,Sampdoria,Italy,1.0,https://en.wikipedia.org/wiki/1989_Ballon_d%27Or,1,1989-01-01,1989-12-31,Gianluca Vialli
1989,1989,23,Oleksandr Zavarov,Juventus,Soviet Union,1.0,https://en.wikipedia.org/wiki/1989_Ballon_d%27Or,1,1989-01-01,1989-12-31,Oleksandr Zavarov
1990,1990,1,Lothar Matthäus,Internazionale,Germany,137.0,https://en.wikipedia.org/wiki/1990_Ballon_d%27Or,1,1990-01-01,1990-12-31,Lothar Matthäus
1990,1990,2,Salvatore Schillaci,Juventus,Italy,84.0,https://en.wikipedia.org/wiki/1990_Ballon_d%27Or,1,1990-01-01,1990-12-31,Salvatore Schillaci
1990,1990,3,Andreas Brehme,Internazionale,Germany,68.0,https://en.wikipedia.org/wiki/1990_Ballon_d%27Or,1,1990-01-01,1990-12-31,Andreas Brehme
1990,1990,4,Paul Gascoigne,Tottenham Hotspur,England,43.0,https://en.wikipedia.org/wiki/1990_Ballon_d%27Or,1,1990-01-01,1990-12-31,Paul Gascoigne
1990,1990,5,Franco Baresi,Milan,Italy,37.0,https://en.wikipedia.org/wiki/1990_Ballon_d%27Or,1,1990-01-01,1990-12-31,Franco Baresi
1990,1990,6,Enzo Scifo,Auxerre,Belgium,12.0,https://en.wikipedia.org/wiki/1990_Ballon_d%27Or,1,1990-01-01,1990-12-31,Enzo Scifo
1990,1990,6,Jürgen Klinsmann,Internazionale,Germany,12.0,https://en.wikipedia.org/wiki/1990_Ballon_d%27Or,1,1990-01-01,1990-12-31,Jürgen Klinsmann
1990,1990,8,Roberto Baggio,Fiorentina Juventus,Italy,8.0,https://en.wikipedia.org/wiki/1990_Ballon_d%27Or,1,1990-01-01,1990-12-31,Roberto Baggio
1990,1990,9,Frank Rijkaard,Milan,Netherlands,7.0,https://en.wikipedia.org/wiki/1990_Ballon_d%27Or,1,1990-01-01,1990-12-31,Frank Rijkaard
1990,1990,10,Guido Buchwald,VfB Stuttgart,Germany,6.0,https://en.wikipedia.org/wiki/1990_Ballon_d%27Or,1,1990-01-01,1990-12-31,Guido Buchwald
1990,1990,11,Jean-Pierre Papin,Marseille,France,3.0,https://en.wikipedia.org/wiki/1990_Ballon_d%27Or,1,1990-01-01,1990-12-31,Jean-Pierre Papin
1990,1990,12,Rafael Martín Vázquez,Real Madrid Torino,Spain,2.0,https://en.wikipedia.org/wiki/1990_Ballon_d%27Or,1,1990-01-01,1990-12-31,Rafael Martín Vázquez
1990,1990,12,Paul McGrath,Aston Villa,Republic of Ireland,2.0,https://en.wikipedia.org/wiki/1990_Ballon_d%27Or,1,1990-01-01,1990-12-31,Paul McGrath
1990,1990,12,Robert Prosinečki,Red Star Belgrade,Yugoslavia,2.0,https://en.wikipedia.org/wiki/1990_Ballon_d%27Or,1,1990-01-01,1990-12-31,Robert Prosinečki
1990,1990,12,Des Walker,Nottingham Forest,England,2.0,https://en.wikipedia.org/wiki/1990_Ballon_d%27Or,1,1990-01-01,1990-12-31,Des Walker
1990,1990,12,Walter Zenga,Internazionale,Italy,2.0,https://en.wikipedia.org/wiki/1990_Ballon_d%27Or,1,1990-01-01,1990-12-31,Walter Zenga
1990,1990,12,Dragan Stojković,Red Star Belgrade Marseille,Yugoslavia,2.0,https://en.wikipedia.org/wiki/1990_Ballon_d%27Or,1,1990-01-01,1990-12-31,Dragan Stojković
1990,1990,18,John Barnes,Liverpool,England,1.0,https://en.wikipedia.org/wiki/1990_Ballon_d%27Or,1,1990-01-01,1990-12-31,John Barnes
1990,1990,18,Michael Laudrup,Barcelona,Denmark,1.0,https://en.wikipedia.org/wiki/1990_Ballon_d%27Or,1,1990-01-01,1990-12-31,Michael Laudrup
1990,1990,18,Gary Lineker,Tottenham Hotspur,England,1.0,https://en.wikipedia.org/wiki/1990_Ballon_d%27Or,1,1990-01-01,1990-12-31,Gary Lineker
1990,1990,18,David Platt,Aston Villa,England,1.0,https://en.wikipedia.org/wiki/1990_Ballon_d%27Or,1,1990-01-01,1990-12-31,David Platt
1990,1990,18,Rudi Völler,Roma,Germany,1.0,https://en.wikipedia.org/wiki/1990_Ballon_d%27Or,1,1990-01-01,1990-12-31,Rudi Völler
1990,1990,18,Chris Waddle,Marseille,England,1.0,https://en.wikipedia.org/wiki/1990_Ballon_d%27Or,1,1990-01-01,1990-12-31,Chris Waddle
1991,1991,1,Jean-Pierre Papin,Marseille,France,141.0,https://en.wikipedia.org/wiki/1991_Ballon_d%27Or,1,1991-01-01,1991-12-31,Jean-Pierre Papin
1991,1991,2,Dejan Savićević,Red Star Belgrade,Yugoslavia,42.0,https://en.wikipedia.org/wiki/1991_Ballon_d%27Or,1,1991-01-01,1991-12-31,Dejan Savićević
1991,1991,2,Darko Pančev,Red Star Belgrade,Yugoslavia,42.0,https://en.wikipedia.org/wiki/1991_Ballon_d%27Or,1,1991-01-01,1991-12-31,Darko Pančev
1991,1991,2,Lothar Matthäus,Internazionale,Germany,42.0,https://en.wikipedia.org/wiki/1991_Ballon_d%27Or,1,1991-01-01,1991-12-31,Lothar Matthäus
1991,1991,5,Robert Prosinečki,Red Star Belgrade Real Madrid,Yugoslavia,34.0,https://en.wikipedia.org/wiki/1991_Ballon_d%27Or,1,1991-01-01,1991-12-31,Robert Prosinečki
1991,1991,6,Gary Lineker,Tottenham Hotspur,England,33.0,https://en.wikipedia.org/wiki/1991_Ballon_d%27Or,1,1991-01-01,1991-12-31,Gary Lineker
1991,1991,7,Gianluca Vialli,Sampdoria,Italy,18.0,https://en.wikipedia.org/wiki/1991_Ballon_d%27Or,1,1991-01-01,1991-12-31,Gianluca Vialli
1991,1991,8,Miodrag Belodedici,Red Star Belgrade,Romania,15.0,https://en.wikipedia.org/wiki/1991_Ballon_d%27Or,1,1991-01-01,1991-12-31,Miodrag Belodedici
1991,1991,9,Mark Hughes,Manchester United,Wales,12.0,https://en.wikipedia.org/wiki/1991_Ballon_d%27Or,1,1991-01-01,1991-12-31,Mark Hughes
1991,1991,10,Chris Waddle,Marseille,England,11.0,https://en.wikipedia.org/wiki/1991_Ballon_d%27Or,1,1991-01-01,1991-12-31,Chris Waddle
1991,1991,11,Michael Laudrup,Barcelona,Denmark,7.0,https://en.wikipedia.org/wiki/1991_Ballon_d%27Or,1,1991-01-01,1991-12-31,Michael Laudrup
1991,1991,12,Rudi Völler,Roma,Germany,5.0,https://en.wikipedia.org/wiki/1991_Ballon_d%27Or,1,1991-01-01,1991-12-31,Rudi Völler
1991,1991,13,Txiki Begiristain,Barcelona,Spain,3.0,https://en.wikipedia.org/wiki/1991_Ballon_d%27Or,1,1991-01-01,1991-12-31,Txiki Begiristain
1991,1991,13,Stéphane Chapuisat,Borussia Dortmund,Switzerland,3.0,https://en.wikipedia.org/wiki/1991_Ballon_d%27Or,1,1991-01-01,1991-12-31,Stéphane Chapuisat
1991,1991,13,Bruno Martini,Auxerre,France,3.0,https://en.wikipedia.org/wiki/1991_Ballon_d%27Or,1,1991-01-01,1991-12-31,Bruno Martini
1991,1991,13,Paul McGrath,Aston Villa,Republic of Ireland,3.0,https://en.wikipedia.org/wiki/1991_Ballon_d%27Or,1,1991-01-01,1991-12-31,Paul McGrath
1991,1991,13,Dean Saunders,Derby County Liverpool,Wales,3.0,https://en.wikipedia.org/wiki/1991_Ballon_d%27Or,1,1991-01-01,1991-12-31,Dean Saunders
1991,1991,13,Hristo Stoichkov,Barcelona,Bulgaria,3.0,https://en.wikipedia.org/wiki/1991_Ballon_d%27Or,1,1991-01-01,1991-12-31,Hristo Stoichkov
1991,1991,19,Roberto Mancini,Sampdoria,Italy,2.0,https://en.wikipedia.org/wiki/1991_Ballon_d%27Or,1,1991-01-01,1991-12-31,Roberto Mancini
1991,1991,19,Marco van Basten,Milan,Netherlands,2.0,https://en.wikipedia.org/wiki/1991_Ballon_d%27Or,1,1991-01-01,1991-12-31,Marco van Basten
1991,1991,21,Guido Buchwald,VfB Stuttgart,Germany,1.0,https://en.wikipedia.org/wiki/1991_Ballon_d%27Or,1,1991-01-01,1991-12-31,Guido Buchwald
1991,1991,21,Thomas Doll,Lazio,Germany,1.0,https://en.wikipedia.org/wiki/1991_Ballon_d%27Or,1,1991-01-01,1991-12-31,Thomas Doll
1991,1991,21,Stefan Effenberg,Bayern Munich,Germany,1.0,https://en.wikipedia.org/wiki/1991_Ballon_d%27Or,1,1991-01-01,1991-12-31,Stefan Effenberg
1991,1991,21,Ruud Gullit,Milan,Netherlands,1.0,https://en.wikipedia.org/wiki/1991_Ballon_d%27Or,1,1991-01-01,1991-12-31,Ruud Gullit
1991,1991,21,Gheorghe Hagi,Real Madrid,Romania,1.0,https://en.wikipedia.org/wiki/1991_Ballon_d%27Or,1,1991-01-01,1991-12-31,Gheorghe Hagi
1991,1991,21,Oleksiy Mykhaylychenko,Rangers,Soviet Union,1.0,https://en.wikipedia.org/wiki/1991_Ballon_d%27Or,1,1991-01-01,1991-12-31,Oleksiy Mykhaylychenko
1991,1991,21,Gary Pallister,Manchester United,England,1.0,https://en.wikipedia.org/wiki/1991_Ballon_d%27Or,1,1991-01-01,1991-12-31,Gary Pallister
1991,1991,21,Dimitris Saravakos,Panathinaikos,Greece,1.0,https://en.wikipedia.org/wiki/1991_Ballon_d%27Or,1,1991-01-01,1991-12-31,Dimitris Saravakos
1991,1991,21,Gianluca Pagliuca,Sampdoria,Italy,1.0,https://en.wikipedia.org/wiki/1991_Ballon_d%27Or,1,1991-01-01,1991-12-31,Gianluca Pagliuca
1991,1991,21,Guy Hellers,Standard Liège,Luxembourg,1.0,https://en.wikipedia.org/wiki/1991_Ballon_d%27Or,1,1991-01-01,1991-12-31,Guy Hellers
1991,1991,21,Laurent Blanc,Napoli,France,1.0,https://en.wikipedia.org/wiki/1991_Ballon_d%27Or,1,1991-01-01,1991-12-31,Laurent Blanc
1992,1992,1,Marco van Basten,Milan,Netherlands,98.0,https://en.wikipedia.org/wiki/1992_Ballon_d%27Or,1,1992-01-01,1992-12-31,Marco van Basten
1992,1992,2,Hristo Stoichkov,Barcelona,Bulgaria,80.0,https://en.wikipedia.org/wiki/1992_Ballon_d%27Or,1,1992-01-01,1992-12-31,Hristo Stoichkov
1992,1992,3,Dennis Bergkamp,Ajax,Netherlands,53.0,https://en.wikipedia.org/wiki/1992_Ballon_d%27Or,1,1992-01-01,1992-12-31,Dennis Bergkamp
1992,1992,4,Thomas Häßler,Roma,Germany,42.0,https://en.wikipedia.org/wiki/1992_Ballon_d%27Or,1,1992-01-01,1992-12-31,Thomas Häßler
1992,1992,5,Peter Schmeichel,Manchester United,Denmark,41.0,https://en.wikipedia.org/wiki/1992_Ballon_d%27Or,1,1992-01-01,1992-12-31,Peter Schmeichel
1992,1992,6,Brian Laudrup,Fiorentina,Denmark,32.0,https://en.wikipedia.org/wiki/1992_Ballon_d%27Or,1,1992-01-01,1992-12-31,Brian Laudrup
1992,1992,7,Michael Laudrup,Barcelona,Denmark,22.0,https://en.wikipedia.org/wiki/1992_Ballon_d%27Or,1,1992-01-01,1992-12-31,Michael Laudrup
1992,1992,8,Ronald Koeman,Barcelona,Netherlands,14.0,https://en.wikipedia.org/wiki/1992_Ballon_d%27Or,1,1992-01-01,1992-12-31,Ronald Koeman
1992,1992,9,Stéphane Chapuisat,Borussia Dortmund,Switzerland,10.0,https://en.wikipedia.org/wiki/1992_Ballon_d%27Or,1,1992-01-01,1992-12-31,Stéphane Chapuisat
1992,1992,10,Frank Rijkaard,Milan,Netherlands,8.0,https://en.wikipedia.org/wiki/1992_Ballon_d%27Or,1,1992-01-01,1992-12-31,Frank Rijkaard
1992,1992,10,Enzo Scifo,Torino,Belgium,8.0,https://en.wikipedia.org/wiki/1992_Ballon_d%27Or,1,1992-01-01,1992-12-31,Enzo Scifo
1992,1992,12,Flemming Povlsen,Borussia Dortmund,Denmark,6.0,https://en.wikipedia.org/wiki/1992_Ballon_d%27Or,1,1992-01-01,1992-12-31,Flemming Povlsen
1992,1992,13,Henrik Larsen,Pisa,Denmark,4.0,https://en.wikipedia.org/wiki/1992_Ballon_d%27Or,1,1992-01-01,1992-12-31,Henrik Larsen
1992,1992,14,John Jensen,Arsenal,Denmark,3.0,https://en.wikipedia.org/wiki/1992_Ballon_d%27Or,1,1992-01-01,1992-12-31,John Jensen
1992,1992,14,Paolo Maldini,Milan,Italy,3.0,https://en.wikipedia.org/wiki/1992_Ballon_d%27Or,1,1992-01-01,1992-12-31,Paolo Maldini
1992,1992,16,Henrik Andersen,1. FC Köln,Denmark,2.0,https://en.wikipedia.org/wiki/1992_Ballon_d%27Or,1,1992-01-01,1992-12-31,Henrik Andersen
1992,1992,16,David Platt,Juventus,England,2.0,https://en.wikipedia.org/wiki/1992_Ballon_d%27Or,1,1992-01-01,1992-12-31,David Platt
1992,1992,16,Tomas Brolin,Parma,Sweden,2.0,https://en.wikipedia.org/wiki/1992_Ballon_d%27Or,1,1992-01-01,1992-12-31,Tomas Brolin
1992,1992,16,Jean-Pierre Papin,Milan,France,2.0,https://en.wikipedia.org/wiki/1992_Ballon_d%27Or,1,1992-01-01,1992-12-31,Jean-Pierre Papin
1992,1992,20,Franco Baresi,Milan,Italy,1.0,https://en.wikipedia.org/wiki/1992_Ballon_d%27Or,1,1992-01-01,1992-12-31,Franco Baresi
1992,1992,20,Rune Bratseth,Werder Bremen,Norway,1.0,https://en.wikipedia.org/wiki/1992_Ballon_d%27Or,1,1992-01-01,1992-12-31,Rune Bratseth
1992,1992,20,Andreas Herzog,Werder Bremen,Austria,1.0,https://en.wikipedia.org/wiki/1992_Ballon_d%27Or,1,1992-01-01,1992-12-31,Andreas Herzog
1993,1993,1,Roberto Baggio,Juventus,Italy,142.0,https://en.wikipedia.org/wiki/1993_Ballon_d%27Or,1,1993-01-01,1993-12-31,Roberto Baggio
1993,1993,2,Dennis Bergkamp,Internazionale,Netherlands,83.0,https://en.wikipedia.org/wiki/1993_Ballon_d%27Or,1,1993-01-01,1993-12-31,Dennis Bergkamp
1993,1993,3,Eric Cantona,Manchester United,France,34.0,https://en.wikipedia.org/wiki/1993_Ballon_d%27Or,1,1993-01-01,1993-12-31,Eric Cantona
1993,1993,4,Alen Bokšić,Lazio,Croatia,29.0,https://en.wikipedia.org/wiki/1993_Ballon_d%27Or,1,1993-01-01,1993-12-31,Alen Bokšić
1993,1993,5,Michael Laudrup,Barcelona,Denmark,27.0,https://en.wikipedia.org/wiki/1993_Ballon_d%27Or,1,1993-01-01,1993-12-31,Michael Laudrup
1993,1993,6,Franco Baresi,Milan,Italy,24.0,https://en.wikipedia.org/wiki/1993_Ballon_d%27Or,1,1993-01-01,1993-12-31,Franco Baresi
1993,1993,7,Paolo Maldini,Milan,Italy,19.0,https://en.wikipedia.org/wiki/1993_Ballon_d%27Or,1,1993-01-01,1993-12-31,Paolo Maldini
1993,1993,8,Emil Kostadinov,Porto,Bulgaria,11.0,https://en.wikipedia.org/wiki/1993_Ballon_d%27Or,1,1993-01-01,1993-12-31,Emil Kostadinov
1993,1993,9,Stéphane Chapuisat,Borussia Dortmund,Switzerland,9.0,https://en.wikipedia.org/wiki/1993_Ballon_d%27Or,1,1993-01-01,1993-12-31,Stéphane Chapuisat
1993,1993,9,Ryan Giggs,Manchester United,Wales,9.0,https://en.wikipedia.org/wiki/1993_Ballon_d%27Or,1,1993-01-01,1993-12-31,Ryan Giggs
1993,1993,11,Andreas Möller,Juventus,Germany,7.0,https://en.wikipedia.org/wiki/1993_Ballon_d%27Or,1,1993-01-01,1993-12-31,Andreas Möller
1993,1993,12,Ruud Gullit,Sampdoria,Netherlands,6.0,https://en.wikipedia.org/wiki/1993_Ballon_d%27Or,1,1993-01-01,1993-12-31,Ruud Gullit
1993,1993,12,Peter Schmeichel,Manchester United,Denmark,6.0,https://en.wikipedia.org/wiki/1993_Ballon_d%27Or,1,1993-01-01,1993-12-31,Peter Schmeichel
1993,1993,12,Hristo Stoichkov,Barcelona,Bulgaria,6.0,https://en.wikipedia.org/wiki/1993_Ballon_d%27Or,1,1993-01-01,1993-12-31,Hristo Stoichkov
1993,1993,15,Basile Boli,Marseille,France,5.0,https://en.wikipedia.org/wiki/1993_Ballon_d%27Or,1,1993-01-01,1993-12-31,Basile Boli
1993,1993,15,Rune Bratseth,Werder Bremen,Norway,5.0,https://en.wikipedia.org/wiki/1993_Ballon_d%27Or,1,1993-01-01,1993-12-31,Rune Bratseth
1993,1993,17,Enzo Scifo,Monaco,Belgium,4.0,https://en.wikipedia.org/wiki/1993_Ballon_d%27Or,1,1993-01-01,1993-12-31,Enzo Scifo
1993,1993,18,Andreas Herzog,Werder Bremen,Austria,3.0,https://en.wikipedia.org/wiki/1993_Ballon_d%27Or,1,1993-01-01,1993-12-31,Andreas Herzog
1993,1993,18,Ronald Koeman,Barcelona,Netherlands,3.0,https://en.wikipedia.org/wiki/1993_Ballon_d%27Or,1,1993-01-01,1993-12-31,Ronald Koeman
1993,1993,18,Jari Litmanen,Ajax,Finland,3.0,https://en.wikipedia.org/wiki/1993_Ballon_d%27Or,1,1993-01-01,1993-12-31,Jari Litmanen
1993,1993,21,Dino Baggio,Juventus,Italy,2.0,https://en.wikipedia.org/wiki/1993_Ballon_d%27Or,1,1993-01-01,1993-12-31,Dino Baggio
1993,1993,21,Sergei Kiriakov,Karlsruher SC,Russia,2.0,https://en.wikipedia.org/wiki/1993_Ballon_d%27Or,1,1993-01-01,1993-12-31,Sergei Kiriakov
1993,1993,21,David Platt,Sampdoria,England,2.0,https://en.wikipedia.org/wiki/1993_Ballon_d%27Or,1,1993-01-01,1993-12-31,David Platt
1993,1993,21,Franck Sauzée,Atalanta,France,2.0,https://en.wikipedia.org/wiki/1993_Ballon_d%27Or,1,1993-01-01,1993-12-31,Franck Sauzée
1993,1993,21,Giuseppe Signori,Lazio,Italy,2.0,https://en.wikipedia.org/wiki/1993_Ballon_d%27Or,1,1993-01-01,1993-12-31,Giuseppe Signori
1993,1993,26,Tomas Brolin,Parma,Sweden,1.0,https://en.wikipedia.org/wiki/1993_Ballon_d%27Or,1,1993-01-01,1993-12-31,Tomas Brolin
1993,1993,26,Martin Dahlin,Borussia Mönchengladbach,Sweden,1.0,https://en.wikipedia.org/wiki/1993_Ballon_d%27Or,1,1993-01-01,1993-12-31,Martin Dahlin
1993,1993,26,Georges Grün,Parma,Belgium,1.0,https://en.wikipedia.org/wiki/1993_Ballon_d%27Or,1,1993-01-01,1993-12-31,Georges Grün
1993,1993,26,Stelios Manolas,AEK Athens,Greece,1.0,https://en.wikipedia.org/wiki/1993_Ballon_d%27Or,1,1993-01-01,1993-12-31,Stelios Manolas
1993,1993,26,Paul McGrath,Aston Villa,Republic of Ireland,1.0,https://en.wikipedia.org/wiki/1993_Ballon_d%27Or,1,1993-01-01,1993-12-31,Paul McGrath
1994,1994,1,Hristo Stoichkov,Barcelona,Bulgaria,210.0,https://en.wikipedia.org/wiki/1994_Ballon_d%27Or,1,1994-01-01,1994-12-31,Hristo Stoichkov
1994,1994,2,Roberto Baggio,Juventus,Italy,136.0,https://en.wikipedia.org/wiki/1994_Ballon_d%27Or,1,1994-01-01,1994-12-31,Roberto Baggio
1994,1994,3,Paolo Maldini,Milan,Italy,109.0,https://en.wikipedia.org/wiki/1994_Ballon_d%27Or,1,1994-01-01,1994-12-31,Paolo Maldini
1994,1994,4,Gheorghe Hagi,Barcelona,Romania,68.0,https://en.wikipedia.org/wiki/1994_Ballon_d%27Or,1,1994-01-01,1994-12-31,Gheorghe Hagi
1994,1994,4,Tomas Brolin,Parma,Sweden,68.0,https://en.wikipedia.org/wiki/1994_Ballon_d%27Or,1,1994-01-01,1994-12-31,Tomas Brolin
1994,1994,6,Jürgen Klinsmann,Tottenham Hotspur,Germany,43.0,https://en.wikipedia.org/wiki/1994_Ballon_d%27Or,1,1994-01-01,1994-12-31,Jürgen Klinsmann
1994,1994,7,Thomas Ravelli,IFK Göteborg,Sweden,21.0,https://en.wikipedia.org/wiki/1994_Ballon_d%27Or,1,1994-01-01,1994-12-31,Thomas Ravelli
1994,1994,8,Jari Litmanen,Ajax,Finland,12.0,https://en.wikipedia.org/wiki/1994_Ballon_d%27Or,1,1994-01-01,1994-12-31,Jari Litmanen
1994,1994,9,Marcel Desailly,Milan,France,8.0,https://en.wikipedia.org/wiki/1994_Ballon_d%27Or,1,1994-01-01,1994-12-31,Marcel Desailly
1994,1994,9,Dejan Savićević,Milan,FR Yugoslavia,8.0,https://en.wikipedia.org/wiki/1994_Ballon_d%27Or,1,1994-01-01,1994-12-31,Dejan Savićević
1994,1994,11,Franco Baresi,Milan,Italy,7.0,https://en.wikipedia.org/wiki/1994_Ballon_d%27Or,1,1994-01-01,1994-12-31,Franco Baresi
1994,1994,11,Michel Preud'homme,Benfica,Belgium,7.0,https://en.wikipedia.org/wiki/1994_Ballon_d%27Or,1,1994-01-01,1994-12-31,Michel Preud'homme
1994,1994,13,Michael Laudrup,Real Madrid,Denmark,4.0,https://en.wikipedia.org/wiki/1994_Ballon_d%27Or,1,1994-01-01,1994-12-31,Michael Laudrup
1994,1994,13,Yordan Letchkov,Hamburger SV,Bulgaria,4.0,https://en.wikipedia.org/wiki/1994_Ballon_d%27Or,1,1994-01-01,1994-12-31,Yordan Letchkov
1994,1994,13,Eric Cantona,Manchester United,France,4.0,https://en.wikipedia.org/wiki/1994_Ballon_d%27Or,1,1994-01-01,1994-12-31,Eric Cantona
1994,1994,16,Krasimir Balakov,Sporting CP,Bulgaria,3.0,https://en.wikipedia.org/wiki/1994_Ballon_d%27Or,1,1994-01-01,1994-12-31,Krasimir Balakov
1994,1994,16,José Luis Caminero,Atlético Madrid,Spain,3.0,https://en.wikipedia.org/wiki/1994_Ballon_d%27Or,1,1994-01-01,1994-12-31,José Luis Caminero
1994,1994,16,Jean-Pierre Papin,Bayern Munich,France,3.0,https://en.wikipedia.org/wiki/1994_Ballon_d%27Or,1,1994-01-01,1994-12-31,Jean-Pierre Papin
1994,1994,16,Giuseppe Signori,Lazio,Italy,3.0,https://en.wikipedia.org/wiki/1994_Ballon_d%27Or,1,1994-01-01,1994-12-31,Giuseppe Signori
1994,1994,16,Lothar Matthäus,Bayern Munich,Germany,3.0,https://en.wikipedia.org/wiki/1994_Ballon_d%27Or,1,1994-01-01,1994-12-31,Lothar Matthäus
1994,1994,21,Philippe Albert,Newcastle United,Belgium,2.0,https://en.wikipedia.org/wiki/1994_Ballon_d%27Or,1,1994-01-01,1994-12-31,Philippe Albert
1994,1994,21,Otto Konrad,Austria Salzburg,Austria,2.0,https://en.wikipedia.org/wiki/1994_Ballon_d%27Or,1,1994-01-01,1994-12-31,Otto Konrad
1994,1994,21,Ciriaco Sforza,Kaiserslautern,Switzerland,2.0,https://en.wikipedia.org/wiki/1994_Ballon_d%27Or,1,1994-01-01,1994-12-31,Ciriaco Sforza
1994,1994,24,Kennet Andersson,Caen,Sweden,1.0,https://en.wikipedia.org/wiki/1994_Ballon_d%27Or,1,1994-01-01,1994-12-31,Kennet Andersson
1994,1994,24,Zvonimir Boban,Milan,Croatia,1.0,https://en.wikipedia.org/wiki/1994_Ballon_d%27Or,1,1994-01-01,1994-12-31,Zvonimir Boban
1994,1994,24,Martin Dahlin,Borussia Mönchengladbach,Sweden,1.0,https://en.wikipedia.org/wiki/1994_Ballon_d%27Or,1,1994-01-01,1994-12-31,Martin Dahlin
1994,1994,24,Pep Guardiola,Barcelona,Spain,1.0,https://en.wikipedia.org/wiki/1994_Ballon_d%27Or,1,1994-01-01,1994-12-31,Pep Guardiola
1994,1994,24,Andreas Möller,Borussia Dortmund,Germany,1.0,https://en.wikipedia.org/wiki/1994_Ballon_d%27Or,1,1994-01-01,1994-12-31,Andreas Möller
1995,1995,1,George Weah,Paris Saint-Germain Milan,Liberia,144.0,https://en.wikipedia.org/wiki/1995_Ballon_d%27Or,1,1995-01-01,1995-12-31,George Weah
1995,1995,2,Jürgen Klinsmann,Tottenham Hotspur Bayern Munich,Germany,108.0,https://en.wikipedia.org/wiki/1995_Ballon_d%27Or,1,1995-01-01,1995-12-31,Jürgen Klinsmann
1995,1995,3,Jari Litmanen,Ajax,Finland,67.0,https://en.wikipedia.org/wiki/1995_Ballon_d%27Or,1,1995-01-01,1995-12-31,Jari Litmanen
1995,1995,4,Alessandro Del Piero,Juventus,Italy,57.0,https://en.wikipedia.org/wiki/1995_Ballon_d%27Or,1,1995-01-01,1995-12-31,Alessandro Del Piero
1995,1995,5,Patrick Kluivert,Ajax,Netherlands,47.0,https://en.wikipedia.org/wiki/1995_Ballon_d%27Or,1,1995-01-01,1995-12-31,Patrick Kluivert
1995,1995,6,Gianfranco Zola,Parma,Italy,41.0,https://en.wikipedia.org/wiki/1995_Ballon_d%27Or,1,1995-01-01,1995-12-31,Gianfranco Zola
1995,1995,7,Paolo Maldini,Milan,Italy,36.0,https://en.wikipedia.org/wiki/1995_Ballon_d%27Or,1,1995-01-01,1995-12-31,Paolo Maldini
1995,1995,8,Marc Overmars,Ajax,Netherlands,33.0,https://en.wikipedia.org/wiki/1995_Ballon_d%27Or,1,1995-01-01,1995-12-31,Marc Overmars
1995,1995,9,Matthias Sammer,Borussia Dortmund,Germany,18.0,https://en.wikipedia.org/wiki/1995_Ballon_d%27Or,1,1995-01-01,1995-12-31,Matthias Sammer
1995,1995,10,Michael Laudrup,Real Madrid,Denmark,17.0,https://en.wikipedia.org/wiki/1995_Ballon_d%27Or,1,1995-01-01,1995-12-31,Michael Laudrup
1995,1995,11,Marcel Desailly,Milan,France,16.0,https://en.wikipedia.org/wiki/1995_Ballon_d%27Or,1,1995-01-01,1995-12-31,Marcel Desailly
1995,1995,12,Frank Rijkaard,Ajax,Netherlands,15.0,https://en.wikipedia.org/wiki/1995_Ballon_d%27Or,1,1995-01-01,1995-12-31,Frank Rijkaard
1995,1995,12,Fabrizio Ravanelli,Juventus,Italy,15.0,https://en.wikipedia.org/wiki/1995_Ballon_d%27Or,1,1995-01-01,1995-12-31,Fabrizio Ravanelli
1995,1995,14,Paulo Sousa,Juventus,Portugal,14.0,https://en.wikipedia.org/wiki/1995_Ballon_d%27Or,1,1995-01-01,1995-12-31,Paulo Sousa
1995,1995,14,Hristo Stoichkov,Parma,Bulgaria,14.0,https://en.wikipedia.org/wiki/1995_Ballon_d%27Or,1,1995-01-01,1995-12-31,Hristo Stoichkov
1995,1995,16,Dejan Savićević,Milan,Yugoslavia,12.0,https://en.wikipedia.org/wiki/1995_Ballon_d%27Or,1,1995-01-01,1995-12-31,Dejan Savićević
1995,1995,17,Davor Šuker,Sevilla,Croatia,10.0,https://en.wikipedia.org/wiki/1995_Ballon_d%27Or,1,1995-01-01,1995-12-31,Davor Šuker
1995,1995,18,Fernando Hierro,Real Madrid,Spain,9.0,https://en.wikipedia.org/wiki/1995_Ballon_d%27Or,1,1995-01-01,1995-12-31,Fernando Hierro
1995,1995,19,Gianluca Vialli,Juventus,Italy,8.0,https://en.wikipedia.org/wiki/1995_Ballon_d%27Or,1,1995-01-01,1995-12-31,Gianluca Vialli
1995,1995,20,Gabriel Batistuta,Fiorentina,Argentina,7.0,https://en.wikipedia.org/wiki/1995_Ballon_d%27Or,1,1995-01-01,1995-12-31,Gabriel Batistuta
1995,1995,21,Franco Baresi,Milan,Italy,6.0,https://en.wikipedia.org/wiki/1995_Ballon_d%27Or,1,1995-01-01,1995-12-31,Franco Baresi
1995,1995,21,Finidi George,Ajax,Nigeria,6.0,https://en.wikipedia.org/wiki/1995_Ballon_d%27Or,1,1995-01-01,1995-12-31,Finidi George
1995,1995,23,Roberto Baggio,Juventus,Italy,5.0,https://en.wikipedia.org/wiki/1995_Ballon_d%27Or,1,1995-01-01,1995-12-31,Roberto Baggio
1995,1995,23,Tony Yeboah,Leeds United,Ghana,5.0,https://en.wikipedia.org/wiki/1995_Ballon_d%27Or,1,1995-01-01,1995-12-31,Tony Yeboah
1995,1995,23,Zvonimir Boban,Milan,Croatia,5.0,https://en.wikipedia.org/wiki/1995_Ballon_d%27Or,1,1995-01-01,1995-12-31,Zvonimir Boban
1995,1995,26,Ronaldo,PSV Eindhoven,Brazil,4.0,https://en.wikipedia.org/wiki/1995_Ballon_d%27Or,1,1995-01-01,1995-12-31,Ronaldo
1995,1995,27,Juan Esnáider,Zaragoza Real Madrid,Argentina,3.0,https://en.wikipedia.org/wiki/1995_Ballon_d%27Or,1,1995-01-01,1995-12-31,Juan Esnáider
1995,1995,27,Iván Zamorano,Real Madrid,Chile,3.0,https://en.wikipedia.org/wiki/1995_Ballon_d%27Or,1,1995-01-01,1995-12-31,Iván Zamorano
1995,1995,27,Andreas Möller,Borussia Dortmund,Germany,3.0,https://en.wikipedia.org/wiki/1995_Ballon_d%27Or,1,1995-01-01,1995-12-31,Andreas Möller
1995,1995,30,Vítor Baía,Porto,Portugal,2.0,https://en.wikipedia.org/wiki/1995_Ballon_d%27Or,1,1995-01-01,1995-12-31,Vítor Baía
1995,1995,30,Bebeto,Deportivo La Coruña,Brazil,2.0,https://en.wikipedia.org/wiki/1995_Ballon_d%27Or,1,1995-01-01,1995-12-31,Bebeto
1995,1995,32,Alan Shearer,Blackburn Rovers,England,1.0,https://en.wikipedia.org/wiki/1995_Ballon_d%27Or,1,1995-01-01,1995-12-31,Alan Shearer
1995,1995,32,Luís Figo,Barcelona,Portugal,1.0,https://en.wikipedia.org/wiki/1995_Ballon_d%27Or,1,1995-01-01,1995-12-31,Luís Figo
1995,1995,32,Ian Wright,Arsenal,England,1.0,https://en.wikipedia.org/wiki/1995_Ballon_d%27Or,1,1995-01-01,1995-12-31,Ian Wright
1996,1996,1,Matthias Sammer,Borussia Dortmund,Germany,144.0,https://en.wikipedia.org/wiki/1996_Ballon_d%27Or,1,1996-01-01,1996-12-31,Matthias Sammer
1996,1996,2,Ronaldo,PSV Eindhoven Barcelona,Brazil,143.0,https://en.wikipedia.org/wiki/1996_Ballon_d%27Or,1,1996-01-01,1996-12-31,Ronaldo
1996,1996,3,Alan Shearer,Blackburn Rovers Newcastle United,England,107.0,https://en.wikipedia.org/wiki/1996_Ballon_d%27Or,1,1996-01-01,1996-12-31,Alan Shearer
1996,1996,4,Alessandro Del Piero,Juventus,Italy,69.0,https://en.wikipedia.org/wiki/1996_Ballon_d%27Or,1,1996-01-01,1996-12-31,Alessandro Del Piero
1996,1996,5,Jürgen Klinsmann,Bayern Munich,Germany,60.0,https://en.wikipedia.org/wiki/1996_Ballon_d%27Or,1,1996-01-01,1996-12-31,Jürgen Klinsmann
1996,1996,6,Davor Šuker,Real Madrid,Croatia,38.0,https://en.wikipedia.org/wiki/1996_Ballon_d%27Or,1,1996-01-01,1996-12-31,Davor Šuker
1996,1996,7,Eric Cantona,Manchester United,France,24.0,https://en.wikipedia.org/wiki/1996_Ballon_d%27Or,1,1996-01-01,1996-12-31,Eric Cantona
1996,1996,8,Marcel Desailly,Milan,France,22.0,https://en.wikipedia.org/wiki/1996_Ballon_d%27Or,1,1996-01-01,1996-12-31,Marcel Desailly
1996,1996,9,Youri Djorkaeff,Internazionale,France,20.0,https://en.wikipedia.org/wiki/1996_Ballon_d%27Or,1,1996-01-01,1996-12-31,Youri Djorkaeff
1996,1996,10,Karel Poborský,Slavia Prague Manchester United,Czech Republic,15.0,https://en.wikipedia.org/wiki/1996_Ballon_d%27Or,1,1996-01-01,1996-12-31,Karel Poborský
1996,1996,11,Nwankwo Kanu,Ajax Internazionale,Nigeria,14.0,https://en.wikipedia.org/wiki/1996_Ballon_d%27Or,1,1996-01-01,1996-12-31,Nwankwo Kanu
1996,1996,12,George Weah,Milan,Liberia,13.0,https://en.wikipedia.org/wiki/1996_Ballon_d%27Or,1,1996-01-01,1996-12-31,George Weah
1996,1996,13,Alen Bokšić,Juventus,Croatia,12.0,https://en.wikipedia.org/wiki/1996_Ballon_d%27Or,1,1996-01-01,1996-12-31,Alen Bokšić
1996,1996,13,Gabriel Batistuta,Fiorentina,Argentina,12.0,https://en.wikipedia.org/wiki/1996_Ballon_d%27Or,1,1996-01-01,1996-12-31,Gabriel Batistuta
1996,1996,13,Andreas Köpke,Marseille,Germany,12.0,https://en.wikipedia.org/wiki/1996_Ballon_d%27Or,1,1996-01-01,1996-12-31,Andreas Köpke
1996,1996,16,Fabrizio Ravanelli,Middlesbrough,Italy,9.0,https://en.wikipedia.org/wiki/1996_Ballon_d%27Or,1,1996-01-01,1996-12-31,Fabrizio Ravanelli
1996,1996,16,Predrag Mijatović,Real Madrid,Yugoslavia,9.0,https://en.wikipedia.org/wiki/1996_Ballon_d%27Or,1,1996-01-01,1996-12-31,Predrag Mijatović
1996,1996,18,Didier Deschamps,Juventus,France,8.0,https://en.wikipedia.org/wiki/1996_Ballon_d%27Or,1,1996-01-01,1996-12-31,Didier Deschamps
1996,1996,19,Kubilay Türkyilmaz,Grasshopper,Switzerland,5.0,https://en.wikipedia.org/wiki/1996_Ballon_d%27Or,1,1996-01-01,1996-12-31,Kubilay Türkyilmaz
1996,1996,20,David Seaman,Arsenal,England,4.0,https://en.wikipedia.org/wiki/1996_Ballon_d%27Or,1,1996-01-01,1996-12-31,David Seaman
1996,1996,20,Raúl,Real Madrid,Spain,4.0,https://en.wikipedia.org/wiki/1996_Ballon_d%27Or,1,1996-01-01,1996-12-31,Raúl
1996,1996,22,Paolo Maldini,Milan,Italy,3.0,https://en.wikipedia.org/wiki/1996_Ballon_d%27Or,1,1996-01-01,1996-12-31,Paolo Maldini
1996,1996,22,Christian Ziege,Bayern Munich,Germany,3.0,https://en.wikipedia.org/wiki/1996_Ballon_d%27Or,1,1996-01-01,1996-12-31,Christian Ziege
1996,1996,22,Patrik Berger,Borussia Dortmund Liverpool,Czech Republic,3.0,https://en.wikipedia.org/wiki/1996_Ballon_d%27Or,1,1996-01-01,1996-12-31,Patrik Berger
1996,1996,22,Trifon Ivanov,Rapid Wien,Bulgaria,3.0,https://en.wikipedia.org/wiki/1996_Ballon_d%27Or,1,1996-01-01,1996-12-31,Trifon Ivanov
1996,1996,26,Radek Bejbl,Slavia Prague Atlético Madrid,Czech Republic,2.0,https://en.wikipedia.org/wiki/1996_Ballon_d%27Or,1,1996-01-01,1996-12-31,Radek Bejbl
1996,1996,26,Rui Costa,Fiorentina,Portugal,2.0,https://en.wikipedia.org/wiki/1996_Ballon_d%27Or,1,1996-01-01,1996-12-31,Rui Costa
1996,1996,28,Ronald de Boer,Ajax,Netherlands,1.0,https://en.wikipedia.org/wiki/1996_Ballon_d%27Or,1,1996-01-01,1996-12-31,Ronald de Boer
1996,1996,28,Luís Figo,Barcelona,Portugal,1.0,https://en.wikipedia.org/wiki/1996_Ballon_d%27Or,1,1996-01-01,1996-12-31,Luís Figo
1996,1996,28,Brian Laudrup,Rangers,Denmark,1.0,https://en.wikipedia.org/wiki/1996_Ballon_d%27Or,1,1996-01-01,1996-12-31,Brian Laudrup
1996,1996,28,Sergi,Barcelona,Spain,1.0,https://en.wikipedia.org/wiki/1996_Ballon_d%27Or,1,1996-01-01,1996-12-31,Sergi
1996,1996,28,Zinedine Zidane,Juventus,France,1.0,https://en.wikipedia.org/wiki/1996_Ballon_d%27Or,1,1996-01-01,1996-12-31,Zinedine Zidane
1997,1997,1,Ronaldo,Barcelona Internazionale,Brazil,222.0,https://en.wikipedia.org/wiki/1997_Ballon_d%27Or,1,1997-01-01,1997-12-31,Ronaldo
1997,1997,2,Predrag Mijatović,Real Madrid,FR Yugoslavia,68.0,https://en.wikipedia.org/wiki/1997_Ballon_d%27Or,1,1997-01-01,1997-12-31,Predrag Mijatović
1997,1997,3,Zinedine Zidane,Juventus,France,63.0,https://en.wikipedia.org/wiki/1997_Ballon_d%27Or,1,1997-01-01,1997-12-31,Zinedine Zidane
1997,1997,4,Dennis Bergkamp,Arsenal,Netherlands,57.0,https://en.wikipedia.org/wiki/1997_Ballon_d%27Or,1,1997-01-01,1997-12-31,Dennis Bergkamp
1997,1997,5,Roberto Carlos,Real Madrid,Brazil,47.0,https://en.wikipedia.org/wiki/1997_Ballon_d%27Or,1,1997-01-01,1997-12-31,Roberto Carlos
1997,1997,6,Andreas Möller,Borussia Dortmund,Germany,40.0,https://en.wikipedia.org/wiki/1997_Ballon_d%27Or,1,1997-01-01,1997-12-31,Andreas Möller
1997,1997,7,Raúl,Real Madrid,Spain,35.0,https://en.wikipedia.org/wiki/1997_Ballon_d%27Or,1,1997-01-01,1997-12-31,Raúl
1997,1997,8,Peter Schmeichel,Manchester United,Denmark,19.0,https://en.wikipedia.org/wiki/1997_Ballon_d%27Or,1,1997-01-01,1997-12-31,Peter Schmeichel
1997,1997,9,Jürgen Kohler,Borussia Dortmund,Germany,17.0,https://en.wikipedia.org/wiki/1997_Ballon_d%27Or,1,1997-01-01,1997-12-31,Jürgen Kohler
1997,1997,10,Matthias Sammer,Borussia Dortmund,Germany,16.0,https://en.wikipedia.org/wiki/1997_Ballon_d%27Or,1,1997-01-01,1997-12-31,Matthias Sammer
1997,1997,10,Christian Vieri,Atlético Madrid,Italy,16.0,https://en.wikipedia.org/wiki/1997_Ballon_d%27Or,1,1997-01-01,1997-12-31,Christian Vieri
1997,1997,12,Youri Djorkaeff,Internazionale,France,15.0,https://en.wikipedia.org/wiki/1997_Ballon_d%27Or,1,1997-01-01,1997-12-31,Youri Djorkaeff
1997,1997,13,Luis Enrique,Barcelona,Spain,14.0,https://en.wikipedia.org/wiki/1997_Ballon_d%27Or,1,1997-01-01,1997-12-31,Luis Enrique
1997,1997,14,Luís Figo,Barcelona,Portugal,12.0,https://en.wikipedia.org/wiki/1997_Ballon_d%27Or,1,1997-01-01,1997-12-31,Luís Figo
1997,1997,15,Gianfranco Zola,Chelsea,Italy,11.0,https://en.wikipedia.org/wiki/1997_Ballon_d%27Or,1,1997-01-01,1997-12-31,Gianfranco Zola
1997,1997,15,Krasimir Balakov,VfB Stuttgart,Bulgaria,11.0,https://en.wikipedia.org/wiki/1997_Ballon_d%27Or,1,1997-01-01,1997-12-31,Krasimir Balakov
1997,1997,17,Didier Deschamps,Juventus,France,10.0,https://en.wikipedia.org/wiki/1997_Ballon_d%27Or,1,1997-01-01,1997-12-31,Didier Deschamps
1997,1997,17,Clarence Seedorf,Real Madrid,Netherlands,10.0,https://en.wikipedia.org/wiki/1997_Ballon_d%27Or,1,1997-01-01,1997-12-31,Clarence Seedorf
1997,1997,19,Alessandro Del Piero,Juventus,Italy,9.0,https://en.wikipedia.org/wiki/1997_Ballon_d%27Or,1,1997-01-01,1997-12-31,Alessandro Del Piero
1997,1997,19,Alan Shearer,Newcastle United,England,9.0,https://en.wikipedia.org/wiki/1997_Ballon_d%27Or,1,1997-01-01,1997-12-31,Alan Shearer
1997,1997,19,David Beckham,Manchester United,England,9.0,https://en.wikipedia.org/wiki/1997_Ballon_d%27Or,1,1997-01-01,1997-12-31,David Beckham
1997,1997,22,Fernando Hierro,Real Madrid,Spain,8.0,https://en.wikipedia.org/wiki/1997_Ballon_d%27Or,1,1997-01-01,1997-12-31,Fernando Hierro
1997,1997,23,Gabriel Batistuta,Fiorentina,Argentina,7.0,https://en.wikipedia.org/wiki/1997_Ballon_d%27Or,1,1997-01-01,1997-12-31,Gabriel Batistuta
1997,1997,24,Olaf Thon,Schalke 04,Germany,6.0,https://en.wikipedia.org/wiki/1997_Ballon_d%27Or,1,1997-01-01,1997-12-31,Olaf Thon
1997,1997,25,Juninho,Atlético Madrid,Brazil,5.0,https://en.wikipedia.org/wiki/1997_Ballon_d%27Or,1,1997-01-01,1997-12-31,Juninho
1997,1997,25,Paulo Sousa,Borussia Dortmund,Portugal,5.0,https://en.wikipedia.org/wiki/1997_Ballon_d%27Or,1,1997-01-01,1997-12-31,Paulo Sousa
1997,1997,25,Lilian Thuram,Parma,France,5.0,https://en.wikipedia.org/wiki/1997_Ballon_d%27Or,1,1997-01-01,1997-12-31,Lilian Thuram
1997,1997,28,Ryan Giggs,Manchester United,Wales,4.0,https://en.wikipedia.org/wiki/1997_Ballon_d%27Or,1,1997-01-01,1997-12-31,Ryan Giggs
1997,1997,29,Oliver Bierhoff,Udinese,Germany,3.0,https://en.wikipedia.org/wiki/1997_Ballon_d%27Or,1,1997-01-01,1997-12-31,Oliver Bierhoff
1997,1997,29,Angelo Peruzzi,Juventus,Italy,3.0,https://en.wikipedia.org/wiki/1997_Ballon_d%27Or,1,1997-01-01,1997-12-31,Angelo Peruzzi
1997,1997,29,Raí,Paris Saint-Germain,Brazil,3.0,https://en.wikipedia.org/wiki/1997_Ballon_d%27Or,1,1997-01-01,1997-12-31,Raí
1997,1997,32,Victor Ikpeba,Monaco,Nigeria,2.0,https://en.wikipedia.org/wiki/1997_Ballon_d%27Or,1,1997-01-01,1997-12-31,Victor Ikpeba
1997,1997,33,Laurent Blanc,Marseille,France,1.0,https://en.wikipedia.org/wiki/1997_Ballon_d%27Or,1,1997-01-01,1997-12-31,Laurent Blanc
1997,1997,33,Ciro Ferrara,Juventus,Italy,1.0,https://en.wikipedia.org/wiki/1997_Ballon_d%27Or,1,1997-01-01,1997-12-31,Ciro Ferrara
1997,1997,33,Rivaldo,Barcelona,Brazil,1.0,https://en.wikipedia.org/wiki/1997_Ballon_d%27Or,1,1997-01-01,1997-12-31,Rivaldo
1997,1997,33,Bent Skammelsrud,Rosenborg,Norway,1.0,https://en.wikipedia.org/wiki/1997_Ballon_d%27Or,1,1997-01-01,1997-12-31,Bent Skammelsrud
1998,1998,1,Zinedine Zidane,Juventus,France,244.0,https://en.wikipedia.org/wiki/1998_Ballon_d%27Or,1,1998-01-01,1998-12-31,Zinedine Zidane
1998,1998,2,Davor Šuker,Real Madrid,Croatia,68.0,https://en.wikipedia.org/wiki/1998_Ballon_d%27Or,1,1998-01-01,1998-12-31,Davor Šuker
1998,1998,3,Ronaldo,Internazionale,Brazil,66.0,https://en.wikipedia.org/wiki/1998_Ballon_d%27Or,1,1998-01-01,1998-12-31,Ronaldo
1998,1998,4,Michael Owen,Liverpool,England,51.0,https://en.wikipedia.org/wiki/1998_Ballon_d%27Or,1,1998-01-01,1998-12-31,Michael Owen
1998,1998,5,Rivaldo,Barcelona,Brazil,45.0,https://en.wikipedia.org/wiki/1998_Ballon_d%27Or,1,1998-01-01,1998-12-31,Rivaldo
1998,1998,6,Gabriel Batistuta,Fiorentina,Argentina,43.0,https://en.wikipedia.org/wiki/1998_Ballon_d%27Or,1,1998-01-01,1998-12-31,Gabriel Batistuta
1998,1998,7,Lilian Thuram,Parma,France,36.0,https://en.wikipedia.org/wiki/1998_Ballon_d%27Or,1,1998-01-01,1998-12-31,Lilian Thuram
1998,1998,8,Edgar Davids,Juventus,Netherlands,28.0,https://en.wikipedia.org/wiki/1998_Ballon_d%27Or,1,1998-01-01,1998-12-31,Edgar Davids
1998,1998,8,Dennis Bergkamp,Arsenal,Netherlands,28.0,https://en.wikipedia.org/wiki/1998_Ballon_d%27Or,1,1998-01-01,1998-12-31,Dennis Bergkamp
1998,1998,10,Marcel Desailly,Chelsea,France,19.0,https://en.wikipedia.org/wiki/1998_Ballon_d%27Or,1,1998-01-01,1998-12-31,Marcel Desailly
1998,1998,11,Frank de Boer,Ajax,Netherlands,17.0,https://en.wikipedia.org/wiki/1998_Ballon_d%27Or,1,1998-01-01,1998-12-31,Frank de Boer
1998,1998,12,Emmanuel Petit,Arsenal,France,16.0,https://en.wikipedia.org/wiki/1998_Ballon_d%27Or,1,1998-01-01,1998-12-31,Emmanuel Petit
1998,1998,13,Roberto Carlos,Real Madrid,Brazil,13.0,https://en.wikipedia.org/wiki/1998_Ballon_d%27Or,1,1998-01-01,1998-12-31,Roberto Carlos
1998,1998,14,Laurent Blanc,Marseille,France,11.0,https://en.wikipedia.org/wiki/1998_Ballon_d%27Or,1,1998-01-01,1998-12-31,Laurent Blanc
1998,1998,14,Fabien Barthez,Monaco,France,11.0,https://en.wikipedia.org/wiki/1998_Ballon_d%27Or,1,1998-01-01,1998-12-31,Fabien Barthez
1998,1998,16,Alessandro Del Piero,Juventus,Italy,10.0,https://en.wikipedia.org/wiki/1998_Ballon_d%27Or,1,1998-01-01,1998-12-31,Alessandro Del Piero
1998,1998,16,Predrag Mijatović,Real Madrid,Yugoslavia,10.0,https://en.wikipedia.org/wiki/1998_Ballon_d%27Or,1,1998-01-01,1998-12-31,Predrag Mijatović
1998,1998,18,Didier Deschamps,Juventus,France,9.0,https://en.wikipedia.org/wiki/1998_Ballon_d%27Or,1,1998-01-01,1998-12-31,Didier Deschamps
1998,1998,18,Oliver Bierhoff,Milan,Germany,9.0,https://en.wikipedia.org/wiki/1998_Ballon_d%27Or,1,1998-01-01,1998-12-31,Oliver Bierhoff
1998,1998,20,Michael Laudrup,Ajax,Denmark,6.0,https://en.wikipedia.org/wiki/1998_Ballon_d%27Or,1,1998-01-01,1998-12-31,Michael Laudrup
1998,1998,21,Ronald de Boer,Ajax,Netherlands,4.0,https://en.wikipedia.org/wiki/1998_Ballon_d%27Or,1,1998-01-01,1998-12-31,Ronald de Boer
1998,1998,21,Raúl,Real Madrid,Spain,4.0,https://en.wikipedia.org/wiki/1998_Ballon_d%27Or,1,1998-01-01,1998-12-31,Raúl
1998,1998,23,Brian Laudrup,Chelsea,Denmark,3.0,https://en.wikipedia.org/wiki/1998_Ballon_d%27Or,1,1998-01-01,1998-12-31,Brian Laudrup
1998,1998,23,Clarence Seedorf,Real Madrid,Netherlands,3.0,https://en.wikipedia.org/wiki/1998_Ballon_d%27Or,1,1998-01-01,1998-12-31,Clarence Seedorf
1998,1998,23,Marc Overmars,Arsenal,Netherlands,3.0,https://en.wikipedia.org/wiki/1998_Ballon_d%27Or,1,1998-01-01,1998-12-31,Marc Overmars
1998,1998,26,Christian Vieri,Lazio,Italy,2.0,https://en.wikipedia.org/wiki/1998_Ballon_d%27Or,1,1998-01-01,1998-12-31,Christian Vieri
1998,1998,26,Fernando Hierro,Real Madrid,Spain,2.0,https://en.wikipedia.org/wiki/1998_Ballon_d%27Or,1,1998-01-01,1998-12-31,Fernando Hierro
1998,1998,28,David Beckham,Manchester United,England,1.0,https://en.wikipedia.org/wiki/1998_Ballon_d%27Or,1,1998-01-01,1998-12-31,David Beckham
1998,1998,28,Luis Enrique,Barcelona,Spain,1.0,https://en.wikipedia.org/wiki/1998_Ballon_d%27Or,1,1998-01-01,1998-12-31,Luis Enrique
1998,1998,28,Bixente Lizarazu,Bayern Munich,France,1.0,https://en.wikipedia.org/wiki/1998_Ballon_d%27Or,1,1998-01-01,1998-12-31,Bixente Lizarazu
1998,1998,28,Nikos Machlas,Vitesse,Greece,1.0,https://en.wikipedia.org/wiki/1998_Ballon_d%27Or,1,1998-01-01,1998-12-31,Nikos Machlas
1999,1999,1,Rivaldo,Barcelona,Brazil,219.0,https://en.wikipedia.org/wiki/1999_Ballon_d%27Or,1,1999-01-01,1999-12-31,Rivaldo
1999,1999,2,David Beckham,Manchester United,England,154.0,https://en.wikipedia.org/wiki/1999_Ballon_d%27Or,1,1999-01-01,1999-12-31,David Beckham
1999,1999,3,Andriy Shevchenko,Dynamo Kyiv Milan,Ukraine,64.0,https://en.wikipedia.org/wiki/1999_Ballon_d%27Or,1,1999-01-01,1999-12-31,Andriy Shevchenko
1999,1999,4,Gabriel Batistuta,Fiorentina,Argentina,48.0,https://en.wikipedia.org/wiki/1999_Ballon_d%27Or,1,1999-01-01,1999-12-31,Gabriel Batistuta
1999,1999,5,Luís Figo,Barcelona,Portugal,38.0,https://en.wikipedia.org/wiki/1999_Ballon_d%27Or,1,1999-01-01,1999-12-31,Luís Figo
1999,1999,6,Roy Keane,Manchester United,Republic of Ireland,36.0,https://en.wikipedia.org/wiki/1999_Ballon_d%27Or,1,1999-01-01,1999-12-31,Roy Keane
1999,1999,7,Christian Vieri,Lazio,Italy Australia,33.0,https://en.wikipedia.org/wiki/1999_Ballon_d%27Or,1,1999-01-01,1999-12-31,Christian Vieri
1999,1999,8,Juan Sebastián Verón,Lazio,Argentina,30.0,https://en.wikipedia.org/wiki/1999_Ballon_d%27Or,1,1999-01-01,1999-12-31,Juan Sebastián Verón
1999,1999,9,Raúl,Real Madrid,Spain,27.0,https://en.wikipedia.org/wiki/1999_Ballon_d%27Or,1,1999-01-01,1999-12-31,Raúl
1999,1999,10,Lothar Matthäus,Bayern Munich,Germany,16.0,https://en.wikipedia.org/wiki/1999_Ballon_d%27Or,1,1999-01-01,1999-12-31,Lothar Matthäus
1999,1999,11,Dwight Yorke,Manchester United,Trinidad and Tobago,14.0,https://en.wikipedia.org/wiki/1999_Ballon_d%27Or,1,1999-01-01,1999-12-31,Dwight Yorke
1999,1999,12,Jaap Stam,Manchester United,Netherlands,13.0,https://en.wikipedia.org/wiki/1999_Ballon_d%27Or,1,1999-01-01,1999-12-31,Jaap Stam
1999,1999,13,Siniša Mihajlović,Lazio,FR Yugoslavia,12.0,https://en.wikipedia.org/wiki/1999_Ballon_d%27Or,1,1999-01-01,1999-12-31,Siniša Mihajlović
1999,1999,14,Zlatko Zahovič,Olympiacos,Slovenia,9.0,https://en.wikipedia.org/wiki/1999_Ballon_d%27Or,1,1999-01-01,1999-12-31,Zlatko Zahovič
1999,1999,15,Pavel Nedvěd,Lazio,Czech Republic,8.0,https://en.wikipedia.org/wiki/1999_Ballon_d%27Or,1,1999-01-01,1999-12-31,Pavel Nedvěd
1999,1999,16,Mário Jardel,Porto,Brazil,7.0,https://en.wikipedia.org/wiki/1999_Ballon_d%27Or,1,1999-01-01,1999-12-31,Mário Jardel
1999,1999,17,Peter Schmeichel,Manchester United,Denmark,6.0,https://en.wikipedia.org/wiki/1999_Ballon_d%27Or,1,1999-01-01,1999-12-31,Peter Schmeichel
1999,1999,18,Stefan Effenberg,Bayern Munich,Germany,5.0,https://en.wikipedia.org/wiki/1999_Ballon_d%27Or,1,1999-01-01,1999-12-31,Stefan Effenberg
1999,1999,19,Zinedine Zidane,Juventus,France,4.0,https://en.wikipedia.org/wiki/1999_Ballon_d%27Or,1,1999-01-01,1999-12-31,Zinedine Zidane
1999,1999,19,Oliver Bierhoff,Milan,Germany,4.0,https://en.wikipedia.org/wiki/1999_Ballon_d%27Or,1,1999-01-01,1999-12-31,Oliver Bierhoff
1999,1999,21,Mario Basler,Bayern Munich,Germany,3.0,https://en.wikipedia.org/wiki/1999_Ballon_d%27Or,1,1999-01-01,1999-12-31,Mario Basler
1999,1999,21,Ryan Giggs,Manchester United,Wales,3.0,https://en.wikipedia.org/wiki/1999_Ballon_d%27Or,1,1999-01-01,1999-12-31,Ryan Giggs
1999,1999,23,Hernán Crespo,Parma,Argentina,2.0,https://en.wikipedia.org/wiki/1999_Ballon_d%27Or,1,1999-01-01,1999-12-31,Hernán Crespo
1999,1999,23,Nwankwo Kanu,Arsenal,Nigeria,2.0,https://en.wikipedia.org/wiki/1999_Ballon_d%27Or,1,1999-01-01,1999-12-31,Nwankwo Kanu
1999,1999,23,Ronaldo,Internazionale,Brazil,2.0,https://en.wikipedia.org/wiki/1999_Ballon_d%27Or,1,1999-01-01,1999-12-31,Ronaldo
1999,1999,26,Andy Cole,Manchester United,England,1.0,https://en.wikipedia.org/wiki/1999_Ballon_d%27Or,1,1999-01-01,1999-12-31,Andy Cole
1999,1999,26,Edgar Davids,Juventus,Netherlands Suriname,1.0,https://en.wikipedia.org/wiki/1999_Ballon_d%27Or,1,1999-01-01,1999-12-31,Edgar Davids
1999,1999,26,David Ginola,Tottenham Hotspur,France,1.0,https://en.wikipedia.org/wiki/1999_Ballon_d%27Or,1,1999-01-01,1999-12-31,David Ginola
1999,1999,26,Claudio López,Valencia,Argentina,1.0,https://en.wikipedia.org/wiki/1999_Ballon_d%27Or,1,1999-01-01,1999-12-31,Claudio López
1999,1999,26,Roberto Carlos,Real Madrid,Brazil,1.0,https://en.wikipedia.org/wiki/1999_Ballon_d%27Or,1,1999-01-01,1999-12-31,Roberto Carlos
1999,1999,26,Marcelo Salas,Lazio,Chile,1.0,https://en.wikipedia.org/wiki/1999_Ballon_d%27Or,1,1999-01-01,1999-12-31,Marcelo Salas
2000,2000,1,Luís Figo,Barcelona Real Madrid,Portugal,197.0,https://en.wikipedia.org/wiki/2000_Ballon_d%27Or,1,2000-01-01,2000-12-31,Luís Figo
2000,2000,2,Zinedine Zidane,Juventus,France,181.0,https://en.wikipedia.org/wiki/2000_Ballon_d%27Or,1,2000-01-01,2000-12-31,Zinedine Zidane
2000,2000,3,Andriy Shevchenko,Milan,Ukraine,85.0,https://en.wikipedia.org/wiki/2000_Ballon_d%27Or,1,2000-01-01,2000-12-31,Andriy Shevchenko
2000,2000,4,Thierry Henry,Arsenal,France,57.0,https://en.wikipedia.org/wiki/2000_Ballon_d%27Or,1,2000-01-01,2000-12-31,Thierry Henry
2000,2000,5,Alessandro Nesta,Lazio,Italy,39.0,https://en.wikipedia.org/wiki/2000_Ballon_d%27Or,1,2000-01-01,2000-12-31,Alessandro Nesta
2000,2000,6,Rivaldo,Barcelona,Brazil,39.0,https://en.wikipedia.org/wiki/2000_Ballon_d%27Or,1,2000-01-01,2000-12-31,Rivaldo
2000,2000,7,Gabriel Batistuta,Roma,Argentina,26.0,https://en.wikipedia.org/wiki/2000_Ballon_d%27Or,1,2000-01-01,2000-12-31,Gabriel Batistuta
2000,2000,8,Gaizka Mendieta,Valencia,Spain,22.0,https://en.wikipedia.org/wiki/2000_Ballon_d%27Or,1,2000-01-01,2000-12-31,Gaizka Mendieta
2000,2000,9,Raúl,Real Madrid,Spain,18.0,https://en.wikipedia.org/wiki/2000_Ballon_d%27Or,1,2000-01-01,2000-12-31,Raúl
2000,2000,10,Paolo Maldini,Milan,Italy,10.0,https://en.wikipedia.org/wiki/2000_Ballon_d%27Or,1,2000-01-01,2000-12-31,Paolo Maldini
2000,2000,10,David Beckham,Manchester United,England,10.0,https://en.wikipedia.org/wiki/2000_Ballon_d%27Or,1,2000-01-01,2000-12-31,David Beckham
2000,2000,12,Zlatko Zahovič,Olympiacos Valencia,Slovenia,8.0,https://en.wikipedia.org/wiki/2000_Ballon_d%27Or,1,2000-01-01,2000-12-31,Zlatko Zahovič
2000,2000,12,Fabien Barthez,Manchester United,France,8.0,https://en.wikipedia.org/wiki/2000_Ballon_d%27Or,1,2000-01-01,2000-12-31,Fabien Barthez
2000,2000,14,Francesco Toldo,Fiorentina,Italy,7.0,https://en.wikipedia.org/wiki/2000_Ballon_d%27Or,1,2000-01-01,2000-12-31,Francesco Toldo
2000,2000,14,Francesco Totti,Roma,Italy,7.0,https://en.wikipedia.org/wiki/2000_Ballon_d%27Or,1,2000-01-01,2000-12-31,Francesco Totti
2000,2000,14,Roberto Carlos,Real Madrid,Brazil,7.0,https://en.wikipedia.org/wiki/2000_Ballon_d%27Or,1,2000-01-01,2000-12-31,Roberto Carlos
2000,2000,17,Patrick Kluivert,Barcelona,Netherlands,6.0,https://en.wikipedia.org/wiki/2000_Ballon_d%27Or,1,2000-01-01,2000-12-31,Patrick Kluivert
2000,2000,18,Edgar Davids,Juventus,Netherlands,5.0,https://en.wikipedia.org/wiki/2000_Ballon_d%27Or,1,2000-01-01,2000-12-31,Edgar Davids
2000,2000,18,Hakan Şükür,Internazionale,Turkey,5.0,https://en.wikipedia.org/wiki/2000_Ballon_d%27Or,1,2000-01-01,2000-12-31,Hakan Şükür
2000,2000,18,Mário Jardel,Galatasaray,Brazil,5.0,https://en.wikipedia.org/wiki/2000_Ballon_d%27Or,1,2000-01-01,2000-12-31,Mário Jardel
2000,2000,18,Fernando Redondo,Real Madrid Milan,Argentina,5.0,https://en.wikipedia.org/wiki/2000_Ballon_d%27Or,1,2000-01-01,2000-12-31,Fernando Redondo
2000,2000,22,Pavel Nedvěd,Lazio,Czech Republic,4.0,https://en.wikipedia.org/wiki/2000_Ballon_d%27Or,1,2000-01-01,2000-12-31,Pavel Nedvěd
2000,2000,22,David Trezeguet,Juventus,France,4.0,https://en.wikipedia.org/wiki/2000_Ballon_d%27Or,1,2000-01-01,2000-12-31,David Trezeguet
2000,2000,24,Marcel Desailly,Chelsea,France,2.0,https://en.wikipedia.org/wiki/2000_Ballon_d%27Or,1,2000-01-01,2000-12-31,Marcel Desailly
2000,2000,24,Oliver Kahn,Bayern Munich,Germany,2.0,https://en.wikipedia.org/wiki/2000_Ballon_d%27Or,1,2000-01-01,2000-12-31,Oliver Kahn
2000,2000,24,Rui Costa,Fiorentina,Portugal,2.0,https://en.wikipedia.org/wiki/2000_Ballon_d%27Or,1,2000-01-01,2000-12-31,Rui Costa
2000,2000,27,Laurent Blanc,Internazionale,France,1.0,https://en.wikipedia.org/wiki/2000_Ballon_d%27Or,1,2000-01-01,2000-12-31,Laurent Blanc
2000,2000,27,Claudio López,Valencia Lazio,Argentina,1.0,https://en.wikipedia.org/wiki/2000_Ballon_d%27Or,1,2000-01-01,2000-12-31,Claudio López
2000,2000,27,Roy Keane,Manchester United,Republic of Ireland,1.0,https://en.wikipedia.org/wiki/2000_Ballon_d%27Or,1,2000-01-01,2000-12-31,Roy Keane
2000,2000,27,Juan Sebastián Verón,Lazio,Argentina,1.0,https://en.wikipedia.org/wiki/2000_Ballon_d%27Or,1,2000-01-01,2000-12-31,Juan Sebastián Verón
2001,2001,1,Michael Owen,Liverpool,England,176.0,https://en.wikipedia.org/wiki/2001_Ballon_d%27Or,1,2001-01-01,2001-12-31,Michael Owen
2001,2001,2,Raúl,Real Madrid,Spain,140.0,https://en.wikipedia.org/wiki/2001_Ballon_d%27Or,1,2001-01-01,2001-12-31,Raúl
2001,2001,3,Oliver Kahn,Bayern Munich,Germany,114.0,https://en.wikipedia.org/wiki/2001_Ballon_d%27Or,1,2001-01-01,2001-12-31,Oliver Kahn
2001,2001,4,David Beckham,Manchester United,England,102.0,https://en.wikipedia.org/wiki/2001_Ballon_d%27Or,1,2001-01-01,2001-12-31,David Beckham
2001,2001,5,Francesco Totti,Roma,Italy,57.0,https://en.wikipedia.org/wiki/2001_Ballon_d%27Or,1,2001-01-01,2001-12-31,Francesco Totti
2001,2001,6,Luís Figo,Real Madrid,Portugal,56.0,https://en.wikipedia.org/wiki/2001_Ballon_d%27Or,1,2001-01-01,2001-12-31,Luís Figo
2001,2001,7,Rivaldo,Barcelona,Brazil,20.0,https://en.wikipedia.org/wiki/2001_Ballon_d%27Or,1,2001-01-01,2001-12-31,Rivaldo
2001,2001,8,Andriy Shevchenko,Milan,Ukraine,18.0,https://en.wikipedia.org/wiki/2001_Ballon_d%27Or,1,2001-01-01,2001-12-31,Andriy Shevchenko
2001,2001,9,Thierry Henry,Arsenal,France,14.0,https://en.wikipedia.org/wiki/2001_Ballon_d%27Or,1,2001-01-01,2001-12-31,Thierry Henry
2001,2001,9,Zinedine Zidane,Real Madrid,France,14.0,https://en.wikipedia.org/wiki/2001_Ballon_d%27Or,1,2001-01-01,2001-12-31,Zinedine Zidane
2001,2001,11,Bixente Lizarazu,Bayern Munich,France,10.0,https://en.wikipedia.org/wiki/2001_Ballon_d%27Or,1,2001-01-01,2001-12-31,Bixente Lizarazu
2001,2001,12,David Trezeguet,Juventus,France,7.0,https://en.wikipedia.org/wiki/2001_Ballon_d%27Or,1,2001-01-01,2001-12-31,David Trezeguet
2001,2001,13,Stefan Effenberg,Bayern Munich,Germany,6.0,https://en.wikipedia.org/wiki/2001_Ballon_d%27Or,1,2001-01-01,2001-12-31,Stefan Effenberg
2001,2001,14,Henrik Larsson,Celtic,Sweden,4.0,https://en.wikipedia.org/wiki/2001_Ballon_d%27Or,1,2001-01-01,2001-12-31,Henrik Larsson
2001,2001,14,Alessandro Nesta,Lazio,Italy,4.0,https://en.wikipedia.org/wiki/2001_Ballon_d%27Or,1,2001-01-01,2001-12-31,Alessandro Nesta
2001,2001,16,Juan Sebastián Verón,Lazio Manchester United,Argentina,3.0,https://en.wikipedia.org/wiki/2001_Ballon_d%27Or,1,2001-01-01,2001-12-31,Juan Sebastián Verón
2001,2001,16,Hernán Crespo,Lazio,Argentina,3.0,https://en.wikipedia.org/wiki/2001_Ballon_d%27Or,1,2001-01-01,2001-12-31,Hernán Crespo
2001,2001,18,Giovane Élber,Bayern Munich,Brazil,2.0,https://en.wikipedia.org/wiki/2001_Ballon_d%27Or,1,2001-01-01,2001-12-31,Giovane Élber
2001,2001,18,Gaizka Mendieta,Valencia Lazio,Spain,2.0,https://en.wikipedia.org/wiki/2001_Ballon_d%27Or,1,2001-01-01,2001-12-31,Gaizka Mendieta
2001,2001,18,Roberto Carlos,Real Madrid,Brazil,2.0,https://en.wikipedia.org/wiki/2001_Ballon_d%27Or,1,2001-01-01,2001-12-31,Roberto Carlos
2001,2001,18,Damiano Tommasi,Roma,Italy,2.0,https://en.wikipedia.org/wiki/2001_Ballon_d%27Or,1,2001-01-01,2001-12-31,Damiano Tommasi
2001,2001,18,Sami Hyypiä,Liverpool,Finland,2.0,https://en.wikipedia.org/wiki/2001_Ballon_d%27Or,1,2001-01-01,2001-12-31,Sami Hyypiä
2001,2001,18,Emmanuel Olisadebe,Panathinaikos,Poland,2.0,https://en.wikipedia.org/wiki/2001_Ballon_d%27Or,1,2001-01-01,2001-12-31,Emmanuel Olisadebe
2001,2001,18,Ebbe Sand,Schalke 04,Denmark,2.0,https://en.wikipedia.org/wiki/2001_Ballon_d%27Or,1,2001-01-01,2001-12-31,Ebbe Sand
2001,2001,25,Roberto Baggio,Brescia,Italy,1.0,https://en.wikipedia.org/wiki/2001_Ballon_d%27Or,1,2001-01-01,2001-12-31,Roberto Baggio
2001,2001,25,Steven Gerrard,Liverpool,England,1.0,https://en.wikipedia.org/wiki/2001_Ballon_d%27Or,1,2001-01-01,2001-12-31,Steven Gerrard
2001,2001,25,Rui Costa,Milan,Portugal,1.0,https://en.wikipedia.org/wiki/2001_Ballon_d%27Or,1,2001-01-01,2001-12-31,Rui Costa
2001,2001,28,Sonny Anderson,Lyon,Brazil,0.0,https://en.wikipedia.org/wiki/2001_Ballon_d%27Or,1,2001-01-01,2001-12-31,Sonny Anderson
2001,2001,28,Fabien Barthez,Manchester United,France,0.0,https://en.wikipedia.org/wiki/2001_Ballon_d%27Or,1,2001-01-01,2001-12-31,Fabien Barthez
2001,2001,28,Gabriel Batistuta,Roma,Argentina,0.0,https://en.wikipedia.org/wiki/2001_Ballon_d%27Or,1,2001-01-01,2001-12-31,Gabriel Batistuta
2001,2001,28,Gianluigi Buffon,Parma Juventus,Italy,0.0,https://en.wikipedia.org/wiki/2001_Ballon_d%27Or,1,2001-01-01,2001-12-31,Gianluigi Buffon
2001,2001,28,Cafu,Roma,Brazil,0.0,https://en.wikipedia.org/wiki/2001_Ballon_d%27Or,1,2001-01-01,2001-12-31,Cafu
2001,2001,28,Vincent Candela,Roma,France,0.0,https://en.wikipedia.org/wiki/2001_Ballon_d%27Or,1,2001-01-01,2001-12-31,Vincent Candela
2001,2001,28,Alessandro Del Piero,Juventus,Italy,0.0,https://en.wikipedia.org/wiki/2001_Ballon_d%27Or,1,2001-01-01,2001-12-31,Alessandro Del Piero
2001,2001,28,Marcel Desailly,Chelsea,France,0.0,https://en.wikipedia.org/wiki/2001_Ballon_d%27Or,1,2001-01-01,2001-12-31,Marcel Desailly
2001,2001,28,Rio Ferdinand,Leeds United,England,0.0,https://en.wikipedia.org/wiki/2001_Ballon_d%27Or,1,2001-01-01,2001-12-31,Rio Ferdinand
2001,2001,28,Ryan Giggs,Manchester United,Wales,0.0,https://en.wikipedia.org/wiki/2001_Ballon_d%27Or,1,2001-01-01,2001-12-31,Ryan Giggs
2001,2001,28,Jimmy Floyd Hasselbaink,Chelsea,Netherlands,0.0,https://en.wikipedia.org/wiki/2001_Ballon_d%27Or,1,2001-01-01,2001-12-31,Jimmy Floyd Hasselbaink
2001,2001,28,Iván Helguera,Real Madrid,Spain,0.0,https://en.wikipedia.org/wiki/2001_Ballon_d%27Or,1,2001-01-01,2001-12-31,Iván Helguera
2001,2001,28,Harry Kewell,Leeds United,Australia,0.0,https://en.wikipedia.org/wiki/2001_Ballon_d%27Or,1,2001-01-01,2001-12-31,Harry Kewell
2001,2001,28,Patrick Kluivert,Barcelona,Netherlands,0.0,https://en.wikipedia.org/wiki/2001_Ballon_d%27Or,1,2001-01-01,2001-12-31,Patrick Kluivert
2001,2001,28,Samuel Kuffour,Bayern Munich,Ghana,0.0,https://en.wikipedia.org/wiki/2001_Ballon_d%27Or,1,2001-01-01,2001-12-31,Samuel Kuffour
2001,2001,28,Hidetoshi Nakata,Roma Parma,Japan,0.0,https://en.wikipedia.org/wiki/2001_Ballon_d%27Or,1,2001-01-01,2001-12-31,Hidetoshi Nakata
2001,2001,28,Pavel Nedvěd,Lazio Juventus,Czech Republic,0.0,https://en.wikipedia.org/wiki/2001_Ballon_d%27Or,1,2001-01-01,2001-12-31,Pavel Nedvěd
2001,2001,28,Pauleta,Bordeaux,Portugal,0.0,https://en.wikipedia.org/wiki/2001_Ballon_d%27Or,1,2001-01-01,2001-12-31,Pauleta
2001,2001,28,Robert Pires,Arsenal,France,0.0,https://en.wikipedia.org/wiki/2001_Ballon_d%27Or,1,2001-01-01,2001-12-31,Robert Pires
2001,2001,28,Paul Scholes,Manchester United,England,0.0,https://en.wikipedia.org/wiki/2001_Ballon_d%27Or,1,2001-01-01,2001-12-31,Paul Scholes
2001,2001,28,Lilian Thuram,Parma Juventus,France,0.0,https://en.wikipedia.org/wiki/2001_Ballon_d%27Or,1,2001-01-01,2001-12-31,Lilian Thuram
2001,2001,28,Patrick Vieira,Arsenal,France,0.0,https://en.wikipedia.org/wiki/2001_Ballon_d%27Or,1,2001-01-01,2001-12-31,Patrick Vieira
2001,2001,28,Eric Carrière,Nantes,France,0.0,https://en.wikipedia.org/wiki/2001_Ballon_d%27Or,1,2001-01-01,2001-12-31,Eric Carrière
2002,2002,1,Ronaldo,Internazionale Real Madrid,Brazil,169.0,https://en.wikipedia.org/wiki/2002_Ballon_d%27Or,1,2002-01-01,2002-12-31,Ronaldo
2002,2002,2,Roberto Carlos,Real Madrid,Brazil,145.0,https://en.wikipedia.org/wiki/2002_Ballon_d%27Or,1,2002-01-01,2002-12-31,Roberto Carlos
2002,2002,3,Oliver Kahn,Bayern Munich,Germany,110.0,https://en.wikipedia.org/wiki/2002_Ballon_d%27Or,1,2002-01-01,2002-12-31,Oliver Kahn
2002,2002,4,Zinedine Zidane,Real Madrid,France,78.0,https://en.wikipedia.org/wiki/2002_Ballon_d%27Or,1,2002-01-01,2002-12-31,Zinedine Zidane
2002,2002,5,Michael Ballack,Bayer Leverkusen Bayern Munich,Germany,71.0,https://en.wikipedia.org/wiki/2002_Ballon_d%27Or,1,2002-01-01,2002-12-31,Michael Ballack
2002,2002,6,Thierry Henry,Arsenal,France,54.0,https://en.wikipedia.org/wiki/2002_Ballon_d%27Or,1,2002-01-01,2002-12-31,Thierry Henry
2002,2002,7,Raúl,Real Madrid,Spain,38.0,https://en.wikipedia.org/wiki/2002_Ballon_d%27Or,1,2002-01-01,2002-12-31,Raúl
2002,2002,8,Rivaldo,Barcelona Milan,Brazil,31.0,https://en.wikipedia.org/wiki/2002_Ballon_d%27Or,1,2002-01-01,2002-12-31,Rivaldo
2002,2002,9,Yıldıray Baştürk,Bayer Leverkusen,Turkey,13.0,https://en.wikipedia.org/wiki/2002_Ballon_d%27Or,1,2002-01-01,2002-12-31,Yıldıray Baştürk
2002,2002,10,Alessandro Del Piero,Juventus,Italy,12.0,https://en.wikipedia.org/wiki/2002_Ballon_d%27Or,1,2002-01-01,2002-12-31,Alessandro Del Piero
2002,2002,11,Hasan Şaş,Galatasaray,Turkey,10.0,https://en.wikipedia.org/wiki/2002_Ballon_d%27Or,1,2002-01-01,2002-12-31,Hasan Şaş
2002,2002,12,Ronaldinho,Paris Saint-Germain,Brazil,8.0,https://en.wikipedia.org/wiki/2002_Ballon_d%27Or,1,2002-01-01,2002-12-31,Ronaldinho
2002,2002,13,Michael Owen,Liverpool,England,5.0,https://en.wikipedia.org/wiki/2002_Ballon_d%27Or,1,2002-01-01,2002-12-31,Michael Owen
2002,2002,13,Ruud van Nistelrooy,Manchester United,Netherlands,5.0,https://en.wikipedia.org/wiki/2002_Ballon_d%27Or,1,2002-01-01,2002-12-31,Ruud van Nistelrooy
2002,2002,15,Bernd Schneider,Bayer Leverkusen,Germany,4.0,https://en.wikipedia.org/wiki/2002_Ballon_d%27Or,1,2002-01-01,2002-12-31,Bernd Schneider
2002,2002,15,Juan Carlos Valerón,Deportivo La Coruña,Spain,4.0,https://en.wikipedia.org/wiki/2002_Ballon_d%27Or,1,2002-01-01,2002-12-31,Juan Carlos Valerón
2002,2002,15,Cafu,Roma,Brazil,4.0,https://en.wikipedia.org/wiki/2002_Ballon_d%27Or,1,2002-01-01,2002-12-31,Cafu
2002,2002,15,Patrick Vieira,Arsenal,France,4.0,https://en.wikipedia.org/wiki/2002_Ballon_d%27Or,1,2002-01-01,2002-12-31,Patrick Vieira
2002,2002,19,Lúcio,Bayer Leverkusen,Brazil,3.0,https://en.wikipedia.org/wiki/2002_Ballon_d%27Or,1,2002-01-01,2002-12-31,Lúcio
2002,2002,19,Luís Figo,Real Madrid,Portugal,3.0,https://en.wikipedia.org/wiki/2002_Ballon_d%27Or,1,2002-01-01,2002-12-31,Luís Figo
2002,2002,21,Papa Bouba Diop,Lens,Senegal,2.0,https://en.wikipedia.org/wiki/2002_Ballon_d%27Or,1,2002-01-01,2002-12-31,Papa Bouba Diop
2002,2002,21,El Hadji Diouf,Lens Liverpool,Senegal,2.0,https://en.wikipedia.org/wiki/2002_Ballon_d%27Or,1,2002-01-01,2002-12-31,El Hadji Diouf
2002,2002,21,Rio Ferdinand,Leeds United Manchester United,England,2.0,https://en.wikipedia.org/wiki/2002_Ballon_d%27Or,1,2002-01-01,2002-12-31,Rio Ferdinand
2002,2002,24,Rubén Baraja,Valencia,Spain,1.0,https://en.wikipedia.org/wiki/2002_Ballon_d%27Or,1,2002-01-01,2002-12-31,Rubén Baraja
2002,2002,24,Filippo Inzaghi,Milan,Italy,1.0,https://en.wikipedia.org/wiki/2002_Ballon_d%27Or,1,2002-01-01,2002-12-31,Filippo Inzaghi
2002,2002,24,Roy Makaay,Deportivo La Coruña,Netherlands,1.0,https://en.wikipedia.org/wiki/2002_Ballon_d%27Or,1,2002-01-01,2002-12-31,Roy Makaay
2003,2003,1,Pavel Nedvěd,Juventus,Czech Republic,190.0,https://en.wikipedia.org/wiki/2003_Ballon_d%27Or,1,2003-01-01,2003-12-31,Pavel Nedvěd
2003,2003,2,Thierry Henry,Arsenal,France,128.0,https://en.wikipedia.org/wiki/2003_Ballon_d%27Or,1,2003-01-01,2003-12-31,Thierry Henry
2003,2003,3,Paolo Maldini,Milan,Italy,123.0,https://en.wikipedia.org/wiki/2003_Ballon_d%27Or,1,2003-01-01,2003-12-31,Paolo Maldini
2003,2003,4,Andriy Shevchenko,Milan,Ukraine,67.0,https://en.wikipedia.org/wiki/2003_Ballon_d%27Or,1,2003-01-01,2003-12-31,Andriy Shevchenko
2003,2003,5,Zinedine Zidane,Real Madrid,France,64.0,https://en.wikipedia.org/wiki/2003_Ballon_d%27Or,1,2003-01-01,2003-12-31,Zinedine Zidane
2003,2003,6,Ruud van Nistelrooy,Manchester United,Netherlands,61.0,https://en.wikipedia.org/wiki/2003_Ballon_d%27Or,1,2003-01-01,2003-12-31,Ruud van Nistelrooy
2003,2003,7,Raúl,Real Madrid,Spain,32.0,https://en.wikipedia.org/wiki/2003_Ballon_d%27Or,1,2003-01-01,2003-12-31,Raúl
2003,2003,8,Roberto Carlos,Real Madrid,Brazil,27.0,https://en.wikipedia.org/wiki/2003_Ballon_d%27Or,1,2003-01-01,2003-12-31,Roberto Carlos
2003,2003,9,Gianluigi Buffon,Juventus,Italy,19.0,https://en.wikipedia.org/wiki/2003_Ballon_d%27Or,1,2003-01-01,2003-12-31,Gianluigi Buffon
2003,2003,10,David Beckham,Manchester United Real Madrid,England,17.0,https://en.wikipedia.org/wiki/2003_Ballon_d%27Or,1,2003-01-01,2003-12-31,David Beckham
2003,2003,11,Ronaldo,Real Madrid,Brazil,11.0,https://en.wikipedia.org/wiki/2003_Ballon_d%27Or,1,2003-01-01,2003-12-31,Ronaldo
2003,2003,12,Henrik Larsson,Celtic,Sweden,6.0,https://en.wikipedia.org/wiki/2003_Ballon_d%27Or,1,2003-01-01,2003-12-31,Henrik Larsson
2003,2003,13,Alessandro Del Piero,Juventus,Italy,4.0,https://en.wikipedia.org/wiki/2003_Ballon_d%27Or,1,2003-01-01,2003-12-31,Alessandro Del Piero
2003,2003,13,Dida,Milan,Brazil,4.0,https://en.wikipedia.org/wiki/2003_Ballon_d%27Or,1,2003-01-01,2003-12-31,Dida
2003,2003,13,Roy Makaay,Deportivo La Coruña Bayern Munich,Netherlands,4.0,https://en.wikipedia.org/wiki/2003_Ballon_d%27Or,1,2003-01-01,2003-12-31,Roy Makaay
2003,2003,13,Alessandro Nesta,Milan,Italy,4.0,https://en.wikipedia.org/wiki/2003_Ballon_d%27Or,1,2003-01-01,2003-12-31,Alessandro Nesta
2003,2003,13,Deco,Porto,Portugal,4.0,https://en.wikipedia.org/wiki/2003_Ballon_d%27Or,1,2003-01-01,2003-12-31,Deco
2003,2003,18,Nihat Kahveci,Real Sociedad,Turkey,3.0,https://en.wikipedia.org/wiki/2003_Ballon_d%27Or,1,2003-01-01,2003-12-31,Nihat Kahveci
2003,2003,18,Francesco Totti,Roma,Italy,3.0,https://en.wikipedia.org/wiki/2003_Ballon_d%27Or,1,2003-01-01,2003-12-31,Francesco Totti
2003,2003,20,Michael Ballack,Bayern Munich,Germany,2.0,https://en.wikipedia.org/wiki/2003_Ballon_d%27Or,1,2003-01-01,2003-12-31,Michael Ballack
2003,2003,20,Zlatan Ibrahimović,Ajax,Sweden,2.0,https://en.wikipedia.org/wiki/2003_Ballon_d%27Or,1,2003-01-01,2003-12-31,Zlatan Ibrahimović
2003,2003,22,Filippo Inzaghi,Milan,Italy,1.0,https://en.wikipedia.org/wiki/2003_Ballon_d%27Or,1,2003-01-01,2003-12-31,Filippo Inzaghi
2003,2003,22,Jan Koller,Borussia Dortmund,Czech Republic,1.0,https://en.wikipedia.org/wiki/2003_Ballon_d%27Or,1,2003-01-01,2003-12-31,Jan Koller
2003,2003,22,Adrian Mutu,Parma Chelsea,Romania,1.0,https://en.wikipedia.org/wiki/2003_Ballon_d%27Or,1,2003-01-01,2003-12-31,Adrian Mutu
2003,2003,22,Ronaldinho,Paris Saint-Germain Barcelona,Brazil,1.0,https://en.wikipedia.org/wiki/2003_Ballon_d%27Or,1,2003-01-01,2003-12-31,Ronaldinho
2003,2003,22,Francesco Toldo,Internazionale,Italy,1.0,https://en.wikipedia.org/wiki/2003_Ballon_d%27Or,1,2003-01-01,2003-12-31,Francesco Toldo
2004,2004,1,Andriy Shevchenko,Milan,Ukraine,175.0,https://en.wikipedia.org/wiki/2004_Ballon_d%27Or,1,2004-01-01,2004-12-31,Andriy Shevchenko
2004,2004,2,Deco,Porto Barcelona,Portugal,139.0,https://en.wikipedia.org/wiki/2004_Ballon_d%27Or,1,2004-01-01,2004-12-31,Deco
2004,2004,3,Ronaldinho,Barcelona,Brazil,133.0,https://en.wikipedia.org/wiki/2004_Ballon_d%27Or,1,2004-01-01,2004-12-31,Ronaldinho
2004,2004,4,Thierry Henry,Arsenal,France,80.0,https://en.wikipedia.org/wiki/2004_Ballon_d%27Or,1,2004-01-01,2004-12-31,Thierry Henry
2004,2004,5,Theodoros Zagorakis,AEK Athens Bologna,Greece,44.0,https://en.wikipedia.org/wiki/2004_Ballon_d%27Or,1,2004-01-01,2004-12-31,Theodoros Zagorakis
2004,2004,6,Adriano,Parma Internazionale,Brazil,27.0,https://en.wikipedia.org/wiki/2004_Ballon_d%27Or,1,2004-01-01,2004-12-31,Adriano
2004,2004,7,Pavel Nedvěd,Juventus,Czech Republic,23.0,https://en.wikipedia.org/wiki/2004_Ballon_d%27Or,1,2004-01-01,2004-12-31,Pavel Nedvěd
2004,2004,8,Wayne Rooney,Everton,England,22.0,https://en.wikipedia.org/wiki/2004_Ballon_d%27Or,1,2004-01-01,2004-12-31,Wayne Rooney
2004,2004,9,Ricardo Carvalho,Porto Chelsea,Portugal,18.0,https://en.wikipedia.org/wiki/2004_Ballon_d%27Or,1,2004-01-01,2004-12-31,Ricardo Carvalho
2004,2004,9,Ruud van Nistelrooy,Manchester United,Netherlands,18.0,https://en.wikipedia.org/wiki/2004_Ballon_d%27Or,1,2004-01-01,2004-12-31,Ruud van Nistelrooy
2004,2004,11,Angelos Charisteas,Werder Bremen,Greece,15.0,https://en.wikipedia.org/wiki/2004_Ballon_d%27Or,1,2004-01-01,2004-12-31,Angelos Charisteas
2004,2004,12,Cristiano Ronaldo,Manchester United,Portugal,11.0,https://en.wikipedia.org/wiki/2004_Ballon_d%27Or,1,2004-01-01,2004-12-31,Cristiano Ronaldo
2004,2004,12,Milan Baroš,Liverpool,Czech Republic,11.0,https://en.wikipedia.org/wiki/2004_Ballon_d%27Or,1,2004-01-01,2004-12-31,Milan Baroš
2004,2004,14,Zlatan Ibrahimović,Ajax Juventus,Sweden,8.0,https://en.wikipedia.org/wiki/2004_Ballon_d%27Or,1,2004-01-01,2004-12-31,Zlatan Ibrahimović
2004,2004,15,Samuel Eto'o,Mallorca Barcelona,Cameroon,7.0,https://en.wikipedia.org/wiki/2004_Ballon_d%27Or,1,2004-01-01,2004-12-31,Samuel Eto'o
2004,2004,15,Kaká,Milan,Brazil,7.0,https://en.wikipedia.org/wiki/2004_Ballon_d%27Or,1,2004-01-01,2004-12-31,Kaká
2004,2004,17,Traianos Dellas,Roma,Greece,5.0,https://en.wikipedia.org/wiki/2004_Ballon_d%27Or,1,2004-01-01,2004-12-31,Traianos Dellas
2004,2004,17,Fernando Morientes,Monaco Real Madrid,Spain,5.0,https://en.wikipedia.org/wiki/2004_Ballon_d%27Or,1,2004-01-01,2004-12-31,Fernando Morientes
2004,2004,17,Frank Lampard,Chelsea,England,5.0,https://en.wikipedia.org/wiki/2004_Ballon_d%27Or,1,2004-01-01,2004-12-31,Frank Lampard
2004,2004,17,Didier Drogba,Marseille Chelsea,Ivory Coast,5.0,https://en.wikipedia.org/wiki/2004_Ballon_d%27Or,1,2004-01-01,2004-12-31,Didier Drogba
2004,2004,17,Gianluigi Buffon,Juventus,Italy,5.0,https://en.wikipedia.org/wiki/2004_Ballon_d%27Or,1,2004-01-01,2004-12-31,Gianluigi Buffon
2004,2004,22,Luís Figo,Real Madrid,Portugal,4.0,https://en.wikipedia.org/wiki/2004_Ballon_d%27Or,1,2004-01-01,2004-12-31,Luís Figo
2004,2004,23,Zinedine Zidane,Real Madrid,France,3.0,https://en.wikipedia.org/wiki/2004_Ballon_d%27Or,1,2004-01-01,2004-12-31,Zinedine Zidane
2004,2004,24,Rubén Baraja,Valencia,Spain,2.0,https://en.wikipedia.org/wiki/2004_Ballon_d%27Or,1,2004-01-01,2004-12-31,Rubén Baraja
2004,2004,24,Ludovic Giuly,Monaco Barcelona,France,2.0,https://en.wikipedia.org/wiki/2004_Ballon_d%27Or,1,2004-01-01,2004-12-31,Ludovic Giuly
2004,2004,24,Maniche,Porto,Portugal,2.0,https://en.wikipedia.org/wiki/2004_Ballon_d%27Or,1,2004-01-01,2004-12-31,Maniche
2004,2004,24,Antonios Nikopolidis,Panathinaikos Olympiacos,Greece,2.0,https://en.wikipedia.org/wiki/2004_Ballon_d%27Or,1,2004-01-01,2004-12-31,Antonios Nikopolidis
2004,2004,28,Paolo Maldini,Milan,Italy,1.0,https://en.wikipedia.org/wiki/2004_Ballon_d%27Or,1,2004-01-01,2004-12-31,Paolo Maldini
2004,2004,28,Vicente,Valencia,Spain,1.0,https://en.wikipedia.org/wiki/2004_Ballon_d%27Or,1,2004-01-01,2004-12-31,Vicente
2005,2005,1,Ronaldinho,Barcelona,Brazil,225.0,https://en.wikipedia.org/wiki/2005_Ballon_d%27Or,1,2005-01-01,2005-12-31,Ronaldinho
2005,2005,2,Frank Lampard,Chelsea,England,148.0,https://en.wikipedia.org/wiki/2005_Ballon_d%27Or,1,2005-01-01,2005-12-31,Frank Lampard
2005,2005,3,Steven Gerrard,Liverpool,England,142.0,https://en.wikipedia.org/wiki/2005_Ballon_d%27Or,1,2005-01-01,2005-12-31,Steven Gerrard
2005,2005,4,Thierry Henry,Arsenal,France,41.0,https://en.wikipedia.org/wiki/2005_Ballon_d%27Or,1,2005-01-01,2005-12-31,Thierry Henry
2005,2005,5,Andriy Shevchenko,Milan,Ukraine,33.0,https://en.wikipedia.org/wiki/2005_Ballon_d%27Or,1,2005-01-01,2005-12-31,Andriy Shevchenko
2005,2005,6,Paolo Maldini,Milan,Italy,23.0,https://en.wikipedia.org/wiki/2005_Ballon_d%27Or,1,2005-01-01,2005-12-31,Paolo Maldini
2005,2005,7,Adriano,Internazionale,Brazil,22.0,https://en.wikipedia.org/wiki/2005_Ballon_d%27Or,1,2005-01-01,2005-12-31,Adriano
2005,2005,8,Zlatan Ibrahimović,Juventus,Sweden,21.0,https://en.wikipedia.org/wiki/2005_Ballon_d%27Or,1,2005-01-01,2005-12-31,Zlatan Ibrahimović
2005,2005,9,Kaká,Milan,Brazil,19.0,https://en.wikipedia.org/wiki/2005_Ballon_d%27Or,1,2005-01-01,2005-12-31,Kaká
2005,2005,10,Samuel Eto'o,Barcelona,Cameroon,18.0,https://en.wikipedia.org/wiki/2005_Ballon_d%27Or,1,2005-01-01,2005-12-31,Samuel Eto'o
2005,2005,10,John Terry,Chelsea,England,18.0,https://en.wikipedia.org/wiki/2005_Ballon_d%27Or,1,2005-01-01,2005-12-31,John Terry
2005,2005,12,Juninho,Lyon,Brazil,15.0,https://en.wikipedia.org/wiki/2005_Ballon_d%27Or,1,2005-01-01,2005-12-31,Juninho
2005,2005,13,Claude Makélélé,Chelsea,France,8.0,https://en.wikipedia.org/wiki/2005_Ballon_d%27Or,1,2005-01-01,2005-12-31,Claude Makélélé
2005,2005,14,Juan Román Riquelme,Villarreal,Argentina,7.0,https://en.wikipedia.org/wiki/2005_Ballon_d%27Or,1,2005-01-01,2005-12-31,Juan Román Riquelme
2005,2005,14,Petr Čech,Chelsea,Czech Republic,7.0,https://en.wikipedia.org/wiki/2005_Ballon_d%27Or,1,2005-01-01,2005-12-31,Petr Čech
2005,2005,14,Didier Drogba,Chelsea,Ivory Coast,7.0,https://en.wikipedia.org/wiki/2005_Ballon_d%27Or,1,2005-01-01,2005-12-31,Didier Drogba
2005,2005,14,Michael Ballack,Bayern Munich,Germany,7.0,https://en.wikipedia.org/wiki/2005_Ballon_d%27Or,1,2005-01-01,2005-12-31,Michael Ballack
2005,2005,18,Zinedine Zidane,Real Madrid,France,5.0,https://en.wikipedia.org/wiki/2005_Ballon_d%27Or,1,2005-01-01,2005-12-31,Zinedine Zidane
2005,2005,19,Gianluigi Buffon,Juventus,Italy,4.0,https://en.wikipedia.org/wiki/2005_Ballon_d%27Or,1,2005-01-01,2005-12-31,Gianluigi Buffon
2005,2005,20,Jamie Carragher,Liverpool,England,3.0,https://en.wikipedia.org/wiki/2005_Ballon_d%27Or,1,2005-01-01,2005-12-31,Jamie Carragher
2005,2005,20,Cristiano Ronaldo,Manchester United,Portugal,3.0,https://en.wikipedia.org/wiki/2005_Ballon_d%27Or,1,2005-01-01,2005-12-31,Cristiano Ronaldo
2005,2005,22,Michael Essien,Lyon Chelsea,Ghana,2.0,https://en.wikipedia.org/wiki/2005_Ballon_d%27Or,1,2005-01-01,2005-12-31,Michael Essien
2005,2005,23,Luis García,Liverpool,Spain,1.0,https://en.wikipedia.org/wiki/2005_Ballon_d%27Or,1,2005-01-01,2005-12-31,Luis García
2005,2005,23,Pavel Nedvěd,Juventus,Czech Republic,1.0,https://en.wikipedia.org/wiki/2005_Ballon_d%27Or,1,2005-01-01,2005-12-31,Pavel Nedvěd
2006,2006,1,Fabio Cannavaro,Juventus Real Madrid,Italy,173.0,https://en.wikipedia.org/wiki/2006_Ballon_d%27Or,1,2006-01-01,2006-12-31,Fabio Cannavaro
2006,2006,2,Gianluigi Buffon,Juventus,Italy,124.0,https://en.wikipedia.org/wiki/2006_Ballon_d%27Or,1,2006-01-01,2006-12-31,Gianluigi Buffon
2006,2006,3,Thierry Henry,Arsenal,France,121.0,https://en.wikipedia.org/wiki/2006_Ballon_d%27Or,1,2006-01-01,2006-12-31,Thierry Henry
2006,2006,4,Ronaldinho,Barcelona,Brazil,73.0,https://en.wikipedia.org/wiki/2006_Ballon_d%27Or,1,2006-01-01,2006-12-31,Ronaldinho
2006,2006,5,Zinedine Zidane,Real Madrid,France,71.0,https://en.wikipedia.org/wiki/2006_Ballon_d%27Or,1,2006-01-01,2006-12-31,Zinedine Zidane
2006,2006,6,Samuel Eto'o,Barcelona,Cameroon,67.0,https://en.wikipedia.org/wiki/2006_Ballon_d%27Or,1,2006-01-01,2006-12-31,Samuel Eto'o
2006,2006,7,Miroslav Klose,Werder Bremen,Germany,29.0,https://en.wikipedia.org/wiki/2006_Ballon_d%27Or,1,2006-01-01,2006-12-31,Miroslav Klose
2006,2006,8,Didier Drogba,Chelsea,Ivory Coast,25.0,https://en.wikipedia.org/wiki/2006_Ballon_d%27Or,1,2006-01-01,2006-12-31,Didier Drogba
2006,2006,9,Andrea Pirlo,Milan,Italy,17.0,https://en.wikipedia.org/wiki/2006_Ballon_d%27Or,1,2006-01-01,2006-12-31,Andrea Pirlo
2006,2006,10,Jens Lehmann,Arsenal,Germany,13.0,https://en.wikipedia.org/wiki/2006_Ballon_d%27Or,1,2006-01-01,2006-12-31,Jens Lehmann
2006,2006,11,Deco,Barcelona,Portugal,11.0,https://en.wikipedia.org/wiki/2006_Ballon_d%27Or,1,2006-01-01,2006-12-31,Deco
2006,2006,11,Kaká,Milan,Brazil,11.0,https://en.wikipedia.org/wiki/2006_Ballon_d%27Or,1,2006-01-01,2006-12-31,Kaká
2006,2006,13,Franck Ribéry,Marseille,France,9.0,https://en.wikipedia.org/wiki/2006_Ballon_d%27Or,1,2006-01-01,2006-12-31,Franck Ribéry
2006,2006,14,Gennaro Gattuso,Milan,Italy,5.0,https://en.wikipedia.org/wiki/2006_Ballon_d%27Or,1,2006-01-01,2006-12-31,Gennaro Gattuso
2006,2006,14,Patrick Vieira,Juventus Internazionale,France,5.0,https://en.wikipedia.org/wiki/2006_Ballon_d%27Or,1,2006-01-01,2006-12-31,Patrick Vieira
2006,2006,14,Cristiano Ronaldo,Manchester United,Portugal,5.0,https://en.wikipedia.org/wiki/2006_Ballon_d%27Or,1,2006-01-01,2006-12-31,Cristiano Ronaldo
2006,2006,17,Frank Lampard,Chelsea,England,3.0,https://en.wikipedia.org/wiki/2006_Ballon_d%27Or,1,2006-01-01,2006-12-31,Frank Lampard
2006,2006,17,Lukas Podolski,1. FC Köln Bayern Munich,Germany,3.0,https://en.wikipedia.org/wiki/2006_Ballon_d%27Or,1,2006-01-01,2006-12-31,Lukas Podolski
2006,2006,17,Carles Puyol,Barcelona,Spain,3.0,https://en.wikipedia.org/wiki/2006_Ballon_d%27Or,1,2006-01-01,2006-12-31,Carles Puyol
2006,2006,20,Juninho,Lyon,Brazil,2.0,https://en.wikipedia.org/wiki/2006_Ballon_d%27Or,1,2006-01-01,2006-12-31,Juninho
2006,2006,20,Lionel Messi,Barcelona,Argentina,2.0,https://en.wikipedia.org/wiki/2006_Ballon_d%27Or,1,2006-01-01,2006-12-31,Lionel Messi
2006,2006,20,Luca Toni,Fiorentina,Italy,2.0,https://en.wikipedia.org/wiki/2006_Ballon_d%27Or,1,2006-01-01,2006-12-31,Luca Toni
2006,2006,20,John Terry,Chelsea,England,2.0,https://en.wikipedia.org/wiki/2006_Ballon_d%27Or,1,2006-01-01,2006-12-31,John Terry
2006,2006,20,Gianluca Zambrotta,Juventus Barcelona,Italy,2.0,https://en.wikipedia.org/wiki/2006_Ballon_d%27Or,1,2006-01-01,2006-12-31,Gianluca Zambrotta
2006,2006,25,Philipp Lahm,Bayern Munich,Germany,1.0,https://en.wikipedia.org/wiki/2006_Ballon_d%27Or,1,2006-01-01,2006-12-31,Philipp Lahm
2006,2006,25,David Villa,Valencia,Spain,1.0,https://en.wikipedia.org/wiki/2006_Ballon_d%27Or,1,2006-01-01,2006-12-31,David Villa
2007,2007,1,Kaká,Milan,Brazil,444.0,https://en.wikipedia.org/wiki/2007_Ballon_d%27Or,1,2007-01-01,2007-12-31,Kaká
2007,2007,2,Cristiano Ronaldo,Manchester United,Portugal,277.0,https://en.wikipedia.org/wiki/2007_Ballon_d%27Or,1,2007-01-01,2007-12-31,Cristiano Ronaldo
2007,2007,3,Lionel Messi,Barcelona,Argentina,255.0,https://en.wikipedia.org/wiki/2007_Ballon_d%27Or,1,2007-01-01,2007-12-31,Lionel Messi
2007,2007,4,Didier Drogba,Chelsea,Ivory Coast,108.0,https://en.wikipedia.org/wiki/2007_Ballon_d%27Or,1,2007-01-01,2007-12-31,Didier Drogba
2007,2007,5,Andrea Pirlo,Milan,Italy,41.0,https://en.wikipedia.org/wiki/2007_Ballon_d%27Or,1,2007-01-01,2007-12-31,Andrea Pirlo
2007,2007,6,Ruud van Nistelrooy,Real Madrid,Netherlands,39.0,https://en.wikipedia.org/wiki/2007_Ballon_d%27Or,1,2007-01-01,2007-12-31,Ruud van Nistelrooy
2007,2007,7,Zlatan Ibrahimović,Internazionale,Sweden,31.0,https://en.wikipedia.org/wiki/2007_Ballon_d%27Or,1,2007-01-01,2007-12-31,Zlatan Ibrahimović
2007,2007,8,Cesc Fàbregas,Arsenal,Spain,27.0,https://en.wikipedia.org/wiki/2007_Ballon_d%27Or,1,2007-01-01,2007-12-31,Cesc Fàbregas
2007,2007,9,Robinho,Real Madrid,Brazil,24.0,https://en.wikipedia.org/wiki/2007_Ballon_d%27Or,1,2007-01-01,2007-12-31,Robinho
2007,2007,10,Francesco Totti,Roma,Italy,20.0,https://en.wikipedia.org/wiki/2007_Ballon_d%27Or,1,2007-01-01,2007-12-31,Francesco Totti
2007,2007,11,Frédéric Kanouté,Sevilla,Mali,19.0,https://en.wikipedia.org/wiki/2007_Ballon_d%27Or,1,2007-01-01,2007-12-31,Frédéric Kanouté
2007,2007,12,Ronaldinho,Barcelona,Brazil,18.0,https://en.wikipedia.org/wiki/2007_Ballon_d%27Or,1,2007-01-01,2007-12-31,Ronaldinho
2007,2007,13,Steven Gerrard,Liverpool,England,17.0,https://en.wikipedia.org/wiki/2007_Ballon_d%27Or,1,2007-01-01,2007-12-31,Steven Gerrard
2007,2007,14,Juan Román Riquelme,Villarreal Boca Juniors,Argentina,15.0,https://en.wikipedia.org/wiki/2007_Ballon_d%27Or,1,2007-01-01,2007-12-31,Juan Román Riquelme
2007,2007,15,Dani Alves,Sevilla,Brazil,14.0,https://en.wikipedia.org/wiki/2007_Ballon_d%27Or,1,2007-01-01,2007-12-31,Dani Alves
2007,2007,16,Filippo Inzaghi,Milan,Italy,12.0,https://en.wikipedia.org/wiki/2007_Ballon_d%27Or,1,2007-01-01,2007-12-31,Filippo Inzaghi
2007,2007,17,Franck Ribéry,Marseille Bayern Munich,France,10.0,https://en.wikipedia.org/wiki/2007_Ballon_d%27Or,1,2007-01-01,2007-12-31,Franck Ribéry
2007,2007,18,Paolo Maldini,Milan,Italy,8.0,https://en.wikipedia.org/wiki/2007_Ballon_d%27Or,1,2007-01-01,2007-12-31,Paolo Maldini
2007,2007,19,Gianluigi Buffon,Juventus,Italy,7.0,https://en.wikipedia.org/wiki/2007_Ballon_d%27Or,1,2007-01-01,2007-12-31,Gianluigi Buffon
2007,2007,19,Petr Čech,Chelsea,Czech Republic,7.0,https://en.wikipedia.org/wiki/2007_Ballon_d%27Or,1,2007-01-01,2007-12-31,Petr Čech
2007,2007,19,Gennaro Gattuso,Milan,Italy,7.0,https://en.wikipedia.org/wiki/2007_Ballon_d%27Or,1,2007-01-01,2007-12-31,Gennaro Gattuso
2007,2007,19,Thierry Henry,Arsenal Barcelona,France,7.0,https://en.wikipedia.org/wiki/2007_Ballon_d%27Or,1,2007-01-01,2007-12-31,Thierry Henry
2007,2007,19,Clarence Seedorf,Milan,Netherlands,7.0,https://en.wikipedia.org/wiki/2007_Ballon_d%27Or,1,2007-01-01,2007-12-31,Clarence Seedorf
2007,2007,24,Fabio Cannavaro,Real Madrid,Italy,5.0,https://en.wikipedia.org/wiki/2007_Ballon_d%27Or,1,2007-01-01,2007-12-31,Fabio Cannavaro
2007,2007,24,Michael Essien,Chelsea,Ghana,5.0,https://en.wikipedia.org/wiki/2007_Ballon_d%27Or,1,2007-01-01,2007-12-31,Michael Essien
2007,2007,26,Wayne Rooney,Manchester United,England,4.0,https://en.wikipedia.org/wiki/2007_Ballon_d%27Or,1,2007-01-01,2007-12-31,Wayne Rooney
2007,2007,27,Iker Casillas,Real Madrid,Spain,3.0,https://en.wikipedia.org/wiki/2007_Ballon_d%27Or,1,2007-01-01,2007-12-31,Iker Casillas
2007,2007,27,Rogério Ceni,São Paulo,Brazil,3.0,https://en.wikipedia.org/wiki/2007_Ballon_d%27Or,1,2007-01-01,2007-12-31,Rogério Ceni
2007,2007,29,Younis Mahmoud,Al-Gharafa,Iraq,2.0,https://en.wikipedia.org/wiki/2007_Ballon_d%27Or,1,2007-01-01,2007-12-31,Younis Mahmoud
2007,2007,30,Guillermo Ochoa,América,Mexico,1.0,https://en.wikipedia.org/wiki/2007_Ballon_d%27Or,1,2007-01-01,2007-12-31,Guillermo Ochoa
2007,2007,30,Dimitar Berbatov,Tottenham Hotspur,Bulgaria,1.0,https://en.wikipedia.org/wiki/2007_Ballon_d%27Or,1,2007-01-01,2007-12-31,Dimitar Berbatov
2007,2007,30,Samuel Eto'o,Barcelona,Cameroon,1.0,https://en.wikipedia.org/wiki/2007_Ballon_d%27Or,1,2007-01-01,2007-12-31,Samuel Eto'o
2007,2007,30,Ryan Giggs,Manchester United,Wales,1.0,https://en.wikipedia.org/wiki/2007_Ballon_d%27Or,1,2007-01-01,2007-12-31,Ryan Giggs
2007,2007,30,Carlos Tevez,West Ham United Manchester United,Argentina,1.0,https://en.wikipedia.org/wiki/2007_Ballon_d%27Or,1,2007-01-01,2007-12-31,Carlos Tevez
2007,2007,30,Robin van Persie,Arsenal,Netherlands,1.0,https://en.wikipedia.org/wiki/2007_Ballon_d%27Or,1,2007-01-01,2007-12-31,Robin van Persie
2007,2007,36,Eric Abidal,Lyon Barcelona,France,0.0,https://en.wikipedia.org/wiki/2007_Ballon_d%27Or,1,2007-01-01,2007-12-31,Eric Abidal
2007,2007,36,David Beckham,Real Madrid LA Galaxy,England,0.0,https://en.wikipedia.org/wiki/2007_Ballon_d%27Or,1,2007-01-01,2007-12-31,David Beckham
2007,2007,36,Deco,Barcelona,Portugal,0.0,https://en.wikipedia.org/wiki/2007_Ballon_d%27Or,1,2007-01-01,2007-12-31,Deco
2007,2007,36,Mahamadou Diarra,Real Madrid,Mali,0.0,https://en.wikipedia.org/wiki/2007_Ballon_d%27Or,1,2007-01-01,2007-12-31,Mahamadou Diarra
2007,2007,36,Diego,Werder Bremen,Brazil,0.0,https://en.wikipedia.org/wiki/2007_Ballon_d%27Or,1,2007-01-01,2007-12-31,Diego
2007,2007,36,Miroslav Klose,Werder Bremen Bayern Munich,Germany,0.0,https://en.wikipedia.org/wiki/2007_Ballon_d%27Or,1,2007-01-01,2007-12-31,Miroslav Klose
2007,2007,36,Florent Malouda,Lyon Chelsea,France,0.0,https://en.wikipedia.org/wiki/2007_Ballon_d%27Or,1,2007-01-01,2007-12-31,Florent Malouda
2007,2007,36,Shunsuke Nakamura,Celtic,Japan,0.0,https://en.wikipedia.org/wiki/2007_Ballon_d%27Or,1,2007-01-01,2007-12-31,Shunsuke Nakamura
2007,2007,36,Ricardo Quaresma,Porto,Portugal,0.0,https://en.wikipedia.org/wiki/2007_Ballon_d%27Or,1,2007-01-01,2007-12-31,Ricardo Quaresma
2007,2007,36,Raúl,Real Madrid,Spain,0.0,https://en.wikipedia.org/wiki/2007_Ballon_d%27Or,1,2007-01-01,2007-12-31,Raúl
2007,2007,36,Paul Scholes,Manchester United,England,0.0,https://en.wikipedia.org/wiki/2007_Ballon_d%27Or,1,2007-01-01,2007-12-31,Paul Scholes
2007,2007,36,Luca Toni,Bayern Munich,Italy,0.0,https://en.wikipedia.org/wiki/2007_Ballon_d%27Or,1,2007-01-01,2007-12-31,Luca Toni
2007,2007,36,Kolo Touré,Arsenal,Ivory Coast,0.0,https://en.wikipedia.org/wiki/2007_Ballon_d%27Or,1,2007-01-01,2007-12-31,Kolo Touré
2007,2007,36,Fernando Torres,Atlético Madrid Liverpool,Spain,0.0,https://en.wikipedia.org/wiki/2007_Ballon_d%27Or,1,2007-01-01,2007-12-31,Fernando Torres
2007,2007,36,David Villa,Valencia,Spain,0.0,https://en.wikipedia.org/wiki/2007_Ballon_d%27Or,1,2007-01-01,2007-12-31,David Villa
2008,2008,1,Cristiano Ronaldo,Manchester United,Portugal,446.0,https://en.wikipedia.org/wiki/2008_Ballon_d%27Or,1,2008-01-01,2008-12-31,Cristiano Ronaldo
2008,2008,2,Lionel Messi,Barcelona,Argentina,281.0,https://en.wikipedia.org/wiki/2008_Ballon_d%27Or,1,2008-01-01,2008-12-31,Lionel Messi
2008,2008,3,Fernando Torres,Liverpool,Spain,179.0,https://en.wikipedia.org/wiki/2008_Ballon_d%27Or,1,2008-01-01,2008-12-31,Fernando Torres
2008,2008,4,Iker Casillas,Real Madrid,Spain,133.0,https://en.wikipedia.org/wiki/2008_Ballon_d%27Or,1,2008-01-01,2008-12-31,Iker Casillas
2008,2008,5,Xavi,Barcelona,Spain,97.0,https://en.wikipedia.org/wiki/2008_Ballon_d%27Or,1,2008-01-01,2008-12-31,Xavi
2008,2008,6,Andrey Arshavin,Zenit Saint Petersburg,Russia,64.0,https://en.wikipedia.org/wiki/2008_Ballon_d%27Or,1,2008-01-01,2008-12-31,Andrey Arshavin
2008,2008,7,David Villa,Valencia,Spain,55.0,https://en.wikipedia.org/wiki/2008_Ballon_d%27Or,1,2008-01-01,2008-12-31,David Villa
2008,2008,8,Zlatan Ibrahimović,Internazionale,Sweden,30.0,https://en.wikipedia.org/wiki/2008_Ballon_d%27Or,1,2008-01-01,2008-12-31,Zlatan Ibrahimović
2008,2008,9,Kaká,Milan,Brazil,29.0,https://en.wikipedia.org/wiki/2008_Ballon_d%27Or,1,2008-01-01,2008-12-31,Kaká
2008,2008,10,Steven Gerrard,Liverpool,England,28.0,https://en.wikipedia.org/wiki/2008_Ballon_d%27Or,1,2008-01-01,2008-12-31,Steven Gerrard
2008,2008,11,Marcos Senna,Villarreal,Spain,16.0,https://en.wikipedia.org/wiki/2008_Ballon_d%27Or,1,2008-01-01,2008-12-31,Marcos Senna
2008,2008,12,Emmanuel Adebayor,Arsenal,Togo,12.0,https://en.wikipedia.org/wiki/2008_Ballon_d%27Or,1,2008-01-01,2008-12-31,Emmanuel Adebayor
2008,2008,13,Wayne Rooney,Manchester United,England,11.0,https://en.wikipedia.org/wiki/2008_Ballon_d%27Or,1,2008-01-01,2008-12-31,Wayne Rooney
2008,2008,14,Sergio Agüero,Atlético Madrid,Argentina,10.0,https://en.wikipedia.org/wiki/2008_Ballon_d%27Or,1,2008-01-01,2008-12-31,Sergio Agüero
2008,2008,15,Frank Lampard,Chelsea,England,8.0,https://en.wikipedia.org/wiki/2008_Ballon_d%27Or,1,2008-01-01,2008-12-31,Frank Lampard
2008,2008,16,Franck Ribéry,Bayern Munich,France,7.0,https://en.wikipedia.org/wiki/2008_Ballon_d%27Or,1,2008-01-01,2008-12-31,Franck Ribéry
2008,2008,17,Samuel Eto'o,Barcelona,Cameroon,6.0,https://en.wikipedia.org/wiki/2008_Ballon_d%27Or,1,2008-01-01,2008-12-31,Samuel Eto'o
2008,2008,18,Gianluigi Buffon,Juventus,Italy,5.0,https://en.wikipedia.org/wiki/2008_Ballon_d%27Or,1,2008-01-01,2008-12-31,Gianluigi Buffon
2008,2008,19,Michael Ballack,Chelsea,Germany,4.0,https://en.wikipedia.org/wiki/2008_Ballon_d%27Or,1,2008-01-01,2008-12-31,Michael Ballack
2008,2008,19,Cesc Fàbregas,Arsenal,Spain,4.0,https://en.wikipedia.org/wiki/2008_Ballon_d%27Or,1,2008-01-01,2008-12-31,Cesc Fàbregas
2008,2008,21,Didier Drogba,Chelsea,Ivory Coast,3.0,https://en.wikipedia.org/wiki/2008_Ballon_d%27Or,1,2008-01-01,2008-12-31,Didier Drogba
2008,2008,21,Sergio Ramos,Real Madrid,Spain,3.0,https://en.wikipedia.org/wiki/2008_Ballon_d%27Or,1,2008-01-01,2008-12-31,Sergio Ramos
2008,2008,21,Nemanja Vidić,Manchester United,Serbia,3.0,https://en.wikipedia.org/wiki/2008_Ballon_d%27Or,1,2008-01-01,2008-12-31,Nemanja Vidić
2008,2008,24,Edwin van der Sar,Manchester United,Netherlands,2.0,https://en.wikipedia.org/wiki/2008_Ballon_d%27Or,1,2008-01-01,2008-12-31,Edwin van der Sar
2008,2008,24,Ruud van Nistelrooy,Real Madrid,Netherlands,2.0,https://en.wikipedia.org/wiki/2008_Ballon_d%27Or,1,2008-01-01,2008-12-31,Ruud van Nistelrooy
2008,2008,26,Karim Benzema,Lyon,France,0.0,https://en.wikipedia.org/wiki/2008_Ballon_d%27Or,1,2008-01-01,2008-12-31,Karim Benzema
2008,2008,26,Pepe,Real Madrid,Portugal,0.0,https://en.wikipedia.org/wiki/2008_Ballon_d%27Or,1,2008-01-01,2008-12-31,Pepe
2008,2008,26,Luca Toni,Bayern Munich,Italy,0.0,https://en.wikipedia.org/wiki/2008_Ballon_d%27Or,1,2008-01-01,2008-12-31,Luca Toni
2008,2008,26,Rafael van der Vaart,Hamburg Real Madrid,Netherlands,0.0,https://en.wikipedia.org/wiki/2008_Ballon_d%27Or,1,2008-01-01,2008-12-31,Rafael van der Vaart
2008,2008,26,Yuri Zhirkov,CSKA Moscow,Russia,0.0,https://en.wikipedia.org/wiki/2008_Ballon_d%27Or,1,2008-01-01,2008-12-31,Yuri Zhirkov
2009,2009,1,Lionel Messi,Barcelona,Argentina,473.0,https://en.wikipedia.org/wiki/2009_Ballon_d%27Or,1,2009-01-01,2009-12-31,Lionel Messi
2009,2009,2,Cristiano Ronaldo,Manchester United Real Madrid,Portugal,233.0,https://en.wikipedia.org/wiki/2009_Ballon_d%27Or,1,2009-01-01,2009-12-31,Cristiano Ronaldo
2009,2009,3,Xavi,Barcelona,Spain,170.0,https://en.wikipedia.org/wiki/2009_Ballon_d%27Or,1,2009-01-01,2009-12-31,Xavi
2009,2009,4,Andrés Iniesta,Barcelona,Spain,149.0,https://en.wikipedia.org/wiki/2009_Ballon_d%27Or,1,2009-01-01,2009-12-31,Andrés Iniesta
2009,2009,5,Samuel Eto'o,Barcelona Internazionale,Cameroon,75.0,https://en.wikipedia.org/wiki/2009_Ballon_d%27Or,1,2009-01-01,2009-12-31,Samuel Eto'o
2009,2009,6,Kaká,Milan Real Madrid,Brazil,58.0,https://en.wikipedia.org/wiki/2009_Ballon_d%27Or,1,2009-01-01,2009-12-31,Kaká
2009,2009,7,Zlatan Ibrahimović,Internazionale Barcelona,Sweden,50.0,https://en.wikipedia.org/wiki/2009_Ballon_d%27Or,1,2009-01-01,2009-12-31,Zlatan Ibrahimović
2009,2009,8,Wayne Rooney,Manchester United,England,35.0,https://en.wikipedia.org/wiki/2009_Ballon_d%27Or,1,2009-01-01,2009-12-31,Wayne Rooney
2009,2009,9,Didier Drogba,Chelsea,Ivory Coast,33.0,https://en.wikipedia.org/wiki/2009_Ballon_d%27Or,1,2009-01-01,2009-12-31,Didier Drogba
2009,2009,10,Steven Gerrard,Liverpool,England,32.0,https://en.wikipedia.org/wiki/2009_Ballon_d%27Or,1,2009-01-01,2009-12-31,Steven Gerrard
2009,2009,11,Fernando Torres,Liverpool,Spain,22.0,https://en.wikipedia.org/wiki/2009_Ballon_d%27Or,1,2009-01-01,2009-12-31,Fernando Torres
2009,2009,12,Cesc Fàbregas,Arsenal,Spain,13.0,https://en.wikipedia.org/wiki/2009_Ballon_d%27Or,1,2009-01-01,2009-12-31,Cesc Fàbregas
2009,2009,13,Edin Džeko,VfL Wolfsburg,Bosnia and Herzegovina,12.0,https://en.wikipedia.org/wiki/2009_Ballon_d%27Or,1,2009-01-01,2009-12-31,Edin Džeko
2009,2009,14,Ryan Giggs,Manchester United,Wales,11.0,https://en.wikipedia.org/wiki/2009_Ballon_d%27Or,1,2009-01-01,2009-12-31,Ryan Giggs
2009,2009,15,Thierry Henry,Barcelona,France,9.0,https://en.wikipedia.org/wiki/2009_Ballon_d%27Or,1,2009-01-01,2009-12-31,Thierry Henry
2009,2009,16,Luís Fabiano,Sevilla,Brazil,8.0,https://en.wikipedia.org/wiki/2009_Ballon_d%27Or,1,2009-01-01,2009-12-31,Luís Fabiano
2009,2009,16,Nemanja Vidić,Manchester United,Serbia,8.0,https://en.wikipedia.org/wiki/2009_Ballon_d%27Or,1,2009-01-01,2009-12-31,Nemanja Vidić
2009,2009,16,Iker Casillas,Real Madrid,Spain,8.0,https://en.wikipedia.org/wiki/2009_Ballon_d%27Or,1,2009-01-01,2009-12-31,Iker Casillas
2009,2009,19,Diego Forlán,Atlético Madrid,Uruguay,7.0,https://en.wikipedia.org/wiki/2009_Ballon_d%27Or,1,2009-01-01,2009-12-31,Diego Forlán
2009,2009,20,Yoann Gourcuff,Bordeaux,France,6.0,https://en.wikipedia.org/wiki/2009_Ballon_d%27Or,1,2009-01-01,2009-12-31,Yoann Gourcuff
2009,2009,21,Andrey Arshavin,Arsenal,Russia,5.0,https://en.wikipedia.org/wiki/2009_Ballon_d%27Or,1,2009-01-01,2009-12-31,Andrey Arshavin
2009,2009,21,Júlio César,Internazionale,Brazil,5.0,https://en.wikipedia.org/wiki/2009_Ballon_d%27Or,1,2009-01-01,2009-12-31,Júlio César
2009,2009,21,Frank Lampard,Chelsea,England,5.0,https://en.wikipedia.org/wiki/2009_Ballon_d%27Or,1,2009-01-01,2009-12-31,Frank Lampard
2009,2009,24,Maicon,Internazionale,Brazil,4.0,https://en.wikipedia.org/wiki/2009_Ballon_d%27Or,1,2009-01-01,2009-12-31,Maicon
2009,2009,25,Diego,Werder Bremen Juventus,Brazil,3.0,https://en.wikipedia.org/wiki/2009_Ballon_d%27Or,1,2009-01-01,2009-12-31,Diego
2009,2009,26,David Villa,Valencia,Spain,2.0,https://en.wikipedia.org/wiki/2009_Ballon_d%27Or,1,2009-01-01,2009-12-31,David Villa
2009,2009,26,John Terry,Chelsea,England,2.0,https://en.wikipedia.org/wiki/2009_Ballon_d%27Or,1,2009-01-01,2009-12-31,John Terry
2009,2009,28,Franck Ribéry,Bayern Munich,France,1.0,https://en.wikipedia.org/wiki/2009_Ballon_d%27Or,1,2009-01-01,2009-12-31,Franck Ribéry
2009,2009,28,Yaya Touré,Barcelona,Ivory Coast,1.0,https://en.wikipedia.org/wiki/2009_Ballon_d%27Or,1,2009-01-01,2009-12-31,Yaya Touré
2009,2009,30,Karim Benzema,Lyon Real Madrid,France,0.0,https://en.wikipedia.org/wiki/2009_Ballon_d%27Or,1,2009-01-01,2009-12-31,Karim Benzema
2010,2010,1,Lionel Messi,Barcelona,Argentina,22.65,https://en.wikipedia.org/wiki/2010_FIFA_Ballon_d%27Or,1,2010-01-01,2010-12-31,Lionel Messi
2010,2010,2,Andrés Iniesta,Barcelona,Spain,17.36,https://en.wikipedia.org/wiki/2010_FIFA_Ballon_d%27Or,1,2010-01-01,2010-12-31,Andrés Iniesta
2010,2010,3,Xavi,Barcelona,Spain,16.48,https://en.wikipedia.org/wiki/2010_FIFA_Ballon_d%27Or,1,2010-01-01,2010-12-31,Xavi
2010,2010,4,Wesley Sneijder,Internazionale,Netherlands,14.48,https://en.wikipedia.org/wiki/2010_FIFA_Ballon_d%27Or,2,2010-01-01,2010-12-31,Wesley Sneijder
2010,2010,5,Diego Forlán,Atlético Madrid,Uruguay,7.61,https://en.wikipedia.org/wiki/2010_FIFA_Ballon_d%27Or,2,2010-01-01,2010-12-31,Diego Forlán
2010,2010,6,Cristiano Ronaldo,Real Madrid,Portugal,3.92,https://en.wikipedia.org/wiki/2010_FIFA_Ballon_d%27Or,2,2010-01-01,2010-12-31,Cristiano Ronaldo
2010,2010,7,Iker Casillas,Real Madrid,Spain,2.9,https://en.wikipedia.org/wiki/2010_FIFA_Ballon_d%27Or,2,2010-01-01,2010-12-31,Iker Casillas
2010,2010,8,David Villa,Valencia Barcelona,Spain,2.25,https://en.wikipedia.org/wiki/2010_FIFA_Ballon_d%27Or,2,2010-01-01,2010-12-31,David Villa
2010,2010,9,Didier Drogba,Chelsea,Ivory Coast,1.68,https://en.wikipedia.org/wiki/2010_FIFA_Ballon_d%27Or,2,2010-01-01,2010-12-31,Didier Drogba
2010,2010,10,Xabi Alonso,Real Madrid,Spain,1.52,https://en.wikipedia.org/wiki/2010_FIFA_Ballon_d%27Or,2,2010-01-01,2010-12-31,Xabi Alonso
2010,2010,11,Carles Puyol,Barcelona,Spain,1.43,https://en.wikipedia.org/wiki/2010_FIFA_Ballon_d%27Or,2,2010-01-01,2010-12-31,Carles Puyol
2010,2010,12,Samuel Eto'o,Internazionale,Cameroon,1.37,https://en.wikipedia.org/wiki/2010_FIFA_Ballon_d%27Or,2,2010-01-01,2010-12-31,Samuel Eto'o
2010,2010,13,Mesut Özil,Real Madrid,Germany,1.21,https://en.wikipedia.org/wiki/2010_FIFA_Ballon_d%27Or,2,2010-01-01,2010-12-31,Mesut Özil
2010,2010,14,Arjen Robben,Bayern Munich,Netherlands,1.16,https://en.wikipedia.org/wiki/2010_FIFA_Ballon_d%27Or,2,2010-01-01,2010-12-31,Arjen Robben
2010,2010,15,Thomas Müller,Bayern Munich,Germany,0.91,https://en.wikipedia.org/wiki/2010_FIFA_Ballon_d%27Or,2,2010-01-01,2010-12-31,Thomas Müller
2010,2010,16,Bastian Schweinsteiger,Bayern Munich,Germany,0.75,https://en.wikipedia.org/wiki/2010_FIFA_Ballon_d%27Or,2,2010-01-01,2010-12-31,Bastian Schweinsteiger
2010,2010,17,Maicon,Internazionale,Brazil,0.57,https://en.wikipedia.org/wiki/2010_FIFA_Ballon_d%27Or,2,2010-01-01,2010-12-31,Maicon
2010,2010,18,Asamoah Gyan,Sunderland,Ghana,0.46,https://en.wikipedia.org/wiki/2010_FIFA_Ballon_d%27Or,2,2010-01-01,2010-12-31,Asamoah Gyan
2010,2010,19,Júlio César,Internazionale,Brazil,0.22,https://en.wikipedia.org/wiki/2010_FIFA_Ballon_d%27Or,2,2010-01-01,2010-12-31,Júlio César
2010,2010,20,Cesc Fàbregas,Arsenal,Spain,0.22,https://en.wikipedia.org/wiki/2010_FIFA_Ballon_d%27Or,2,2010-01-01,2010-12-31,Cesc Fàbregas
2010,2010,21,Miroslav Klose,Bayern Munich,Germany,0.19,https://en.wikipedia.org/wiki/2010_FIFA_Ballon_d%27Or,2,2010-01-01,2010-12-31,Miroslav Klose
2010,2010,22,Philipp Lahm,Bayern Munich,Germany,0.05,https://en.wikipedia.org/wiki/2010_FIFA_Ballon_d%27Or,2,2010-01-01,2010-12-31,Philipp Lahm
2010,2010,23,Dani Alves,Barcelona,Brazil,0.05,https://en.wikipedia.org/wiki/2010_FIFA_Ballon_d%27Or,2,2010-01-01,2010-12-31,Dani Alves
2011,2011,1,Lionel Messi,Barcelona,Argentina,47.88,https://en.wikipedia.org/wiki/2011_FIFA_Ballon_d%27Or,1,2011-01-01,2011-12-31,Lionel Messi
2011,2011,2,Cristiano Ronaldo,Real Madrid,Portugal,21.6,https://en.wikipedia.org/wiki/2011_FIFA_Ballon_d%27Or,1,2011-01-01,2011-12-31,Cristiano Ronaldo
2011,2011,3,Xavi,Barcelona,Spain,9.23,https://en.wikipedia.org/wiki/2011_FIFA_Ballon_d%27Or,1,2011-01-01,2011-12-31,Xavi
2011,2011,4,Andrés Iniesta,Barcelona,Spain,6.01,https://en.wikipedia.org/wiki/2011_FIFA_Ballon_d%27Or,2,2011-01-01,2011-12-31,Andrés Iniesta
2011,2011,5,Wayne Rooney,Manchester United,England,2.31,https://en.wikipedia.org/wiki/2011_FIFA_Ballon_d%27Or,2,2011-01-01,2011-12-31,Wayne Rooney
2011,2011,6,Luis Suárez,Ajax Liverpool,Uruguay,1.48,https://en.wikipedia.org/wiki/2011_FIFA_Ballon_d%27Or,2,2011-01-01,2011-12-31,Luis Suárez
2011,2011,7,Diego Forlán,Atlético Madrid Internazionale,Uruguay,1.43,https://en.wikipedia.org/wiki/2011_FIFA_Ballon_d%27Or,2,2011-01-01,2011-12-31,Diego Forlán
2011,2011,8,Samuel Eto'o,Internazionale Anzhi Makhachkala,Cameroon,1.34,https://en.wikipedia.org/wiki/2011_FIFA_Ballon_d%27Or,2,2011-01-01,2011-12-31,Samuel Eto'o
2011,2011,9,Iker Casillas,Real Madrid,Spain,1.29,https://en.wikipedia.org/wiki/2011_FIFA_Ballon_d%27Or,2,2011-01-01,2011-12-31,Iker Casillas
2011,2011,10,Neymar,Santos,Brazil,1.12,https://en.wikipedia.org/wiki/2011_FIFA_Ballon_d%27Or,2,2011-01-01,2011-12-31,Neymar
2011,2011,11,Mesut Özil,Real Madrid,Germany,0.76,https://en.wikipedia.org/wiki/2011_FIFA_Ballon_d%27Or,2,2011-01-01,2011-12-31,Mesut Özil
2011,2011,12,Wesley Sneijder,Internazionale,Netherlands,0.72,https://en.wikipedia.org/wiki/2011_FIFA_Ballon_d%27Or,2,2011-01-01,2011-12-31,Wesley Sneijder
2011,2011,13,Thomas Müller,Bayern Munich,Germany,0.64,https://en.wikipedia.org/wiki/2011_FIFA_Ballon_d%27Or,2,2011-01-01,2011-12-31,Thomas Müller
2011,2011,14,David Villa,Barcelona,Spain,0.53,https://en.wikipedia.org/wiki/2011_FIFA_Ballon_d%27Or,2,2011-01-01,2011-12-31,David Villa
2011,2011,15,Bastian Schweinsteiger,Bayern Munich,Germany,0.5,https://en.wikipedia.org/wiki/2011_FIFA_Ballon_d%27Or,2,2011-01-01,2011-12-31,Bastian Schweinsteiger
2011,2011,16,Xabi Alonso,Real Madrid,Spain,0.48,https://en.wikipedia.org/wiki/2011_FIFA_Ballon_d%27Or,2,2011-01-01,2011-12-31,Xabi Alonso
2011,2011,17,Sergio Agüero,Atlético Madrid Manchester City,Argentina,0.48,https://en.wikipedia.org/wiki/2011_FIFA_Ballon_d%27Or,2,2011-01-01,2011-12-31,Sergio Agüero
2011,2011,18,Eric Abidal,Barcelona,France,0.36,https://en.wikipedia.org/wiki/2011_FIFA_Ballon_d%27Or,2,2011-01-01,2011-12-31,Eric Abidal
2011,2011,19,Dani Alves,Barcelona,Brazil,0.34,https://en.wikipedia.org/wiki/2011_FIFA_Ballon_d%27Or,2,2011-01-01,2011-12-31,Dani Alves
2011,2011,20,Karim Benzema,Real Madrid,France,0.34,https://en.wikipedia.org/wiki/2011_FIFA_Ballon_d%27Or,2,2011-01-01,2011-12-31,Karim Benzema
2011,2011,21,Cesc Fàbregas,Arsenal Barcelona,Spain,0.29,https://en.wikipedia.org/wiki/2011_FIFA_Ballon_d%27Or,2,2011-01-01,2011-12-31,Cesc Fàbregas
2011,2011,22,Nani,Manchester United,Portugal,0.26,https://en.wikipedia.org/wiki/2011_FIFA_Ballon_d%27Or,2,2011-01-01,2011-12-31,Nani
2011,2011,23,Gerard Piqué,Barcelona,Spain,0.22,https://en.wikipedia.org/wiki/2011_FIFA_Ballon_d%27Or,2,2011-01-01,2011-12-31,Gerard Piqué
2012,2012,1,Lionel Messi,Barcelona,Argentina,41.6,https://en.wikipedia.org/wiki/2012_FIFA_Ballon_d%27Or,1,2012-01-01,2012-12-31,Lionel Messi
2012,2012,2,Cristiano Ronaldo,Real Madrid,Portugal,23.68,https://en.wikipedia.org/wiki/2012_FIFA_Ballon_d%27Or,1,2012-01-01,2012-12-31,Cristiano Ronaldo
2012,2012,3,Andrés Iniesta,Barcelona,Spain,10.91,https://en.wikipedia.org/wiki/2012_FIFA_Ballon_d%27Or,1,2012-01-01,2012-12-31,Andrés Iniesta
2012,2012,4,Xavi,Barcelona,Spain,4.08,https://en.wikipedia.org/wiki/2012_FIFA_Ballon_d%27Or,2,2012-01-01,2012-12-31,Xavi
2012,2012,5,Radamel Falcao,Atlético Madrid,Colombia,3.67,https://en.wikipedia.org/wiki/2012_FIFA_Ballon_d%27Or,2,2012-01-01,2012-12-31,Radamel Falcao
2012,2012,6,Iker Casillas,Real Madrid,Spain,3.18,https://en.wikipedia.org/wiki/2012_FIFA_Ballon_d%27Or,2,2012-01-01,2012-12-31,Iker Casillas
2012,2012,7,Andrea Pirlo,Juventus,Italy,2.66,https://en.wikipedia.org/wiki/2012_FIFA_Ballon_d%27Or,2,2012-01-01,2012-12-31,Andrea Pirlo
2012,2012,8,Didier Drogba,Chelsea Shanghai Shenhua,Ivory Coast,2.6,https://en.wikipedia.org/wiki/2012_FIFA_Ballon_d%27Or,2,2012-01-01,2012-12-31,Didier Drogba
2012,2012,9,Robin van Persie,Arsenal Manchester United,Netherlands,1.45,https://en.wikipedia.org/wiki/2012_FIFA_Ballon_d%27Or,2,2012-01-01,2012-12-31,Robin van Persie
2012,2012,10,Zlatan Ibrahimović,Milan Paris Saint-Germain,Sweden,1.24,https://en.wikipedia.org/wiki/2012_FIFA_Ballon_d%27Or,2,2012-01-01,2012-12-31,Zlatan Ibrahimović
2012,2012,11,Xabi Alonso,Real Madrid,Spain,1.09,https://en.wikipedia.org/wiki/2012_FIFA_Ballon_d%27Or,2,2012-01-01,2012-12-31,Xabi Alonso
2012,2012,12,Yaya Touré,Manchester City,Ivory Coast,0.76,https://en.wikipedia.org/wiki/2012_FIFA_Ballon_d%27Or,2,2012-01-01,2012-12-31,Yaya Touré
2012,2012,13,Neymar,Santos,Brazil,0.61,https://en.wikipedia.org/wiki/2012_FIFA_Ballon_d%27Or,2,2012-01-01,2012-12-31,Neymar
2012,2012,14,Mesut Özil,Real Madrid,Germany,0.41,https://en.wikipedia.org/wiki/2012_FIFA_Ballon_d%27Or,2,2012-01-01,2012-12-31,Mesut Özil
2012,2012,15,Wayne Rooney,Manchester United,England,0.39,https://en.wikipedia.org/wiki/2012_FIFA_Ballon_d%27Or,2,2012-01-01,2012-12-31,Wayne Rooney
2012,2012,16,Gianluigi Buffon,Juventus,Italy,0.35,https://en.wikipedia.org/wiki/2012_FIFA_Ballon_d%27Or,2,2012-01-01,2012-12-31,Gianluigi Buffon
2012,2012,17,Sergio Agüero,Manchester City,Argentina,0.3,https://en.wikipedia.org/wiki/2012_FIFA_Ballon_d%27Or,2,2012-01-01,2012-12-31,Sergio Agüero
2012,2012,18,Sergio Ramos,Real Madrid,Spain,0.22,https://en.wikipedia.org/wiki/2012_FIFA_Ballon_d%27Or,2,2012-01-01,2012-12-31,Sergio Ramos
2012,2012,19,Manuel Neuer,Bayern Munich,Germany,0.21,https://en.wikipedia.org/wiki/2012_FIFA_Ballon_d%27Or,2,2012-01-01,2012-12-31,Manuel Neuer
2012,2012,20,Sergio Busquets,Barcelona,Spain,0.2,https://en.wikipedia.org/wiki/2012_FIFA_Ballon_d%27Or,2,2012-01-01,2012-12-31,Sergio Busquets
2012,2012,21,Gerard Piqué,Barcelona,Spain,0.11,https://en.wikipedia.org/wiki/2012_FIFA_Ballon_d%27Or,2,2012-01-01,2012-12-31,Gerard Piqué
2012,2012,22,Karim Benzema,Real Madrid,France,0.11,https://en.wikipedia.org/wiki/2012_FIFA_Ballon_d%27Or,2,2012-01-01,2012-12-31,Karim Benzema
2012,2012,23,Mario Balotelli,Manchester City,Italy,0.07,https://en.wikipedia.org/wiki/2012_FIFA_Ballon_d%27Or,2,2012-01-01,2012-12-31,Mario Balotelli
2013,2013,1,Cristiano Ronaldo,Real Madrid,Portugal,27.99,https://en.wikipedia.org/wiki/2013_FIFA_Ballon_d%27Or,1,2013-01-01,2013-12-31,Cristiano Ronaldo
2013,2013,2,Lionel Messi,Barcelona,Argentina,24.72,https://en.wikipedia.org/wiki/2013_FIFA_Ballon_d%27Or,1,2013-01-01,2013-12-31,Lionel Messi
2013,2013,3,Franck Ribéry,Bayern Munich,France,23.36,https://en.wikipedia.org/wiki/2013_FIFA_Ballon_d%27Or,1,2013-01-01,2013-12-31,Franck Ribéry
2013,2013,4,Zlatan Ibrahimović,Paris Saint-Germain,Sweden,5.29,https://en.wikipedia.org/wiki/2013_FIFA_Ballon_d%27Or,2,2013-01-01,2013-12-31,Zlatan Ibrahimović
2013,2013,5,Neymar,Santos Barcelona,Brazil,3.17,https://en.wikipedia.org/wiki/2013_FIFA_Ballon_d%27Or,2,2013-01-01,2013-12-31,Neymar
2013,2013,6,Andrés Iniesta,Barcelona,Spain,2.08,https://en.wikipedia.org/wiki/2013_FIFA_Ballon_d%27Or,2,2013-01-01,2013-12-31,Andrés Iniesta
2013,2013,7,Robin van Persie,Manchester United,Netherlands,1.79,https://en.wikipedia.org/wiki/2013_FIFA_Ballon_d%27Or,2,2013-01-01,2013-12-31,Robin van Persie
2013,2013,8,Arjen Robben,Bayern Munich,Netherlands,1.77,https://en.wikipedia.org/wiki/2013_FIFA_Ballon_d%27Or,2,2013-01-01,2013-12-31,Arjen Robben
2013,2013,9,Gareth Bale,Tottenham Hotspur Real Madrid,Wales,1.32,https://en.wikipedia.org/wiki/2013_FIFA_Ballon_d%27Or,2,2013-01-01,2013-12-31,Gareth Bale
2013,2013,10,Andrea Pirlo,Juventus,Italy,1.11,https://en.wikipedia.org/wiki/2013_FIFA_Ballon_d%27Or,2,2013-01-01,2013-12-31,Andrea Pirlo
2013,2013,11,Radamel Falcao,Atlético Madrid Monaco,Colombia,1.08,https://en.wikipedia.org/wiki/2013_FIFA_Ballon_d%27Or,2,2013-01-01,2013-12-31,Radamel Falcao
2013,2013,12,Yaya Touré,Manchester City,Ivory Coast,0.99,https://en.wikipedia.org/wiki/2013_FIFA_Ballon_d%27Or,2,2013-01-01,2013-12-31,Yaya Touré
2013,2013,13,Robert Lewandowski,Borussia Dortmund,Poland,0.92,https://en.wikipedia.org/wiki/2013_FIFA_Ballon_d%27Or,2,2013-01-01,2013-12-31,Robert Lewandowski
2013,2013,14,Philipp Lahm,Bayern Munich,Germany,0.82,https://en.wikipedia.org/wiki/2013_FIFA_Ballon_d%27Or,2,2013-01-01,2013-12-31,Philipp Lahm
2013,2013,14,Xavi,Barcelona,Spain,0.82,https://en.wikipedia.org/wiki/2013_FIFA_Ballon_d%27Or,2,2013-01-01,2013-12-31,Xavi
2013,2013,16,Mesut Özil,Real Madrid Arsenal,Germany,0.71,https://en.wikipedia.org/wiki/2013_FIFA_Ballon_d%27Or,2,2013-01-01,2013-12-31,Mesut Özil
2013,2013,17,Bastian Schweinsteiger,Bayern Munich,Germany,0.43,https://en.wikipedia.org/wiki/2013_FIFA_Ballon_d%27Or,2,2013-01-01,2013-12-31,Bastian Schweinsteiger
2013,2013,17,Thomas Müller,Bayern Munich,Germany,0.43,https://en.wikipedia.org/wiki/2013_FIFA_Ballon_d%27Or,2,2013-01-01,2013-12-31,Thomas Müller
2013,2013,19,Luis Suárez,Liverpool,Uruguay,0.39,https://en.wikipedia.org/wiki/2013_FIFA_Ballon_d%27Or,2,2013-01-01,2013-12-31,Luis Suárez
2013,2013,20,Edinson Cavani,Napoli Paris Saint-Germain,Uruguay,0.36,https://en.wikipedia.org/wiki/2013_FIFA_Ballon_d%27Or,2,2013-01-01,2013-12-31,Edinson Cavani
2013,2013,21,Thiago Silva,Paris Saint-Germain,Brazil,0.24,https://en.wikipedia.org/wiki/2013_FIFA_Ballon_d%27Or,2,2013-01-01,2013-12-31,Thiago Silva
2013,2013,22,Eden Hazard,Chelsea,Belgium,0.16,https://en.wikipedia.org/wiki/2013_FIFA_Ballon_d%27Or,2,2013-01-01,2013-12-31,Eden Hazard
2013,2013,23,Manuel Neuer,Bayern Munich,Germany,0.08,https://en.wikipedia.org/wiki/2013_FIFA_Ballon_d%27Or,2,2013-01-01,2013-12-31,Manuel Neuer
2014,2014,1,Cristiano Ronaldo,Real Madrid,Portugal,37.66,https://en.wikipedia.org/wiki/2014_FIFA_Ballon_d%27Or,1,2014-01-01,2014-12-31,Cristiano Ronaldo
2014,2014,2,Lionel Messi,Barcelona,Argentina,15.76,https://en.wikipedia.org/wiki/2014_FIFA_Ballon_d%27Or,1,2014-01-01,2014-12-31,Lionel Messi
2014,2014,3,Manuel Neuer,Bayern Munich,Germany,15.72,https://en.wikipedia.org/wiki/2014_FIFA_Ballon_d%27Or,1,2014-01-01,2014-12-31,Manuel Neuer
2014,2014,4,Arjen Robben,Bayern Munich,Netherlands,7.17,https://en.wikipedia.org/wiki/2014_FIFA_Ballon_d%27Or,2,2014-01-01,2014-12-31,Arjen Robben
2014,2014,5,Thomas Müller,Bayern Munich,Germany,5.42,https://en.wikipedia.org/wiki/2014_FIFA_Ballon_d%27Or,2,2014-01-01,2014-12-31,Thomas Müller
2014,2014,6,Philipp Lahm,Bayern Munich,Germany,2.9,https://en.wikipedia.org/wiki/2014_FIFA_Ballon_d%27Or,2,2014-01-01,2014-12-31,Philipp Lahm
2014,2014,7,Neymar,Barcelona,Brazil,2.21,https://en.wikipedia.org/wiki/2014_FIFA_Ballon_d%27Or,2,2014-01-01,2014-12-31,Neymar
2014,2014,8,James Rodríguez,Monaco Real Madrid,Colombia,1.47,https://en.wikipedia.org/wiki/2014_FIFA_Ballon_d%27Or,2,2014-01-01,2014-12-31,James Rodríguez
2014,2014,9,Toni Kroos,Bayern Munich Real Madrid,Germany,1.43,https://en.wikipedia.org/wiki/2014_FIFA_Ballon_d%27Or,2,2014-01-01,2014-12-31,Toni Kroos
2014,2014,10,Ángel Di María,Real Madrid Manchester United,Argentina,1.29,https://en.wikipedia.org/wiki/2014_FIFA_Ballon_d%27Or,2,2014-01-01,2014-12-31,Ángel Di María
2014,2014,11,Diego Costa,Atlético Madrid Chelsea,Spain,1.02,https://en.wikipedia.org/wiki/2014_FIFA_Ballon_d%27Or,2,2014-01-01,2014-12-31,Diego Costa
2014,2014,12,Gareth Bale,Real Madrid,Wales,1.0,https://en.wikipedia.org/wiki/2014_FIFA_Ballon_d%27Or,2,2014-01-01,2014-12-31,Gareth Bale
2014,2014,13,Zlatan Ibrahimović,Paris Saint-Germain,Sweden,1.0,https://en.wikipedia.org/wiki/2014_FIFA_Ballon_d%27Or,2,2014-01-01,2014-12-31,Zlatan Ibrahimović
2014,2014,14,Yaya Touré,Manchester City,Ivory Coast,0.86,https://en.wikipedia.org/wiki/2014_FIFA_Ballon_d%27Or,2,2014-01-01,2014-12-31,Yaya Touré
2014,2014,15,Mario Götze,Bayern Munich,Germany,0.84,https://en.wikipedia.org/wiki/2014_FIFA_Ballon_d%27Or,2,2014-01-01,2014-12-31,Mario Götze
2014,2014,16,Karim Benzema,Real Madrid,France,0.75,https://en.wikipedia.org/wiki/2014_FIFA_Ballon_d%27Or,2,2014-01-01,2014-12-31,Karim Benzema
2014,2014,17,Andrés Iniesta,Barcelona,Spain,0.67,https://en.wikipedia.org/wiki/2014_FIFA_Ballon_d%27Or,2,2014-01-01,2014-12-31,Andrés Iniesta
2014,2014,18,Bastian Schweinsteiger,Bayern Munich,Germany,0.57,https://en.wikipedia.org/wiki/2014_FIFA_Ballon_d%27Or,2,2014-01-01,2014-12-31,Bastian Schweinsteiger
2014,2014,19,Javier Mascherano,Barcelona,Argentina,0.55,https://en.wikipedia.org/wiki/2014_FIFA_Ballon_d%27Or,2,2014-01-01,2014-12-31,Javier Mascherano
2014,2014,20,Thibaut Courtois,Atlético Madrid Chelsea,Belgium,0.51,https://en.wikipedia.org/wiki/2014_FIFA_Ballon_d%27Or,2,2014-01-01,2014-12-31,Thibaut Courtois
2014,2014,21,David Luiz,Chelsea Paris Saint-Germain,Brazil,0.47,https://en.wikipedia.org/wiki/2014_FIFA_Ballon_d%27Or,2,2014-01-01,2014-12-31,David Luiz
2014,2014,22,Paul Pogba,Juventus,France,0.4,https://en.wikipedia.org/wiki/2014_FIFA_Ballon_d%27Or,2,2014-01-01,2014-12-31,Paul Pogba
2014,2014,23,Sergio Ramos,Real Madrid,Spain,0.33,https://en.wikipedia.org/wiki/2014_FIFA_Ballon_d%27Or,2,2014-01-01,2014-12-31,Sergio Ramos
2015,2015,1,Lionel Messi,Barcelona,Argentina,41.33,https://en.wikipedia.org/wiki/2015_FIFA_Ballon_d%27Or,1,2015-01-01,2015-12-31,Lionel Messi
2015,2015,2,Cristiano Ronaldo,Real Madrid,Portugal,27.76,https://en.wikipedia.org/wiki/2015_FIFA_Ballon_d%27Or,1,2015-01-01,2015-12-31,Cristiano Ronaldo
2015,2015,3,Neymar,Barcelona,Brazil,7.86,https://en.wikipedia.org/wiki/2015_FIFA_Ballon_d%27Or,1,2015-01-01,2015-12-31,Neymar
2015,2015,4,Robert Lewandowski,Bayern Munich,Poland,4.17,https://en.wikipedia.org/wiki/2015_FIFA_Ballon_d%27Or,2,2015-01-01,2015-12-31,Robert Lewandowski
2015,2015,5,Luis Suárez,Barcelona,Uruguay,3.38,https://en.wikipedia.org/wiki/2015_FIFA_Ballon_d%27Or,2,2015-01-01,2015-12-31,Luis Suárez
2015,2015,6,Thomas Müller,Bayern Munich,Germany,2.21,https://en.wikipedia.org/wiki/2015_FIFA_Ballon_d%27Or,2,2015-01-01,2015-12-31,Thomas Müller
2015,2015,7,Manuel Neuer,Bayern Munich,Germany,1.97,https://en.wikipedia.org/wiki/2015_FIFA_Ballon_d%27Or,2,2015-01-01,2015-12-31,Manuel Neuer
2015,2015,8,Eden Hazard,Chelsea,Belgium,1.33,https://en.wikipedia.org/wiki/2015_FIFA_Ballon_d%27Or,2,2015-01-01,2015-12-31,Eden Hazard
2015,2015,9,Andrés Iniesta,Barcelona,Spain,1.24,https://en.wikipedia.org/wiki/2015_FIFA_Ballon_d%27Or,2,2015-01-01,2015-12-31,Andrés Iniesta
2015,2015,10,Alexis Sánchez,Arsenal,Chile,1.18,https://en.wikipedia.org/wiki/2015_FIFA_Ballon_d%27Or,2,2015-01-01,2015-12-31,Alexis Sánchez
2015,2015,11,Zlatan Ibrahimović,Paris Saint-Germain,Sweden,1.13,https://en.wikipedia.org/wiki/2015_FIFA_Ballon_d%27Or,2,2015-01-01,2015-12-31,Zlatan Ibrahimović
2015,2015,12,Yaya Touré,Manchester City,Ivory Coast,0.89,https://en.wikipedia.org/wiki/2015_FIFA_Ballon_d%27Or,2,2015-01-01,2015-12-31,Yaya Touré
2015,2015,13,Sergio Agüero,Manchester City,Argentina,0.86,https://en.wikipedia.org/wiki/2015_FIFA_Ballon_d%27Or,2,2015-01-01,2015-12-31,Sergio Agüero
2015,2015,14,Javier Mascherano,Barcelona,Argentina,0.79,https://en.wikipedia.org/wiki/2015_FIFA_Ballon_d%27Or,2,2015-01-01,2015-12-31,Javier Mascherano
2015,2015,15,Paul Pogba,Juventus,France,0.72,https://en.wikipedia.org/wiki/2015_FIFA_Ballon_d%27Or,2,2015-01-01,2015-12-31,Paul Pogba
2015,2015,16,Gareth Bale,Real Madrid,Wales,0.65,https://en.wikipedia.org/wiki/2015_FIFA_Ballon_d%27Or,2,2015-01-01,2015-12-31,Gareth Bale
2015,2015,17,Arturo Vidal,Juventus Bayern Munich,Chile,0.58,https://en.wikipedia.org/wiki/2015_FIFA_Ballon_d%27Or,2,2015-01-01,2015-12-31,Arturo Vidal
2015,2015,18,Kevin De Bruyne,VfL Wolfsburg Manchester City,Belgium,0.47,https://en.wikipedia.org/wiki/2015_FIFA_Ballon_d%27Or,2,2015-01-01,2015-12-31,Kevin De Bruyne
2015,2015,19,James Rodríguez,Real Madrid,Colombia,0.45,https://en.wikipedia.org/wiki/2015_FIFA_Ballon_d%27Or,2,2015-01-01,2015-12-31,James Rodríguez
2015,2015,20,Karim Benzema,Real Madrid,France,0.4,https://en.wikipedia.org/wiki/2015_FIFA_Ballon_d%27Or,2,2015-01-01,2015-12-31,Karim Benzema
2015,2015,21,Toni Kroos,Real Madrid,Germany,0.2931,https://en.wikipedia.org/wiki/2015_FIFA_Ballon_d%27Or,2,2015-01-01,2015-12-31,Toni Kroos
2015,2015,22,Arjen Robben,Bayern Munich,Netherlands,0.293,https://en.wikipedia.org/wiki/2015_FIFA_Ballon_d%27Or,2,2015-01-01,2015-12-31,Arjen Robben
2015,2015,23,Ivan Rakitić,Barcelona,Croatia,0.05,https://en.wikipedia.org/wiki/2015_FIFA_Ballon_d%27Or,2,2015-01-01,2015-12-31,Ivan Rakitić
2016,2016,1,Cristiano Ronaldo,Real Madrid,,745.0,https://en.wikipedia.org/wiki/2016_Ballon_d%27Or,1,2016-01-01,2016-12-31,Cristiano Ronaldo
2016,2016,2,Lionel Messi,Barcelona,,316.0,https://en.wikipedia.org/wiki/2016_Ballon_d%27Or,1,2016-01-01,2016-12-31,Lionel Messi
2016,2016,3,Antoine Griezmann,Atlético Madrid,,198.0,https://en.wikipedia.org/wiki/2016_Ballon_d%27Or,1,2016-01-01,2016-12-31,Antoine Griezmann
2016,2016,4,Luis Suárez,Barcelona,,91.0,https://en.wikipedia.org/wiki/2016_Ballon_d%27Or,1,2016-01-01,2016-12-31,Luis Suárez
2016,2016,5,Neymar,Barcelona,,68.0,https://en.wikipedia.org/wiki/2016_Ballon_d%27Or,1,2016-01-01,2016-12-31,Neymar
2016,2016,6,Gareth Bale,Real Madrid,,60.0,https://en.wikipedia.org/wiki/2016_Ballon_d%27Or,1,2016-01-01,2016-12-31,Gareth Bale
2016,2016,7,Riyad Mahrez,Leicester City,,20.0,https://en.wikipedia.org/wiki/2016_Ballon_d%27Or,1,2016-01-01,2016-12-31,Riyad Mahrez
2016,2016,8,Jamie Vardy,Leicester City,,11.0,https://en.wikipedia.org/wiki/2016_Ballon_d%27Or,1,2016-01-01,2016-12-31,Jamie Vardy
2016,2016,9,Gianluigi Buffon,Juventus,,8.0,https://en.wikipedia.org/wiki/2016_Ballon_d%27Or,1,2016-01-01,2016-12-31,Gianluigi Buffon
2016,2016,9,Pepe,Real Madrid,,8.0,https://en.wikipedia.org/wiki/2016_Ballon_d%27Or,1,2016-01-01,2016-12-31,Pepe
2016,2016,11,Pierre-Emerick Aubameyang,Borussia Dortmund,,7.0,https://en.wikipedia.org/wiki/2016_Ballon_d%27Or,1,2016-01-01,2016-12-31,Pierre-Emerick Aubameyang
2016,2016,12,Rui Patrício,Sporting CP,,6.0,https://en.wikipedia.org/wiki/2016_Ballon_d%27Or,1,2016-01-01,2016-12-31,Rui Patrício
2016,2016,13,Zlatan Ibrahimović,Paris Saint-Germain Manchester United,,5.0,https://en.wikipedia.org/wiki/2016_Ballon_d%27Or,1,2016-01-01,2016-12-31,Zlatan Ibrahimović
2016,2016,14,Paul Pogba,Juventus Manchester United,,4.0,https://en.wikipedia.org/wiki/2016_Ballon_d%27Or,1,2016-01-01,2016-12-31,Paul Pogba
2016,2016,14,Arturo Vidal,Bayern Munich,,4.0,https://en.wikipedia.org/wiki/2016_Ballon_d%27Or,1,2016-01-01,2016-12-31,Arturo Vidal
2016,2016,16,Robert Lewandowski,Bayern Munich,,3.0,https://en.wikipedia.org/wiki/2016_Ballon_d%27Or,1,2016-01-01,2016-12-31,Robert Lewandowski
2016,2016,17,Toni Kroos,Real Madrid,,1.0,https://en.wikipedia.org/wiki/2016_Ballon_d%27Or,1,2016-01-01,2016-12-31,Toni Kroos
2016,2016,17,Luka Modrić,Real Madrid,,1.0,https://en.wikipedia.org/wiki/2016_Ballon_d%27Or,1,2016-01-01,2016-12-31,Luka Modrić
2016,2016,17,Dimitri Payet,West Ham United,,1.0,https://en.wikipedia.org/wiki/2016_Ballon_d%27Or,1,2016-01-01,2016-12-31,Dimitri Payet
2016,2016,20,Sergio Agüero,Manchester City,,0.0,https://en.wikipedia.org/wiki/2016_Ballon_d%27Or,1,2016-01-01,2016-12-31,Sergio Agüero
2016,2016,20,Kevin De Bruyne,Manchester City,,0.0,https://en.wikipedia.org/wiki/2016_Ballon_d%27Or,1,2016-01-01,2016-12-31,Kevin De Bruyne
2016,2016,20,Paulo Dybala,Juventus,,0.0,https://en.wikipedia.org/wiki/2016_Ballon_d%27Or,1,2016-01-01,2016-12-31,Paulo Dybala
2016,2016,20,Diego Godín,Atlético Madrid,,0.0,https://en.wikipedia.org/wiki/2016_Ballon_d%27Or,1,2016-01-01,2016-12-31,Diego Godín
2016,2016,20,Gonzalo Higuaín,Napoli Juventus,,0.0,https://en.wikipedia.org/wiki/2016_Ballon_d%27Or,1,2016-01-01,2016-12-31,Gonzalo Higuaín
2016,2016,20,Andrés Iniesta,Barcelona,,0.0,https://en.wikipedia.org/wiki/2016_Ballon_d%27Or,1,2016-01-01,2016-12-31,Andrés Iniesta
2016,2016,20,Koke,Atlético Madrid,,0.0,https://en.wikipedia.org/wiki/2016_Ballon_d%27Or,1,2016-01-01,2016-12-31,Koke
2016,2016,20,Hugo Lloris,Tottenham Hotspur,,0.0,https://en.wikipedia.org/wiki/2016_Ballon_d%27Or,1,2016-01-01,2016-12-31,Hugo Lloris
2016,2016,20,Thomas Müller,Bayern Munich,,0.0,https://en.wikipedia.org/wiki/2016_Ballon_d%27Or,1,2016-01-01,2016-12-31,Thomas Müller
2016,2016,20,Manuel Neuer,Bayern Munich,,0.0,https://en.wikipedia.org/wiki/2016_Ballon_d%27Or,1,2016-01-01,2016-12-31,Manuel Neuer
2016,2016,20,Sergio Ramos,Real Madrid,,0.0,https://en.wikipedia.org/wiki/2016_Ballon_d%27Or,1,2016-01-01,2016-12-31,Sergio Ramos
2017,2017,1,Cristiano Ronaldo,Real Madrid,,946.0,https://en.wikipedia.org/wiki/2017_Ballon_d%27Or,1,2017-01-01,2017-12-31,Cristiano Ronaldo
2017,2017,2,Lionel Messi,Barcelona,,670.0,https://en.wikipedia.org/wiki/2017_Ballon_d%27Or,1,2017-01-01,2017-12-31,Lionel Messi
2017,2017,3,Neymar,Barcelona Paris Saint-Germain,,361.0,https://en.wikipedia.org/wiki/2017_Ballon_d%27Or,1,2017-01-01,2017-12-31,Neymar
2017,2017,4,Gianluigi Buffon,Juventus,,221.0,https://en.wikipedia.org/wiki/2017_Ballon_d%27Or,1,2017-01-01,2017-12-31,Gianluigi Buffon
2017,2017,5,Luka Modrić,Real Madrid,,84.0,https://en.wikipedia.org/wiki/2017_Ballon_d%27Or,1,2017-01-01,2017-12-31,Luka Modrić
2017,2017,6,Sergio Ramos,Real Madrid,,71.0,https://en.wikipedia.org/wiki/2017_Ballon_d%27Or,1,2017-01-01,2017-12-31,Sergio Ramos
2017,2017,7,Kylian Mbappé,Monaco Paris Saint-Germain,,48.0,https://en.wikipedia.org/wiki/2017_Ballon_d%27Or,1,2017-01-01,2017-12-31,Kylian Mbappé
2017,2017,8,N'Golo Kanté,Chelsea,,47.0,https://en.wikipedia.org/wiki/2017_Ballon_d%27Or,1,2017-01-01,2017-12-31,N'Golo Kanté
2017,2017,9,Robert Lewandowski,Bayern Munich,,45.0,https://en.wikipedia.org/wiki/2017_Ballon_d%27Or,1,2017-01-01,2017-12-31,Robert Lewandowski
2017,2017,10,Harry Kane,Tottenham Hotspur,,36.0,https://en.wikipedia.org/wiki/2017_Ballon_d%27Or,1,2017-01-01,2017-12-31,Harry Kane
2017,2017,11,Edinson Cavani,Paris Saint-Germain,,32.0,https://en.wikipedia.org/wiki/2017_Ballon_d%27Or,1,2017-01-01,2017-12-31,Edinson Cavani
2017,2017,12,Isco,Real Madrid,,28.0,https://en.wikipedia.org/wiki/2017_Ballon_d%27Or,1,2017-01-01,2017-12-31,Isco
2017,2017,13,Luis Suárez,Barcelona,,27.0,https://en.wikipedia.org/wiki/2017_Ballon_d%27Or,1,2017-01-01,2017-12-31,Luis Suárez
2017,2017,14,Kevin De Bruyne,Manchester City,,25.0,https://en.wikipedia.org/wiki/2017_Ballon_d%27Or,1,2017-01-01,2017-12-31,Kevin De Bruyne
2017,2017,15,Paulo Dybala,Juventus,,23.0,https://en.wikipedia.org/wiki/2017_Ballon_d%27Or,1,2017-01-01,2017-12-31,Paulo Dybala
2017,2017,16,Marcelo,Real Madrid,,21.0,https://en.wikipedia.org/wiki/2017_Ballon_d%27Or,1,2017-01-01,2017-12-31,Marcelo
2017,2017,17,Toni Kroos,Real Madrid,,20.0,https://en.wikipedia.org/wiki/2017_Ballon_d%27Or,1,2017-01-01,2017-12-31,Toni Kroos
2017,2017,18,Antoine Griezmann,Atlético Madrid,,17.0,https://en.wikipedia.org/wiki/2017_Ballon_d%27Or,1,2017-01-01,2017-12-31,Antoine Griezmann
2017,2017,19,Eden Hazard,Chelsea,,16.0,https://en.wikipedia.org/wiki/2017_Ballon_d%27Or,1,2017-01-01,2017-12-31,Eden Hazard
2017,2017,20,David de Gea,Manchester United,,15.0,https://en.wikipedia.org/wiki/2017_Ballon_d%27Or,1,2017-01-01,2017-12-31,David de Gea
2017,2017,21,Pierre-Emerick Aubameyang,Borussia Dortmund,,14.0,https://en.wikipedia.org/wiki/2017_Ballon_d%27Or,1,2017-01-01,2017-12-31,Pierre-Emerick Aubameyang
2017,2017,21,Leonardo Bonucci,Juventus Milan,,14.0,https://en.wikipedia.org/wiki/2017_Ballon_d%27Or,1,2017-01-01,2017-12-31,Leonardo Bonucci
2017,2017,23,Sadio Mané,Liverpool,,10.0,https://en.wikipedia.org/wiki/2017_Ballon_d%27Or,1,2017-01-01,2017-12-31,Sadio Mané
2017,2017,24,Radamel Falcao,Monaco,,9.0,https://en.wikipedia.org/wiki/2017_Ballon_d%27Or,1,2017-01-01,2017-12-31,Radamel Falcao
2017,2017,25,Karim Benzema,Real Madrid,,7.0,https://en.wikipedia.org/wiki/2017_Ballon_d%27Or,1,2017-01-01,2017-12-31,Karim Benzema
2017,2017,26,Jan Oblak,Atlético Madrid,,4.0,https://en.wikipedia.org/wiki/2017_Ballon_d%27Or,1,2017-01-01,2017-12-31,Jan Oblak
2017,2017,27,Mats Hummels,Bayern Munich,,3.0,https://en.wikipedia.org/wiki/2017_Ballon_d%27Or,1,2017-01-01,2017-12-31,Mats Hummels
2017,2017,28,Edin Džeko,Roma,,2.0,https://en.wikipedia.org/wiki/2017_Ballon_d%27Or,1,2017-01-01,2017-12-31,Edin Džeko
2017,2017,29,Philippe Coutinho,Liverpool,,0.0,https://en.wikipedia.org/wiki/2017_Ballon_d%27Or,1,2017-01-01,2017-12-31,Philippe Coutinho
2017,2017,29,Dries Mertens,Napoli,,0.0,https://en.wikipedia.org/wiki/2017_Ballon_d%27Or,1,2017-01-01,2017-12-31,Dries Mertens
2018,2018,1,Luka Modrić,Real Madrid,,753.0,https://en.wikipedia.org/wiki/2018_Ballon_d%27Or,1,2018-01-01,2018-12-31,Luka Modrić
2018,2018,2,Cristiano Ronaldo,Real Madrid Juventus,,476.0,https://en.wikipedia.org/wiki/2018_Ballon_d%27Or,1,2018-01-01,2018-12-31,Cristiano Ronaldo
2018,2018,3,Antoine Griezmann,Atlético Madrid,,414.0,https://en.wikipedia.org/wiki/2018_Ballon_d%27Or,1,2018-01-01,2018-12-31,Antoine Griezmann
2018,2018,4,Kylian Mbappé,Paris Saint-Germain,,347.0,https://en.wikipedia.org/wiki/2018_Ballon_d%27Or,1,2018-01-01,2018-12-31,Kylian Mbappé
2018,2018,5,Lionel Messi,Barcelona,,280.0,https://en.wikipedia.org/wiki/2018_Ballon_d%27Or,1,2018-01-01,2018-12-31,Lionel Messi
2018,2018,6,Mohamed Salah,Liverpool,,188.0,https://en.wikipedia.org/wiki/2018_Ballon_d%27Or,1,2018-01-01,2018-12-31,Mohamed Salah
2018,2018,7,Raphaël Varane,Real Madrid,,121.0,https://en.wikipedia.org/wiki/2018_Ballon_d%27Or,1,2018-01-01,2018-12-31,Raphaël Varane
2018,2018,8,Eden Hazard,Chelsea,,119.0,https://en.wikipedia.org/wiki/2018_Ballon_d%27Or,1,2018-01-01,2018-12-31,Eden Hazard
2018,2018,9,Kevin De Bruyne,Manchester City,,29.0,https://en.wikipedia.org/wiki/2018_Ballon_d%27Or,1,2018-01-01,2018-12-31,Kevin De Bruyne
2018,2018,10,Harry Kane,Tottenham Hotspur,,25.0,https://en.wikipedia.org/wiki/2018_Ballon_d%27Or,1,2018-01-01,2018-12-31,Harry Kane
2018,2018,11,N'Golo Kanté,Chelsea,,24.0,https://en.wikipedia.org/wiki/2018_Ballon_d%27Or,1,2018-01-01,2018-12-31,N'Golo Kanté
2018,2018,12,Neymar,Paris Saint-Germain,,19.0,https://en.wikipedia.org/wiki/2018_Ballon_d%27Or,1,2018-01-01,2018-12-31,Neymar
2018,2018,13,Luis Suárez,Barcelona,,17.0,https://en.wikipedia.org/wiki/2018_Ballon_d%27Or,1,2018-01-01,2018-12-31,Luis Suárez
2018,2018,14,Thibaut Courtois,Chelsea Real Madrid,,12.0,https://en.wikipedia.org/wiki/2018_Ballon_d%27Or,1,2018-01-01,2018-12-31,Thibaut Courtois
2018,2018,15,Paul Pogba,Manchester United,,9.0,https://en.wikipedia.org/wiki/2018_Ballon_d%27Or,1,2018-01-01,2018-12-31,Paul Pogba
2018,2018,16,Sergio Agüero,Manchester City,,7.0,https://en.wikipedia.org/wiki/2018_Ballon_d%27Or,1,2018-01-01,2018-12-31,Sergio Agüero
2018,2018,17,Gareth Bale,Real Madrid,,6.0,https://en.wikipedia.org/wiki/2018_Ballon_d%27Or,1,2018-01-01,2018-12-31,Gareth Bale
2018,2018,17,Karim Benzema,Real Madrid,,6.0,https://en.wikipedia.org/wiki/2018_Ballon_d%27Or,1,2018-01-01,2018-12-31,Karim Benzema
2018,2018,19,Roberto Firmino,Liverpool,,4.0,https://en.wikipedia.org/wiki/2018_Ballon_d%27Or,1,2018-01-01,2018-12-31,Roberto Firmino
2018,2018,19,Ivan Rakitić,Barcelona,,4.0,https://en.wikipedia.org/wiki/2018_Ballon_d%27Or,1,2018-01-01,2018-12-31,Ivan Rakitić
2018,2018,19,Sergio Ramos,Real Madrid,,4.0,https://en.wikipedia.org/wiki/2018_Ballon_d%27Or,1,2018-01-01,2018-12-31,Sergio Ramos
2018,2018,22,Edinson Cavani,Paris Saint-Germain,,3.0,https://en.wikipedia.org/wiki/2018_Ballon_d%27Or,1,2018-01-01,2018-12-31,Edinson Cavani
2018,2018,22,Sadio Mané,Liverpool,,3.0,https://en.wikipedia.org/wiki/2018_Ballon_d%27Or,1,2018-01-01,2018-12-31,Sadio Mané
2018,2018,22,Marcelo,Real Madrid,,3.0,https://en.wikipedia.org/wiki/2018_Ballon_d%27Or,1,2018-01-01,2018-12-31,Marcelo
2018,2018,25,Alisson,Roma Liverpool,,2.0,https://en.wikipedia.org/wiki/2018_Ballon_d%27Or,1,2018-01-01,2018-12-31,Alisson
2018,2018,25,Mario Mandžukić,Juventus,,2.0,https://en.wikipedia.org/wiki/2018_Ballon_d%27Or,1,2018-01-01,2018-12-31,Mario Mandžukić
2018,2018,25,Jan Oblak,Atlético Madrid,,2.0,https://en.wikipedia.org/wiki/2018_Ballon_d%27Or,1,2018-01-01,2018-12-31,Jan Oblak
2018,2018,28,Diego Godín,Atlético Madrid,,1.0,https://en.wikipedia.org/wiki/2018_Ballon_d%27Or,1,2018-01-01,2018-12-31,Diego Godín
2018,2018,29,Isco,Real Madrid,,0.0,https://en.wikipedia.org/wiki/2018_Ballon_d%27Or,1,2018-01-01,2018-12-31,Isco
2018,2018,29,Hugo Lloris,Tottenham Hotspur,,0.0,https://en.wikipedia.org/wiki/2018_Ballon_d%27Or,1,2018-01-01,2018-12-31,Hugo Lloris
2019,2019,1,Lionel Messi,Barcelona,,686.0,https://en.wikipedia.org/wiki/2019_Ballon_d%27Or,1,2019-01-01,2019-12-31,Lionel Messi
2019,2019,2,Virgil van Dijk,Liverpool,,679.0,https://en.wikipedia.org/wiki/2019_Ballon_d%27Or,1,2019-01-01,2019-12-31,Virgil van Dijk
2019,2019,3,Cristiano Ronaldo,Juventus,,476.0,https://en.wikipedia.org/wiki/2019_Ballon_d%27Or,1,2019-01-01,2019-12-31,Cristiano Ronaldo
2019,2019,4,Sadio Mané,Liverpool,,347.0,https://en.wikipedia.org/wiki/2019_Ballon_d%27Or,1,2019-01-01,2019-12-31,Sadio Mané
2019,2019,5,Mohamed Salah,Liverpool,,178.0,https://en.wikipedia.org/wiki/2019_Ballon_d%27Or,1,2019-01-01,2019-12-31,Mohamed Salah
2019,2019,6,Kylian Mbappé,Paris Saint-Germain,,89.0,https://en.wikipedia.org/wiki/2019_Ballon_d%27Or,1,2019-01-01,2019-12-31,Kylian Mbappé
2019,2019,7,Alisson,Liverpool,,67.0,https://en.wikipedia.org/wiki/2019_Ballon_d%27Or,1,2019-01-01,2019-12-31,Alisson
2019,2019,8,Robert Lewandowski,Bayern Munich,,44.0,https://en.wikipedia.org/wiki/2019_Ballon_d%27Or,1,2019-01-01,2019-12-31,Robert Lewandowski
2019,2019,9,Bernardo Silva,Manchester City,,41.0,https://en.wikipedia.org/wiki/2019_Ballon_d%27Or,1,2019-01-01,2019-12-31,Bernardo Silva
2019,2019,10,Riyad Mahrez,Manchester City,,33.0,https://en.wikipedia.org/wiki/2019_Ballon_d%27Or,1,2019-01-01,2019-12-31,Riyad Mahrez
2019,2019,11,Frenkie de Jong,Ajax Barcelona,,31.0,https://en.wikipedia.org/wiki/2019_Ballon_d%27Or,1,2019-01-01,2019-12-31,Frenkie de Jong
2019,2019,12,Raheem Sterling,Manchester City,,30.0,https://en.wikipedia.org/wiki/2019_Ballon_d%27Or,1,2019-01-01,2019-12-31,Raheem Sterling
2019,2019,13,Eden Hazard,Chelsea Real Madrid,,25.0,https://en.wikipedia.org/wiki/2019_Ballon_d%27Or,1,2019-01-01,2019-12-31,Eden Hazard
2019,2019,14,Kevin De Bruyne,Manchester City,,14.0,https://en.wikipedia.org/wiki/2019_Ballon_d%27Or,1,2019-01-01,2019-12-31,Kevin De Bruyne
2019,2019,15,Matthijs de Ligt,Ajax Juventus,,13.0,https://en.wikipedia.org/wiki/2019_Ballon_d%27Or,1,2019-01-01,2019-12-31,Matthijs de Ligt
2019,2019,16,Sergio Agüero,Manchester City,,12.0,https://en.wikipedia.org/wiki/2019_Ballon_d%27Or,1,2019-01-01,2019-12-31,Sergio Agüero
2019,2019,17,Roberto Firmino,Liverpool,,11.0,https://en.wikipedia.org/wiki/2019_Ballon_d%27Or,1,2019-01-01,2019-12-31,Roberto Firmino
2019,2019,18,Antoine Griezmann,Atlético Madrid Barcelona,,9.0,https://en.wikipedia.org/wiki/2019_Ballon_d%27Or,1,2019-01-01,2019-12-31,Antoine Griezmann
2019,2019,19,Trent Alexander-Arnold,Liverpool,,8.0,https://en.wikipedia.org/wiki/2019_Ballon_d%27Or,1,2019-01-01,2019-12-31,Trent Alexander-Arnold
2019,2019,20,Pierre-Emerick Aubameyang,Arsenal,,5.0,https://en.wikipedia.org/wiki/2019_Ballon_d%27Or,1,2019-01-01,2019-12-31,Pierre-Emerick Aubameyang
2019,2019,20,Dušan Tadić,Ajax,,5.0,https://en.wikipedia.org/wiki/2019_Ballon_d%27Or,1,2019-01-01,2019-12-31,Dušan Tadić
2019,2019,22,Son Heung-min,Tottenham Hotspur,,4.0,https://en.wikipedia.org/wiki/2019_Ballon_d%27Or,1,2019-01-01,2019-12-31,Son Heung-min
2019,2019,23,Hugo Lloris,Tottenham Hotspur,,3.0,https://en.wikipedia.org/wiki/2019_Ballon_d%27Or,1,2019-01-01,2019-12-31,Hugo Lloris
2019,2019,24,Kalidou Koulibaly,Napoli,,2.0,https://en.wikipedia.org/wiki/2019_Ballon_d%27Or,1,2019-01-01,2019-12-31,Kalidou Koulibaly
2019,2019,24,Marc-André ter Stegen,Barcelona,,2.0,https://en.wikipedia.org/wiki/2019_Ballon_d%27Or,1,2019-01-01,2019-12-31,Marc-André ter Stegen
2019,2019,26,Karim Benzema,Real Madrid,,1.0,https://en.wikipedia.org/wiki/2019_Ballon_d%27Or,1,2019-01-01,2019-12-31,Karim Benzema
2019,2019,26,Georginio Wijnaldum,Liverpool,,1.0,https://en.wikipedia.org/wiki/2019_Ballon_d%27Or,1,2019-01-01,2019-12-31,Georginio Wijnaldum
2019,2019,28,João Félix,Benfica Atlético Madrid,,0.0,https://en.wikipedia.org/wiki/2019_Ballon_d%27Or,1,2019-01-01,2019-12-31,João Félix
2019,2019,28,Marquinhos,Paris Saint-Germain,,0.0,https://en.wikipedia.org/wiki/2019_Ballon_d%27Or,1,2019-01-01,2019-12-31,Marquinhos
2019,2019,28,Donny van de Beek,Ajax,,0.0,https://en.wikipedia.org/wiki/2019_Ballon_d%27Or,1,2019-01-01,2019-12-31,Donny van de Beek
2021,2021,1,Lionel Messi,Paris Saint-Germain,,613.0,https://en.wikipedia.org/wiki/2021_Ballon_d%27Or,1,2021-01-01,2021-12-31,Lionel Messi
2021,2021,2,Robert Lewandowski,Bayern Munich,,580.0,https://en.wikipedia.org/wiki/2021_Ballon_d%27Or,1,2021-01-01,2021-12-31,Robert Lewandowski
2021,2021,3,Jorginho,Chelsea,,460.0,https://en.wikipedia.org/wiki/2021_Ballon_d%27Or,1,2021-01-01,2021-12-31,Jorginho
2021,2021,4,Karim Benzema,Real Madrid,,239.0,https://en.wikipedia.org/wiki/2021_Ballon_d%27Or,1,2021-01-01,2021-12-31,Karim Benzema
2021,2021,5,N'Golo Kanté,Chelsea,,186.0,https://en.wikipedia.org/wiki/2021_Ballon_d%27Or,1,2021-01-01,2021-12-31,N'Golo Kanté
2021,2021,6,Cristiano Ronaldo,Manchester United,,178.0,https://en.wikipedia.org/wiki/2021_Ballon_d%27Or,1,2021-01-01,2021-12-31,Cristiano Ronaldo
2021,2021,7,Mohamed Salah,Liverpool,,121.0,https://en.wikipedia.org/wiki/2021_Ballon_d%27Or,1,2021-01-01,2021-12-31,Mohamed Salah
2021,2021,8,Kevin De Bruyne,Manchester City,,73.0,https://en.wikipedia.org/wiki/2021_Ballon_d%27Or,1,2021-01-01,2021-12-31,Kevin De Bruyne
2021,2021,9,Kylian Mbappé,Paris Saint-Germain,,58.0,https://en.wikipedia.org/wiki/2021_Ballon_d%27Or,1,2021-01-01,2021-12-31,Kylian Mbappé
2021,2021,10,Gianluigi Donnarumma,Paris Saint-Germain,,36.0,https://en.wikipedia.org/wiki/2021_Ballon_d%27Or,1,2021-01-01,2021-12-31,Gianluigi Donnarumma
2021,2021,11,Erling Haaland,Borussia Dortmund,,33.0,https://en.wikipedia.org/wiki/2021_Ballon_d%27Or,1,2021-01-01,2021-12-31,Erling Haaland
2021,2021,12,Romelu Lukaku,Chelsea,,26.0,https://en.wikipedia.org/wiki/2021_Ballon_d%27Or,1,2021-01-01,2021-12-31,Romelu Lukaku
2021,2021,12,Giorgio Chiellini,Juventus,,26.0,https://en.wikipedia.org/wiki/2021_Ballon_d%27Or,1,2021-01-01,2021-12-31,Giorgio Chiellini
2021,2021,14,Leonardo Bonucci,Juventus,,18.0,https://en.wikipedia.org/wiki/2021_Ballon_d%27Or,1,2021-01-01,2021-12-31,Leonardo Bonucci
2021,2021,15,Raheem Sterling,Manchester City,,10.0,https://en.wikipedia.org/wiki/2021_Ballon_d%27Or,1,2021-01-01,2021-12-31,Raheem Sterling
2021,2021,16,Neymar,Paris Saint-Germain,,9.0,https://en.wikipedia.org/wiki/2021_Ballon_d%27Or,1,2021-01-01,2021-12-31,Neymar
2021,2021,17,Luis Suárez,Atlético Madrid,,8.0,https://en.wikipedia.org/wiki/2021_Ballon_d%27Or,1,2021-01-01,2021-12-31,Luis Suárez
2021,2021,17,Simon Kjær,Milan,,8.0,https://en.wikipedia.org/wiki/2021_Ballon_d%27Or,1,2021-01-01,2021-12-31,Simon Kjær
2021,2021,19,Mason Mount,Chelsea,,7.0,https://en.wikipedia.org/wiki/2021_Ballon_d%27Or,1,2021-01-01,2021-12-31,Mason Mount
2021,2021,19,Riyad Mahrez,Manchester City,,7.0,https://en.wikipedia.org/wiki/2021_Ballon_d%27Or,1,2021-01-01,2021-12-31,Riyad Mahrez
2021,2021,21,Bruno Fernandes,Manchester United,,6.0,https://en.wikipedia.org/wiki/2021_Ballon_d%27Or,1,2021-01-01,2021-12-31,Bruno Fernandes
2021,2021,21,Lautaro Martínez,Inter Milan,,6.0,https://en.wikipedia.org/wiki/2021_Ballon_d%27Or,1,2021-01-01,2021-12-31,Lautaro Martínez
2021,2021,23,Harry Kane,Tottenham Hotspur,,4.0,https://en.wikipedia.org/wiki/2021_Ballon_d%27Or,1,2021-01-01,2021-12-31,Harry Kane
2021,2021,24,Pedri,Barcelona,,3.0,https://en.wikipedia.org/wiki/2021_Ballon_d%27Or,1,2021-01-01,2021-12-31,Pedri
2021,2021,25,Phil Foden,Manchester City,,2.0,https://en.wikipedia.org/wiki/2021_Ballon_d%27Or,1,2021-01-01,2021-12-31,Phil Foden
2021,2021,26,Gerard Moreno,Villarreal,,1.0,https://en.wikipedia.org/wiki/2021_Ballon_d%27Or,1,2021-01-01,2021-12-31,Gerard Moreno
2021,2021,26,Nicolò Barella,Inter Milan,,1.0,https://en.wikipedia.org/wiki/2021_Ballon_d%27Or,1,2021-01-01,2021-12-31,Nicolò Barella
2021,2021,26,Rúben Dias,Manchester City,,1.0,https://en.wikipedia.org/wiki/2021_Ballon_d%27Or,1,2021-01-01,2021-12-31,Rúben Dias
2021,2021,29,Luka Modrić,Real Madrid,,0.0,https://en.wikipedia.org/wiki/2021_Ballon_d%27Or,1,2021-01-01,2021-12-31,Luka Modrić
2021,2021,29,Cesar Azpilicueta,Chelsea,,0.0,https://en.wikipedia.org/wiki/2021_Ballon_d%27Or,1,2021-01-01,2021-12-31,Cesar Azpilicueta
2022,2022,1,Karim Benzema,Real Madrid,France,549.0,https://en.wikipedia.org/wiki/2022_Ballon_d%27Or,1,2021-08-01,2022-07-31,Karim Benzema
2022,2022,2,Sadio Mané,Liverpool,Senegal,193.0,https://en.wikipedia.org/wiki/2022_Ballon_d%27Or,1,2021-08-01,2022-07-31,Sadio Mané
2022,2022,3,Kevin De Bruyne,Manchester City,Belgium,175.0,https://en.wikipedia.org/wiki/2022_Ballon_d%27Or,1,2021-08-01,2022-07-31,Kevin De Bruyne
2022,2022,4,Robert Lewandowski,Bayern Munich,Poland,170.0,https://en.wikipedia.org/wiki/2022_Ballon_d%27Or,1,2021-08-01,2022-07-31,Robert Lewandowski
2022,2022,5,Mohamed Salah,Liverpool,Egypt,116.0,https://en.wikipedia.org/wiki/2022_Ballon_d%27Or,1,2021-08-01,2022-07-31,Mohamed Salah
2022,2022,6,Kylian Mbappé,Paris Saint-Germain,France,85.0,https://en.wikipedia.org/wiki/2022_Ballon_d%27Or,1,2021-08-01,2022-07-31,Kylian Mbappé
2022,2022,7,Thibaut Courtois,Real Madrid,Belgium,82.0,https://en.wikipedia.org/wiki/2022_Ballon_d%27Or,1,2021-08-01,2022-07-31,Thibaut Courtois
2022,2022,8,Vinícius Júnior,Real Madrid,Brazil,61.0,https://en.wikipedia.org/wiki/2022_Ballon_d%27Or,1,2021-08-01,2022-07-31,Vinícius Júnior
2022,2022,9,Luka Modrić,Real Madrid,Croatia,20.0,https://en.wikipedia.org/wiki/2022_Ballon_d%27Or,1,2021-08-01,2022-07-31,Luka Modrić
2022,2022,10,Erling Haaland,Borussia Dortmund,Norway,18.0,https://en.wikipedia.org/wiki/2022_Ballon_d%27Or,1,2021-08-01,2022-07-31,Erling Haaland
2022,2022,11,Son Heung-min,Tottenham Hotspur,South Korea,5.0,https://en.wikipedia.org/wiki/2022_Ballon_d%27Or,1,2021-08-01,2022-07-31,Son Heung-min
2022,2022,12,Riyad Mahrez,Manchester City,Algeria,4.0,https://en.wikipedia.org/wiki/2022_Ballon_d%27Or,1,2021-08-01,2022-07-31,Riyad Mahrez
2022,2022,13,Sébastien Haller,Ajax,Ivory Coast,2.0,https://en.wikipedia.org/wiki/2022_Ballon_d%27Or,1,2021-08-01,2022-07-31,Sébastien Haller
2022,2022,14,Fabinho,Liverpool,Brazil,2.0,https://en.wikipedia.org/wiki/2022_Ballon_d%27Or,1,2021-08-01,2022-07-31,Fabinho
2022,2022,14,Rafael Leão,AC Milan,Portugal,2.0,https://en.wikipedia.org/wiki/2022_Ballon_d%27Or,1,2021-08-01,2022-07-31,Rafael Leão
2022,2022,16,Virgil van Dijk,Liverpool,Netherlands,1.0,https://en.wikipedia.org/wiki/2022_Ballon_d%27Or,1,2021-08-01,2022-07-31,Virgil van Dijk
2022,2022,17,Casemiro,Real Madrid,Brazil,1.0,https://en.wikipedia.org/wiki/2022_Ballon_d%27Or,1,2021-08-01,2022-07-31,Casemiro
2022,2022,17,Luis Díaz,Liverpool,Colombia,1.0,https://en.wikipedia.org/wiki/2022_Ballon_d%27Or,1,2021-08-01,2022-07-31,Luis Díaz
2022,2022,17,Dušan Vlahović,Juventus,Serbia,1.0,https://en.wikipedia.org/wiki/2022_Ballon_d%27Or,1,2021-08-01,2022-07-31,Dušan Vlahović
2022,2022,20,Cristiano Ronaldo,Manchester United,Portugal,0.0,https://en.wikipedia.org/wiki/2022_Ballon_d%27Or,1,2021-08-01,2022-07-31,Cristiano Ronaldo
2022,2022,21,Harry Kane,Tottenham Hotspur,England,0.0,https://en.wikipedia.org/wiki/2022_Ballon_d%27Or,1,2021-08-01,2022-07-31,Harry Kane
2022,2022,22,Trent Alexander-Arnold,Liverpool,England,0.0,https://en.wikipedia.org/wiki/2022_Ballon_d%27Or,1,2021-08-01,2022-07-31,Trent Alexander-Arnold
2022,2022,22,Phil Foden,Manchester City,England,0.0,https://en.wikipedia.org/wiki/2022_Ballon_d%27Or,1,2021-08-01,2022-07-31,Phil Foden
2022,2022,22,Bernardo Silva,Manchester City,Portugal,0.0,https://en.wikipedia.org/wiki/2022_Ballon_d%27Or,1,2021-08-01,2022-07-31,Bernardo Silva
2022,2022,25,João Cancelo,Manchester City,Portugal,0.0,https://en.wikipedia.org/wiki/2022_Ballon_d%27Or,1,2021-08-01,2022-07-31,João Cancelo
2022,2022,25,Joshua Kimmich,Bayern Munich,Germany,0.0,https://en.wikipedia.org/wiki/2022_Ballon_d%27Or,1,2021-08-01,2022-07-31,Joshua Kimmich
2022,2022,25,Mike Maignan,AC Milan,France,0.0,https://en.wikipedia.org/wiki/2022_Ballon_d%27Or,1,2021-08-01,2022-07-31,Mike Maignan
2022,2022,25,Christopher Nkunku,RB Leipzig,France,0.0,https://en.wikipedia.org/wiki/2022_Ballon_d%27Or,1,2021-08-01,2022-07-31,Christopher Nkunku
2022,2022,25,Darwin Núñez,Benfica,Uruguay,0.0,https://en.wikipedia.org/wiki/2022_Ballon_d%27Or,1,2021-08-01,2022-07-31,Darwin Núñez
2022,2022,25,Antonio Rüdiger,Chelsea,Germany,0.0,https://en.wikipedia.org/wiki/2022_Ballon_d%27Or,1,2021-08-01,2022-07-31,Antonio Rüdiger
2023,2023,1,Lionel Messi,Inter Miami,Argentina,462.0,https://en.wikipedia.org/wiki/2023_Ballon_d%27Or,1,2022-08-01,2023-07-31,Lionel Messi
2023,2023,2,Erling Haaland,Manchester City,Norway,357.0,https://en.wikipedia.org/wiki/2023_Ballon_d%27Or,1,2022-08-01,2023-07-31,Erling Haaland
2023,2023,3,Kylian Mbappé,Paris Saint-Germain,France,270.0,https://en.wikipedia.org/wiki/2023_Ballon_d%27Or,1,2022-08-01,2023-07-31,Kylian Mbappé
2023,2023,4,Kevin De Bruyne,Manchester City,Belgium,100.0,https://en.wikipedia.org/wiki/2023_Ballon_d%27Or,1,2022-08-01,2023-07-31,Kevin De Bruyne
2023,2023,5,Rodri,Manchester City,Spain,57.0,https://en.wikipedia.org/wiki/2023_Ballon_d%27Or,1,2022-08-01,2023-07-31,Rodri
2023,2023,6,Vinícius Júnior,Real Madrid,Brazil,49.0,https://en.wikipedia.org/wiki/2023_Ballon_d%27Or,1,2022-08-01,2023-07-31,Vinícius Júnior
2023,2023,7,Julián Álvarez,Manchester City,Argentina,28.0,https://en.wikipedia.org/wiki/2023_Ballon_d%27Or,1,2022-08-01,2023-07-31,Julián Álvarez
2023,2023,8,Victor Osimhen,Napoli,Nigeria,24.0,https://en.wikipedia.org/wiki/2023_Ballon_d%27Or,1,2022-08-01,2023-07-31,Victor Osimhen
2023,2023,9,Bernardo Silva,Manchester City,Portugal,20.0,https://en.wikipedia.org/wiki/2023_Ballon_d%27Or,1,2022-08-01,2023-07-31,Bernardo Silva
2023,2023,10,Luka Modrić,Real Madrid,Croatia,19.0,https://en.wikipedia.org/wiki/2023_Ballon_d%27Or,1,2022-08-01,2023-07-31,Luka Modrić
2023,2023,11,Mohamed Salah,Liverpool,Egypt,13.0,https://en.wikipedia.org/wiki/2023_Ballon_d%27Or,1,2022-08-01,2023-07-31,Mohamed Salah
2023,2023,12,Robert Lewandowski,Barcelona,Poland,12.0,https://en.wikipedia.org/wiki/2023_Ballon_d%27Or,1,2022-08-01,2023-07-31,Robert Lewandowski
2023,2023,13,Yassine Bounou,Sevilla,Morocco,10.0,https://en.wikipedia.org/wiki/2023_Ballon_d%27Or,1,2022-08-01,2023-07-31,Yassine Bounou
2023,2023,14,İlkay Gündoğan,Manchester City,Germany,8.0,https://en.wikipedia.org/wiki/2023_Ballon_d%27Or,1,2022-08-01,2023-07-31,İlkay Gündoğan
2023,2023,15,Emiliano Martínez,Aston Villa,Argentina,7.0,https://en.wikipedia.org/wiki/2023_Ballon_d%27Or,1,2022-08-01,2023-07-31,Emiliano Martínez
2023,2023,16,Karim Benzema,Real Madrid,France,6.0,https://en.wikipedia.org/wiki/2023_Ballon_d%27Or,1,2022-08-01,2023-07-31,Karim Benzema
2023,2023,17,Khvicha Kvaratskhelia,Napoli,Georgia,6.0,https://en.wikipedia.org/wiki/2023_Ballon_d%27Or,1,2022-08-01,2023-07-31,Khvicha Kvaratskhelia
2023,2023,18,Jude Bellingham,Borussia Dortmund,England,5.0,https://en.wikipedia.org/wiki/2023_Ballon_d%27Or,1,2022-08-01,2023-07-31,Jude Bellingham
2023,2023,19,Harry Kane,Tottenham Hotspur,England,4.0,https://en.wikipedia.org/wiki/2023_Ballon_d%27Or,1,2022-08-01,2023-07-31,Harry Kane
2023,2023,20,Lautaro Martínez,Inter Milan,Argentina,4.0,https://en.wikipedia.org/wiki/2023_Ballon_d%27Or,1,2022-08-01,2023-07-31,Lautaro Martínez
2023,2023,21,Antoine Griezmann,Atlético Madrid,France,4.0,https://en.wikipedia.org/wiki/2023_Ballon_d%27Or,1,2022-08-01,2023-07-31,Antoine Griezmann
2023,2023,22,Kim Min-jae,Napoli,South Korea,3.0,https://en.wikipedia.org/wiki/2023_Ballon_d%27Or,1,2022-08-01,2023-07-31,Kim Min-jae
2023,2023,23,André Onana,Inter Milan,Cameroon,2.0,https://en.wikipedia.org/wiki/2023_Ballon_d%27Or,1,2022-08-01,2023-07-31,André Onana
2023,2023,24,Bukayo Saka,Arsenal,England,1.0,https://en.wikipedia.org/wiki/2023_Ballon_d%27Or,1,2022-08-01,2023-07-31,Bukayo Saka
2023,2023,25,Joško Gvardiol,RB Leipzig,Croatia,1.0,https://en.wikipedia.org/wiki/2023_Ballon_d%27Or,1,2022-08-01,2023-07-31,Joško Gvardiol
2023,2023,26,Jamal Musiala,Bayern Munich,Germany,0.0,https://en.wikipedia.org/wiki/2023_Ballon_d%27Or,1,2022-08-01,2023-07-31,Jamal Musiala
2023,2023,27,Nicolò Barella,Inter Milan,Italy,0.0,https://en.wikipedia.org/wiki/2023_Ballon_d%27Or,1,2022-08-01,2023-07-31,Nicolò Barella
2023,2023,28,Randal Kolo Muani,Eintracht Frankfurt,France,0.0,https://en.wikipedia.org/wiki/2023_Ballon_d%27Or,1,2022-08-01,2023-07-31,Randal Kolo Muani
2023,2023,28,Martin Ødegaard,Arsenal,Norway,0.0,https://en.wikipedia.org/wiki/2023_Ballon_d%27Or,1,2022-08-01,2023-07-31,Martin Ødegaard
2023,2023,30,Rúben Dias,Manchester City,Portugal,0.0,https://en.wikipedia.org/wiki/2023_Ballon_d%27Or,1,2022-08-01,2023-07-31,Rúben Dias
2024,2024,1,Rodri,Manchester City,Spain,1170.0,https://en.wikipedia.org/wiki/2024_Ballon_d%27Or,1,2023-08-01,2024-07-31,Rodri
2024,2024,2,Vinícius Júnior,Real Madrid,Brazil,1129.0,https://en.wikipedia.org/wiki/2024_Ballon_d%27Or,1,2023-08-01,2024-07-31,Vinícius Júnior
2024,2024,3,Jude Bellingham,Real Madrid,England,917.0,https://en.wikipedia.org/wiki/2024_Ballon_d%27Or,1,2023-08-01,2024-07-31,Jude Bellingham
2024,2024,4,Dani Carvajal,Real Madrid,Spain,550.0,https://en.wikipedia.org/wiki/2024_Ballon_d%27Or,1,2023-08-01,2024-07-31,Dani Carvajal
2024,2024,5,Erling Haaland,Manchester City,Norway,432.0,https://en.wikipedia.org/wiki/2024_Ballon_d%27Or,1,2023-08-01,2024-07-31,Erling Haaland
2024,2024,6,Kylian Mbappé,Paris Saint-Germain,France,420.0,https://en.wikipedia.org/wiki/2024_Ballon_d%27Or,1,2023-08-01,2024-07-31,Kylian Mbappé
2024,2024,7,Lautaro Martínez,Inter Milan,Argentina,402.0,https://en.wikipedia.org/wiki/2024_Ballon_d%27Or,1,2023-08-01,2024-07-31,Lautaro Martínez
2024,2024,8,Lamine Yamal,Barcelona,Spain,383.0,https://en.wikipedia.org/wiki/2024_Ballon_d%27Or,1,2023-08-01,2024-07-31,Lamine Yamal
2024,2024,9,Toni Kroos,Real Madrid,Germany,291.0,https://en.wikipedia.org/wiki/2024_Ballon_d%27Or,1,2023-08-01,2024-07-31,Toni Kroos
2024,2024,10,Harry Kane,Bayern Munich,England,201.0,https://en.wikipedia.org/wiki/2024_Ballon_d%27Or,1,2023-08-01,2024-07-31,Harry Kane
2024,2024,11,Phil Foden,Manchester City,England,157.0,https://en.wikipedia.org/wiki/2024_Ballon_d%27Or,1,2023-08-01,2024-07-31,Phil Foden
2024,2024,12,Florian Wirtz,Bayer Leverkusen,Germany,101.0,https://en.wikipedia.org/wiki/2024_Ballon_d%27Or,1,2023-08-01,2024-07-31,Florian Wirtz
2024,2024,13,Dani Olmo,RB Leipzig,Spain,86.0,https://en.wikipedia.org/wiki/2024_Ballon_d%27Or,1,2023-08-01,2024-07-31,Dani Olmo
2024,2024,14,Ademola Lookman,Atalanta,Nigeria,82.0,https://en.wikipedia.org/wiki/2024_Ballon_d%27Or,1,2023-08-01,2024-07-31,Ademola Lookman
2024,2024,15,Nico Williams,Athletic Bilbao,Spain,73.0,https://en.wikipedia.org/wiki/2024_Ballon_d%27Or,1,2023-08-01,2024-07-31,Nico Williams
2024,2024,16,Granit Xhaka,Bayer Leverkusen,Switzerland,60.0,https://en.wikipedia.org/wiki/2024_Ballon_d%27Or,1,2023-08-01,2024-07-31,Granit Xhaka
2024,2024,17,Federico Valverde,Real Madrid,Uruguay,58.0,https://en.wikipedia.org/wiki/2024_Ballon_d%27Or,1,2023-08-01,2024-07-31,Federico Valverde
2024,2024,18,Emiliano Martínez,Aston Villa,Argentina,28.0,https://en.wikipedia.org/wiki/2024_Ballon_d%27Or,1,2023-08-01,2024-07-31,Emiliano Martínez
2024,2024,19,Martin Ødegaard,Arsenal,Norway,16.0,https://en.wikipedia.org/wiki/2024_Ballon_d%27Or,1,2023-08-01,2024-07-31,Martin Ødegaard
2024,2024,20,Hakan Çalhanoğlu,Inter Milan,Turkey,15.0,https://en.wikipedia.org/wiki/2024_Ballon_d%27Or,1,2023-08-01,2024-07-31,Hakan Çalhanoğlu
2024,2024,21,Bukayo Saka,Arsenal,England,14.0,https://en.wikipedia.org/wiki/2024_Ballon_d%27Or,1,2023-08-01,2024-07-31,Bukayo Saka
2024,2024,22,Antonio Rüdiger,Real Madrid,Germany,13.0,https://en.wikipedia.org/wiki/2024_Ballon_d%27Or,1,2023-08-01,2024-07-31,Antonio Rüdiger
2024,2024,23,Rúben Dias,Manchester City,Portugal,8.0,https://en.wikipedia.org/wiki/2024_Ballon_d%27Or,1,2023-08-01,2024-07-31,Rúben Dias
2024,2024,24,William Saliba,Arsenal,France,8.0,https://en.wikipedia.org/wiki/2024_Ballon_d%27Or,1,2023-08-01,2024-07-31,William Saliba
2024,2024,25,Cole Palmer,Chelsea,England,7.0,https://en.wikipedia.org/wiki/2024_Ballon_d%27Or,1,2023-08-01,2024-07-31,Cole Palmer
2024,2024,26,Declan Rice,Arsenal,England,5.0,https://en.wikipedia.org/wiki/2024_Ballon_d%27Or,1,2023-08-01,2024-07-31,Declan Rice
2024,2024,27,Vitinha,Paris Saint-Germain,Portugal,5.0,https://en.wikipedia.org/wiki/2024_Ballon_d%27Or,1,2023-08-01,2024-07-31,Vitinha
2024,2024,28,Álex Grimaldo,Bayer Leverkusen,Spain,2.0,https://en.wikipedia.org/wiki/2024_Ballon_d%27Or,1,2023-08-01,2024-07-31,Álex Grimaldo
2024,2024,29,Artem Dovbyk,Girona,Ukraine,0.0,https://en.wikipedia.org/wiki/2024_Ballon_d%27Or,1,2023-08-01,2024-07-31,Artem Dovbyk
2024,2024,29,Mats Hummels,Borussia Dortmund,Germany,0.0,https://en.wikipedia.org/wiki/2024_Ballon_d%27Or,1,2023-08-01,2024-07-31,Mats Hummels
2025,2025,1,Ousmane Dembélé,Paris Saint-Germain,France,1380.0,https://en.wikipedia.org/wiki/2025_Ballon_d%27Or,1,2024-08-01,2025-07-31,Ousmane Dembélé
2025,2025,2,Lamine Yamal,Barcelona,Spain,1059.0,https://en.wikipedia.org/wiki/2025_Ballon_d%27Or,1,2024-08-01,2025-07-31,Lamine Yamal
2025,2025,3,Vitinha,Paris Saint-Germain,Portugal,703.0,https://en.wikipedia.org/wiki/2025_Ballon_d%27Or,1,2024-08-01,2025-07-31,Vitinha
2025,2025,4,Mohamed Salah,Liverpool,Egypt,657.0,https://en.wikipedia.org/wiki/2025_Ballon_d%27Or,1,2024-08-01,2025-07-31,Mohamed Salah
2025,2025,5,Raphinha,Barcelona,Brazil,620.0,https://en.wikipedia.org/wiki/2025_Ballon_d%27Or,1,2024-08-01,2025-07-31,Raphinha
2025,2025,6,Achraf Hakimi,Paris Saint-Germain,Morocco,484.0,https://en.wikipedia.org/wiki/2025_Ballon_d%27Or,1,2024-08-01,2025-07-31,Achraf Hakimi
2025,2025,7,Kylian Mbappé,Real Madrid,France,378.0,https://en.wikipedia.org/wiki/2025_Ballon_d%27Or,1,2024-08-01,2025-07-31,Kylian Mbappé
2025,2025,8,Cole Palmer,Chelsea,England,211.0,https://en.wikipedia.org/wiki/2025_Ballon_d%27Or,1,2024-08-01,2025-07-31,Cole Palmer
2025,2025,9,Gianluigi Donnarumma,Paris Saint-Germain,Italy,172.0,https://en.wikipedia.org/wiki/2025_Ballon_d%27Or,1,2024-08-01,2025-07-31,Gianluigi Donnarumma
2025,2025,10,Nuno Mendes,Paris Saint-Germain,Portugal,171.0,https://en.wikipedia.org/wiki/2025_Ballon_d%27Or,1,2024-08-01,2025-07-31,Nuno Mendes
2025,2025,11,Pedri,Barcelona,Spain,124.0,https://en.wikipedia.org/wiki/2025_Ballon_d%27Or,1,2024-08-01,2025-07-31,Pedri
2025,2025,12,Khvicha Kvaratskhelia,Napoli Paris Saint-Germain,Georgia,123.0,https://en.wikipedia.org/wiki/2025_Ballon_d%27Or,1,2024-08-01,2025-07-31,Khvicha Kvaratskhelia
2025,2025,13,Harry Kane,Bayern Munich,England,112.0,https://en.wikipedia.org/wiki/2025_Ballon_d%27Or,1,2024-08-01,2025-07-31,Harry Kane
2025,2025,14,Désiré Doué,Paris Saint-Germain,France,74.0,https://en.wikipedia.org/wiki/2025_Ballon_d%27Or,1,2024-08-01,2025-07-31,Désiré Doué
2025,2025,15,Viktor Gyökeres,Sporting CP,Sweden,56.0,https://en.wikipedia.org/wiki/2025_Ballon_d%27Or,1,2024-08-01,2025-07-31,Viktor Gyökeres
2025,2025,16,Vinícius Júnior,Real Madrid,Brazil,51.0,https://en.wikipedia.org/wiki/2025_Ballon_d%27Or,1,2024-08-01,2025-07-31,Vinícius Júnior
2025,2025,17,Robert Lewandowski,Barcelona,Poland,49.0,https://en.wikipedia.org/wiki/2025_Ballon_d%27Or,1,2024-08-01,2025-07-31,Robert Lewandowski
2025,2025,18,Scott McTominay,Manchester United Napoli,Scotland,45.0,https://en.wikipedia.org/wiki/2025_Ballon_d%27Or,1,2024-08-01,2025-07-31,Scott McTominay
2025,2025,19,João Neves,Paris Saint-Germain,Portugal,40.0,https://en.wikipedia.org/wiki/2025_Ballon_d%27Or,1,2024-08-01,2025-07-31,João Neves
2025,2025,20,Lautaro Martínez,Inter Milan,Argentina,37.0,https://en.wikipedia.org/wiki/2025_Ballon_d%27Or,1,2024-08-01,2025-07-31,Lautaro Martínez
2025,2025,21,Serhou Guirassy,Borussia Dortmund,Guinea,25.0,https://en.wikipedia.org/wiki/2025_Ballon_d%27Or,1,2024-08-01,2025-07-31,Serhou Guirassy
2025,2025,22,Alexis Mac Allister,Liverpool,Argentina,21.0,https://en.wikipedia.org/wiki/2025_Ballon_d%27Or,1,2024-08-01,2025-07-31,Alexis Mac Allister
2025,2025,23,Jude Bellingham,Real Madrid,England,21.0,https://en.wikipedia.org/wiki/2025_Ballon_d%27Or,1,2024-08-01,2025-07-31,Jude Bellingham
2025,2025,24,Fabián Ruiz,Paris Saint-Germain,Spain,20.0,https://en.wikipedia.org/wiki/2025_Ballon_d%27Or,1,2024-08-01,2025-07-31,Fabián Ruiz
2025,2025,25,Denzel Dumfries,Inter Milan,Netherlands,20.0,https://en.wikipedia.org/wiki/2025_Ballon_d%27Or,1,2024-08-01,2025-07-31,Denzel Dumfries
2025,2025,26,Erling Haaland,Manchester City,Norway,18.0,https://en.wikipedia.org/wiki/2025_Ballon_d%27Or,1,2024-08-01,2025-07-31,Erling Haaland
2025,2025,27,Declan Rice,Arsenal,England,13.0,https://en.wikipedia.org/wiki/2025_Ballon_d%27Or,1,2024-08-01,2025-07-31,Declan Rice
2025,2025,28,Virgil van Dijk,Liverpool,Netherlands,7.0,https://en.wikipedia.org/wiki/2025_Ballon_d%27Or,1,2024-08-01,2025-07-31,Virgil van Dijk
2025,2025,29,Florian Wirtz,Bayer Leverkusen,Germany,5.0,https://en.wikipedia.org/wiki/2025_Ballon_d%27Or,1,2024-08-01,2025-07-31,Florian Wirtz
2025,2025,30,Michael Olise,Bayern Munich,France,4.0,https://en.wikipedia.org/wiki/2025_Ballon_d%27Or,1,2024-08-01,2025-07-31,Michael Olise
