season_id,award_year,player_name_raw,club_at_time,nation_team,club_prestige_tier,club_prestige_score,market_size_proxy,signature_moment_flag,signature_moment_reasons,prestige_match_info,inferred_flags,source
1956,1956,Stanley Matthews,Blackpool,England,2,2,2,0,,"{""tier"": 2, ""score"": 2, ""matched"": ""Blackpool"", ""raw"": ""Blackpool""}","club_prestige_tier, market_size_proxy, signature_moment_flag are agent-inferred proxies per Requirements A.4, not sourced from post-hoc narrative articles (to avoid leakage per Key Focus Area §3)","heuristic based on trophy winners (UCL, World Cup, Euros, Copa) + club prestige tier list operationalized from UEFA coefficient / revenue"
1956,1956,Alfredo Di Stéfano,Real Madrid,Spain,1,3,3,1,UCL winner 1956 club Real Madrid matches player's club Real Madrid,"{""tier"": 1, ""score"": 3, ""matched"": ""Real Madrid"", ""raw"": ""Real Madrid""}","club_prestige_tier, market_size_proxy, signature_moment_flag are agent-inferred proxies per Requirements A.4, not sourced from post-hoc narrative articles (to avoid leakage per Key Focus Area §3)","heuristic based on trophy winners (UCL, World Cup, Euros, Copa) + club prestige tier list operationalized from UEFA coefficient / revenue"
1956,1956,Raymond Kopa,Reims Real Madrid,France,1,3,3,1,UCL winner 1956 club Real Madrid matches player's club Reims Real Madrid,"{""tier"": 1, ""score"": 3, ""matched"": ""Real Madrid"", ""raw"": ""Reims Real Madrid""}","club_prestige_tier, market_size_proxy, signature_moment_flag are agent-inferred proxies per Requirements A.4, not sourced from post-hoc narrative articles (to avoid leakage per Key Focus Area §3)","heuristic based on trophy winners (UCL, World Cup, Euros, Copa) + club prestige tier list operationalized from UEFA coefficient / revenue"
1956,1956,Ferenc Puskás,Budapest Honvéd,Hungary,3,1,1,0,,"{""tier"": 3, ""score"": 1, ""matched"": ""other"", ""raw"": ""Budapest Honv\u00e9d""}","club_prestige_tier, market_size_proxy, signature_moment_flag are agent-inferred proxies per Requirements A.4, not sourced from post-hoc narrative articles (to avoid leakage per Key Focus Area §3)","heuristic based on trophy winners (UCL, World Cup, Euros, Copa) + club prestige tier list operationalized from UEFA coefficient / revenue"
1956,1956,Lev Yashin,Dynamo Moscow,Soviet Union,3,1,1,0,,"{""tier"": 3, ""score"": 1, ""matched"": ""other"", ""raw"": ""Dynamo Moscow""}","club_prestige_tier, market_size_proxy, signature_moment_flag are agent-inferred proxies per Requirements A.4, not sourced from post-hoc narrative articles (to avoid leakage per Key Focus Area §3)","heuristic based on trophy winners (UCL, World Cup, Euros, Copa) + club prestige tier list operationalized from UEFA coefficient / revenue"
1956,1956,József Bozsik,Budapest Honvéd,Hungary,3,1,1,0,,"{""tier"": 3, ""score"": 1, ""matched"": ""other"", ""raw"": ""Budapest Honv\u00e9d""}","club_prestige_tier, market_size_proxy, signature_moment_flag are agent-inferred proxies per Requirements A.4, not sourced from post-hoc narrative articles (to avoid leakage per Key Focus Area §3)","heuristic based on trophy winners (UCL, World Cup, Euros, Copa) + club prestige tier list operationalized from UEFA coefficient / revenue"
1956,1956,Ernst Ocwirk,Austria Wien Sampdoria,Austria,3,1,1,0,,"{""tier"": 3, ""score"": 1, ""matched"": ""other"", ""raw"": ""Austria Wien Sampdoria""}","club_prestige_tier, market_size_proxy, signature_moment_flag are agent-inferred proxies per Requirements A.4, not sourced from post-hoc narrative articles (to avoid leakage per Key Focus Area §3)","heuristic based on trophy winners (UCL, World Cup, Euros, Copa) + club prestige tier list operationalized from UEFA coefficient / revenue"
1956,1956,Sándor Kocsis,Budapest Honvéd,Hungary,3,1,1,0,,"{""tier"": 3, ""score"": 1, ""matched"": ""other"", ""raw"": ""Budapest Honv\u00e9d""}","club_prestige_tier, market_size_proxy, signature_moment_flag are agent-inferred proxies per Requirements A.4, not sourced from post-hoc narrative articles (to avoid leakage per Key Focus Area §3)","heuristic based on trophy winners (UCL, World Cup, Euros, Copa) + club prestige tier list operationalized from UEFA coefficient / revenue"
1956,1956,Thadée Cisowski,RC Paris,France,3,1,1,0,,"{""tier"": 3, ""score"": 1, ""matched"": ""other"", ""raw"": ""RC Paris""}","club_prestige_tier, market_size_proxy, signature_moment_flag are agent-inferred proxies per Requirements A.4, not sourced from post-hoc narrative articles (to avoid leakage per Key Focus Area §3)","heuristic based on trophy winners (UCL, World Cup, Euros, Copa) + club prestige tier list operationalized from UEFA coefficient / revenue"
1956,1956,Ivan Kolev,CDNA Sofia,Bulgaria,3,1,1,0,,"{""tier"": 3, ""score"": 1, ""matched"": ""other"", ""raw"": ""CDNA Sofia""}","club_prestige_tier, market_size_proxy, signature_moment_flag are agent-inferred proxies per Requirements A.4, not sourced from post-hoc narrative articles (to avoid leakage per Key Focus Area §3)","heuristic based on trophy winners (UCL, World Cup, Euros, Copa) + club prestige tier list operationalized from UEFA coefficient / revenue"
1956,1956,Billy Wright,Wolverhampton Wanderers,England,3,1,1,0,,"{""tier"": 3, ""score"": 1, ""matched"": ""other"", ""raw"": ""Wolverhampton Wanderers""}","club_prestige_tier, market_size_proxy, signature_moment_flag are agent-inferred proxies per Requirements A.4, not sourced from post-hoc narrative articles (to avoid leakage per Key Focus Area §3)","heuristic based on trophy winners (UCL, World Cup, Euros, Copa) + club prestige tier list operationalized from UEFA coefficient / revenue"
1956,1956,Júlio Botelho,Fiorentina,Italy,2,2,2,0,,"{""tier"": 2, ""score"": 2, ""matched"": ""Fiorentina"", ""raw"": ""Fiorentina""}","club_prestige_tier, market_size_proxy, signature_moment_flag are agent-inferred proxies per Requirements A.4, not sourced from post-hoc narrative articles (to avoid leakage per Key Focus Area §3)","heuristic based on trophy winners (UCL, World Cup, Euros, Copa) + club prestige tier list operationalized from UEFA coefficient / revenue"
1956,1956,Stefan Bozhkov,CDNA Sofia,Bulgaria,3,1,1,0,,"{""tier"": 3, ""score"": 1, ""matched"": ""other"", ""raw"": ""CDNA Sofia""}","club_prestige_tier, market_size_proxy, signature_moment_flag are agent-inferred proxies per Requirements A.4, not sourced from post-hoc narrative articles (to avoid leakage per Key Focus Area §3)","heuristic based on trophy winners (UCL, World Cup, Euros, Copa) + club prestige tier list operationalized from UEFA coefficient / revenue"
1956,1956,Duncan Edwards,Manchester United,England,1,3,3,0,,"{""tier"": 1, ""score"": 3, ""matched"": ""Manchester United"", ""raw"": ""Manchester United""}","club_prestige_tier, market_size_proxy, signature_moment_flag are agent-inferred proxies per Requirements A.4, not sourced from post-hoc narrative articles (to avoid leakage per Key Focus Area §3)","heuristic based on trophy winners (UCL, World Cup, Euros, Copa) + club prestige tier list operationalized from UEFA coefficient / revenue"
1956,1956,Gerhard Hanappi,Rapid Wien,Austria,3,1,1,0,,"{""tier"": 3, ""score"": 1, ""matched"": ""other"", ""raw"": ""Rapid Wien""}","club_prestige_tier, market_size_proxy, signature_moment_flag are agent-inferred proxies per Requirements A.4, not sourced from post-hoc narrative articles (to avoid leakage per Key Focus Area §3)","heuristic based on trophy winners (UCL, World Cup, Euros, Copa) + club prestige tier list operationalized from UEFA coefficient / revenue"
1956,1956,Robert Jonquet,Reims,France,2,2,2,0,,"{""tier"": 2, ""score"": 2, ""matched"": ""Reims"", ""raw"": ""Reims""}","club_prestige_tier, market_size_proxy, signature_moment_flag are agent-inferred proxies per Requirements A.4, not sourced from post-hoc narrative articles (to avoid leakage per Key Focus Area §3)","heuristic based on trophy winners (UCL, World Cup, Euros, Copa) + club prestige tier list operationalized from UEFA coefficient / revenue"
1956,1956,Miguel Montuori,Fiorentina,Italy,2,2,2,0,,"{""tier"": 2, ""score"": 2, ""matched"": ""Fiorentina"", ""raw"": ""Fiorentina""}","club_prestige_tier, market_size_proxy, signature_moment_flag are agent-inferred proxies per Requirements A.4, not sourced from post-hoc narrative articles (to avoid leakage per Key Focus Area §3)","heuristic based on trophy winners (UCL, World Cup, Euros, Copa) + club prestige tier list operationalized from UEFA coefficient / revenue"
1956,1956,Pepillo,Sevilla,Spain,2,2,2,0,,"{""tier"": 2, ""score"": 2, ""matched"": ""Sevilla"", ""raw"": ""Sevilla""}","club_prestige_tier, market_size_proxy, signature_moment_flag are agent-inferred proxies per Requirements A.4, not sourced from post-hoc narrative articles (to avoid leakage per Key Focus Area §3)","heuristic based on trophy winners (UCL, World Cup, Euros, Copa) + club prestige tier list operationalized from UEFA coefficient / revenue"
1956,1956,Juan Alberto Schiaffino,Milan,Italy,1,3,3,0,,"{""tier"": 1, ""score"": 3, ""matched"": ""Milan"", ""raw"": ""Milan""}","club_prestige_tier, market_size_proxy, signature_moment_flag are agent-inferred proxies per Requirements A.4, not sourced from post-hoc narrative articles (to avoid leakage per Key Focus Area §3)","heuristic based on trophy winners (UCL, World Cup, Euros, Copa) + club prestige tier list operationalized from UEFA coefficient / revenue"
1956,1956,Eduard Streltsov,Torpedo Moscow,Soviet Union,3,1,1,0,,"{""tier"": 3, ""score"": 1, ""matched"": ""other"", ""raw"": ""Torpedo Moscow""}","club_prestige_tier, market_size_proxy, signature_moment_flag are agent-inferred proxies per Requirements A.4, not sourced from post-hoc narrative articles (to avoid leakage per Key Focus Area §3)","heuristic based on trophy winners (UCL, World Cup, Euros, Copa) + club prestige tier list operationalized from UEFA coefficient / revenue"
1956,1956,Marcelino Campanal,Sevilla,Spain,2,2,2,0,,"{""tier"": 2, ""score"": 2, ""matched"": ""Sevilla"", ""raw"": ""Sevilla""}","club_prestige_tier, market_size_proxy, signature_moment_flag are agent-inferred proxies per Requirements A.4, not sourced from post-hoc narrative articles (to avoid leakage per Key Focus Area §3)","heuristic based on trophy winners (UCL, World Cup, Euros, Copa) + club prestige tier list operationalized from UEFA coefficient / revenue"
1956,1956,Břetislav Dolejší,Dukla Prague,Czechoslovakia,3,1,1,0,,"{""tier"": 3, ""score"": 1, ""matched"": ""other"", ""raw"": ""Dukla Prague""}","club_prestige_tier, market_size_proxy, signature_moment_flag are agent-inferred proxies per Requirements A.4, not sourced from post-hoc narrative articles (to avoid leakage per Key Focus Area §3)","heuristic based on trophy winners (UCL, World Cup, Euros, Copa) + club prestige tier list operationalized from UEFA coefficient / revenue"
1956,1956,Roger Piantoni,FC Nancy,France,3,1,1,0,,"{""tier"": 3, ""score"": 1, ""matched"": ""other"", ""raw"": ""FC Nancy""}","club_prestige_tier, market_size_proxy, signature_moment_flag are agent-inferred proxies per Requirements A.4, not sourced from post-hoc narrative articles (to avoid leakage per Key Focus Area §3)","heuristic based on trophy winners (UCL, World Cup, Euros, Copa) + club prestige tier list operationalized from UEFA coefficient / revenue"
1956,1956,Kees Rijvers,Saint-Étienne,Netherlands,3,1,1,0,,"{""tier"": 3, ""score"": 1, ""matched"": ""other"", ""raw"": ""Saint-\u00c9tienne""}","club_prestige_tier, market_size_proxy, signature_moment_flag are agent-inferred proxies per Requirements A.4, not sourced from post-hoc narrative articles (to avoid leakage per Key Focus Area §3)","heuristic based on trophy winners (UCL, World Cup, Euros, Copa) + club prestige tier list operationalized from UEFA coefficient / revenue"
1957,1957,Alfredo Di Stéfano,Real Madrid,Spain,1,3,3,1,UCL winner 1957 club Real Madrid matches player's club Real Madrid,"{""tier"": 1, ""score"": 3, ""matched"": ""Real Madrid"", ""raw"": ""Real Madrid""}","club_prestige_tier, market_size_proxy, signature_moment_flag are agent-inferred proxies per Requirements A.4, not sourced from post-hoc narrative articles (to avoid leakage per Key Focus Area §3)","heuristic based on trophy winners (UCL, World Cup, Euros, Copa) + club prestige tier list operationalized from UEFA coefficient / revenue"
1957,1957,Billy Wright,Wolverhampton Wanderers,England,3,1,1,0,,"{""tier"": 3, ""score"": 1, ""matched"": ""other"", ""raw"": ""Wolverhampton Wanderers""}","club_prestige_tier, market_size_proxy, signature_moment_flag are agent-inferred proxies per Requirements A.4, not sourced from post-hoc narrative articles (to avoid leakage per Key Focus Area §3)","heuristic based on trophy winners (UCL, World Cup, Euros, Copa) + club prestige tier list operationalized from UEFA coefficient / revenue"
1957,1957,Duncan Edwards,Manchester United,England,1,3,3,0,,"{""tier"": 1, ""score"": 3, ""matched"": ""Manchester United"", ""raw"": ""Manchester United""}","club_prestige_tier, market_size_proxy, signature_moment_flag are agent-inferred proxies per Requirements A.4, not sourced from post-hoc narrative articles (to avoid leakage per Key Focus Area §3)","heuristic based on trophy winners (UCL, World Cup, Euros, Copa) + club prestige tier list operationalized from UEFA coefficient / revenue"
1957,1957,Raymond Kopa,Real Madrid,France,1,3,3,1,UCL winner 1957 club Real Madrid matches player's club Real Madrid,"{""tier"": 1, ""score"": 3, ""matched"": ""Real Madrid"", ""raw"": ""Real Madrid""}","club_prestige_tier, market_size_proxy, signature_moment_flag are agent-inferred proxies per Requirements A.4, not sourced from post-hoc narrative articles (to avoid leakage per Key Focus Area §3)","heuristic based on trophy winners (UCL, World Cup, Euros, Copa) + club prestige tier list operationalized from UEFA coefficient / revenue"
1957,1957,László Kubala,Barcelona,Hungary,1,3,3,0,,"{""tier"": 1, ""score"": 3, ""matched"": ""Barcelona"", ""raw"": ""Barcelona""}","club_prestige_tier, market_size_proxy, signature_moment_flag are agent-inferred proxies per Requirements A.4, not sourced from post-hoc narrative articles (to avoid leakage per Key Focus Area §3)","heuristic based on trophy winners (UCL, World Cup, Euros, Copa) + club prestige tier list operationalized from UEFA coefficient / revenue"
1957,1957,John Charles,Leeds United Juventus,Wales,1,3,3,0,,"{""tier"": 1, ""score"": 3, ""matched"": ""Juventus"", ""raw"": ""Leeds United Juventus""}","club_prestige_tier, market_size_proxy, signature_moment_flag are agent-inferred proxies per Requirements A.4, not sourced from post-hoc narrative articles (to avoid leakage per Key Focus Area §3)","heuristic based on trophy winners (UCL, World Cup, Euros, Copa) + club prestige tier list operationalized from UEFA coefficient / revenue"
1957,1957,Eduard Streltsov,Torpedo Moscow,Soviet Union,3,1,1,0,,"{""tier"": 3, ""score"": 1, ""matched"": ""other"", ""raw"": ""Torpedo Moscow""}","club_prestige_tier, market_size_proxy, signature_moment_flag are agent-inferred proxies per Requirements A.4, not sourced from post-hoc narrative articles (to avoid leakage per Key Focus Area §3)","heuristic based on trophy winners (UCL, World Cup, Euros, Copa) + club prestige tier list operationalized from UEFA coefficient / revenue"
1957,1957,Tommy Taylor,Manchester United,England,1,3,3,0,,"{""tier"": 1, ""score"": 3, ""matched"": ""Manchester United"", ""raw"": ""Manchester United""}","club_prestige_tier, market_size_proxy, signature_moment_flag are agent-inferred proxies per Requirements A.4, not sourced from post-hoc narrative articles (to avoid leakage per Key Focus Area §3)","heuristic based on trophy winners (UCL, World Cup, Euros, Copa) + club prestige tier list operationalized from UEFA coefficient / revenue"
1957,1957,József Bozsik,Budapest Honvéd,Hungary,3,1,1,0,,"{""tier"": 3, ""score"": 1, ""matched"": ""other"", ""raw"": ""Budapest Honv\u00e9d""}","club_prestige_tier, market_size_proxy, signature_moment_flag are agent-inferred proxies per Requirements A.4, not sourced from post-hoc narrative articles (to avoid leakage per Key Focus Area §3)","heuristic based on trophy winners (UCL, World Cup, Euros, Copa) + club prestige tier list operationalized from UEFA coefficient / revenue"
1957,1957,Igor Netto,Spartak Moscow,Soviet Union,3,1,1,0,,"{""tier"": 3, ""score"": 1, ""matched"": ""other"", ""raw"": ""Spartak Moscow""}","club_prestige_tier, market_size_proxy, signature_moment_flag are agent-inferred proxies per Requirements A.4, not sourced from post-hoc narrative articles (to avoid leakage per Key Focus Area §3)","heuristic based on trophy winners (UCL, World Cup, Euros, Copa) + club prestige tier list operationalized from UEFA coefficient / revenue"
1957,1957,Lev Yashin,Dynamo Moscow,Soviet Union,3,1,1,0,,"{""tier"": 3, ""score"": 1, ""matched"": ""other"", ""raw"": ""Dynamo Moscow""}","club_prestige_tier, market_size_proxy, signature_moment_flag are agent-inferred proxies per Requirements A.4, not sourced from post-hoc narrative articles (to avoid leakage per Key Focus Area §3)","heuristic based on trophy winners (UCL, World Cup, Euros, Copa) + club prestige tier list operationalized from UEFA coefficient / revenue"
1957,1957,Paco Gento,Real Madrid,Spain,1,3,3,1,UCL winner 1957 club Real Madrid matches player's club Real Madrid,"{""tier"": 1, ""score"": 3, ""matched"": ""Real Madrid"", ""raw"": ""Real Madrid""}","club_prestige_tier, market_size_proxy, signature_moment_flag are agent-inferred proxies per Requirements A.4, not sourced from post-hoc narrative articles (to avoid leakage per Key Focus Area §3)","heuristic based on trophy winners (UCL, World Cup, Euros, Copa) + club prestige tier list operationalized from UEFA coefficient / revenue"
1957,1957,Gyula Grosics,Budapest Honvéd Tatabánya,Hungary,3,1,1,0,,"{""tier"": 3, ""score"": 1, ""matched"": ""other"", ""raw"": ""Budapest Honv\u00e9d Tatab\u00e1nya""}","club_prestige_tier, market_size_proxy, signature_moment_flag are agent-inferred proxies per Requirements A.4, not sourced from post-hoc narrative articles (to avoid leakage per Key Focus Area §3)","heuristic based on trophy winners (UCL, World Cup, Euros, Copa) + club prestige tier list operationalized from UEFA coefficient / revenue"
1957,1957,Danny Blanchflower,Tottenham Hotspur,Northern Ireland,2,2,2,0,,"{""tier"": 2, ""score"": 2, ""matched"": ""Tottenham Hotspur"", ""raw"": ""Tottenham Hotspur""}","club_prestige_tier, market_size_proxy, signature_moment_flag are agent-inferred proxies per Requirements A.4, not sourced from post-hoc narrative articles (to avoid leakage per Key Focus Area §3)","heuristic based on trophy winners (UCL, World Cup, Euros, Copa) + club prestige tier list operationalized from UEFA coefficient / revenue"
1957,1957,Miloš Milutinović,Partizan,Yugoslavia,3,1,1,0,,"{""tier"": 3, ""score"": 1, ""matched"": ""other"", ""raw"": ""Partizan""}","club_prestige_tier, market_size_proxy, signature_moment_flag are agent-inferred proxies per Requirements A.4, not sourced from post-hoc narrative articles (to avoid leakage per Key Focus Area §3)","heuristic based on trophy winners (UCL, World Cup, Euros, Copa) + club prestige tier list operationalized from UEFA coefficient / revenue"
1957,1957,Juan Alberto Schiaffino,Milan,Italy,1,3,3,0,,"{""tier"": 1, ""score"": 3, ""matched"": ""Milan"", ""raw"": ""Milan""}","club_prestige_tier, market_size_proxy, signature_moment_flag are agent-inferred proxies per Requirements A.4, not sourced from post-hoc narrative articles (to avoid leakage per Key Focus Area §3)","heuristic based on trophy winners (UCL, World Cup, Euros, Copa) + club prestige tier list operationalized from UEFA coefficient / revenue"
1957,1957,Gerhard Hanappi,Rapid Wien,Austria,3,1,1,0,,"{""tier"": 3, ""score"": 1, ""matched"": ""other"", ""raw"": ""Rapid Wien""}","club_prestige_tier, market_size_proxy, signature_moment_flag are agent-inferred proxies per Requirements A.4, not sourced from post-hoc narrative articles (to avoid leakage per Key Focus Area §3)","heuristic based on trophy winners (UCL, World Cup, Euros, Copa) + club prestige tier list operationalized from UEFA coefficient / revenue"
1957,1957,Johnny Haynes,Fulham,England,3,1,1,0,,"{""tier"": 3, ""score"": 1, ""matched"": ""other"", ""raw"": ""Fulham""}","club_prestige_tier, market_size_proxy, signature_moment_flag are agent-inferred proxies per Requirements A.4, not sourced from post-hoc narrative articles (to avoid leakage per Key Focus Area §3)","heuristic based on trophy winners (UCL, World Cup, Euros, Copa) + club prestige tier list operationalized from UEFA coefficient / revenue"
1957,1957,Stanley Matthews,Blackpool,England,2,2,2,0,,"{""tier"": 2, ""score"": 2, ""matched"": ""Blackpool"", ""raw"": ""Blackpool""}","club_prestige_tier, market_size_proxy, signature_moment_flag are agent-inferred proxies per Requirements A.4, not sourced from post-hoc narrative articles (to avoid leakage per Key Focus Area §3)","heuristic based on trophy winners (UCL, World Cup, Euros, Copa) + club prestige tier list operationalized from UEFA coefficient / revenue"
1957,1957,Sándor Kocsis,Young Fellows Zürich,Hungary,3,1,1,0,,"{""tier"": 3, ""score"": 1, ""matched"": ""other"", ""raw"": ""Young Fellows Z\u00fcrich""}","club_prestige_tier, market_size_proxy, signature_moment_flag are agent-inferred proxies per Requirements A.4, not sourced from post-hoc narrative articles (to avoid leakage per Key Focus Area §3)","heuristic based on trophy winners (UCL, World Cup, Euros, Copa) + club prestige tier list operationalized from UEFA coefficient / revenue"
1957,1957,Horst Szymaniak,Wuppertaler SV,West Germany,3,1,1,0,,"{""tier"": 3, ""score"": 1, ""matched"": ""other"", ""raw"": ""Wuppertaler SV""}","club_prestige_tier, market_size_proxy, signature_moment_flag are agent-inferred proxies per Requirements A.4, not sourced from post-hoc narrative articles (to avoid leakage per Key Focus Area §3)","heuristic based on trophy winners (UCL, World Cup, Euros, Copa) + club prestige tier list operationalized from UEFA coefficient / revenue"
1957,1957,Kurt Hamrin,Padova,Sweden,3,1,1,0,,"{""tier"": 3, ""score"": 1, ""matched"": ""other"", ""raw"": ""Padova""}","club_prestige_tier, market_size_proxy, signature_moment_flag are agent-inferred proxies per Requirements A.4, not sourced from post-hoc narrative articles (to avoid leakage per Key Focus Area §3)","heuristic based on trophy winners (UCL, World Cup, Euros, Copa) + club prestige tier list operationalized from UEFA coefficient / revenue"
1957,1957,Ladislav Novák,Dukla Prague,Czechoslovakia,3,1,1,0,,"{""tier"": 3, ""score"": 1, ""matched"": ""other"", ""raw"": ""Dukla Prague""}","club_prestige_tier, market_size_proxy, signature_moment_flag are agent-inferred proxies per Requirements A.4, not sourced from post-hoc narrative articles (to avoid leakage per Key Focus Area §3)","heuristic based on trophy winners (UCL, World Cup, Euros, Copa) + club prestige tier list operationalized from UEFA coefficient / revenue"
1958,1958,Raymond Kopa,Real Madrid,France,1,3,3,1,UCL winner 1958 club Real Madrid matches player's club Real Madrid,"{""tier"": 1, ""score"": 3, ""matched"": ""Real Madrid"", ""raw"": ""Real Madrid""}","club_prestige_tier, market_size_proxy, signature_moment_flag are agent-inferred proxies per Requirements A.4, not sourced from post-hoc narrative articles (to avoid leakage per Key Focus Area §3)","heuristic based on trophy winners (UCL, World Cup, Euros, Copa) + club prestige tier list operationalized from UEFA coefficient / revenue"
1958,1958,Helmut Rahn,Rot-Weiss Essen,West Germany,3,1,1,0,,"{""tier"": 3, ""score"": 1, ""matched"": ""other"", ""raw"": ""Rot-Weiss Essen""}","club_prestige_tier, market_size_proxy, signature_moment_flag are agent-inferred proxies per Requirements A.4, not sourced from post-hoc narrative articles (to avoid leakage per Key Focus Area §3)","heuristic based on trophy winners (UCL, World Cup, Euros, Copa) + club prestige tier list operationalized from UEFA coefficient / revenue"
1958,1958,Just Fontaine,Reims,France,2,2,2,0,,"{""tier"": 2, ""score"": 2, ""matched"": ""Reims"", ""raw"": ""Reims""}","club_prestige_tier, market_size_proxy, signature_moment_flag are agent-inferred proxies per Requirements A.4, not sourced from post-hoc narrative articles (to avoid leakage per Key Focus Area §3)","heuristic based on trophy winners (UCL, World Cup, Euros, Copa) + club prestige tier list operationalized from UEFA coefficient / revenue"
1958,1958,John Charles,Juventus,Wales,1,3,3,0,,"{""tier"": 1, ""score"": 3, ""matched"": ""Juventus"", ""raw"": ""Juventus""}","club_prestige_tier, market_size_proxy, signature_moment_flag are agent-inferred proxies per Requirements A.4, not sourced from post-hoc narrative articles (to avoid leakage per Key Focus Area §3)","heuristic based on trophy winners (UCL, World Cup, Euros, Copa) + club prestige tier list operationalized from UEFA coefficient / revenue"
1958,1958,Kurt Hamrin,Padova Fiorentina,Sweden,2,2,2,0,,"{""tier"": 2, ""score"": 2, ""matched"": ""Fiorentina"", ""raw"": ""Padova Fiorentina""}","club_prestige_tier, market_size_proxy, signature_moment_flag are agent-inferred proxies per Requirements A.4, not sourced from post-hoc narrative articles (to avoid leakage per Key Focus Area §3)","heuristic based on trophy winners (UCL, World Cup, Euros, Copa) + club prestige tier list operationalized from UEFA coefficient / revenue"
1958,1958,Billy Wright,Wolverhampton Wanderers,England,3,1,1,0,,"{""tier"": 3, ""score"": 1, ""matched"": ""other"", ""raw"": ""Wolverhampton Wanderers""}","club_prestige_tier, market_size_proxy, signature_moment_flag are agent-inferred proxies per Requirements A.4, not sourced from post-hoc narrative articles (to avoid leakage per Key Focus Area §3)","heuristic based on trophy winners (UCL, World Cup, Euros, Copa) + club prestige tier list operationalized from UEFA coefficient / revenue"
1958,1958,Johnny Haynes,Fulham,England,3,1,1,0,,"{""tier"": 3, ""score"": 1, ""matched"": ""other"", ""raw"": ""Fulham""}","club_prestige_tier, market_size_proxy, signature_moment_flag are agent-inferred proxies per Requirements A.4, not sourced from post-hoc narrative articles (to avoid leakage per Key Focus Area §3)","heuristic based on trophy winners (UCL, World Cup, Euros, Copa) + club prestige tier list operationalized from UEFA coefficient / revenue"
1958,1958,Harry Gregg,Manchester United,Northern Ireland,1,3,3,0,,"{""tier"": 1, ""score"": 3, ""matched"": ""Manchester United"", ""raw"": ""Manchester United""}","club_prestige_tier, market_size_proxy, signature_moment_flag are agent-inferred proxies per Requirements A.4, not sourced from post-hoc narrative articles (to avoid leakage per Key Focus Area §3)","heuristic based on trophy winners (UCL, World Cup, Euros, Copa) + club prestige tier list operationalized from UEFA coefficient / revenue"
1958,1958,Nils Liedholm,Milan,Sweden,1,3,3,0,,"{""tier"": 1, ""score"": 3, ""matched"": ""Milan"", ""raw"": ""Milan""}","club_prestige_tier, market_size_proxy, signature_moment_flag are agent-inferred proxies per Requirements A.4, not sourced from post-hoc narrative articles (to avoid leakage per Key Focus Area §3)","heuristic based on trophy winners (UCL, World Cup, Euros, Copa) + club prestige tier list operationalized from UEFA coefficient / revenue"
1958,1958,Horst Szymaniak,Wuppertaler SV,West Germany,3,1,1,0,,"{""tier"": 3, ""score"": 1, ""matched"": ""other"", ""raw"": ""Wuppertaler SV""}","club_prestige_tier, market_size_proxy, signature_moment_flag are agent-inferred proxies per Requirements A.4, not sourced from post-hoc narrative articles (to avoid leakage per Key Focus Area §3)","heuristic based on trophy winners (UCL, World Cup, Euros, Copa) + club prestige tier list operationalized from UEFA coefficient / revenue"
1958,1958,Colin McDonald,Burnley,England,3,1,1,0,,"{""tier"": 3, ""score"": 1, ""matched"": ""other"", ""raw"": ""Burnley""}","club_prestige_tier, market_size_proxy, signature_moment_flag are agent-inferred proxies per Requirements A.4, not sourced from post-hoc narrative articles (to avoid leakage per Key Focus Area §3)","heuristic based on trophy winners (UCL, World Cup, Euros, Copa) + club prestige tier list operationalized from UEFA coefficient / revenue"
1958,1958,Paco Gento,Real Madrid,Spain,1,3,3,1,UCL winner 1958 club Real Madrid matches player's club Real Madrid,"{""tier"": 1, ""score"": 3, ""matched"": ""Real Madrid"", ""raw"": ""Real Madrid""}","club_prestige_tier, market_size_proxy, signature_moment_flag are agent-inferred proxies per Requirements A.4, not sourced from post-hoc narrative articles (to avoid leakage per Key Focus Area §3)","heuristic based on trophy winners (UCL, World Cup, Euros, Copa) + club prestige tier list operationalized from UEFA coefficient / revenue"
1958,1958,Gunnar Gren,Örgryte IS,Sweden,3,1,1,0,,"{""tier"": 3, ""score"": 1, ""matched"": ""other"", ""raw"": ""\u00d6rgryte IS""}","club_prestige_tier, market_size_proxy, signature_moment_flag are agent-inferred proxies per Requirements A.4, not sourced from post-hoc narrative articles (to avoid leakage per Key Focus Area §3)","heuristic based on trophy winners (UCL, World Cup, Euros, Copa) + club prestige tier list operationalized from UEFA coefficient / revenue"
1958,1958,Vujadin Boškov,Vojvodina,Yugoslavia,3,1,1,0,,"{""tier"": 3, ""score"": 1, ""matched"": ""other"", ""raw"": ""Vojvodina""}","club_prestige_tier, market_size_proxy, signature_moment_flag are agent-inferred proxies per Requirements A.4, not sourced from post-hoc narrative articles (to avoid leakage per Key Focus Area §3)","heuristic based on trophy winners (UCL, World Cup, Euros, Copa) + club prestige tier list operationalized from UEFA coefficient / revenue"
1958,1958,Bengt Gustavsson,Atalanta,Sweden,2,2,2,0,,"{""tier"": 2, ""score"": 2, ""matched"": ""Atalanta"", ""raw"": ""Atalanta""}","club_prestige_tier, market_size_proxy, signature_moment_flag are agent-inferred proxies per Requirements A.4, not sourced from post-hoc narrative articles (to avoid leakage per Key Focus Area §3)","heuristic based on trophy winners (UCL, World Cup, Euros, Copa) + club prestige tier list operationalized from UEFA coefficient / revenue"
1958,1958,Valentin Ivanov,Torpedo Moskva,Soviet Union,3,1,1,0,,"{""tier"": 3, ""score"": 1, ""matched"": ""other"", ""raw"": ""Torpedo Moskva""}","club_prestige_tier, market_size_proxy, signature_moment_flag are agent-inferred proxies per Requirements A.4, not sourced from post-hoc narrative articles (to avoid leakage per Key Focus Area §3)","heuristic based on trophy winners (UCL, World Cup, Euros, Copa) + club prestige tier list operationalized from UEFA coefficient / revenue"
1958,1958,Luis Suárez,Barcelona,Spain,1,3,3,0,,"{""tier"": 1, ""score"": 3, ""matched"": ""Barcelona"", ""raw"": ""Barcelona""}","club_prestige_tier, market_size_proxy, signature_moment_flag are agent-inferred proxies per Requirements A.4, not sourced from post-hoc narrative articles (to avoid leakage per Key Focus Area §3)","heuristic based on trophy winners (UCL, World Cup, Euros, Copa) + club prestige tier list operationalized from UEFA coefficient / revenue"
1958,1958,Lev Yashin,Dynamo Moscow,Soviet Union,3,1,1,0,,"{""tier"": 3, ""score"": 1, ""matched"": ""other"", ""raw"": ""Dynamo Moscow""}","club_prestige_tier, market_size_proxy, signature_moment_flag are agent-inferred proxies per Requirements A.4, not sourced from post-hoc narrative articles (to avoid leakage per Key Focus Area §3)","heuristic based on trophy winners (UCL, World Cup, Euros, Copa) + club prestige tier list operationalized from UEFA coefficient / revenue"
1958,1958,Orvar Bergmark,Örebro SK,Sweden,3,1,1,0,,"{""tier"": 3, ""score"": 1, ""matched"": ""other"", ""raw"": ""\u00d6rebro SK""}","club_prestige_tier, market_size_proxy, signature_moment_flag are agent-inferred proxies per Requirements A.4, not sourced from post-hoc narrative articles (to avoid leakage per Key Focus Area §3)","heuristic based on trophy winners (UCL, World Cup, Euros, Copa) + club prestige tier list operationalized from UEFA coefficient / revenue"
1958,1958,Danny Blanchflower,Tottenham Hotspur,Northern Ireland,2,2,2,0,,"{""tier"": 2, ""score"": 2, ""matched"": ""Tottenham Hotspur"", ""raw"": ""Tottenham Hotspur""}","club_prestige_tier, market_size_proxy, signature_moment_flag are agent-inferred proxies per Requirements A.4, not sourced from post-hoc narrative articles (to avoid leakage per Key Focus Area §3)","heuristic based on trophy winners (UCL, World Cup, Euros, Copa) + club prestige tier list operationalized from UEFA coefficient / revenue"
1958,1958,Ivan Kolev,CDNA Sofia,Bulgaria,3,1,1,0,,"{""tier"": 3, ""score"": 1, ""matched"": ""other"", ""raw"": ""CDNA Sofia""}","club_prestige_tier, market_size_proxy, signature_moment_flag are agent-inferred proxies per Requirements A.4, not sourced from post-hoc narrative articles (to avoid leakage per Key Focus Area §3)","heuristic based on trophy winners (UCL, World Cup, Euros, Copa) + club prestige tier list operationalized from UEFA coefficient / revenue"
1958,1958,Bruno Nicolè,Juventus,Italy,1,3,3,0,,"{""tier"": 1, ""score"": 3, ""matched"": ""Juventus"", ""raw"": ""Juventus""}","club_prestige_tier, market_size_proxy, signature_moment_flag are agent-inferred proxies per Requirements A.4, not sourced from post-hoc narrative articles (to avoid leakage per Key Focus Area §3)","heuristic based on trophy winners (UCL, World Cup, Euros, Copa) + club prestige tier list operationalized from UEFA coefficient / revenue"
1958,1958,Ladislav Novák,Dukla Prague,Czechoslovakia,3,1,1,0,,"{""tier"": 3, ""score"": 1, ""matched"": ""other"", ""raw"": ""Dukla Prague""}","club_prestige_tier, market_size_proxy, signature_moment_flag are agent-inferred proxies per Requirements A.4, not sourced from post-hoc narrative articles (to avoid leakage per Key Focus Area §3)","heuristic based on trophy winners (UCL, World Cup, Euros, Copa) + club prestige tier list operationalized from UEFA coefficient / revenue"
1958,1958,Lennart Skoglund,Internazionale,Sweden,1,3,3,0,,"{""tier"": 1, ""score"": 3, ""matched"": ""Internazionale"", ""raw"": ""Internazionale""}","club_prestige_tier, market_size_proxy, signature_moment_flag are agent-inferred proxies per Requirements A.4, not sourced from post-hoc narrative articles (to avoid leakage per Key Focus Area §3)","heuristic based on trophy winners (UCL, World Cup, Euros, Copa) + club prestige tier list operationalized from UEFA coefficient / revenue"
1958,1958,Giampiero Boniperti,Juventus,Italy,1,3,3,0,,"{""tier"": 1, ""score"": 3, ""matched"": ""Juventus"", ""raw"": ""Juventus""}","club_prestige_tier, market_size_proxy, signature_moment_flag are agent-inferred proxies per Requirements A.4, not sourced from post-hoc narrative articles (to avoid leakage per Key Focus Area §3)","heuristic based on trophy winners (UCL, World Cup, Euros, Copa) + club prestige tier list operationalized from UEFA coefficient / revenue"
1958,1958,Gerhard Hanappi,Rapid Wien,Austria,3,1,1,0,,"{""tier"": 3, ""score"": 1, ""matched"": ""other"", ""raw"": ""Rapid Wien""}","club_prestige_tier, market_size_proxy, signature_moment_flag are agent-inferred proxies per Requirements A.4, not sourced from post-hoc narrative articles (to avoid leakage per Key Focus Area §3)","heuristic based on trophy winners (UCL, World Cup, Euros, Copa) + club prestige tier list operationalized from UEFA coefficient / revenue"
1959,1959,Alfredo Di Stéfano,Real Madrid,Spain,1,3,3,1,UCL winner 1959 club Real Madrid matches player's club Real Madrid,"{""tier"": 1, ""score"": 3, ""matched"": ""Real Madrid"", ""raw"": ""Real Madrid""}","club_prestige_tier, market_size_proxy, signature_moment_flag are agent-inferred proxies per Requirements A.4, not sourced from post-hoc narrative articles (to avoid leakage per Key Focus Area §3)","heuristic based on trophy winners (UCL, World Cup, Euros, Copa) + club prestige tier list operationalized from UEFA coefficient / revenue"
1959,1959,Raymond Kopa,Real Madrid Reims,France,1,3,3,1,UCL winner 1959 club Real Madrid matches player's club Real Madrid Reims,"{""tier"": 1, ""score"": 3, ""matched"": ""Real Madrid"", ""raw"": ""Real Madrid Reims""}","club_prestige_tier, market_size_proxy, signature_moment_flag are agent-inferred proxies per Requirements A.4, not sourced from post-hoc narrative articles (to avoid leakage per Key Focus Area §3)","heuristic based on trophy winners (UCL, World Cup, Euros, Copa) + club prestige tier list operationalized from UEFA coefficient / revenue"
1959,1959,John Charles,Juventus,Wales,1,3,3,0,,"{""tier"": 1, ""score"": 3, ""matched"": ""Juventus"", ""raw"": ""Juventus""}","club_prestige_tier, market_size_proxy, signature_moment_flag are agent-inferred proxies per Requirements A.4, not sourced from post-hoc narrative articles (to avoid leakage per Key Focus Area §3)","heuristic based on trophy winners (UCL, World Cup, Euros, Copa) + club prestige tier list operationalized from UEFA coefficient / revenue"
1959,1959,Luis Suárez,Barcelona,Spain,1,3,3,0,,"{""tier"": 1, ""score"": 3, ""matched"": ""Barcelona"", ""raw"": ""Barcelona""}","club_prestige_tier, market_size_proxy, signature_moment_flag are agent-inferred proxies per Requirements A.4, not sourced from post-hoc narrative articles (to avoid leakage per Key Focus Area §3)","heuristic based on trophy winners (UCL, World Cup, Euros, Copa) + club prestige tier list operationalized from UEFA coefficient / revenue"
1959,1959,Agne Simonsson,Örgryte IS,Sweden,3,1,1,0,,"{""tier"": 3, ""score"": 1, ""matched"": ""other"", ""raw"": ""\u00d6rgryte IS""}","club_prestige_tier, market_size_proxy, signature_moment_flag are agent-inferred proxies per Requirements A.4, not sourced from post-hoc narrative articles (to avoid leakage per Key Focus Area §3)","heuristic based on trophy winners (UCL, World Cup, Euros, Copa) + club prestige tier list operationalized from UEFA coefficient / revenue"
1959,1959,Lajos Tichy,Budapest Honvéd,Hungary,3,1,1,0,,"{""tier"": 3, ""score"": 1, ""matched"": ""other"", ""raw"": ""Budapest Honv\u00e9d""}","club_prestige_tier, market_size_proxy, signature_moment_flag are agent-inferred proxies per Requirements A.4, not sourced from post-hoc narrative articles (to avoid leakage per Key Focus Area §3)","heuristic based on trophy winners (UCL, World Cup, Euros, Copa) + club prestige tier list operationalized from UEFA coefficient / revenue"
1959,1959,Ferenc Puskás,Real Madrid,Hungary,1,3,3,1,UCL winner 1959 club Real Madrid matches player's club Real Madrid,"{""tier"": 1, ""score"": 3, ""matched"": ""Real Madrid"", ""raw"": ""Real Madrid""}","club_prestige_tier, market_size_proxy, signature_moment_flag are agent-inferred proxies per Requirements A.4, not sourced from post-hoc narrative articles (to avoid leakage per Key Focus Area §3)","heuristic based on trophy winners (UCL, World Cup, Euros, Copa) + club prestige tier list operationalized from UEFA coefficient / revenue"
1959,1959,Francisco Gento,Real Madrid,Spain,1,3,3,1,UCL winner 1959 club Real Madrid matches player's club Real Madrid,"{""tier"": 1, ""score"": 3, ""matched"": ""Real Madrid"", ""raw"": ""Real Madrid""}","club_prestige_tier, market_size_proxy, signature_moment_flag are agent-inferred proxies per Requirements A.4, not sourced from post-hoc narrative articles (to avoid leakage per Key Focus Area §3)","heuristic based on trophy winners (UCL, World Cup, Euros, Copa) + club prestige tier list operationalized from UEFA coefficient / revenue"
1959,1959,Helmut Rahn,Rot-Weiss Essen 1. FC Köln,West Germany,3,1,1,0,,"{""tier"": 3, ""score"": 1, ""matched"": ""other"", ""raw"": ""Rot-Weiss Essen 1. FC K\u00f6ln""}","club_prestige_tier, market_size_proxy, signature_moment_flag are agent-inferred proxies per Requirements A.4, not sourced from post-hoc narrative articles (to avoid leakage per Key Focus Area §3)","heuristic based on trophy winners (UCL, World Cup, Euros, Copa) + club prestige tier list operationalized from UEFA coefficient / revenue"
1959,1959,Horst Szymaniak,Wuppertaler SV Karlsruher SC,West Germany,3,1,1,0,,"{""tier"": 3, ""score"": 1, ""matched"": ""other"", ""raw"": ""Wuppertaler SV Karlsruher SC""}","club_prestige_tier, market_size_proxy, signature_moment_flag are agent-inferred proxies per Requirements A.4, not sourced from post-hoc narrative articles (to avoid leakage per Key Focus Area §3)","heuristic based on trophy winners (UCL, World Cup, Euros, Copa) + club prestige tier list operationalized from UEFA coefficient / revenue"
1959,1959,Lev Yashin,Dynamo Moscow,Soviet Union,3,1,1,0,,"{""tier"": 3, ""score"": 1, ""matched"": ""other"", ""raw"": ""Dynamo Moscow""}","club_prestige_tier, market_size_proxy, signature_moment_flag are agent-inferred proxies per Requirements A.4, not sourced from post-hoc narrative articles (to avoid leakage per Key Focus Area §3)","heuristic based on trophy winners (UCL, World Cup, Euros, Copa) + club prestige tier list operationalized from UEFA coefficient / revenue"
1959,1959,Yuriy Voynov,Dynamo Kyiv,Soviet Union,2,2,2,0,,"{""tier"": 2, ""score"": 2, ""matched"": ""Dynamo Kyiv"", ""raw"": ""Dynamo Kyiv""}","club_prestige_tier, market_size_proxy, signature_moment_flag are agent-inferred proxies per Requirements A.4, not sourced from post-hoc narrative articles (to avoid leakage per Key Focus Area §3)","heuristic based on trophy winners (UCL, World Cup, Euros, Copa) + club prestige tier list operationalized from UEFA coefficient / revenue"
1959,1959,Dezső Bundzsák,Vasas,Hungary,3,1,1,0,,"{""tier"": 3, ""score"": 1, ""matched"": ""other"", ""raw"": ""Vasas""}","club_prestige_tier, market_size_proxy, signature_moment_flag are agent-inferred proxies per Requirements A.4, not sourced from post-hoc narrative articles (to avoid leakage per Key Focus Area §3)","heuristic based on trophy winners (UCL, World Cup, Euros, Copa) + club prestige tier list operationalized from UEFA coefficient / revenue"
1959,1959,Gyula Grosics,Tatabánya,Hungary,3,1,1,0,,"{""tier"": 3, ""score"": 1, ""matched"": ""other"", ""raw"": ""Tatab\u00e1nya""}","club_prestige_tier, market_size_proxy, signature_moment_flag are agent-inferred proxies per Requirements A.4, not sourced from post-hoc narrative articles (to avoid leakage per Key Focus Area §3)","heuristic based on trophy winners (UCL, World Cup, Euros, Copa) + club prestige tier list operationalized from UEFA coefficient / revenue"
1959,1959,Ivan Kolev,CDNA Sofia,Bulgaria,3,1,1,0,,"{""tier"": 3, ""score"": 1, ""matched"": ""other"", ""raw"": ""CDNA Sofia""}","club_prestige_tier, market_size_proxy, signature_moment_flag are agent-inferred proxies per Requirements A.4, not sourced from post-hoc narrative articles (to avoid leakage per Key Focus Area §3)","heuristic based on trophy winners (UCL, World Cup, Euros, Copa) + club prestige tier list operationalized from UEFA coefficient / revenue"
1959,1959,Nils Liedholm,Milan,Sweden,1,3,3,0,,"{""tier"": 1, ""score"": 3, ""matched"": ""Milan"", ""raw"": ""Milan""}","club_prestige_tier, market_size_proxy, signature_moment_flag are agent-inferred proxies per Requirements A.4, not sourced from post-hoc narrative articles (to avoid leakage per Key Focus Area §3)","heuristic based on trophy winners (UCL, World Cup, Euros, Copa) + club prestige tier list operationalized from UEFA coefficient / revenue"
1959,1959,Titus Buberník,ČH Bratislava,Czechoslovakia,3,1,1,0,,"{""tier"": 3, ""score"": 1, ""matched"": ""other"", ""raw"": ""\u010cH Bratislava""}","club_prestige_tier, market_size_proxy, signature_moment_flag are agent-inferred proxies per Requirements A.4, not sourced from post-hoc narrative articles (to avoid leakage per Key Focus Area §3)","heuristic based on trophy winners (UCL, World Cup, Euros, Copa) + club prestige tier list operationalized from UEFA coefficient / revenue"
1959,1959,Just Fontaine,Reims,France,2,2,2,0,,"{""tier"": 2, ""score"": 2, ""matched"": ""Reims"", ""raw"": ""Reims""}","club_prestige_tier, market_size_proxy, signature_moment_flag are agent-inferred proxies per Requirements A.4, not sourced from post-hoc narrative articles (to avoid leakage per Key Focus Area §3)","heuristic based on trophy winners (UCL, World Cup, Euros, Copa) + club prestige tier list operationalized from UEFA coefficient / revenue"
1959,1959,Georgi Naydenov,CDNA Sofia,Bulgaria,3,1,1,0,,"{""tier"": 3, ""score"": 1, ""matched"": ""other"", ""raw"": ""CDNA Sofia""}","club_prestige_tier, market_size_proxy, signature_moment_flag are agent-inferred proxies per Requirements A.4, not sourced from post-hoc narrative articles (to avoid leakage per Key Focus Area §3)","heuristic based on trophy winners (UCL, World Cup, Euros, Copa) + club prestige tier list operationalized from UEFA coefficient / revenue"
1959,1959,Flórián Albert,Ferencváros,Hungary,2,2,2,0,,"{""tier"": 2, ""score"": 2, ""matched"": ""Ferencv\u00e1ros"", ""raw"": ""Ferencv\u00e1ros""}","club_prestige_tier, market_size_proxy, signature_moment_flag are agent-inferred proxies per Requirements A.4, not sourced from post-hoc narrative articles (to avoid leakage per Key Focus Area §3)","heuristic based on trophy winners (UCL, World Cup, Euros, Copa) + club prestige tier list operationalized from UEFA coefficient / revenue"
1959,1959,Uwe Seeler,Hamburger SV,West Germany,2,2,2,0,,"{""tier"": 2, ""score"": 2, ""matched"": ""Hamburger SV"", ""raw"": ""Hamburger SV""}","club_prestige_tier, market_size_proxy, signature_moment_flag are agent-inferred proxies per Requirements A.4, not sourced from post-hoc narrative articles (to avoid leakage per Key Focus Area §3)","heuristic based on trophy winners (UCL, World Cup, Euros, Copa) + club prestige tier list operationalized from UEFA coefficient / revenue"
1959,1959,Joan Segarra,Barcelona,Spain,1,3,3,0,,"{""tier"": 1, ""score"": 3, ""matched"": ""Barcelona"", ""raw"": ""Barcelona""}","club_prestige_tier, market_size_proxy, signature_moment_flag are agent-inferred proxies per Requirements A.4, not sourced from post-hoc narrative articles (to avoid leakage per Key Focus Area §3)","heuristic based on trophy winners (UCL, World Cup, Euros, Copa) + club prestige tier list operationalized from UEFA coefficient / revenue"
1959,1959,János Göröcs,Újpest,Hungary,3,1,1,0,,"{""tier"": 3, ""score"": 1, ""matched"": ""other"", ""raw"": ""\u00dajpest""}","club_prestige_tier, market_size_proxy, signature_moment_flag are agent-inferred proxies per Requirements A.4, not sourced from post-hoc narrative articles (to avoid leakage per Key Focus Area §3)","heuristic based on trophy winners (UCL, World Cup, Euros, Copa) + club prestige tier list operationalized from UEFA coefficient / revenue"
1959,1959,Ken Jones,Scunthorpe United,Wales,3,1,1,0,,"{""tier"": 3, ""score"": 1, ""matched"": ""other"", ""raw"": ""Scunthorpe United""}","club_prestige_tier, market_size_proxy, signature_moment_flag are agent-inferred proxies per Requirements A.4, not sourced from post-hoc narrative articles (to avoid leakage per Key Focus Area §3)","heuristic based on trophy winners (UCL, World Cup, Euros, Copa) + club prestige tier list operationalized from UEFA coefficient / revenue"
1959,1959,Roger Marche,RC Paris,France,3,1,1,0,,"{""tier"": 3, ""score"": 1, ""matched"": ""other"", ""raw"": ""RC Paris""}","club_prestige_tier, market_size_proxy, signature_moment_flag are agent-inferred proxies per Requirements A.4, not sourced from post-hoc narrative articles (to avoid leakage per Key Focus Area §3)","heuristic based on trophy winners (UCL, World Cup, Euros, Copa) + club prestige tier list operationalized from UEFA coefficient / revenue"
1959,1959,Antoni Ramallets,Barcelona,Spain,1,3,3,0,,"{""tier"": 1, ""score"": 3, ""matched"": ""Barcelona"", ""raw"": ""Barcelona""}","club_prestige_tier, market_size_proxy, signature_moment_flag are agent-inferred proxies per Requirements A.4, not sourced from post-hoc narrative articles (to avoid leakage per Key Focus Area §3)","heuristic based on trophy winners (UCL, World Cup, Euros, Copa) + club prestige tier list operationalized from UEFA coefficient / revenue"
1960,1960,Luis Suárez,Barcelona,Spain,1,3,3,0,,"{""tier"": 1, ""score"": 3, ""matched"": ""Barcelona"", ""raw"": ""Barcelona""}","club_prestige_tier, market_size_proxy, signature_moment_flag are agent-inferred proxies per Requirements A.4, not sourced from post-hoc narrative articles (to avoid leakage per Key Focus Area §3)","heuristic based on trophy winners (UCL, World Cup, Euros, Copa) + club prestige tier list operationalized from UEFA coefficient / revenue"
1960,1960,Ferenc Puskás,Real Madrid,Hungary,1,3,3,0,,"{""tier"": 1, ""score"": 3, ""matched"": ""Real Madrid"", ""raw"": ""Real Madrid""}","club_prestige_tier, market_size_proxy, signature_moment_flag are agent-inferred proxies per Requirements A.4, not sourced from post-hoc narrative articles (to avoid leakage per Key Focus Area §3)","heuristic based on trophy winners (UCL, World Cup, Euros, Copa) + club prestige tier list operationalized from UEFA coefficient / revenue"
1960,1960,Uwe Seeler,Hamburger SV,West Germany,2,2,2,0,,"{""tier"": 2, ""score"": 2, ""matched"": ""Hamburger SV"", ""raw"": ""Hamburger SV""}","club_prestige_tier, market_size_proxy, signature_moment_flag are agent-inferred proxies per Requirements A.4, not sourced from post-hoc narrative articles (to avoid leakage per Key Focus Area §3)","heuristic based on trophy winners (UCL, World Cup, Euros, Copa) + club prestige tier list operationalized from UEFA coefficient / revenue"
1960,1960,Alfredo Di Stéfano,Real Madrid,Spain,1,3,3,0,,"{""tier"": 1, ""score"": 3, ""matched"": ""Real Madrid"", ""raw"": ""Real Madrid""}","club_prestige_tier, market_size_proxy, signature_moment_flag are agent-inferred proxies per Requirements A.4, not sourced from post-hoc narrative articles (to avoid leakage per Key Focus Area §3)","heuristic based on trophy winners (UCL, World Cup, Euros, Copa) + club prestige tier list operationalized from UEFA coefficient / revenue"
1960,1960,Lev Yashin,Dynamo Moscow,Soviet Union,3,1,1,1,Euros winner 1960 country Soviet Union matches player's nation Soviet Union,"{""tier"": 3, ""score"": 1, ""matched"": ""other"", ""raw"": ""Dynamo Moscow""}","club_prestige_tier, market_size_proxy, signature_moment_flag are agent-inferred proxies per Requirements A.4, not sourced from post-hoc narrative articles (to avoid leakage per Key Focus Area §3)","heuristic based on trophy winners (UCL, World Cup, Euros, Copa) + club prestige tier list operationalized from UEFA coefficient / revenue"
1960,1960,Raymond Kopa,Reims,France,2,2,2,0,,"{""tier"": 2, ""score"": 2, ""matched"": ""Reims"", ""raw"": ""Reims""}","club_prestige_tier, market_size_proxy, signature_moment_flag are agent-inferred proxies per Requirements A.4, not sourced from post-hoc narrative articles (to avoid leakage per Key Focus Area §3)","heuristic based on trophy winners (UCL, World Cup, Euros, Copa) + club prestige tier list operationalized from UEFA coefficient / revenue"
1960,1960,John Charles,Juventus,Wales,1,3,3,0,,"{""tier"": 1, ""score"": 3, ""matched"": ""Juventus"", ""raw"": ""Juventus""}","club_prestige_tier, market_size_proxy, signature_moment_flag are agent-inferred proxies per Requirements A.4, not sourced from post-hoc narrative articles (to avoid leakage per Key Focus Area §3)","heuristic based on trophy winners (UCL, World Cup, Euros, Copa) + club prestige tier list operationalized from UEFA coefficient / revenue"
1960,1960,Bobby Charlton,Manchester United,England,1,3,3,0,,"{""tier"": 1, ""score"": 3, ""matched"": ""Manchester United"", ""raw"": ""Manchester United""}","club_prestige_tier, market_size_proxy, signature_moment_flag are agent-inferred proxies per Requirements A.4, not sourced from post-hoc narrative articles (to avoid leakage per Key Focus Area §3)","heuristic based on trophy winners (UCL, World Cup, Euros, Copa) + club prestige tier list operationalized from UEFA coefficient / revenue"
1960,1960,Omar Sívori,Juventus,Italy,1,3,3,0,,"{""tier"": 1, ""score"": 3, ""matched"": ""Juventus"", ""raw"": ""Juventus""}","club_prestige_tier, market_size_proxy, signature_moment_flag are agent-inferred proxies per Requirements A.4, not sourced from post-hoc narrative articles (to avoid leakage per Key Focus Area §3)","heuristic based on trophy winners (UCL, World Cup, Euros, Copa) + club prestige tier list operationalized from UEFA coefficient / revenue"
1960,1960,Horst Szymaniak,Karlsruher SC,West Germany,3,1,1,0,,"{""tier"": 3, ""score"": 1, ""matched"": ""other"", ""raw"": ""Karlsruher SC""}","club_prestige_tier, market_size_proxy, signature_moment_flag are agent-inferred proxies per Requirements A.4, not sourced from post-hoc narrative articles (to avoid leakage per Key Focus Area §3)","heuristic based on trophy winners (UCL, World Cup, Euros, Copa) + club prestige tier list operationalized from UEFA coefficient / revenue"
1960,1960,Paco Gento,Real Madrid,Spain,1,3,3,0,,"{""tier"": 1, ""score"": 3, ""matched"": ""Real Madrid"", ""raw"": ""Real Madrid""}","club_prestige_tier, market_size_proxy, signature_moment_flag are agent-inferred proxies per Requirements A.4, not sourced from post-hoc narrative articles (to avoid leakage per Key Focus Area §3)","heuristic based on trophy winners (UCL, World Cup, Euros, Copa) + club prestige tier list operationalized from UEFA coefficient / revenue"
1960,1960,Bora Kostić,Red Star Belgrade,Yugoslavia,3,1,1,0,,"{""tier"": 3, ""score"": 1, ""matched"": ""other"", ""raw"": ""Red Star Belgrade""}","club_prestige_tier, market_size_proxy, signature_moment_flag are agent-inferred proxies per Requirements A.4, not sourced from post-hoc narrative articles (to avoid leakage per Key Focus Area §3)","heuristic based on trophy winners (UCL, World Cup, Euros, Copa) + club prestige tier list operationalized from UEFA coefficient / revenue"
1960,1960,Joseph Ujlaki,RC Paris,France,3,1,1,0,,"{""tier"": 3, ""score"": 1, ""matched"": ""other"", ""raw"": ""RC Paris""}","club_prestige_tier, market_size_proxy, signature_moment_flag are agent-inferred proxies per Requirements A.4, not sourced from post-hoc narrative articles (to avoid leakage per Key Focus Area §3)","heuristic based on trophy winners (UCL, World Cup, Euros, Copa) + club prestige tier list operationalized from UEFA coefficient / revenue"
1960,1960,Kurt Hamrin,Fiorentina,Sweden,2,2,2,0,,"{""tier"": 2, ""score"": 2, ""matched"": ""Fiorentina"", ""raw"": ""Fiorentina""}","club_prestige_tier, market_size_proxy, signature_moment_flag are agent-inferred proxies per Requirements A.4, not sourced from post-hoc narrative articles (to avoid leakage per Key Focus Area §3)","heuristic based on trophy winners (UCL, World Cup, Euros, Copa) + club prestige tier list operationalized from UEFA coefficient / revenue"
1960,1960,Bobby Smith,Tottenham Hotspur,England,2,2,2,0,,"{""tier"": 2, ""score"": 2, ""matched"": ""Tottenham Hotspur"", ""raw"": ""Tottenham Hotspur""}","club_prestige_tier, market_size_proxy, signature_moment_flag are agent-inferred proxies per Requirements A.4, not sourced from post-hoc narrative articles (to avoid leakage per Key Focus Area §3)","heuristic based on trophy winners (UCL, World Cup, Euros, Copa) + club prestige tier list operationalized from UEFA coefficient / revenue"
1960,1960,Luis del Sol,Real Betis Real Madrid,Spain,1,3,3,0,,"{""tier"": 1, ""score"": 3, ""matched"": ""Real Madrid"", ""raw"": ""Real Betis Real Madrid""}","club_prestige_tier, market_size_proxy, signature_moment_flag are agent-inferred proxies per Requirements A.4, not sourced from post-hoc narrative articles (to avoid leakage per Key Focus Area §3)","heuristic based on trophy winners (UCL, World Cup, Euros, Copa) + club prestige tier list operationalized from UEFA coefficient / revenue"
1960,1960,Jimmy Greaves,Chelsea,England,1,3,3,0,,"{""tier"": 1, ""score"": 3, ""matched"": ""Chelsea"", ""raw"": ""Chelsea""}","club_prestige_tier, market_size_proxy, signature_moment_flag are agent-inferred proxies per Requirements A.4, not sourced from post-hoc narrative articles (to avoid leakage per Key Focus Area §3)","heuristic based on trophy winners (UCL, World Cup, Euros, Copa) + club prestige tier list operationalized from UEFA coefficient / revenue"
1960,1960,Ivan Kolev,CDNA Sofia,Bulgaria,3,1,1,0,,"{""tier"": 3, ""score"": 1, ""matched"": ""other"", ""raw"": ""CDNA Sofia""}","club_prestige_tier, market_size_proxy, signature_moment_flag are agent-inferred proxies per Requirements A.4, not sourced from post-hoc narrative articles (to avoid leakage per Key Focus Area §3)","heuristic based on trophy winners (UCL, World Cup, Euros, Copa) + club prestige tier list operationalized from UEFA coefficient / revenue"
1960,1960,János Göröcs,Újpest,Hungary,3,1,1,0,,"{""tier"": 3, ""score"": 1, ""matched"": ""other"", ""raw"": ""\u00dajpest""}","club_prestige_tier, market_size_proxy, signature_moment_flag are agent-inferred proxies per Requirements A.4, not sourced from post-hoc narrative articles (to avoid leakage per Key Focus Area §3)","heuristic based on trophy winners (UCL, World Cup, Euros, Copa) + club prestige tier list operationalized from UEFA coefficient / revenue"
1960,1960,Károly Sándor,MTK Budapest,Hungary,3,1,1,0,,"{""tier"": 3, ""score"": 1, ""matched"": ""other"", ""raw"": ""MTK Budapest""}","club_prestige_tier, market_size_proxy, signature_moment_flag are agent-inferred proxies per Requirements A.4, not sourced from post-hoc narrative articles (to avoid leakage per Key Focus Area §3)","heuristic based on trophy winners (UCL, World Cup, Euros, Copa) + club prestige tier list operationalized from UEFA coefficient / revenue"
1960,1960,Dragoslav Šekularac,Red Star Belgrade,Yugoslavia,3,1,1,0,,"{""tier"": 3, ""score"": 1, ""matched"": ""other"", ""raw"": ""Red Star Belgrade""}","club_prestige_tier, market_size_proxy, signature_moment_flag are agent-inferred proxies per Requirements A.4, not sourced from post-hoc narrative articles (to avoid leakage per Key Focus Area §3)","heuristic based on trophy winners (UCL, World Cup, Euros, Copa) + club prestige tier list operationalized from UEFA coefficient / revenue"
1960,1960,Agne Simonsson,Örgryte IS Real Madrid,Sweden,1,3,3,0,,"{""tier"": 1, ""score"": 3, ""matched"": ""Real Madrid"", ""raw"": ""\u00d6rgryte IS Real Madrid""}","club_prestige_tier, market_size_proxy, signature_moment_flag are agent-inferred proxies per Requirements A.4, not sourced from post-hoc narrative articles (to avoid leakage per Key Focus Area §3)","heuristic based on trophy winners (UCL, World Cup, Euros, Copa) + club prestige tier list operationalized from UEFA coefficient / revenue"
1960,1960,Antonio Angelillo,Internazionale,Italy,1,3,3,0,,"{""tier"": 1, ""score"": 3, ""matched"": ""Internazionale"", ""raw"": ""Internazionale""}","club_prestige_tier, market_size_proxy, signature_moment_flag are agent-inferred proxies per Requirements A.4, not sourced from post-hoc narrative articles (to avoid leakage per Key Focus Area §3)","heuristic based on trophy winners (UCL, World Cup, Euros, Copa) + club prestige tier list operationalized from UEFA coefficient / revenue"
1960,1960,Gerhard Hanappi,Rapid Wien,Austria,3,1,1,0,,"{""tier"": 3, ""score"": 1, ""matched"": ""other"", ""raw"": ""Rapid Wien""}","club_prestige_tier, market_size_proxy, signature_moment_flag are agent-inferred proxies per Requirements A.4, not sourced from post-hoc narrative articles (to avoid leakage per Key Focus Area §3)","heuristic based on trophy winners (UCL, World Cup, Euros, Copa) + club prestige tier list operationalized from UEFA coefficient / revenue"
1960,1960,Erich Hof,Wiener SC,Austria,3,1,1,0,,"{""tier"": 3, ""score"": 1, ""matched"": ""other"", ""raw"": ""Wiener SC""}","club_prestige_tier, market_size_proxy, signature_moment_flag are agent-inferred proxies per Requirements A.4, not sourced from post-hoc narrative articles (to avoid leakage per Key Focus Area §3)","heuristic based on trophy winners (UCL, World Cup, Euros, Copa) + club prestige tier list operationalized from UEFA coefficient / revenue"
1960,1960,Blagoje Vidinić,Radnički Belgrade,Yugoslavia,3,1,1,0,,"{""tier"": 3, ""score"": 1, ""matched"": ""other"", ""raw"": ""Radni\u010dki Belgrade""}","club_prestige_tier, market_size_proxy, signature_moment_flag are agent-inferred proxies per Requirements A.4, not sourced from post-hoc narrative articles (to avoid leakage per Key Focus Area §3)","heuristic based on trophy winners (UCL, World Cup, Euros, Copa) + club prestige tier list operationalized from UEFA coefficient / revenue"
1961,1961,Omar Sívori,Juventus,Italy,1,3,3,0,,"{""tier"": 1, ""score"": 3, ""matched"": ""Juventus"", ""raw"": ""Juventus""}","club_prestige_tier, market_size_proxy, signature_moment_flag are agent-inferred proxies per Requirements A.4, not sourced from post-hoc narrative articles (to avoid leakage per Key Focus Area §3)","heuristic based on trophy winners (UCL, World Cup, Euros, Copa) + club prestige tier list operationalized from UEFA coefficient / revenue"
1961,1961,Luis Suárez,Barcelona Internazionale,Spain,1,3,3,0,,"{""tier"": 1, ""score"": 3, ""matched"": ""Internazionale"", ""raw"": ""Barcelona Internazionale""}","club_prestige_tier, market_size_proxy, signature_moment_flag are agent-inferred proxies per Requirements A.4, not sourced from post-hoc narrative articles (to avoid leakage per Key Focus Area §3)","heuristic based on trophy winners (UCL, World Cup, Euros, Copa) + club prestige tier list operationalized from UEFA coefficient / revenue"
1961,1961,Johnny Haynes,Fulham,England,3,1,1,0,,"{""tier"": 3, ""score"": 1, ""matched"": ""other"", ""raw"": ""Fulham""}","club_prestige_tier, market_size_proxy, signature_moment_flag are agent-inferred proxies per Requirements A.4, not sourced from post-hoc narrative articles (to avoid leakage per Key Focus Area §3)","heuristic based on trophy winners (UCL, World Cup, Euros, Copa) + club prestige tier list operationalized from UEFA coefficient / revenue"
1961,1961,Lev Yashin,Dynamo Moscow,Soviet Union,3,1,1,0,,"{""tier"": 3, ""score"": 1, ""matched"": ""other"", ""raw"": ""Dynamo Moscow""}","club_prestige_tier, market_size_proxy, signature_moment_flag are agent-inferred proxies per Requirements A.4, not sourced from post-hoc narrative articles (to avoid leakage per Key Focus Area §3)","heuristic based on trophy winners (UCL, World Cup, Euros, Copa) + club prestige tier list operationalized from UEFA coefficient / revenue"
1961,1961,Ferenc Puskás,Real Madrid,Hungary,1,3,3,0,,"{""tier"": 1, ""score"": 3, ""matched"": ""Real Madrid"", ""raw"": ""Real Madrid""}","club_prestige_tier, market_size_proxy, signature_moment_flag are agent-inferred proxies per Requirements A.4, not sourced from post-hoc narrative articles (to avoid leakage per Key Focus Area §3)","heuristic based on trophy winners (UCL, World Cup, Euros, Copa) + club prestige tier list operationalized from UEFA coefficient / revenue"
1961,1961,Alfredo Di Stéfano,Real Madrid,Spain,1,3,3,0,,"{""tier"": 1, ""score"": 3, ""matched"": ""Real Madrid"", ""raw"": ""Real Madrid""}","club_prestige_tier, market_size_proxy, signature_moment_flag are agent-inferred proxies per Requirements A.4, not sourced from post-hoc narrative articles (to avoid leakage per Key Focus Area §3)","heuristic based on trophy winners (UCL, World Cup, Euros, Copa) + club prestige tier list operationalized from UEFA coefficient / revenue"
1961,1961,Uwe Seeler,Hamburger SV,West Germany,2,2,2,0,,"{""tier"": 2, ""score"": 2, ""matched"": ""Hamburger SV"", ""raw"": ""Hamburger SV""}","club_prestige_tier, market_size_proxy, signature_moment_flag are agent-inferred proxies per Requirements A.4, not sourced from post-hoc narrative articles (to avoid leakage per Key Focus Area §3)","heuristic based on trophy winners (UCL, World Cup, Euros, Copa) + club prestige tier list operationalized from UEFA coefficient / revenue"
1961,1961,John Charles,Juventus,Wales,1,3,3,0,,"{""tier"": 1, ""score"": 3, ""matched"": ""Juventus"", ""raw"": ""Juventus""}","club_prestige_tier, market_size_proxy, signature_moment_flag are agent-inferred proxies per Requirements A.4, not sourced from post-hoc narrative articles (to avoid leakage per Key Focus Area §3)","heuristic based on trophy winners (UCL, World Cup, Euros, Copa) + club prestige tier list operationalized from UEFA coefficient / revenue"
1961,1961,Paco Gento,Real Madrid,Spain,1,3,3,0,,"{""tier"": 1, ""score"": 3, ""matched"": ""Real Madrid"", ""raw"": ""Real Madrid""}","club_prestige_tier, market_size_proxy, signature_moment_flag are agent-inferred proxies per Requirements A.4, not sourced from post-hoc narrative articles (to avoid leakage per Key Focus Area §3)","heuristic based on trophy winners (UCL, World Cup, Euros, Copa) + club prestige tier list operationalized from UEFA coefficient / revenue"
1961,1961,José Águas,Benfica,Portugal,2,2,2,1,UCL winner 1961 club Benfica matches player's club Benfica,"{""tier"": 2, ""score"": 2, ""matched"": ""Benfica"", ""raw"": ""Benfica""}","club_prestige_tier, market_size_proxy, signature_moment_flag are agent-inferred proxies per Requirements A.4, not sourced from post-hoc narrative articles (to avoid leakage per Key Focus Area §3)","heuristic based on trophy winners (UCL, World Cup, Euros, Copa) + club prestige tier list operationalized from UEFA coefficient / revenue"
1961,1961,Bobby Charlton,Manchester United,England,1,3,3,0,,"{""tier"": 1, ""score"": 3, ""matched"": ""Manchester United"", ""raw"": ""Manchester United""}","club_prestige_tier, market_size_proxy, signature_moment_flag are agent-inferred proxies per Requirements A.4, not sourced from post-hoc narrative articles (to avoid leakage per Key Focus Area §3)","heuristic based on trophy winners (UCL, World Cup, Euros, Copa) + club prestige tier list operationalized from UEFA coefficient / revenue"
1961,1961,Gyula Grosics,Tatabánya,Hungary,3,1,1,0,,"{""tier"": 3, ""score"": 1, ""matched"": ""other"", ""raw"": ""Tatab\u00e1nya""}","club_prestige_tier, market_size_proxy, signature_moment_flag are agent-inferred proxies per Requirements A.4, not sourced from post-hoc narrative articles (to avoid leakage per Key Focus Area §3)","heuristic based on trophy winners (UCL, World Cup, Euros, Copa) + club prestige tier list operationalized from UEFA coefficient / revenue"
1961,1961,Gerhard Hanappi,Rapid Wien,Austria,3,1,1,0,,"{""tier"": 3, ""score"": 1, ""matched"": ""other"", ""raw"": ""Rapid Wien""}","club_prestige_tier, market_size_proxy, signature_moment_flag are agent-inferred proxies per Requirements A.4, not sourced from post-hoc narrative articles (to avoid leakage per Key Focus Area §3)","heuristic based on trophy winners (UCL, World Cup, Euros, Copa) + club prestige tier list operationalized from UEFA coefficient / revenue"
1961,1961,Josef Masopust,Dukla Prague,Czechoslovakia,3,1,1,0,,"{""tier"": 3, ""score"": 1, ""matched"": ""other"", ""raw"": ""Dukla Prague""}","club_prestige_tier, market_size_proxy, signature_moment_flag are agent-inferred proxies per Requirements A.4, not sourced from post-hoc narrative articles (to avoid leakage per Key Focus Area §3)","heuristic based on trophy winners (UCL, World Cup, Euros, Copa) + club prestige tier list operationalized from UEFA coefficient / revenue"
1961,1961,José Santamaría,Real Madrid,Spain,1,3,3,0,,"{""tier"": 1, ""score"": 3, ""matched"": ""Real Madrid"", ""raw"": ""Real Madrid""}","club_prestige_tier, market_size_proxy, signature_moment_flag are agent-inferred proxies per Requirements A.4, not sourced from post-hoc narrative articles (to avoid leakage per Key Focus Area §3)","heuristic based on trophy winners (UCL, World Cup, Euros, Copa) + club prestige tier list operationalized from UEFA coefficient / revenue"
1961,1961,Dragoslav Šekularac,Red Star Belgrade,Yugoslavia,3,1,1,0,,"{""tier"": 3, ""score"": 1, ""matched"": ""other"", ""raw"": ""Red Star Belgrade""}","club_prestige_tier, market_size_proxy, signature_moment_flag are agent-inferred proxies per Requirements A.4, not sourced from post-hoc narrative articles (to avoid leakage per Key Focus Area §3)","heuristic based on trophy winners (UCL, World Cup, Euros, Copa) + club prestige tier list operationalized from UEFA coefficient / revenue"
1961,1961,Danny Blanchflower,Tottenham Hotspur,Northern Ireland,2,2,2,0,,"{""tier"": 2, ""score"": 2, ""matched"": ""Tottenham Hotspur"", ""raw"": ""Tottenham Hotspur""}","club_prestige_tier, market_size_proxy, signature_moment_flag are agent-inferred proxies per Requirements A.4, not sourced from post-hoc narrative articles (to avoid leakage per Key Focus Area §3)","heuristic based on trophy winners (UCL, World Cup, Euros, Copa) + club prestige tier list operationalized from UEFA coefficient / revenue"
1961,1961,Germano,Benfica,Portugal,2,2,2,1,UCL winner 1961 club Benfica matches player's club Benfica,"{""tier"": 2, ""score"": 2, ""matched"": ""Benfica"", ""raw"": ""Benfica""}","club_prestige_tier, market_size_proxy, signature_moment_flag are agent-inferred proxies per Requirements A.4, not sourced from post-hoc narrative articles (to avoid leakage per Key Focus Area §3)","heuristic based on trophy winners (UCL, World Cup, Euros, Copa) + club prestige tier list operationalized from UEFA coefficient / revenue"
1961,1961,Kurt Hamrin,Fiorentina,Sweden,2,2,2,0,,"{""tier"": 2, ""score"": 2, ""matched"": ""Fiorentina"", ""raw"": ""Fiorentina""}","club_prestige_tier, market_size_proxy, signature_moment_flag are agent-inferred proxies per Requirements A.4, not sourced from post-hoc narrative articles (to avoid leakage per Key Focus Area §3)","heuristic based on trophy winners (UCL, World Cup, Euros, Copa) + club prestige tier list operationalized from UEFA coefficient / revenue"
1961,1961,Mikheil Meskhi,Dinamo Tbilisi,Soviet Union,3,1,1,0,,"{""tier"": 3, ""score"": 1, ""matched"": ""other"", ""raw"": ""Dinamo Tbilisi""}","club_prestige_tier, market_size_proxy, signature_moment_flag are agent-inferred proxies per Requirements A.4, not sourced from post-hoc narrative articles (to avoid leakage per Key Focus Area §3)","heuristic based on trophy winners (UCL, World Cup, Euros, Copa) + club prestige tier list operationalized from UEFA coefficient / revenue"
1961,1961,Viktor Ponedelnik,SKA Rostov-on-Don,Soviet Union,3,1,1,0,,"{""tier"": 3, ""score"": 1, ""matched"": ""other"", ""raw"": ""SKA Rostov-on-Don""}","club_prestige_tier, market_size_proxy, signature_moment_flag are agent-inferred proxies per Requirements A.4, not sourced from post-hoc narrative articles (to avoid leakage per Key Focus Area §3)","heuristic based on trophy winners (UCL, World Cup, Euros, Copa) + club prestige tier list operationalized from UEFA coefficient / revenue"
1961,1961,Horst Szymaniak,Karlsruher SC Catania,West Germany,3,1,1,0,,"{""tier"": 3, ""score"": 1, ""matched"": ""other"", ""raw"": ""Karlsruher SC Catania""}","club_prestige_tier, market_size_proxy, signature_moment_flag are agent-inferred proxies per Requirements A.4, not sourced from post-hoc narrative articles (to avoid leakage per Key Focus Area §3)","heuristic based on trophy winners (UCL, World Cup, Euros, Copa) + club prestige tier list operationalized from UEFA coefficient / revenue"
1961,1961,José Augusto,Benfica,Portugal,2,2,2,1,UCL winner 1961 club Benfica matches player's club Benfica,"{""tier"": 2, ""score"": 2, ""matched"": ""Benfica"", ""raw"": ""Benfica""}","club_prestige_tier, market_size_proxy, signature_moment_flag are agent-inferred proxies per Requirements A.4, not sourced from post-hoc narrative articles (to avoid leakage per Key Focus Area §3)","heuristic based on trophy winners (UCL, World Cup, Euros, Copa) + club prestige tier list operationalized from UEFA coefficient / revenue"
1961,1961,Denis Law,Manchester City Torino,Scotland,1,3,3,0,,"{""tier"": 1, ""score"": 3, ""matched"": ""Manchester City"", ""raw"": ""Manchester City Torino""}","club_prestige_tier, market_size_proxy, signature_moment_flag are agent-inferred proxies per Requirements A.4, not sourced from post-hoc narrative articles (to avoid leakage per Key Focus Area §3)","heuristic based on trophy winners (UCL, World Cup, Euros, Copa) + club prestige tier list operationalized from UEFA coefficient / revenue"
1961,1961,Slava Metreveli,Torpedo Moscow,Soviet Union,3,1,1,0,,"{""tier"": 3, ""score"": 1, ""matched"": ""other"", ""raw"": ""Torpedo Moscow""}","club_prestige_tier, market_size_proxy, signature_moment_flag are agent-inferred proxies per Requirements A.4, not sourced from post-hoc narrative articles (to avoid leakage per Key Focus Area §3)","heuristic based on trophy winners (UCL, World Cup, Euros, Copa) + club prestige tier list operationalized from UEFA coefficient / revenue"
1961,1961,Max Morlock,1. FC Nürnberg,West Germany,3,1,1,0,,"{""tier"": 3, ""score"": 1, ""matched"": ""other"", ""raw"": ""1. FC N\u00fcrnberg""}","club_prestige_tier, market_size_proxy, signature_moment_flag are agent-inferred proxies per Requirements A.4, not sourced from post-hoc narrative articles (to avoid leakage per Key Focus Area §3)","heuristic based on trophy winners (UCL, World Cup, Euros, Copa) + club prestige tier list operationalized from UEFA coefficient / revenue"
1961,1961,Horst Nemec,Austria Wien,Austria,3,1,1,0,,"{""tier"": 3, ""score"": 1, ""matched"": ""other"", ""raw"": ""Austria Wien""}","club_prestige_tier, market_size_proxy, signature_moment_flag are agent-inferred proxies per Requirements A.4, not sourced from post-hoc narrative articles (to avoid leakage per Key Focus Area §3)","heuristic based on trophy winners (UCL, World Cup, Euros, Copa) + club prestige tier list operationalized from UEFA coefficient / revenue"
1961,1961,Pierre Bernard,Sedan Nîmes,France,3,1,1,0,,"{""tier"": 3, ""score"": 1, ""matched"": ""other"", ""raw"": ""Sedan N\u00eemes""}","club_prestige_tier, market_size_proxy, signature_moment_flag are agent-inferred proxies per Requirements A.4, not sourced from post-hoc narrative articles (to avoid leakage per Key Focus Area §3)","heuristic based on trophy winners (UCL, World Cup, Euros, Copa) + club prestige tier list operationalized from UEFA coefficient / revenue"
1961,1961,Gert Dörfel,Hamburger SV,West Germany,2,2,2,0,,"{""tier"": 2, ""score"": 2, ""matched"": ""Hamburger SV"", ""raw"": ""Hamburger SV""}","club_prestige_tier, market_size_proxy, signature_moment_flag are agent-inferred proxies per Requirements A.4, not sourced from post-hoc narrative articles (to avoid leakage per Key Focus Area §3)","heuristic based on trophy winners (UCL, World Cup, Euros, Copa) + club prestige tier list operationalized from UEFA coefficient / revenue"
1961,1961,Norbert Eschmann,Stade Français,Switzerland,3,1,1,0,,"{""tier"": 3, ""score"": 1, ""matched"": ""other"", ""raw"": ""Stade Fran\u00e7ais""}","club_prestige_tier, market_size_proxy, signature_moment_flag are agent-inferred proxies per Requirements A.4, not sourced from post-hoc narrative articles (to avoid leakage per Key Focus Area §3)","heuristic based on trophy winners (UCL, World Cup, Euros, Copa) + club prestige tier list operationalized from UEFA coefficient / revenue"
1961,1961,Jimmy Greaves,Chelsea Milan Tottenham Hotspur,England,1,3,3,0,,"{""tier"": 1, ""score"": 3, ""matched"": ""Milan"", ""raw"": ""Chelsea Milan Tottenham Hotspur""}","club_prestige_tier, market_size_proxy, signature_moment_flag are agent-inferred proxies per Requirements A.4, not sourced from post-hoc narrative articles (to avoid leakage per Key Focus Area §3)","heuristic based on trophy winners (UCL, World Cup, Euros, Copa) + club prestige tier list operationalized from UEFA coefficient / revenue"
1961,1961,Lucien Muller,Reims,France,2,2,2,0,,"{""tier"": 2, ""score"": 2, ""matched"": ""Reims"", ""raw"": ""Reims""}","club_prestige_tier, market_size_proxy, signature_moment_flag are agent-inferred proxies per Requirements A.4, not sourced from post-hoc narrative articles (to avoid leakage per Key Focus Area §3)","heuristic based on trophy winners (UCL, World Cup, Euros, Copa) + club prestige tier list operationalized from UEFA coefficient / revenue"
1961,1961,Costa Pereira,Benfica,Portugal,2,2,2,1,UCL winner 1961 club Benfica matches player's club Benfica,"{""tier"": 2, ""score"": 2, ""matched"": ""Benfica"", ""raw"": ""Benfica""}","club_prestige_tier, market_size_proxy, signature_moment_flag are agent-inferred proxies per Requirements A.4, not sourced from post-hoc narrative articles (to avoid leakage per Key Focus Area §3)","heuristic based on trophy winners (UCL, World Cup, Euros, Copa) + club prestige tier list operationalized from UEFA coefficient / revenue"
1961,1961,Lajos Tichy,Budapest Honvéd,Hungary,3,1,1,0,,"{""tier"": 3, ""score"": 1, ""matched"": ""other"", ""raw"": ""Budapest Honv\u00e9d""}","club_prestige_tier, market_size_proxy, signature_moment_flag are agent-inferred proxies per Requirements A.4, not sourced from post-hoc narrative articles (to avoid leakage per Key Focus Area §3)","heuristic based on trophy winners (UCL, World Cup, Euros, Copa) + club prestige tier list operationalized from UEFA coefficient / revenue"
1961,1961,Charles Antenen,La Chaux-de-Fonds,Switzerland,3,1,1,0,,"{""tier"": 3, ""score"": 1, ""matched"": ""other"", ""raw"": ""La Chaux-de-Fonds""}","club_prestige_tier, market_size_proxy, signature_moment_flag are agent-inferred proxies per Requirements A.4, not sourced from post-hoc narrative articles (to avoid leakage per Key Focus Area §3)","heuristic based on trophy winners (UCL, World Cup, Euros, Copa) + club prestige tier list operationalized from UEFA coefficient / revenue"
1961,1961,Mário Coluna,Benfica,Portugal,2,2,2,1,UCL winner 1961 club Benfica matches player's club Benfica,"{""tier"": 2, ""score"": 2, ""matched"": ""Benfica"", ""raw"": ""Benfica""}","club_prestige_tier, market_size_proxy, signature_moment_flag are agent-inferred proxies per Requirements A.4, not sourced from post-hoc narrative articles (to avoid leakage per Key Focus Area §3)","heuristic based on trophy winners (UCL, World Cup, Euros, Copa) + club prestige tier list operationalized from UEFA coefficient / revenue"
1961,1961,Eusébio,Benfica,Portugal,2,2,2,1,UCL winner 1961 club Benfica matches player's club Benfica,"{""tier"": 2, ""score"": 2, ""matched"": ""Benfica"", ""raw"": ""Benfica""}","club_prestige_tier, market_size_proxy, signature_moment_flag are agent-inferred proxies per Requirements A.4, not sourced from post-hoc narrative articles (to avoid leakage per Key Focus Area §3)","heuristic based on trophy winners (UCL, World Cup, Euros, Copa) + club prestige tier list operationalized from UEFA coefficient / revenue"
1961,1961,Gernot Fraydl,Austria Wien,Austria,3,1,1,0,,"{""tier"": 3, ""score"": 1, ""matched"": ""other"", ""raw"": ""Austria Wien""}","club_prestige_tier, market_size_proxy, signature_moment_flag are agent-inferred proxies per Requirements A.4, not sourced from post-hoc narrative articles (to avoid leakage per Key Focus Area §3)","heuristic based on trophy winners (UCL, World Cup, Euros, Copa) + club prestige tier list operationalized from UEFA coefficient / revenue"
1961,1961,Karl Koller,First Vienna,Austria,3,1,1,0,,"{""tier"": 3, ""score"": 1, ""matched"": ""other"", ""raw"": ""First Vienna""}","club_prestige_tier, market_size_proxy, signature_moment_flag are agent-inferred proxies per Requirements A.4, not sourced from post-hoc narrative articles (to avoid leakage per Key Focus Area §3)","heuristic based on trophy winners (UCL, World Cup, Euros, Copa) + club prestige tier list operationalized from UEFA coefficient / revenue"
1961,1961,Rudolf Kučera,Dukla Prague,Czechoslovakia,3,1,1,0,,"{""tier"": 3, ""score"": 1, ""matched"": ""other"", ""raw"": ""Dukla Prague""}","club_prestige_tier, market_size_proxy, signature_moment_flag are agent-inferred proxies per Requirements A.4, not sourced from post-hoc narrative articles (to avoid leakage per Key Focus Area §3)","heuristic based on trophy winners (UCL, World Cup, Euros, Copa) + club prestige tier list operationalized from UEFA coefficient / revenue"
1961,1961,Dumitru Macri,Rapid București,Romania,3,1,1,0,,"{""tier"": 3, ""score"": 1, ""matched"": ""other"", ""raw"": ""Rapid Bucure\u0219ti""}","club_prestige_tier, market_size_proxy, signature_moment_flag are agent-inferred proxies per Requirements A.4, not sourced from post-hoc narrative articles (to avoid leakage per Key Focus Area §3)","heuristic based on trophy winners (UCL, World Cup, Euros, Copa) + club prestige tier list operationalized from UEFA coefficient / revenue"
1961,1961,Jimmy McIlroy,Burnley,Northern Ireland,3,1,1,0,,"{""tier"": 3, ""score"": 1, ""matched"": ""other"", ""raw"": ""Burnley""}","club_prestige_tier, market_size_proxy, signature_moment_flag are agent-inferred proxies per Requirements A.4, not sourced from post-hoc narrative articles (to avoid leakage per Key Focus Area §3)","heuristic based on trophy winners (UCL, World Cup, Euros, Copa) + club prestige tier list operationalized from UEFA coefficient / revenue"
1961,1961,Karl Stotz,Austria Wien,Austria,3,1,1,0,,"{""tier"": 3, ""score"": 1, ""matched"": ""other"", ""raw"": ""Austria Wien""}","club_prestige_tier, market_size_proxy, signature_moment_flag are agent-inferred proxies per Requirements A.4, not sourced from post-hoc narrative articles (to avoid leakage per Key Focus Area §3)","heuristic based on trophy winners (UCL, World Cup, Euros, Copa) + club prestige tier list operationalized from UEFA coefficient / revenue"
1962,1962,Josef Masopust,Dukla Prague,Czechoslovakia,3,1,1,0,,"{""tier"": 3, ""score"": 1, ""matched"": ""other"", ""raw"": ""Dukla Prague""}","club_prestige_tier, market_size_proxy, signature_moment_flag are agent-inferred proxies per Requirements A.4, not sourced from post-hoc narrative articles (to avoid leakage per Key Focus Area §3)","heuristic based on trophy winners (UCL, World Cup, Euros, Copa) + club prestige tier list operationalized from UEFA coefficient / revenue"
1962,1962,Eusébio,Benfica,Portugal,2,2,2,0,,"{""tier"": 2, ""score"": 2, ""matched"": ""Benfica"", ""raw"": ""Benfica""}","club_prestige_tier, market_size_proxy, signature_moment_flag are agent-inferred proxies per Requirements A.4, not sourced from post-hoc narrative articles (to avoid leakage per Key Focus Area §3)","heuristic based on trophy winners (UCL, World Cup, Euros, Copa) + club prestige tier list operationalized from UEFA coefficient / revenue"
1962,1962,Karl-Heinz Schnellinger,1. FC Köln,West Germany,3,1,1,0,,"{""tier"": 3, ""score"": 1, ""matched"": ""other"", ""raw"": ""1. FC K\u00f6ln""}","club_prestige_tier, market_size_proxy, signature_moment_flag are agent-inferred proxies per Requirements A.4, not sourced from post-hoc narrative articles (to avoid leakage per Key Focus Area §3)","heuristic based on trophy winners (UCL, World Cup, Euros, Copa) + club prestige tier list operationalized from UEFA coefficient / revenue"
1962,1962,Dragoslav Šekularac,Red Star Belgrade,Yugoslavia,3,1,1,0,,"{""tier"": 3, ""score"": 1, ""matched"": ""other"", ""raw"": ""Red Star Belgrade""}","club_prestige_tier, market_size_proxy, signature_moment_flag are agent-inferred proxies per Requirements A.4, not sourced from post-hoc narrative articles (to avoid leakage per Key Focus Area §3)","heuristic based on trophy winners (UCL, World Cup, Euros, Copa) + club prestige tier list operationalized from UEFA coefficient / revenue"
1962,1962,Jef Jurion,Anderlecht,Belgium,3,1,1,0,,"{""tier"": 3, ""score"": 1, ""matched"": ""other"", ""raw"": ""Anderlecht""}","club_prestige_tier, market_size_proxy, signature_moment_flag are agent-inferred proxies per Requirements A.4, not sourced from post-hoc narrative articles (to avoid leakage per Key Focus Area §3)","heuristic based on trophy winners (UCL, World Cup, Euros, Copa) + club prestige tier list operationalized from UEFA coefficient / revenue"
1962,1962,Gianni Rivera,Milan,Italy,1,3,3,1,UCL winner 1962 club Milan matches player's club Milan,"{""tier"": 1, ""score"": 3, ""matched"": ""Milan"", ""raw"": ""Milan""}","club_prestige_tier, market_size_proxy, signature_moment_flag are agent-inferred proxies per Requirements A.4, not sourced from post-hoc narrative articles (to avoid leakage per Key Focus Area §3)","heuristic based on trophy winners (UCL, World Cup, Euros, Copa) + club prestige tier list operationalized from UEFA coefficient / revenue"
1962,1962,Jimmy Greaves,Tottenham Hotspur,England,2,2,2,0,,"{""tier"": 2, ""score"": 2, ""matched"": ""Tottenham Hotspur"", ""raw"": ""Tottenham Hotspur""}","club_prestige_tier, market_size_proxy, signature_moment_flag are agent-inferred proxies per Requirements A.4, not sourced from post-hoc narrative articles (to avoid leakage per Key Focus Area §3)","heuristic based on trophy winners (UCL, World Cup, Euros, Copa) + club prestige tier list operationalized from UEFA coefficient / revenue"
1962,1962,John Charles,Juventus Leeds United Roma,Wales,1,3,3,0,,"{""tier"": 1, ""score"": 3, ""matched"": ""Juventus"", ""raw"": ""Juventus Leeds United Roma""}","club_prestige_tier, market_size_proxy, signature_moment_flag are agent-inferred proxies per Requirements A.4, not sourced from post-hoc narrative articles (to avoid leakage per Key Focus Area §3)","heuristic based on trophy winners (UCL, World Cup, Euros, Copa) + club prestige tier list operationalized from UEFA coefficient / revenue"
1962,1962,Milan Galić,Partizan,Yugoslavia,3,1,1,0,,"{""tier"": 3, ""score"": 1, ""matched"": ""other"", ""raw"": ""Partizan""}","club_prestige_tier, market_size_proxy, signature_moment_flag are agent-inferred proxies per Requirements A.4, not sourced from post-hoc narrative articles (to avoid leakage per Key Focus Area §3)","heuristic based on trophy winners (UCL, World Cup, Euros, Copa) + club prestige tier list operationalized from UEFA coefficient / revenue"
1962,1962,János Göröcs,Újpest,Hungary,3,1,1,0,,"{""tier"": 3, ""score"": 1, ""matched"": ""other"", ""raw"": ""\u00dajpest""}","club_prestige_tier, market_size_proxy, signature_moment_flag are agent-inferred proxies per Requirements A.4, not sourced from post-hoc narrative articles (to avoid leakage per Key Focus Area §3)","heuristic based on trophy winners (UCL, World Cup, Euros, Copa) + club prestige tier list operationalized from UEFA coefficient / revenue"
1962,1962,José Águas,Benfica,Portugal,2,2,2,0,,"{""tier"": 2, ""score"": 2, ""matched"": ""Benfica"", ""raw"": ""Benfica""}","club_prestige_tier, market_size_proxy, signature_moment_flag are agent-inferred proxies per Requirements A.4, not sourced from post-hoc narrative articles (to avoid leakage per Key Focus Area §3)","heuristic based on trophy winners (UCL, World Cup, Euros, Copa) + club prestige tier list operationalized from UEFA coefficient / revenue"
1962,1962,Raymond Kopa,Reims,France,2,2,2,0,,"{""tier"": 2, ""score"": 2, ""matched"": ""Reims"", ""raw"": ""Reims""}","club_prestige_tier, market_size_proxy, signature_moment_flag are agent-inferred proxies per Requirements A.4, not sourced from post-hoc narrative articles (to avoid leakage per Key Focus Area §3)","heuristic based on trophy winners (UCL, World Cup, Euros, Copa) + club prestige tier list operationalized from UEFA coefficient / revenue"
1962,1962,Denis Law,Torino Manchester United,Scotland,1,3,3,0,,"{""tier"": 1, ""score"": 3, ""matched"": ""Manchester United"", ""raw"": ""Torino Manchester United""}","club_prestige_tier, market_size_proxy, signature_moment_flag are agent-inferred proxies per Requirements A.4, not sourced from post-hoc narrative articles (to avoid leakage per Key Focus Area §3)","heuristic based on trophy winners (UCL, World Cup, Euros, Copa) + club prestige tier list operationalized from UEFA coefficient / revenue"
1962,1962,Omar Sívori,Juventus,Argentina,1,3,3,0,,"{""tier"": 1, ""score"": 3, ""matched"": ""Juventus"", ""raw"": ""Juventus""}","club_prestige_tier, market_size_proxy, signature_moment_flag are agent-inferred proxies per Requirements A.4, not sourced from post-hoc narrative articles (to avoid leakage per Key Focus Area §3)","heuristic based on trophy winners (UCL, World Cup, Euros, Copa) + club prestige tier list operationalized from UEFA coefficient / revenue"
1962,1962,Luis del Sol,Real Madrid Juventus,Spain,1,3,3,0,,"{""tier"": 1, ""score"": 3, ""matched"": ""Juventus"", ""raw"": ""Real Madrid Juventus""}","club_prestige_tier, market_size_proxy, signature_moment_flag are agent-inferred proxies per Requirements A.4, not sourced from post-hoc narrative articles (to avoid leakage per Key Focus Area §3)","heuristic based on trophy winners (UCL, World Cup, Euros, Copa) + club prestige tier list operationalized from UEFA coefficient / revenue"
1962,1962,Andrej Kvašňák,Sparta Prague,Czechoslovakia,3,1,1,0,,"{""tier"": 3, ""score"": 1, ""matched"": ""other"", ""raw"": ""Sparta Prague""}","club_prestige_tier, market_size_proxy, signature_moment_flag are agent-inferred proxies per Requirements A.4, not sourced from post-hoc narrative articles (to avoid leakage per Key Focus Area §3)","heuristic based on trophy winners (UCL, World Cup, Euros, Copa) + club prestige tier list operationalized from UEFA coefficient / revenue"
1962,1962,André Lerond,Stade Français,France,3,1,1,0,,"{""tier"": 3, ""score"": 1, ""matched"": ""other"", ""raw"": ""Stade Fran\u00e7ais""}","club_prestige_tier, market_size_proxy, signature_moment_flag are agent-inferred proxies per Requirements A.4, not sourced from post-hoc narrative articles (to avoid leakage per Key Focus Area §3)","heuristic based on trophy winners (UCL, World Cup, Euros, Copa) + club prestige tier list operationalized from UEFA coefficient / revenue"
1962,1962,Luis Suárez,Internazionale,Spain,1,3,3,0,,"{""tier"": 1, ""score"": 3, ""matched"": ""Internazionale"", ""raw"": ""Internazionale""}","club_prestige_tier, market_size_proxy, signature_moment_flag are agent-inferred proxies per Requirements A.4, not sourced from post-hoc narrative articles (to avoid leakage per Key Focus Area §3)","heuristic based on trophy winners (UCL, World Cup, Euros, Copa) + club prestige tier list operationalized from UEFA coefficient / revenue"
1962,1962,Flórián Albert,Ferencváros,Hungary,2,2,2,0,,"{""tier"": 2, ""score"": 2, ""matched"": ""Ferencv\u00e1ros"", ""raw"": ""Ferencv\u00e1ros""}","club_prestige_tier, market_size_proxy, signature_moment_flag are agent-inferred proxies per Requirements A.4, not sourced from post-hoc narrative articles (to avoid leakage per Key Focus Area §3)","heuristic based on trophy winners (UCL, World Cup, Euros, Copa) + club prestige tier list operationalized from UEFA coefficient / revenue"
1962,1962,Kurt Hamrin,Fiorentina,Sweden,2,2,2,0,,"{""tier"": 2, ""score"": 2, ""matched"": ""Fiorentina"", ""raw"": ""Fiorentina""}","club_prestige_tier, market_size_proxy, signature_moment_flag are agent-inferred proxies per Requirements A.4, not sourced from post-hoc narrative articles (to avoid leakage per Key Focus Area §3)","heuristic based on trophy winners (UCL, World Cup, Euros, Copa) + club prestige tier list operationalized from UEFA coefficient / revenue"
1962,1962,Horst Nemec,Austria Wien,Austria,3,1,1,0,,"{""tier"": 3, ""score"": 1, ""matched"": ""other"", ""raw"": ""Austria Wien""}","club_prestige_tier, market_size_proxy, signature_moment_flag are agent-inferred proxies per Requirements A.4, not sourced from post-hoc narrative articles (to avoid leakage per Key Focus Area §3)","heuristic based on trophy winners (UCL, World Cup, Euros, Copa) + club prestige tier list operationalized from UEFA coefficient / revenue"
1962,1962,Joaquín Peiró,Atlético Madrid Torino,Spain,2,2,2,0,,"{""tier"": 2, ""score"": 2, ""matched"": ""Atl\u00e9tico Madrid"", ""raw"": ""Atl\u00e9tico Madrid Torino""}","club_prestige_tier, market_size_proxy, signature_moment_flag are agent-inferred proxies per Requirements A.4, not sourced from post-hoc narrative articles (to avoid leakage per Key Focus Area §3)","heuristic based on trophy winners (UCL, World Cup, Euros, Copa) + club prestige tier list operationalized from UEFA coefficient / revenue"
1962,1962,Viliam Schrojf,Slovan Bratislava,Czechoslovakia,3,1,1,0,,"{""tier"": 3, ""score"": 1, ""matched"": ""other"", ""raw"": ""Slovan Bratislava""}","club_prestige_tier, market_size_proxy, signature_moment_flag are agent-inferred proxies per Requirements A.4, not sourced from post-hoc narrative articles (to avoid leakage per Key Focus Area §3)","heuristic based on trophy winners (UCL, World Cup, Euros, Copa) + club prestige tier list operationalized from UEFA coefficient / revenue"
1962,1962,Ernő Solymosi,Újpest,Hungary,3,1,1,0,,"{""tier"": 3, ""score"": 1, ""matched"": ""other"", ""raw"": ""\u00dajpest""}","club_prestige_tier, market_size_proxy, signature_moment_flag are agent-inferred proxies per Requirements A.4, not sourced from post-hoc narrative articles (to avoid leakage per Key Focus Area §3)","heuristic based on trophy winners (UCL, World Cup, Euros, Copa) + club prestige tier list operationalized from UEFA coefficient / revenue"
1962,1962,Paco Gento,Real Madrid,Spain,1,3,3,0,,"{""tier"": 1, ""score"": 3, ""matched"": ""Real Madrid"", ""raw"": ""Real Madrid""}","club_prestige_tier, market_size_proxy, signature_moment_flag are agent-inferred proxies per Requirements A.4, not sourced from post-hoc narrative articles (to avoid leakage per Key Focus Area §3)","heuristic based on trophy winners (UCL, World Cup, Euros, Copa) + club prestige tier list operationalized from UEFA coefficient / revenue"
1962,1962,Ezio Pascutti,Bologna,Italy,3,1,1,0,,"{""tier"": 3, ""score"": 1, ""matched"": ""other"", ""raw"": ""Bologna""}","club_prestige_tier, market_size_proxy, signature_moment_flag are agent-inferred proxies per Requirements A.4, not sourced from post-hoc narrative articles (to avoid leakage per Key Focus Area §3)","heuristic based on trophy winners (UCL, World Cup, Euros, Copa) + club prestige tier list operationalized from UEFA coefficient / revenue"
1962,1962,Lajos Tichy,Budapest Honvéd,Hungary,3,1,1,0,,"{""tier"": 3, ""score"": 1, ""matched"": ""other"", ""raw"": ""Budapest Honv\u00e9d""}","club_prestige_tier, market_size_proxy, signature_moment_flag are agent-inferred proxies per Requirements A.4, not sourced from post-hoc narrative articles (to avoid leakage per Key Focus Area §3)","heuristic based on trophy winners (UCL, World Cup, Euros, Copa) + club prestige tier list operationalized from UEFA coefficient / revenue"
1963,1963,Lev Yashin,Dynamo Moscow,Soviet Union,3,1,1,0,,"{""tier"": 3, ""score"": 1, ""matched"": ""other"", ""raw"": ""Dynamo Moscow""}","club_prestige_tier, market_size_proxy, signature_moment_flag are agent-inferred proxies per Requirements A.4, not sourced from post-hoc narrative articles (to avoid leakage per Key Focus Area §3)","heuristic based on trophy winners (UCL, World Cup, Euros, Copa) + club prestige tier list operationalized from UEFA coefficient / revenue"
1963,1963,Gianni Rivera,Milan,Italy,1,3,3,1,UCL winner 1963 club Inter Milan matches player's club Milan,"{""tier"": 1, ""score"": 3, ""matched"": ""Milan"", ""raw"": ""Milan""}","club_prestige_tier, market_size_proxy, signature_moment_flag are agent-inferred proxies per Requirements A.4, not sourced from post-hoc narrative articles (to avoid leakage per Key Focus Area §3)","heuristic based on trophy winners (UCL, World Cup, Euros, Copa) + club prestige tier list operationalized from UEFA coefficient / revenue"
1963,1963,Jimmy Greaves,Tottenham Hotspur,England,2,2,2,0,,"{""tier"": 2, ""score"": 2, ""matched"": ""Tottenham Hotspur"", ""raw"": ""Tottenham Hotspur""}","club_prestige_tier, market_size_proxy, signature_moment_flag are agent-inferred proxies per Requirements A.4, not sourced from post-hoc narrative articles (to avoid leakage per Key Focus Area §3)","heuristic based on trophy winners (UCL, World Cup, Euros, Copa) + club prestige tier list operationalized from UEFA coefficient / revenue"
1963,1963,Denis Law,Manchester United,Scotland,1,3,3,0,,"{""tier"": 1, ""score"": 3, ""matched"": ""Manchester United"", ""raw"": ""Manchester United""}","club_prestige_tier, market_size_proxy, signature_moment_flag are agent-inferred proxies per Requirements A.4, not sourced from post-hoc narrative articles (to avoid leakage per Key Focus Area §3)","heuristic based on trophy winners (UCL, World Cup, Euros, Copa) + club prestige tier list operationalized from UEFA coefficient / revenue"
1963,1963,Eusébio,Benfica,Portugal,2,2,2,0,,"{""tier"": 2, ""score"": 2, ""matched"": ""Benfica"", ""raw"": ""Benfica""}","club_prestige_tier, market_size_proxy, signature_moment_flag are agent-inferred proxies per Requirements A.4, not sourced from post-hoc narrative articles (to avoid leakage per Key Focus Area §3)","heuristic based on trophy winners (UCL, World Cup, Euros, Copa) + club prestige tier list operationalized from UEFA coefficient / revenue"
1963,1963,Karl-Heinz Schnellinger,1. FC Köln Mantova,West Germany,3,1,1,0,,"{""tier"": 3, ""score"": 1, ""matched"": ""other"", ""raw"": ""1. FC K\u00f6ln Mantova""}","club_prestige_tier, market_size_proxy, signature_moment_flag are agent-inferred proxies per Requirements A.4, not sourced from post-hoc narrative articles (to avoid leakage per Key Focus Area §3)","heuristic based on trophy winners (UCL, World Cup, Euros, Copa) + club prestige tier list operationalized from UEFA coefficient / revenue"
1963,1963,Uwe Seeler,Hamburger SV,West Germany,2,2,2,0,,"{""tier"": 2, ""score"": 2, ""matched"": ""Hamburger SV"", ""raw"": ""Hamburger SV""}","club_prestige_tier, market_size_proxy, signature_moment_flag are agent-inferred proxies per Requirements A.4, not sourced from post-hoc narrative articles (to avoid leakage per Key Focus Area §3)","heuristic based on trophy winners (UCL, World Cup, Euros, Copa) + club prestige tier list operationalized from UEFA coefficient / revenue"
1963,1963,Bobby Charlton,Manchester United,England,1,3,3,0,,"{""tier"": 1, ""score"": 3, ""matched"": ""Manchester United"", ""raw"": ""Manchester United""}","club_prestige_tier, market_size_proxy, signature_moment_flag are agent-inferred proxies per Requirements A.4, not sourced from post-hoc narrative articles (to avoid leakage per Key Focus Area §3)","heuristic based on trophy winners (UCL, World Cup, Euros, Copa) + club prestige tier list operationalized from UEFA coefficient / revenue"
1963,1963,Luis Suárez,Inter Milan,Spain,1,3,3,1,UCL winner 1963 club Inter Milan matches player's club Inter Milan,"{""tier"": 1, ""score"": 3, ""matched"": ""Milan"", ""raw"": ""Inter Milan""}","club_prestige_tier, market_size_proxy, signature_moment_flag are agent-inferred proxies per Requirements A.4, not sourced from post-hoc narrative articles (to avoid leakage per Key Focus Area §3)","heuristic based on trophy winners (UCL, World Cup, Euros, Copa) + club prestige tier list operationalized from UEFA coefficient / revenue"
1963,1963,Giovanni Trapattoni,Milan,Italy,1,3,3,1,UCL winner 1963 club Inter Milan matches player's club Milan,"{""tier"": 1, ""score"": 3, ""matched"": ""Milan"", ""raw"": ""Milan""}","club_prestige_tier, market_size_proxy, signature_moment_flag are agent-inferred proxies per Requirements A.4, not sourced from post-hoc narrative articles (to avoid leakage per Key Focus Area §3)","heuristic based on trophy winners (UCL, World Cup, Euros, Copa) + club prestige tier list operationalized from UEFA coefficient / revenue"
1963,1963,José Altafini,Milan,Brazil,1,3,3,1,UCL winner 1963 club Inter Milan matches player's club Milan,"{""tier"": 1, ""score"": 3, ""matched"": ""Milan"", ""raw"": ""Milan""}","club_prestige_tier, market_size_proxy, signature_moment_flag are agent-inferred proxies per Requirements A.4, not sourced from post-hoc narrative articles (to avoid leakage per Key Focus Area §3)","heuristic based on trophy winners (UCL, World Cup, Euros, Copa) + club prestige tier list operationalized from UEFA coefficient / revenue"
1963,1963,Paul Van Himst,Anderlecht,Belgium,3,1,1,0,,"{""tier"": 3, ""score"": 1, ""matched"": ""other"", ""raw"": ""Anderlecht""}","club_prestige_tier, market_size_proxy, signature_moment_flag are agent-inferred proxies per Requirements A.4, not sourced from post-hoc narrative articles (to avoid leakage per Key Focus Area §3)","heuristic based on trophy winners (UCL, World Cup, Euros, Copa) + club prestige tier list operationalized from UEFA coefficient / revenue"
1963,1963,Flórián Albert,Ferencváros,Hungary,2,2,2,0,,"{""tier"": 2, ""score"": 2, ""matched"": ""Ferencv\u00e1ros"", ""raw"": ""Ferencv\u00e1ros""}","club_prestige_tier, market_size_proxy, signature_moment_flag are agent-inferred proxies per Requirements A.4, not sourced from post-hoc narrative articles (to avoid leakage per Key Focus Area §3)","heuristic based on trophy winners (UCL, World Cup, Euros, Copa) + club prestige tier list operationalized from UEFA coefficient / revenue"
1963,1963,Harry Bild,IFK Norrköping,Sweden,3,1,1,0,,"{""tier"": 3, ""score"": 1, ""matched"": ""other"", ""raw"": ""IFK Norrk\u00f6ping""}","club_prestige_tier, market_size_proxy, signature_moment_flag are agent-inferred proxies per Requirements A.4, not sourced from post-hoc narrative articles (to avoid leakage per Key Focus Area §3)","heuristic based on trophy winners (UCL, World Cup, Euros, Copa) + club prestige tier list operationalized from UEFA coefficient / revenue"
1963,1963,Josef Masopust,Dukla Prague,Czechoslovakia,3,1,1,0,,"{""tier"": 3, ""score"": 1, ""matched"": ""other"", ""raw"": ""Dukla Prague""}","club_prestige_tier, market_size_proxy, signature_moment_flag are agent-inferred proxies per Requirements A.4, not sourced from post-hoc narrative articles (to avoid leakage per Key Focus Area §3)","heuristic based on trophy winners (UCL, World Cup, Euros, Copa) + club prestige tier list operationalized from UEFA coefficient / revenue"
1963,1963,Omar Sívori,Juventus,Argentina,1,3,3,0,,"{""tier"": 1, ""score"": 3, ""matched"": ""Juventus"", ""raw"": ""Juventus""}","club_prestige_tier, market_size_proxy, signature_moment_flag are agent-inferred proxies per Requirements A.4, not sourced from post-hoc narrative articles (to avoid leakage per Key Focus Area §3)","heuristic based on trophy winners (UCL, World Cup, Euros, Copa) + club prestige tier list operationalized from UEFA coefficient / revenue"
1963,1963,Robert Herbin,Saint-Étienne,France,3,1,1,0,,"{""tier"": 3, ""score"": 1, ""matched"": ""other"", ""raw"": ""Saint-\u00c9tienne""}","club_prestige_tier, market_size_proxy, signature_moment_flag are agent-inferred proxies per Requirements A.4, not sourced from post-hoc narrative articles (to avoid leakage per Key Focus Area §3)","heuristic based on trophy winners (UCL, World Cup, Euros, Copa) + club prestige tier list operationalized from UEFA coefficient / revenue"
1963,1963,Jef Jurion,Anderlecht,Belgium,3,1,1,0,,"{""tier"": 3, ""score"": 1, ""matched"": ""other"", ""raw"": ""Anderlecht""}","club_prestige_tier, market_size_proxy, signature_moment_flag are agent-inferred proxies per Requirements A.4, not sourced from post-hoc narrative articles (to avoid leakage per Key Focus Area §3)","heuristic based on trophy winners (UCL, World Cup, Euros, Copa) + club prestige tier list operationalized from UEFA coefficient / revenue"
1963,1963,Cesare Maldini,Milan,Italy,1,3,3,1,UCL winner 1963 club Inter Milan matches player's club Milan,"{""tier"": 1, ""score"": 3, ""matched"": ""Milan"", ""raw"": ""Milan""}","club_prestige_tier, market_size_proxy, signature_moment_flag are agent-inferred proxies per Requirements A.4, not sourced from post-hoc narrative articles (to avoid leakage per Key Focus Area §3)","heuristic based on trophy winners (UCL, World Cup, Euros, Copa) + club prestige tier list operationalized from UEFA coefficient / revenue"
1963,1963,Károly Sándor,MTK Budapest,Hungary,3,1,1,0,,"{""tier"": 3, ""score"": 1, ""matched"": ""other"", ""raw"": ""MTK Budapest""}","club_prestige_tier, market_size_proxy, signature_moment_flag are agent-inferred proxies per Requirements A.4, not sourced from post-hoc narrative articles (to avoid leakage per Key Focus Area §3)","heuristic based on trophy winners (UCL, World Cup, Euros, Copa) + club prestige tier list operationalized from UEFA coefficient / revenue"
1963,1963,Mário Coluna,Benfica,Portugal,2,2,2,0,,"{""tier"": 2, ""score"": 2, ""matched"": ""Benfica"", ""raw"": ""Benfica""}","club_prestige_tier, market_size_proxy, signature_moment_flag are agent-inferred proxies per Requirements A.4, not sourced from post-hoc narrative articles (to avoid leakage per Key Focus Area §3)","heuristic based on trophy winners (UCL, World Cup, Euros, Copa) + club prestige tier list operationalized from UEFA coefficient / revenue"
1963,1963,Ake Johansson,IFK Norrköping,Sweden,3,1,1,0,,"{""tier"": 3, ""score"": 1, ""matched"": ""other"", ""raw"": ""IFK Norrk\u00f6ping""}","club_prestige_tier, market_size_proxy, signature_moment_flag are agent-inferred proxies per Requirements A.4, not sourced from post-hoc narrative articles (to avoid leakage per Key Focus Area §3)","heuristic based on trophy winners (UCL, World Cup, Euros, Copa) + club prestige tier list operationalized from UEFA coefficient / revenue"
1963,1963,Manfred Kaiser,Wismut Aue,East Germany,3,1,1,0,,"{""tier"": 3, ""score"": 1, ""matched"": ""other"", ""raw"": ""Wismut Aue""}","club_prestige_tier, market_size_proxy, signature_moment_flag are agent-inferred proxies per Requirements A.4, not sourced from post-hoc narrative articles (to avoid leakage per Key Focus Area §3)","heuristic based on trophy winners (UCL, World Cup, Euros, Copa) + club prestige tier list operationalized from UEFA coefficient / revenue"
1963,1963,Metin Oktay,Galatasaray,Turkey,3,1,1,0,,"{""tier"": 3, ""score"": 1, ""matched"": ""other"", ""raw"": ""Galatasaray""}","club_prestige_tier, market_size_proxy, signature_moment_flag are agent-inferred proxies per Requirements A.4, not sourced from post-hoc narrative articles (to avoid leakage per Key Focus Area §3)","heuristic based on trophy winners (UCL, World Cup, Euros, Copa) + club prestige tier list operationalized from UEFA coefficient / revenue"
1963,1963,Svatopluk Pluskal,Dukla Prague,Czechoslovakia,3,1,1,0,,"{""tier"": 3, ""score"": 1, ""matched"": ""other"", ""raw"": ""Dukla Prague""}","club_prestige_tier, market_size_proxy, signature_moment_flag are agent-inferred proxies per Requirements A.4, not sourced from post-hoc narrative articles (to avoid leakage per Key Focus Area §3)","heuristic based on trophy winners (UCL, World Cup, Euros, Copa) + club prestige tier list operationalized from UEFA coefficient / revenue"
1964,1964,Denis Law,Manchester United,Scotland,1,3,3,0,,"{""tier"": 1, ""score"": 3, ""matched"": ""Manchester United"", ""raw"": ""Manchester United""}","club_prestige_tier, market_size_proxy, signature_moment_flag are agent-inferred proxies per Requirements A.4, not sourced from post-hoc narrative articles (to avoid leakage per Key Focus Area §3)","heuristic based on trophy winners (UCL, World Cup, Euros, Copa) + club prestige tier list operationalized from UEFA coefficient / revenue"
1964,1964,Luis Suárez,Internazionale,Spain,1,3,3,1,Euros winner 1964 country Spain matches player's nation Spain,"{""tier"": 1, ""score"": 3, ""matched"": ""Internazionale"", ""raw"": ""Internazionale""}","club_prestige_tier, market_size_proxy, signature_moment_flag are agent-inferred proxies per Requirements A.4, not sourced from post-hoc narrative articles (to avoid leakage per Key Focus Area §3)","heuristic based on trophy winners (UCL, World Cup, Euros, Copa) + club prestige tier list operationalized from UEFA coefficient / revenue"
1964,1964,Amancio,Real Madrid,Spain,1,3,3,1,Euros winner 1964 country Spain matches player's nation Spain,"{""tier"": 1, ""score"": 3, ""matched"": ""Real Madrid"", ""raw"": ""Real Madrid""}","club_prestige_tier, market_size_proxy, signature_moment_flag are agent-inferred proxies per Requirements A.4, not sourced from post-hoc narrative articles (to avoid leakage per Key Focus Area §3)","heuristic based on trophy winners (UCL, World Cup, Euros, Copa) + club prestige tier list operationalized from UEFA coefficient / revenue"
1964,1964,Eusébio,Benfica,Portugal,2,2,2,0,,"{""tier"": 2, ""score"": 2, ""matched"": ""Benfica"", ""raw"": ""Benfica""}","club_prestige_tier, market_size_proxy, signature_moment_flag are agent-inferred proxies per Requirements A.4, not sourced from post-hoc narrative articles (to avoid leakage per Key Focus Area §3)","heuristic based on trophy winners (UCL, World Cup, Euros, Copa) + club prestige tier list operationalized from UEFA coefficient / revenue"
1964,1964,Paul Van Himst,Anderlecht,Belgium,3,1,1,0,,"{""tier"": 3, ""score"": 1, ""matched"": ""other"", ""raw"": ""Anderlecht""}","club_prestige_tier, market_size_proxy, signature_moment_flag are agent-inferred proxies per Requirements A.4, not sourced from post-hoc narrative articles (to avoid leakage per Key Focus Area §3)","heuristic based on trophy winners (UCL, World Cup, Euros, Copa) + club prestige tier list operationalized from UEFA coefficient / revenue"
1964,1964,Jimmy Greaves,Tottenham Hotspur,England,2,2,2,0,,"{""tier"": 2, ""score"": 2, ""matched"": ""Tottenham Hotspur"", ""raw"": ""Tottenham Hotspur""}","club_prestige_tier, market_size_proxy, signature_moment_flag are agent-inferred proxies per Requirements A.4, not sourced from post-hoc narrative articles (to avoid leakage per Key Focus Area §3)","heuristic based on trophy winners (UCL, World Cup, Euros, Copa) + club prestige tier list operationalized from UEFA coefficient / revenue"
1964,1964,Mario Corso,Internazionale,Italy,1,3,3,0,,"{""tier"": 1, ""score"": 3, ""matched"": ""Internazionale"", ""raw"": ""Internazionale""}","club_prestige_tier, market_size_proxy, signature_moment_flag are agent-inferred proxies per Requirements A.4, not sourced from post-hoc narrative articles (to avoid leakage per Key Focus Area §3)","heuristic based on trophy winners (UCL, World Cup, Euros, Copa) + club prestige tier list operationalized from UEFA coefficient / revenue"
1964,1964,Lev Yashin,Dynamo Moscow,Soviet Union,3,1,1,0,,"{""tier"": 3, ""score"": 1, ""matched"": ""other"", ""raw"": ""Dynamo Moscow""}","club_prestige_tier, market_size_proxy, signature_moment_flag are agent-inferred proxies per Requirements A.4, not sourced from post-hoc narrative articles (to avoid leakage per Key Focus Area §3)","heuristic based on trophy winners (UCL, World Cup, Euros, Copa) + club prestige tier list operationalized from UEFA coefficient / revenue"
1964,1964,Gianni Rivera,Milan,Italy,1,3,3,1,UCL winner 1964 club Inter Milan matches player's club Milan,"{""tier"": 1, ""score"": 3, ""matched"": ""Milan"", ""raw"": ""Milan""}","club_prestige_tier, market_size_proxy, signature_moment_flag are agent-inferred proxies per Requirements A.4, not sourced from post-hoc narrative articles (to avoid leakage per Key Focus Area §3)","heuristic based on trophy winners (UCL, World Cup, Euros, Copa) + club prestige tier list operationalized from UEFA coefficient / revenue"
1964,1964,Valery Voronin,Torpedo Moscow,Soviet Union,3,1,1,0,,"{""tier"": 3, ""score"": 1, ""matched"": ""other"", ""raw"": ""Torpedo Moscow""}","club_prestige_tier, market_size_proxy, signature_moment_flag are agent-inferred proxies per Requirements A.4, not sourced from post-hoc narrative articles (to avoid leakage per Key Focus Area §3)","heuristic based on trophy winners (UCL, World Cup, Euros, Copa) + club prestige tier list operationalized from UEFA coefficient / revenue"
1964,1964,Ferenc Bene,Újpest,Hungary,3,1,1,0,,"{""tier"": 3, ""score"": 1, ""matched"": ""other"", ""raw"": ""\u00dajpest""}","club_prestige_tier, market_size_proxy, signature_moment_flag are agent-inferred proxies per Requirements A.4, not sourced from post-hoc narrative articles (to avoid leakage per Key Focus Area §3)","heuristic based on trophy winners (UCL, World Cup, Euros, Copa) + club prestige tier list operationalized from UEFA coefficient / revenue"
1964,1964,Karl-Heinz Schnellinger,Mantova Roma,West Germany,2,2,2,0,,"{""tier"": 2, ""score"": 2, ""matched"": ""Roma"", ""raw"": ""Mantova Roma""}","club_prestige_tier, market_size_proxy, signature_moment_flag are agent-inferred proxies per Requirements A.4, not sourced from post-hoc narrative articles (to avoid leakage per Key Focus Area §3)","heuristic based on trophy winners (UCL, World Cup, Euros, Copa) + club prestige tier list operationalized from UEFA coefficient / revenue"
1964,1964,Jean Nicolay,Standard Liège,Belgium,3,1,1,0,,"{""tier"": 3, ""score"": 1, ""matched"": ""other"", ""raw"": ""Standard Li\u00e8ge""}","club_prestige_tier, market_size_proxy, signature_moment_flag are agent-inferred proxies per Requirements A.4, not sourced from post-hoc narrative articles (to avoid leakage per Key Focus Area §3)","heuristic based on trophy winners (UCL, World Cup, Euros, Copa) + club prestige tier list operationalized from UEFA coefficient / revenue"
1964,1964,Helmut Haller,Bologna,West Germany,3,1,1,0,,"{""tier"": 3, ""score"": 1, ""matched"": ""other"", ""raw"": ""Bologna""}","club_prestige_tier, market_size_proxy, signature_moment_flag are agent-inferred proxies per Requirements A.4, not sourced from post-hoc narrative articles (to avoid leakage per Key Focus Area §3)","heuristic based on trophy winners (UCL, World Cup, Euros, Copa) + club prestige tier list operationalized from UEFA coefficient / revenue"
1964,1964,José Torres,Benfica,Portugal,2,2,2,0,,"{""tier"": 2, ""score"": 2, ""matched"": ""Benfica"", ""raw"": ""Benfica""}","club_prestige_tier, market_size_proxy, signature_moment_flag are agent-inferred proxies per Requirements A.4, not sourced from post-hoc narrative articles (to avoid leakage per Key Focus Area §3)","heuristic based on trophy winners (UCL, World Cup, Euros, Copa) + club prestige tier list operationalized from UEFA coefficient / revenue"
1964,1964,Flórián Albert,Ferencváros,Hungary,2,2,2,0,,"{""tier"": 2, ""score"": 2, ""matched"": ""Ferencv\u00e1ros"", ""raw"": ""Ferencv\u00e1ros""}","club_prestige_tier, market_size_proxy, signature_moment_flag are agent-inferred proxies per Requirements A.4, not sourced from post-hoc narrative articles (to avoid leakage per Key Focus Area §3)","heuristic based on trophy winners (UCL, World Cup, Euros, Copa) + club prestige tier list operationalized from UEFA coefficient / revenue"
1964,1964,José Altafini,Milan,Italy,1,3,3,1,UCL winner 1964 club Inter Milan matches player's club Milan,"{""tier"": 1, ""score"": 3, ""matched"": ""Milan"", ""raw"": ""Milan""}","club_prestige_tier, market_size_proxy, signature_moment_flag are agent-inferred proxies per Requirements A.4, not sourced from post-hoc narrative articles (to avoid leakage per Key Focus Area §3)","heuristic based on trophy winners (UCL, World Cup, Euros, Copa) + club prestige tier list operationalized from UEFA coefficient / revenue"
1964,1964,Coen Moulijn,Feyenoord,Netherlands,3,1,1,0,,"{""tier"": 3, ""score"": 1, ""matched"": ""other"", ""raw"": ""Feyenoord""}","club_prestige_tier, market_size_proxy, signature_moment_flag are agent-inferred proxies per Requirements A.4, not sourced from post-hoc narrative articles (to avoid leakage per Key Focus Area §3)","heuristic based on trophy winners (UCL, World Cup, Euros, Copa) + club prestige tier list operationalized from UEFA coefficient / revenue"
1964,1964,Néstor Combin,Lyon Juventus,France,1,3,3,0,,"{""tier"": 1, ""score"": 3, ""matched"": ""Juventus"", ""raw"": ""Lyon Juventus""}","club_prestige_tier, market_size_proxy, signature_moment_flag are agent-inferred proxies per Requirements A.4, not sourced from post-hoc narrative articles (to avoid leakage per Key Focus Area §3)","heuristic based on trophy winners (UCL, World Cup, Euros, Copa) + club prestige tier list operationalized from UEFA coefficient / revenue"
1964,1964,Giacinto Facchetti,Internazionale,Italy,1,3,3,0,,"{""tier"": 1, ""score"": 3, ""matched"": ""Internazionale"", ""raw"": ""Internazionale""}","club_prestige_tier, market_size_proxy, signature_moment_flag are agent-inferred proxies per Requirements A.4, not sourced from post-hoc narrative articles (to avoid leakage per Key Focus Area §3)","heuristic based on trophy winners (UCL, World Cup, Euros, Copa) + club prestige tier list operationalized from UEFA coefficient / revenue"
1964,1964,Ole Madsen,HIK,Denmark,3,1,1,0,,"{""tier"": 3, ""score"": 1, ""matched"": ""other"", ""raw"": ""HIK""}","club_prestige_tier, market_size_proxy, signature_moment_flag are agent-inferred proxies per Requirements A.4, not sourced from post-hoc narrative articles (to avoid leakage per Key Focus Area §3)","heuristic based on trophy winners (UCL, World Cup, Euros, Copa) + club prestige tier list operationalized from UEFA coefficient / revenue"
1964,1964,Sandro Mazzola,Internazionale,Italy,1,3,3,0,,"{""tier"": 1, ""score"": 3, ""matched"": ""Internazionale"", ""raw"": ""Internazionale""}","club_prestige_tier, market_size_proxy, signature_moment_flag are agent-inferred proxies per Requirements A.4, not sourced from post-hoc narrative articles (to avoid leakage per Key Focus Area §3)","heuristic based on trophy winners (UCL, World Cup, Euros, Copa) + club prestige tier list operationalized from UEFA coefficient / revenue"
1964,1964,Bobby Moore,West Ham United,England,2,2,2,0,,"{""tier"": 2, ""score"": 2, ""matched"": ""West Ham"", ""raw"": ""West Ham United""}","club_prestige_tier, market_size_proxy, signature_moment_flag are agent-inferred proxies per Requirements A.4, not sourced from post-hoc narrative articles (to avoid leakage per Key Focus Area §3)","heuristic based on trophy winners (UCL, World Cup, Euros, Copa) + club prestige tier list operationalized from UEFA coefficient / revenue"
1964,1964,Jef Jurion,Anderlecht,Belgium,3,1,1,0,,"{""tier"": 3, ""score"": 1, ""matched"": ""other"", ""raw"": ""Anderlecht""}","club_prestige_tier, market_size_proxy, signature_moment_flag are agent-inferred proxies per Requirements A.4, not sourced from post-hoc narrative articles (to avoid leakage per Key Focus Area §3)","heuristic based on trophy winners (UCL, World Cup, Euros, Copa) + club prestige tier list operationalized from UEFA coefficient / revenue"
1964,1964,Omar Sívori,Juventus,Italy,1,3,3,0,,"{""tier"": 1, ""score"": 3, ""matched"": ""Juventus"", ""raw"": ""Juventus""}","club_prestige_tier, market_size_proxy, signature_moment_flag are agent-inferred proxies per Requirements A.4, not sourced from post-hoc narrative articles (to avoid leakage per Key Focus Area §3)","heuristic based on trophy winners (UCL, World Cup, Euros, Copa) + club prestige tier list operationalized from UEFA coefficient / revenue"
1964,1964,Klaus Urbanczyk,Chemie Halle,East Germany,3,1,1,0,,"{""tier"": 3, ""score"": 1, ""matched"": ""other"", ""raw"": ""Chemie Halle""}","club_prestige_tier, market_size_proxy, signature_moment_flag are agent-inferred proxies per Requirements A.4, not sourced from post-hoc narrative articles (to avoid leakage per Key Focus Area §3)","heuristic based on trophy winners (UCL, World Cup, Euros, Copa) + club prestige tier list operationalized from UEFA coefficient / revenue"
1965,1965,Eusébio,Benfica,Portugal,2,2,2,0,,"{""tier"": 2, ""score"": 2, ""matched"": ""Benfica"", ""raw"": ""Benfica""}","club_prestige_tier, market_size_proxy, signature_moment_flag are agent-inferred proxies per Requirements A.4, not sourced from post-hoc narrative articles (to avoid leakage per Key Focus Area §3)","heuristic based on trophy winners (UCL, World Cup, Euros, Copa) + club prestige tier list operationalized from UEFA coefficient / revenue"
1965,1965,Giacinto Facchetti,Internazionale,Italy,1,3,3,0,,"{""tier"": 1, ""score"": 3, ""matched"": ""Internazionale"", ""raw"": ""Internazionale""}","club_prestige_tier, market_size_proxy, signature_moment_flag are agent-inferred proxies per Requirements A.4, not sourced from post-hoc narrative articles (to avoid leakage per Key Focus Area §3)","heuristic based on trophy winners (UCL, World Cup, Euros, Copa) + club prestige tier list operationalized from UEFA coefficient / revenue"
1965,1965,Luis Suárez,Internazionale,Spain,1,3,3,0,,"{""tier"": 1, ""score"": 3, ""matched"": ""Internazionale"", ""raw"": ""Internazionale""}","club_prestige_tier, market_size_proxy, signature_moment_flag are agent-inferred proxies per Requirements A.4, not sourced from post-hoc narrative articles (to avoid leakage per Key Focus Area §3)","heuristic based on trophy winners (UCL, World Cup, Euros, Copa) + club prestige tier list operationalized from UEFA coefficient / revenue"
1965,1965,Paul Van Himst,Anderlecht,Belgium,3,1,1,0,,"{""tier"": 3, ""score"": 1, ""matched"": ""other"", ""raw"": ""Anderlecht""}","club_prestige_tier, market_size_proxy, signature_moment_flag are agent-inferred proxies per Requirements A.4, not sourced from post-hoc narrative articles (to avoid leakage per Key Focus Area §3)","heuristic based on trophy winners (UCL, World Cup, Euros, Copa) + club prestige tier list operationalized from UEFA coefficient / revenue"
1965,1965,Bobby Charlton,Manchester United,England,1,3,3,0,,"{""tier"": 1, ""score"": 3, ""matched"": ""Manchester United"", ""raw"": ""Manchester United""}","club_prestige_tier, market_size_proxy, signature_moment_flag are agent-inferred proxies per Requirements A.4, not sourced from post-hoc narrative articles (to avoid leakage per Key Focus Area §3)","heuristic based on trophy winners (UCL, World Cup, Euros, Copa) + club prestige tier list operationalized from UEFA coefficient / revenue"
1965,1965,Flórián Albert,Ferencváros,Hungary,2,2,2,0,,"{""tier"": 2, ""score"": 2, ""matched"": ""Ferencv\u00e1ros"", ""raw"": ""Ferencv\u00e1ros""}","club_prestige_tier, market_size_proxy, signature_moment_flag are agent-inferred proxies per Requirements A.4, not sourced from post-hoc narrative articles (to avoid leakage per Key Focus Area §3)","heuristic based on trophy winners (UCL, World Cup, Euros, Copa) + club prestige tier list operationalized from UEFA coefficient / revenue"
1965,1965,Gianni Rivera,Milan,Italy,1,3,3,0,,"{""tier"": 1, ""score"": 3, ""matched"": ""Milan"", ""raw"": ""Milan""}","club_prestige_tier, market_size_proxy, signature_moment_flag are agent-inferred proxies per Requirements A.4, not sourced from post-hoc narrative articles (to avoid leakage per Key Focus Area §3)","heuristic based on trophy winners (UCL, World Cup, Euros, Copa) + club prestige tier list operationalized from UEFA coefficient / revenue"
1965,1965,Georgi Asparuhov,Levski Sofia,Bulgaria,3,1,1,0,,"{""tier"": 3, ""score"": 1, ""matched"": ""other"", ""raw"": ""Levski Sofia""}","club_prestige_tier, market_size_proxy, signature_moment_flag are agent-inferred proxies per Requirements A.4, not sourced from post-hoc narrative articles (to avoid leakage per Key Focus Area §3)","heuristic based on trophy winners (UCL, World Cup, Euros, Copa) + club prestige tier list operationalized from UEFA coefficient / revenue"
1965,1965,Sandro Mazzola,Internazionale,Italy,1,3,3,0,,"{""tier"": 1, ""score"": 3, ""matched"": ""Internazionale"", ""raw"": ""Internazionale""}","club_prestige_tier, market_size_proxy, signature_moment_flag are agent-inferred proxies per Requirements A.4, not sourced from post-hoc narrative articles (to avoid leakage per Key Focus Area §3)","heuristic based on trophy winners (UCL, World Cup, Euros, Copa) + club prestige tier list operationalized from UEFA coefficient / revenue"
1965,1965,Valery Voronin,Torpedo Moskva,Soviet Union,3,1,1,0,,"{""tier"": 3, ""score"": 1, ""matched"": ""other"", ""raw"": ""Torpedo Moskva""}","club_prestige_tier, market_size_proxy, signature_moment_flag are agent-inferred proxies per Requirements A.4, not sourced from post-hoc narrative articles (to avoid leakage per Key Focus Area §3)","heuristic based on trophy winners (UCL, World Cup, Euros, Copa) + club prestige tier list operationalized from UEFA coefficient / revenue"
1965,1965,Denis Law,Manchester United,Scotland,1,3,3,0,,"{""tier"": 1, ""score"": 3, ""matched"": ""Manchester United"", ""raw"": ""Manchester United""}","club_prestige_tier, market_size_proxy, signature_moment_flag are agent-inferred proxies per Requirements A.4, not sourced from post-hoc narrative articles (to avoid leakage per Key Focus Area §3)","heuristic based on trophy winners (UCL, World Cup, Euros, Copa) + club prestige tier list operationalized from UEFA coefficient / revenue"
1965,1965,Karl-Heinz Schnellinger,Roma Milan,West Germany,1,3,3,0,,"{""tier"": 1, ""score"": 3, ""matched"": ""Milan"", ""raw"": ""Roma Milan""}","club_prestige_tier, market_size_proxy, signature_moment_flag are agent-inferred proxies per Requirements A.4, not sourced from post-hoc narrative articles (to avoid leakage per Key Focus Area §3)","heuristic based on trophy winners (UCL, World Cup, Euros, Copa) + club prestige tier list operationalized from UEFA coefficient / revenue"
1965,1965,Jim Baxter,Rangers Sunderland,Scotland,3,1,1,0,,"{""tier"": 3, ""score"": 1, ""matched"": ""other"", ""raw"": ""Rangers Sunderland""}","club_prestige_tier, market_size_proxy, signature_moment_flag are agent-inferred proxies per Requirements A.4, not sourced from post-hoc narrative articles (to avoid leakage per Key Focus Area §3)","heuristic based on trophy winners (UCL, World Cup, Euros, Copa) + club prestige tier list operationalized from UEFA coefficient / revenue"
1965,1965,Ferenc Puskás,Real Madrid,Spain,1,3,3,1,UCL winner 1965 club Real Madrid matches player's club Real Madrid,"{""tier"": 1, ""score"": 3, ""matched"": ""Real Madrid"", ""raw"": ""Real Madrid""}","club_prestige_tier, market_size_proxy, signature_moment_flag are agent-inferred proxies per Requirements A.4, not sourced from post-hoc narrative articles (to avoid leakage per Key Focus Area §3)","heuristic based on trophy winners (UCL, World Cup, Euros, Copa) + club prestige tier list operationalized from UEFA coefficient / revenue"
1965,1965,Mario Corso,Internazionale,Italy,1,3,3,0,,"{""tier"": 1, ""score"": 3, ""matched"": ""Internazionale"", ""raw"": ""Internazionale""}","club_prestige_tier, market_size_proxy, signature_moment_flag are agent-inferred proxies per Requirements A.4, not sourced from post-hoc narrative articles (to avoid leakage per Key Focus Area §3)","heuristic based on trophy winners (UCL, World Cup, Euros, Copa) + club prestige tier list operationalized from UEFA coefficient / revenue"
1965,1965,Lev Yashin,Dynamo Moscow,Soviet Union,3,1,1,0,,"{""tier"": 3, ""score"": 1, ""matched"": ""other"", ""raw"": ""Dynamo Moscow""}","club_prestige_tier, market_size_proxy, signature_moment_flag are agent-inferred proxies per Requirements A.4, not sourced from post-hoc narrative articles (to avoid leakage per Key Focus Area §3)","heuristic based on trophy winners (UCL, World Cup, Euros, Copa) + club prestige tier list operationalized from UEFA coefficient / revenue"
1965,1965,Amancio,Real Madrid,Spain,1,3,3,1,UCL winner 1965 club Real Madrid matches player's club Real Madrid,"{""tier"": 1, ""score"": 3, ""matched"": ""Real Madrid"", ""raw"": ""Real Madrid""}","club_prestige_tier, market_size_proxy, signature_moment_flag are agent-inferred proxies per Requirements A.4, not sourced from post-hoc narrative articles (to avoid leakage per Key Focus Area §3)","heuristic based on trophy winners (UCL, World Cup, Euros, Copa) + club prestige tier list operationalized from UEFA coefficient / revenue"
1965,1965,Franz Beckenbauer,Bayern Munich,West Germany,1,3,3,0,,"{""tier"": 1, ""score"": 3, ""matched"": ""Bayern Munich"", ""raw"": ""Bayern Munich""}","club_prestige_tier, market_size_proxy, signature_moment_flag are agent-inferred proxies per Requirements A.4, not sourced from post-hoc narrative articles (to avoid leakage per Key Focus Area §3)","heuristic based on trophy winners (UCL, World Cup, Euros, Copa) + club prestige tier list operationalized from UEFA coefficient / revenue"
1965,1965,Ferenc Bene,Újpest,Hungary,3,1,1,0,,"{""tier"": 3, ""score"": 1, ""matched"": ""other"", ""raw"": ""\u00dajpest""}","club_prestige_tier, market_size_proxy, signature_moment_flag are agent-inferred proxies per Requirements A.4, not sourced from post-hoc narrative articles (to avoid leakage per Key Focus Area §3)","heuristic based on trophy winners (UCL, World Cup, Euros, Copa) + club prestige tier list operationalized from UEFA coefficient / revenue"
1965,1965,Mário Coluna,Benfica,Portugal,2,2,2,0,,"{""tier"": 2, ""score"": 2, ""matched"": ""Benfica"", ""raw"": ""Benfica""}","club_prestige_tier, market_size_proxy, signature_moment_flag are agent-inferred proxies per Requirements A.4, not sourced from post-hoc narrative articles (to avoid leakage per Key Focus Area §3)","heuristic based on trophy winners (UCL, World Cup, Euros, Copa) + club prestige tier list operationalized from UEFA coefficient / revenue"
1965,1965,Milan Galić,Partizan,Yugoslavia,3,1,1,0,,"{""tier"": 3, ""score"": 1, ""matched"": ""other"", ""raw"": ""Partizan""}","club_prestige_tier, market_size_proxy, signature_moment_flag are agent-inferred proxies per Requirements A.4, not sourced from post-hoc narrative articles (to avoid leakage per Key Focus Area §3)","heuristic based on trophy winners (UCL, World Cup, Euros, Copa) + club prestige tier list operationalized from UEFA coefficient / revenue"
1965,1965,Philippe Gondet,Nantes,France,3,1,1,0,,"{""tier"": 3, ""score"": 1, ""matched"": ""other"", ""raw"": ""Nantes""}","club_prestige_tier, market_size_proxy, signature_moment_flag are agent-inferred proxies per Requirements A.4, not sourced from post-hoc narrative articles (to avoid leakage per Key Focus Area §3)","heuristic based on trophy winners (UCL, World Cup, Euros, Copa) + club prestige tier list operationalized from UEFA coefficient / revenue"
1965,1965,Andrej Kvašňák,Sparta Prague,Czechoslovakia,3,1,1,0,,"{""tier"": 3, ""score"": 1, ""matched"": ""other"", ""raw"": ""Sparta Prague""}","club_prestige_tier, market_size_proxy, signature_moment_flag are agent-inferred proxies per Requirements A.4, not sourced from post-hoc narrative articles (to avoid leakage per Key Focus Area §3)","heuristic based on trophy winners (UCL, World Cup, Euros, Copa) + club prestige tier list operationalized from UEFA coefficient / revenue"
1965,1965,Slava Metreveli,Dinamo Tbilisi,Soviet Union,3,1,1,0,,"{""tier"": 3, ""score"": 1, ""matched"": ""other"", ""raw"": ""Dinamo Tbilisi""}","club_prestige_tier, market_size_proxy, signature_moment_flag are agent-inferred proxies per Requirements A.4, not sourced from post-hoc narrative articles (to avoid leakage per Key Focus Area §3)","heuristic based on trophy winners (UCL, World Cup, Euros, Copa) + club prestige tier list operationalized from UEFA coefficient / revenue"
1965,1965,Ivor Allchurch,Cardiff City Swansea Town,Wales,3,1,1,0,,"{""tier"": 3, ""score"": 1, ""matched"": ""other"", ""raw"": ""Cardiff City Swansea Town""}","club_prestige_tier, market_size_proxy, signature_moment_flag are agent-inferred proxies per Requirements A.4, not sourced from post-hoc narrative articles (to avoid leakage per Key Focus Area §3)","heuristic based on trophy winners (UCL, World Cup, Euros, Copa) + club prestige tier list operationalized from UEFA coefficient / revenue"
1965,1965,Sigfried Held,Kickers Offenbach Borussia Dortmund,West Germany,2,2,2,0,,"{""tier"": 2, ""score"": 2, ""matched"": ""Dortmund"", ""raw"": ""Kickers Offenbach Borussia Dortmund""}","club_prestige_tier, market_size_proxy, signature_moment_flag are agent-inferred proxies per Requirements A.4, not sourced from post-hoc narrative articles (to avoid leakage per Key Focus Area §3)","heuristic based on trophy winners (UCL, World Cup, Euros, Copa) + club prestige tier list operationalized from UEFA coefficient / revenue"
1965,1965,Köbi Kuhn,Zürich,Switzerland,3,1,1,0,,"{""tier"": 3, ""score"": 1, ""matched"": ""other"", ""raw"": ""Z\u00fcrich""}","club_prestige_tier, market_size_proxy, signature_moment_flag are agent-inferred proxies per Requirements A.4, not sourced from post-hoc narrative articles (to avoid leakage per Key Focus Area §3)","heuristic based on trophy winners (UCL, World Cup, Euros, Copa) + club prestige tier list operationalized from UEFA coefficient / revenue"
1966,1966,Bobby Charlton,Manchester United,England,1,3,3,1,WorldCup winner 1966 country England matches player's nation England,"{""tier"": 1, ""score"": 3, ""matched"": ""Manchester United"", ""raw"": ""Manchester United""}","club_prestige_tier, market_size_proxy, signature_moment_flag are agent-inferred proxies per Requirements A.4, not sourced from post-hoc narrative articles (to avoid leakage per Key Focus Area §3)","heuristic based on trophy winners (UCL, World Cup, Euros, Copa) + club prestige tier list operationalized from UEFA coefficient / revenue"
1966,1966,Eusébio,Benfica,Portugal,2,2,2,0,,"{""tier"": 2, ""score"": 2, ""matched"": ""Benfica"", ""raw"": ""Benfica""}","club_prestige_tier, market_size_proxy, signature_moment_flag are agent-inferred proxies per Requirements A.4, not sourced from post-hoc narrative articles (to avoid leakage per Key Focus Area §3)","heuristic based on trophy winners (UCL, World Cup, Euros, Copa) + club prestige tier list operationalized from UEFA coefficient / revenue"
1966,1966,Franz Beckenbauer,Bayern Munich,West Germany,1,3,3,0,,"{""tier"": 1, ""score"": 3, ""matched"": ""Bayern Munich"", ""raw"": ""Bayern Munich""}","club_prestige_tier, market_size_proxy, signature_moment_flag are agent-inferred proxies per Requirements A.4, not sourced from post-hoc narrative articles (to avoid leakage per Key Focus Area §3)","heuristic based on trophy winners (UCL, World Cup, Euros, Copa) + club prestige tier list operationalized from UEFA coefficient / revenue"
1966,1966,Bobby Moore,West Ham United,England,2,2,2,1,WorldCup winner 1966 country England matches player's nation England,"{""tier"": 2, ""score"": 2, ""matched"": ""West Ham"", ""raw"": ""West Ham United""}","club_prestige_tier, market_size_proxy, signature_moment_flag are agent-inferred proxies per Requirements A.4, not sourced from post-hoc narrative articles (to avoid leakage per Key Focus Area §3)","heuristic based on trophy winners (UCL, World Cup, Euros, Copa) + club prestige tier list operationalized from UEFA coefficient / revenue"
1966,1966,Flórián Albert,Ferencváros,Hungary,2,2,2,0,,"{""tier"": 2, ""score"": 2, ""matched"": ""Ferencv\u00e1ros"", ""raw"": ""Ferencv\u00e1ros""}","club_prestige_tier, market_size_proxy, signature_moment_flag are agent-inferred proxies per Requirements A.4, not sourced from post-hoc narrative articles (to avoid leakage per Key Focus Area §3)","heuristic based on trophy winners (UCL, World Cup, Euros, Copa) + club prestige tier list operationalized from UEFA coefficient / revenue"
1966,1966,Ferenc Bene,Újpest,Hungary,3,1,1,0,,"{""tier"": 3, ""score"": 1, ""matched"": ""other"", ""raw"": ""\u00dajpest""}","club_prestige_tier, market_size_proxy, signature_moment_flag are agent-inferred proxies per Requirements A.4, not sourced from post-hoc narrative articles (to avoid leakage per Key Focus Area §3)","heuristic based on trophy winners (UCL, World Cup, Euros, Copa) + club prestige tier list operationalized from UEFA coefficient / revenue"
1966,1966,Lev Yashin,Dynamo Moscow,Soviet Union,3,1,1,0,,"{""tier"": 3, ""score"": 1, ""matched"": ""other"", ""raw"": ""Dynamo Moscow""}","club_prestige_tier, market_size_proxy, signature_moment_flag are agent-inferred proxies per Requirements A.4, not sourced from post-hoc narrative articles (to avoid leakage per Key Focus Area §3)","heuristic based on trophy winners (UCL, World Cup, Euros, Copa) + club prestige tier list operationalized from UEFA coefficient / revenue"
1966,1966,Alan Ball,Blackpool Everton,England,2,2,2,1,WorldCup winner 1966 country England matches player's nation England,"{""tier"": 2, ""score"": 2, ""matched"": ""Everton"", ""raw"": ""Blackpool Everton""}","club_prestige_tier, market_size_proxy, signature_moment_flag are agent-inferred proxies per Requirements A.4, not sourced from post-hoc narrative articles (to avoid leakage per Key Focus Area §3)","heuristic based on trophy winners (UCL, World Cup, Euros, Copa) + club prestige tier list operationalized from UEFA coefficient / revenue"
1966,1966,János Farkas,Vasas,Hungary,3,1,1,0,,"{""tier"": 3, ""score"": 1, ""matched"": ""other"", ""raw"": ""Vasas""}","club_prestige_tier, market_size_proxy, signature_moment_flag are agent-inferred proxies per Requirements A.4, not sourced from post-hoc narrative articles (to avoid leakage per Key Focus Area §3)","heuristic based on trophy winners (UCL, World Cup, Euros, Copa) + club prestige tier list operationalized from UEFA coefficient / revenue"
1966,1966,José Torres,Benfica,Portugal,2,2,2,0,,"{""tier"": 2, ""score"": 2, ""matched"": ""Benfica"", ""raw"": ""Benfica""}","club_prestige_tier, market_size_proxy, signature_moment_flag are agent-inferred proxies per Requirements A.4, not sourced from post-hoc narrative articles (to avoid leakage per Key Focus Area §3)","heuristic based on trophy winners (UCL, World Cup, Euros, Copa) + club prestige tier list operationalized from UEFA coefficient / revenue"
1966,1966,Mario Corso,Internazionale,Italy,1,3,3,0,,"{""tier"": 1, ""score"": 3, ""matched"": ""Internazionale"", ""raw"": ""Internazionale""}","club_prestige_tier, market_size_proxy, signature_moment_flag are agent-inferred proxies per Requirements A.4, not sourced from post-hoc narrative articles (to avoid leakage per Key Focus Area §3)","heuristic based on trophy winners (UCL, World Cup, Euros, Copa) + club prestige tier list operationalized from UEFA coefficient / revenue"
1966,1966,Valery Voronin,Torpedo Moscow,Soviet Union,3,1,1,0,,"{""tier"": 3, ""score"": 1, ""matched"": ""other"", ""raw"": ""Torpedo Moscow""}","club_prestige_tier, market_size_proxy, signature_moment_flag are agent-inferred proxies per Requirements A.4, not sourced from post-hoc narrative articles (to avoid leakage per Key Focus Area §3)","heuristic based on trophy winners (UCL, World Cup, Euros, Copa) + club prestige tier list operationalized from UEFA coefficient / revenue"
1966,1966,Mário Coluna,Benfica,Portugal,2,2,2,0,,"{""tier"": 2, ""score"": 2, ""matched"": ""Benfica"", ""raw"": ""Benfica""}","club_prestige_tier, market_size_proxy, signature_moment_flag are agent-inferred proxies per Requirements A.4, not sourced from post-hoc narrative articles (to avoid leakage per Key Focus Area §3)","heuristic based on trophy winners (UCL, World Cup, Euros, Copa) + club prestige tier list operationalized from UEFA coefficient / revenue"
1966,1966,Georgi Asparuhov,Levski Sofia,Bulgaria,3,1,1,0,,"{""tier"": 3, ""score"": 1, ""matched"": ""other"", ""raw"": ""Levski Sofia""}","club_prestige_tier, market_size_proxy, signature_moment_flag are agent-inferred proxies per Requirements A.4, not sourced from post-hoc narrative articles (to avoid leakage per Key Focus Area §3)","heuristic based on trophy winners (UCL, World Cup, Euros, Copa) + club prestige tier list operationalized from UEFA coefficient / revenue"
1966,1966,Gordon Banks,Leicester City,England,2,2,2,1,WorldCup winner 1966 country England matches player's nation England,"{""tier"": 2, ""score"": 2, ""matched"": ""Leicester"", ""raw"": ""Leicester City""}","club_prestige_tier, market_size_proxy, signature_moment_flag are agent-inferred proxies per Requirements A.4, not sourced from post-hoc narrative articles (to avoid leakage per Key Focus Area §3)","heuristic based on trophy winners (UCL, World Cup, Euros, Copa) + club prestige tier list operationalized from UEFA coefficient / revenue"
1966,1966,Geoff Hurst,West Ham United,England,2,2,2,1,WorldCup winner 1966 country England matches player's nation England,"{""tier"": 2, ""score"": 2, ""matched"": ""West Ham"", ""raw"": ""West Ham United""}","club_prestige_tier, market_size_proxy, signature_moment_flag are agent-inferred proxies per Requirements A.4, not sourced from post-hoc narrative articles (to avoid leakage per Key Focus Area §3)","heuristic based on trophy winners (UCL, World Cup, Euros, Copa) + club prestige tier list operationalized from UEFA coefficient / revenue"
1966,1966,Sandro Mazzola,Internazionale,Italy,1,3,3,0,,"{""tier"": 1, ""score"": 3, ""matched"": ""Internazionale"", ""raw"": ""Internazionale""}","club_prestige_tier, market_size_proxy, signature_moment_flag are agent-inferred proxies per Requirements A.4, not sourced from post-hoc narrative articles (to avoid leakage per Key Focus Area §3)","heuristic based on trophy winners (UCL, World Cup, Euros, Copa) + club prestige tier list operationalized from UEFA coefficient / revenue"
1966,1966,Igor Chislenko,Dynamo Moscow,Soviet Union,3,1,1,0,,"{""tier"": 3, ""score"": 1, ""matched"": ""other"", ""raw"": ""Dynamo Moscow""}","club_prestige_tier, market_size_proxy, signature_moment_flag are agent-inferred proxies per Requirements A.4, not sourced from post-hoc narrative articles (to avoid leakage per Key Focus Area §3)","heuristic based on trophy winners (UCL, World Cup, Euros, Copa) + club prestige tier list operationalized from UEFA coefficient / revenue"
1966,1966,Tony Dunne,Manchester United,Republic of Ireland,1,3,3,0,,"{""tier"": 1, ""score"": 3, ""matched"": ""Manchester United"", ""raw"": ""Manchester United""}","club_prestige_tier, market_size_proxy, signature_moment_flag are agent-inferred proxies per Requirements A.4, not sourced from post-hoc narrative articles (to avoid leakage per Key Focus Area §3)","heuristic based on trophy winners (UCL, World Cup, Euros, Copa) + club prestige tier list operationalized from UEFA coefficient / revenue"
1966,1966,Helmut Haller,Bologna,West Germany,3,1,1,0,,"{""tier"": 3, ""score"": 1, ""matched"": ""other"", ""raw"": ""Bologna""}","club_prestige_tier, market_size_proxy, signature_moment_flag are agent-inferred proxies per Requirements A.4, not sourced from post-hoc narrative articles (to avoid leakage per Key Focus Area §3)","heuristic based on trophy winners (UCL, World Cup, Euros, Copa) + club prestige tier list operationalized from UEFA coefficient / revenue"
1966,1966,Denis Law,Manchester United,Scotland,1,3,3,0,,"{""tier"": 1, ""score"": 3, ""matched"": ""Manchester United"", ""raw"": ""Manchester United""}","club_prestige_tier, market_size_proxy, signature_moment_flag are agent-inferred proxies per Requirements A.4, not sourced from post-hoc narrative articles (to avoid leakage per Key Focus Area §3)","heuristic based on trophy winners (UCL, World Cup, Euros, Copa) + club prestige tier list operationalized from UEFA coefficient / revenue"
1966,1966,Willi Schulz,Hamburger SV,West Germany,2,2,2,0,,"{""tier"": 2, ""score"": 2, ""matched"": ""Hamburger SV"", ""raw"": ""Hamburger SV""}","club_prestige_tier, market_size_proxy, signature_moment_flag are agent-inferred proxies per Requirements A.4, not sourced from post-hoc narrative articles (to avoid leakage per Key Focus Area §3)","heuristic based on trophy winners (UCL, World Cup, Euros, Copa) + club prestige tier list operationalized from UEFA coefficient / revenue"
1966,1966,Paul Van Himst,Anderlecht,Belgium,3,1,1,0,,"{""tier"": 3, ""score"": 1, ""matched"": ""other"", ""raw"": ""Anderlecht""}","club_prestige_tier, market_size_proxy, signature_moment_flag are agent-inferred proxies per Requirements A.4, not sourced from post-hoc narrative articles (to avoid leakage per Key Focus Area §3)","heuristic based on trophy winners (UCL, World Cup, Euros, Copa) + club prestige tier list operationalized from UEFA coefficient / revenue"
1967,1967,Flórián Albert,Ferencváros,Hungary,2,2,2,0,,"{""tier"": 2, ""score"": 2, ""matched"": ""Ferencv\u00e1ros"", ""raw"": ""Ferencv\u00e1ros""}","club_prestige_tier, market_size_proxy, signature_moment_flag are agent-inferred proxies per Requirements A.4, not sourced from post-hoc narrative articles (to avoid leakage per Key Focus Area §3)","heuristic based on trophy winners (UCL, World Cup, Euros, Copa) + club prestige tier list operationalized from UEFA coefficient / revenue"
1967,1967,Bobby Charlton,Manchester United,England,1,3,3,1,UCL winner 1967 club Manchester United matches player's club Manchester United,"{""tier"": 1, ""score"": 3, ""matched"": ""Manchester United"", ""raw"": ""Manchester United""}","club_prestige_tier, market_size_proxy, signature_moment_flag are agent-inferred proxies per Requirements A.4, not sourced from post-hoc narrative articles (to avoid leakage per Key Focus Area §3)","heuristic based on trophy winners (UCL, World Cup, Euros, Copa) + club prestige tier list operationalized from UEFA coefficient / revenue"
1967,1967,Jimmy Johnstone,Celtic,Scotland,3,1,1,0,,"{""tier"": 3, ""score"": 1, ""matched"": ""other"", ""raw"": ""Celtic""}","club_prestige_tier, market_size_proxy, signature_moment_flag are agent-inferred proxies per Requirements A.4, not sourced from post-hoc narrative articles (to avoid leakage per Key Focus Area §3)","heuristic based on trophy winners (UCL, World Cup, Euros, Copa) + club prestige tier list operationalized from UEFA coefficient / revenue"
1967,1967,Franz Beckenbauer,Bayern Munich,West Germany,1,3,3,0,,"{""tier"": 1, ""score"": 3, ""matched"": ""Bayern Munich"", ""raw"": ""Bayern Munich""}","club_prestige_tier, market_size_proxy, signature_moment_flag are agent-inferred proxies per Requirements A.4, not sourced from post-hoc narrative articles (to avoid leakage per Key Focus Area §3)","heuristic based on trophy winners (UCL, World Cup, Euros, Copa) + club prestige tier list operationalized from UEFA coefficient / revenue"
1967,1967,Eusébio,Benfica,Portugal,2,2,2,0,,"{""tier"": 2, ""score"": 2, ""matched"": ""Benfica"", ""raw"": ""Benfica""}","club_prestige_tier, market_size_proxy, signature_moment_flag are agent-inferred proxies per Requirements A.4, not sourced from post-hoc narrative articles (to avoid leakage per Key Focus Area §3)","heuristic based on trophy winners (UCL, World Cup, Euros, Copa) + club prestige tier list operationalized from UEFA coefficient / revenue"
1967,1967,Tommy Gemmell,Celtic,Scotland,3,1,1,0,,"{""tier"": 3, ""score"": 1, ""matched"": ""other"", ""raw"": ""Celtic""}","club_prestige_tier, market_size_proxy, signature_moment_flag are agent-inferred proxies per Requirements A.4, not sourced from post-hoc narrative articles (to avoid leakage per Key Focus Area §3)","heuristic based on trophy winners (UCL, World Cup, Euros, Copa) + club prestige tier list operationalized from UEFA coefficient / revenue"
1967,1967,Gerd Müller,Bayern Munich,West Germany,1,3,3,0,,"{""tier"": 1, ""score"": 3, ""matched"": ""Bayern Munich"", ""raw"": ""Bayern Munich""}","club_prestige_tier, market_size_proxy, signature_moment_flag are agent-inferred proxies per Requirements A.4, not sourced from post-hoc narrative articles (to avoid leakage per Key Focus Area §3)","heuristic based on trophy winners (UCL, World Cup, Euros, Copa) + club prestige tier list operationalized from UEFA coefficient / revenue"
1967,1967,George Best,Manchester United,Northern Ireland,1,3,3,1,UCL winner 1967 club Manchester United matches player's club Manchester United,"{""tier"": 1, ""score"": 3, ""matched"": ""Manchester United"", ""raw"": ""Manchester United""}","club_prestige_tier, market_size_proxy, signature_moment_flag are agent-inferred proxies per Requirements A.4, not sourced from post-hoc narrative articles (to avoid leakage per Key Focus Area §3)","heuristic based on trophy winners (UCL, World Cup, Euros, Copa) + club prestige tier list operationalized from UEFA coefficient / revenue"
1967,1967,Igor Chislenko,Dynamo Moscow,Soviet Union,3,1,1,0,,"{""tier"": 3, ""score"": 1, ""matched"": ""other"", ""raw"": ""Dynamo Moscow""}","club_prestige_tier, market_size_proxy, signature_moment_flag are agent-inferred proxies per Requirements A.4, not sourced from post-hoc narrative articles (to avoid leakage per Key Focus Area §3)","heuristic based on trophy winners (UCL, World Cup, Euros, Copa) + club prestige tier list operationalized from UEFA coefficient / revenue"
1967,1967,János Farkas,Vasas,Hungary,3,1,1,0,,"{""tier"": 3, ""score"": 1, ""matched"": ""other"", ""raw"": ""Vasas""}","club_prestige_tier, market_size_proxy, signature_moment_flag are agent-inferred proxies per Requirements A.4, not sourced from post-hoc narrative articles (to avoid leakage per Key Focus Area §3)","heuristic based on trophy winners (UCL, World Cup, Euros, Copa) + club prestige tier list operationalized from UEFA coefficient / revenue"
1967,1967,Sandro Mazzola,Internazionale,Italy,1,3,3,0,,"{""tier"": 1, ""score"": 3, ""matched"": ""Internazionale"", ""raw"": ""Internazionale""}","club_prestige_tier, market_size_proxy, signature_moment_flag are agent-inferred proxies per Requirements A.4, not sourced from post-hoc narrative articles (to avoid leakage per Key Focus Area §3)","heuristic based on trophy winners (UCL, World Cup, Euros, Copa) + club prestige tier list operationalized from UEFA coefficient / revenue"
1967,1967,Pirri,Real Madrid,Spain,1,3,3,0,,"{""tier"": 1, ""score"": 3, ""matched"": ""Real Madrid"", ""raw"": ""Real Madrid""}","club_prestige_tier, market_size_proxy, signature_moment_flag are agent-inferred proxies per Requirements A.4, not sourced from post-hoc narrative articles (to avoid leakage per Key Focus Area §3)","heuristic based on trophy winners (UCL, World Cup, Euros, Copa) + club prestige tier list operationalized from UEFA coefficient / revenue"
1967,1967,Gigi Riva,Cagliari,Italy,3,1,1,0,,"{""tier"": 3, ""score"": 1, ""matched"": ""other"", ""raw"": ""Cagliari""}","club_prestige_tier, market_size_proxy, signature_moment_flag are agent-inferred proxies per Requirements A.4, not sourced from post-hoc narrative articles (to avoid leakage per Key Focus Area §3)","heuristic based on trophy winners (UCL, World Cup, Euros, Copa) + club prestige tier list operationalized from UEFA coefficient / revenue"
1967,1967,Eduard Streltsov,Torpedo Moscow,Soviet Union,3,1,1,0,,"{""tier"": 3, ""score"": 1, ""matched"": ""other"", ""raw"": ""Torpedo Moscow""}","club_prestige_tier, market_size_proxy, signature_moment_flag are agent-inferred proxies per Requirements A.4, not sourced from post-hoc narrative articles (to avoid leakage per Key Focus Area §3)","heuristic based on trophy winners (UCL, World Cup, Euros, Copa) + club prestige tier list operationalized from UEFA coefficient / revenue"
1967,1967,Anatoliy Byshovets,Dynamo Kyiv,Soviet Union,2,2,2,0,,"{""tier"": 2, ""score"": 2, ""matched"": ""Dynamo Kyiv"", ""raw"": ""Dynamo Kyiv""}","club_prestige_tier, market_size_proxy, signature_moment_flag are agent-inferred proxies per Requirements A.4, not sourced from post-hoc narrative articles (to avoid leakage per Key Focus Area §3)","heuristic based on trophy winners (UCL, World Cup, Euros, Copa) + club prestige tier list operationalized from UEFA coefficient / revenue"
1967,1967,Alan Ball,Everton,England,2,2,2,0,,"{""tier"": 2, ""score"": 2, ""matched"": ""Everton"", ""raw"": ""Everton""}","club_prestige_tier, market_size_proxy, signature_moment_flag are agent-inferred proxies per Requirements A.4, not sourced from post-hoc narrative articles (to avoid leakage per Key Focus Area §3)","heuristic based on trophy winners (UCL, World Cup, Euros, Copa) + club prestige tier list operationalized from UEFA coefficient / revenue"
1967,1967,Helmut Haller,Bologna,West Germany,3,1,1,0,,"{""tier"": 3, ""score"": 1, ""matched"": ""other"", ""raw"": ""Bologna""}","club_prestige_tier, market_size_proxy, signature_moment_flag are agent-inferred proxies per Requirements A.4, not sourced from post-hoc narrative articles (to avoid leakage per Key Focus Area §3)","heuristic based on trophy winners (UCL, World Cup, Euros, Copa) + club prestige tier list operationalized from UEFA coefficient / revenue"
1967,1967,Włodzimierz Lubański,Górnik Zabrze,Poland,3,1,1,0,,"{""tier"": 3, ""score"": 1, ""matched"": ""other"", ""raw"": ""G\u00f3rnik Zabrze""}","club_prestige_tier, market_size_proxy, signature_moment_flag are agent-inferred proxies per Requirements A.4, not sourced from post-hoc narrative articles (to avoid leakage per Key Focus Area §3)","heuristic based on trophy winners (UCL, World Cup, Euros, Copa) + club prestige tier list operationalized from UEFA coefficient / revenue"
1967,1967,Gianni Rivera,Milan,Italy,1,3,3,0,,"{""tier"": 1, ""score"": 3, ""matched"": ""Milan"", ""raw"": ""Milan""}","club_prestige_tier, market_size_proxy, signature_moment_flag are agent-inferred proxies per Requirements A.4, not sourced from post-hoc narrative articles (to avoid leakage per Key Focus Area §3)","heuristic based on trophy winners (UCL, World Cup, Euros, Copa) + club prestige tier list operationalized from UEFA coefficient / revenue"
1967,1967,Zvezdan Čebinac,PSV Eindhoven 1. FC Nürnberg,Yugoslavia,3,1,1,0,,"{""tier"": 3, ""score"": 1, ""matched"": ""other"", ""raw"": ""PSV Eindhoven 1. FC N\u00fcrnberg""}","club_prestige_tier, market_size_proxy, signature_moment_flag are agent-inferred proxies per Requirements A.4, not sourced from post-hoc narrative articles (to avoid leakage per Key Focus Area §3)","heuristic based on trophy winners (UCL, World Cup, Euros, Copa) + club prestige tier list operationalized from UEFA coefficient / revenue"
1967,1967,Giacinto Facchetti,Internazionale,Italy,1,3,3,0,,"{""tier"": 1, ""score"": 3, ""matched"": ""Internazionale"", ""raw"": ""Internazionale""}","club_prestige_tier, market_size_proxy, signature_moment_flag are agent-inferred proxies per Requirements A.4, not sourced from post-hoc narrative articles (to avoid leakage per Key Focus Area §3)","heuristic based on trophy winners (UCL, World Cup, Euros, Copa) + club prestige tier list operationalized from UEFA coefficient / revenue"
1967,1967,Geoff Hurst,West Ham United,England,2,2,2,0,,"{""tier"": 2, ""score"": 2, ""matched"": ""West Ham"", ""raw"": ""West Ham United""}","club_prestige_tier, market_size_proxy, signature_moment_flag are agent-inferred proxies per Requirements A.4, not sourced from post-hoc narrative articles (to avoid leakage per Key Focus Area §3)","heuristic based on trophy winners (UCL, World Cup, Euros, Copa) + club prestige tier list operationalized from UEFA coefficient / revenue"
1967,1967,Wolfgang Overath,1. FC Köln,West Germany,3,1,1,0,,"{""tier"": 3, ""score"": 1, ""matched"": ""other"", ""raw"": ""1. FC K\u00f6ln""}","club_prestige_tier, market_size_proxy, signature_moment_flag are agent-inferred proxies per Requirements A.4, not sourced from post-hoc narrative articles (to avoid leakage per Key Focus Area §3)","heuristic based on trophy winners (UCL, World Cup, Euros, Copa) + club prestige tier list operationalized from UEFA coefficient / revenue"
1967,1967,Paul Van Himst,Anderlecht,Belgium,3,1,1,0,,"{""tier"": 3, ""score"": 1, ""matched"": ""other"", ""raw"": ""Anderlecht""}","club_prestige_tier, market_size_proxy, signature_moment_flag are agent-inferred proxies per Requirements A.4, not sourced from post-hoc narrative articles (to avoid leakage per Key Focus Area §3)","heuristic based on trophy winners (UCL, World Cup, Euros, Copa) + club prestige tier list operationalized from UEFA coefficient / revenue"
1967,1967,Nikola Kotkov,Lokomotiv Sofia,Bulgaria,3,1,1,0,,"{""tier"": 3, ""score"": 1, ""matched"": ""other"", ""raw"": ""Lokomotiv Sofia""}","club_prestige_tier, market_size_proxy, signature_moment_flag are agent-inferred proxies per Requirements A.4, not sourced from post-hoc narrative articles (to avoid leakage per Key Focus Area §3)","heuristic based on trophy winners (UCL, World Cup, Euros, Copa) + club prestige tier list operationalized from UEFA coefficient / revenue"
1967,1967,Valery Voronin,Torpedo Moscow,Soviet Union,3,1,1,0,,"{""tier"": 3, ""score"": 1, ""matched"": ""other"", ""raw"": ""Torpedo Moscow""}","club_prestige_tier, market_size_proxy, signature_moment_flag are agent-inferred proxies per Requirements A.4, not sourced from post-hoc narrative articles (to avoid leakage per Key Focus Area §3)","heuristic based on trophy winners (UCL, World Cup, Euros, Copa) + club prestige tier list operationalized from UEFA coefficient / revenue"
1967,1967,José Augusto,Benfica,Portugal,2,2,2,0,,"{""tier"": 2, ""score"": 2, ""matched"": ""Benfica"", ""raw"": ""Benfica""}","club_prestige_tier, market_size_proxy, signature_moment_flag are agent-inferred proxies per Requirements A.4, not sourced from post-hoc narrative articles (to avoid leakage per Key Focus Area §3)","heuristic based on trophy winners (UCL, World Cup, Euros, Copa) + club prestige tier list operationalized from UEFA coefficient / revenue"
1967,1967,Johnny Bjerregaard,Rapid Wien,Denmark,3,1,1,0,,"{""tier"": 3, ""score"": 1, ""matched"": ""other"", ""raw"": ""Rapid Wien""}","club_prestige_tier, market_size_proxy, signature_moment_flag are agent-inferred proxies per Requirements A.4, not sourced from post-hoc narrative articles (to avoid leakage per Key Focus Area §3)","heuristic based on trophy winners (UCL, World Cup, Euros, Copa) + club prestige tier list operationalized from UEFA coefficient / revenue"
1967,1967,Néstor Combin,Torino,France,3,1,1,0,,"{""tier"": 3, ""score"": 1, ""matched"": ""other"", ""raw"": ""Torino""}","club_prestige_tier, market_size_proxy, signature_moment_flag are agent-inferred proxies per Requirements A.4, not sourced from post-hoc narrative articles (to avoid leakage per Key Focus Area §3)","heuristic based on trophy winners (UCL, World Cup, Euros, Copa) + club prestige tier list operationalized from UEFA coefficient / revenue"
1967,1967,Johan Cruyff,Ajax,Netherlands,2,2,2,0,,"{""tier"": 2, ""score"": 2, ""matched"": ""Ajax"", ""raw"": ""Ajax""}","club_prestige_tier, market_size_proxy, signature_moment_flag are agent-inferred proxies per Requirements A.4, not sourced from post-hoc narrative articles (to avoid leakage per Key Focus Area §3)","heuristic based on trophy winners (UCL, World Cup, Euros, Copa) + club prestige tier list operationalized from UEFA coefficient / revenue"
1967,1967,Pedro de Felipe,Real Madrid,Spain,1,3,3,0,,"{""tier"": 1, ""score"": 3, ""matched"": ""Real Madrid"", ""raw"": ""Real Madrid""}","club_prestige_tier, market_size_proxy, signature_moment_flag are agent-inferred proxies per Requirements A.4, not sourced from post-hoc narrative articles (to avoid leakage per Key Focus Area §3)","heuristic based on trophy winners (UCL, World Cup, Euros, Copa) + club prestige tier list operationalized from UEFA coefficient / revenue"
1967,1967,Louis Pilot,Standard Liège,Luxembourg,3,1,1,0,,"{""tier"": 3, ""score"": 1, ""matched"": ""other"", ""raw"": ""Standard Li\u00e8ge""}","club_prestige_tier, market_size_proxy, signature_moment_flag are agent-inferred proxies per Requirements A.4, not sourced from post-hoc narrative articles (to avoid leakage per Key Focus Area §3)","heuristic based on trophy winners (UCL, World Cup, Euros, Copa) + club prestige tier list operationalized from UEFA coefficient / revenue"
1967,1967,Ove Kindvall,Feyenoord,Sweden,3,1,1,0,,"{""tier"": 3, ""score"": 1, ""matched"": ""other"", ""raw"": ""Feyenoord""}","club_prestige_tier, market_size_proxy, signature_moment_flag are agent-inferred proxies per Requirements A.4, not sourced from post-hoc narrative articles (to avoid leakage per Key Focus Area §3)","heuristic based on trophy winners (UCL, World Cup, Euros, Copa) + club prestige tier list operationalized from UEFA coefficient / revenue"
1967,1967,Zygfryd Szołtysik,Górnik Zabrze,Poland,3,1,1,0,,"{""tier"": 3, ""score"": 1, ""matched"": ""other"", ""raw"": ""G\u00f3rnik Zabrze""}","club_prestige_tier, market_size_proxy, signature_moment_flag are agent-inferred proxies per Requirements A.4, not sourced from post-hoc narrative articles (to avoid leakage per Key Focus Area §3)","heuristic based on trophy winners (UCL, World Cup, Euros, Copa) + club prestige tier list operationalized from UEFA coefficient / revenue"
1968,1968,George Best,Manchester United,Northern Ireland,1,3,3,0,,"{""tier"": 1, ""score"": 3, ""matched"": ""Manchester United"", ""raw"": ""Manchester United""}","club_prestige_tier, market_size_proxy, signature_moment_flag are agent-inferred proxies per Requirements A.4, not sourced from post-hoc narrative articles (to avoid leakage per Key Focus Area §3)","heuristic based on trophy winners (UCL, World Cup, Euros, Copa) + club prestige tier list operationalized from UEFA coefficient / revenue"
1968,1968,Bobby Charlton,Manchester United,England,1,3,3,0,,"{""tier"": 1, ""score"": 3, ""matched"": ""Manchester United"", ""raw"": ""Manchester United""}","club_prestige_tier, market_size_proxy, signature_moment_flag are agent-inferred proxies per Requirements A.4, not sourced from post-hoc narrative articles (to avoid leakage per Key Focus Area §3)","heuristic based on trophy winners (UCL, World Cup, Euros, Copa) + club prestige tier list operationalized from UEFA coefficient / revenue"
1968,1968,Dragan Džajić,Red Star Belgrade,Yugoslavia,3,1,1,0,,"{""tier"": 3, ""score"": 1, ""matched"": ""other"", ""raw"": ""Red Star Belgrade""}","club_prestige_tier, market_size_proxy, signature_moment_flag are agent-inferred proxies per Requirements A.4, not sourced from post-hoc narrative articles (to avoid leakage per Key Focus Area §3)","heuristic based on trophy winners (UCL, World Cup, Euros, Copa) + club prestige tier list operationalized from UEFA coefficient / revenue"
1968,1968,Franz Beckenbauer,Bayern Munich,West Germany,1,3,3,0,,"{""tier"": 1, ""score"": 3, ""matched"": ""Bayern Munich"", ""raw"": ""Bayern Munich""}","club_prestige_tier, market_size_proxy, signature_moment_flag are agent-inferred proxies per Requirements A.4, not sourced from post-hoc narrative articles (to avoid leakage per Key Focus Area §3)","heuristic based on trophy winners (UCL, World Cup, Euros, Copa) + club prestige tier list operationalized from UEFA coefficient / revenue"
1968,1968,Giacinto Facchetti,Internazionale,Italy,1,3,3,1,Euros winner 1968 country Italy matches player's nation Italy,"{""tier"": 1, ""score"": 3, ""matched"": ""Internazionale"", ""raw"": ""Internazionale""}","club_prestige_tier, market_size_proxy, signature_moment_flag are agent-inferred proxies per Requirements A.4, not sourced from post-hoc narrative articles (to avoid leakage per Key Focus Area §3)","heuristic based on trophy winners (UCL, World Cup, Euros, Copa) + club prestige tier list operationalized from UEFA coefficient / revenue"
1968,1968,Gigi Riva,Cagliari,Italy,3,1,1,1,Euros winner 1968 country Italy matches player's nation Italy,"{""tier"": 3, ""score"": 1, ""matched"": ""other"", ""raw"": ""Cagliari""}","club_prestige_tier, market_size_proxy, signature_moment_flag are agent-inferred proxies per Requirements A.4, not sourced from post-hoc narrative articles (to avoid leakage per Key Focus Area §3)","heuristic based on trophy winners (UCL, World Cup, Euros, Copa) + club prestige tier list operationalized from UEFA coefficient / revenue"
1968,1968,Amancio,Real Madrid,Spain,1,3,3,0,,"{""tier"": 1, ""score"": 3, ""matched"": ""Real Madrid"", ""raw"": ""Real Madrid""}","club_prestige_tier, market_size_proxy, signature_moment_flag are agent-inferred proxies per Requirements A.4, not sourced from post-hoc narrative articles (to avoid leakage per Key Focus Area §3)","heuristic based on trophy winners (UCL, World Cup, Euros, Copa) + club prestige tier list operationalized from UEFA coefficient / revenue"
1968,1968,Eusébio,Benfica,Portugal,2,2,2,0,,"{""tier"": 2, ""score"": 2, ""matched"": ""Benfica"", ""raw"": ""Benfica""}","club_prestige_tier, market_size_proxy, signature_moment_flag are agent-inferred proxies per Requirements A.4, not sourced from post-hoc narrative articles (to avoid leakage per Key Focus Area §3)","heuristic based on trophy winners (UCL, World Cup, Euros, Copa) + club prestige tier list operationalized from UEFA coefficient / revenue"
1968,1968,Gianni Rivera,Milan,Italy,1,3,3,1,UCL winner 1968 club Milan matches player's club Milan; Euros winner 1968 country Italy matches player's nation Italy,"{""tier"": 1, ""score"": 3, ""matched"": ""Milan"", ""raw"": ""Milan""}","club_prestige_tier, market_size_proxy, signature_moment_flag are agent-inferred proxies per Requirements A.4, not sourced from post-hoc narrative articles (to avoid leakage per Key Focus Area §3)","heuristic based on trophy winners (UCL, World Cup, Euros, Copa) + club prestige tier list operationalized from UEFA coefficient / revenue"
1968,1968,Jimmy Greaves,Tottenham Hotspur,England,2,2,2,0,,"{""tier"": 2, ""score"": 2, ""matched"": ""Tottenham Hotspur"", ""raw"": ""Tottenham Hotspur""}","club_prestige_tier, market_size_proxy, signature_moment_flag are agent-inferred proxies per Requirements A.4, not sourced from post-hoc narrative articles (to avoid leakage per Key Focus Area §3)","heuristic based on trophy winners (UCL, World Cup, Euros, Copa) + club prestige tier list operationalized from UEFA coefficient / revenue"
1968,1968,Pirri,Real Madrid,Spain,1,3,3,0,,"{""tier"": 1, ""score"": 3, ""matched"": ""Real Madrid"", ""raw"": ""Real Madrid""}","club_prestige_tier, market_size_proxy, signature_moment_flag are agent-inferred proxies per Requirements A.4, not sourced from post-hoc narrative articles (to avoid leakage per Key Focus Area §3)","heuristic based on trophy winners (UCL, World Cup, Euros, Copa) + club prestige tier list operationalized from UEFA coefficient / revenue"
1968,1968,Antal Dunai,Újpest,Hungary,3,1,1,0,,"{""tier"": 3, ""score"": 1, ""matched"": ""other"", ""raw"": ""\u00dajpest""}","club_prestige_tier, market_size_proxy, signature_moment_flag are agent-inferred proxies per Requirements A.4, not sourced from post-hoc narrative articles (to avoid leakage per Key Focus Area §3)","heuristic based on trophy winners (UCL, World Cup, Euros, Copa) + club prestige tier list operationalized from UEFA coefficient / revenue"
1968,1968,Willi Schulz,Hamburger SV,West Germany,2,2,2,0,,"{""tier"": 2, ""score"": 2, ""matched"": ""Hamburger SV"", ""raw"": ""Hamburger SV""}","club_prestige_tier, market_size_proxy, signature_moment_flag are agent-inferred proxies per Requirements A.4, not sourced from post-hoc narrative articles (to avoid leakage per Key Focus Area §3)","heuristic based on trophy winners (UCL, World Cup, Euros, Copa) + club prestige tier list operationalized from UEFA coefficient / revenue"
1968,1968,Georgi Asparuhov,Levski Sofia,Bulgaria,3,1,1,0,,"{""tier"": 3, ""score"": 1, ""matched"": ""other"", ""raw"": ""Levski Sofia""}","club_prestige_tier, market_size_proxy, signature_moment_flag are agent-inferred proxies per Requirements A.4, not sourced from post-hoc narrative articles (to avoid leakage per Key Focus Area §3)","heuristic based on trophy winners (UCL, World Cup, Euros, Copa) + club prestige tier list operationalized from UEFA coefficient / revenue"
1968,1968,Albert Shesternyov,CSKA Moscow,Soviet Union,3,1,1,0,,"{""tier"": 3, ""score"": 1, ""matched"": ""other"", ""raw"": ""CSKA Moscow""}","club_prestige_tier, market_size_proxy, signature_moment_flag are agent-inferred proxies per Requirements A.4, not sourced from post-hoc narrative articles (to avoid leakage per Key Focus Area §3)","heuristic based on trophy winners (UCL, World Cup, Euros, Copa) + club prestige tier list operationalized from UEFA coefficient / revenue"
1968,1968,Ove Kindvall,Feyenoord,Sweden,3,1,1,0,,"{""tier"": 3, ""score"": 1, ""matched"": ""other"", ""raw"": ""Feyenoord""}","club_prestige_tier, market_size_proxy, signature_moment_flag are agent-inferred proxies per Requirements A.4, not sourced from post-hoc narrative articles (to avoid leakage per Key Focus Area §3)","heuristic based on trophy winners (UCL, World Cup, Euros, Copa) + club prestige tier list operationalized from UEFA coefficient / revenue"
1968,1968,Flórián Albert,Ferencváros,Hungary,2,2,2,0,,"{""tier"": 2, ""score"": 2, ""matched"": ""Ferencv\u00e1ros"", ""raw"": ""Ferencv\u00e1ros""}","club_prestige_tier, market_size_proxy, signature_moment_flag are agent-inferred proxies per Requirements A.4, not sourced from post-hoc narrative articles (to avoid leakage per Key Focus Area §3)","heuristic based on trophy winners (UCL, World Cup, Euros, Copa) + club prestige tier list operationalized from UEFA coefficient / revenue"
1968,1968,Sandro Mazzola,Internazionale,Italy,1,3,3,1,Euros winner 1968 country Italy matches player's nation Italy,"{""tier"": 1, ""score"": 3, ""matched"": ""Internazionale"", ""raw"": ""Internazionale""}","club_prestige_tier, market_size_proxy, signature_moment_flag are agent-inferred proxies per Requirements A.4, not sourced from post-hoc narrative articles (to avoid leakage per Key Focus Area §3)","heuristic based on trophy winners (UCL, World Cup, Euros, Copa) + club prestige tier list operationalized from UEFA coefficient / revenue"
1968,1968,Lajos Szűcs,Ferencváros,Hungary,2,2,2,0,,"{""tier"": 2, ""score"": 2, ""matched"": ""Ferencv\u00e1ros"", ""raw"": ""Ferencv\u00e1ros""}","club_prestige_tier, market_size_proxy, signature_moment_flag are agent-inferred proxies per Requirements A.4, not sourced from post-hoc narrative articles (to avoid leakage per Key Focus Area §3)","heuristic based on trophy winners (UCL, World Cup, Euros, Copa) + club prestige tier list operationalized from UEFA coefficient / revenue"
1968,1968,Johan Cruyff,Ajax,Netherlands,2,2,2,0,,"{""tier"": 2, ""score"": 2, ""matched"": ""Ajax"", ""raw"": ""Ajax""}","club_prestige_tier, market_size_proxy, signature_moment_flag are agent-inferred proxies per Requirements A.4, not sourced from post-hoc narrative articles (to avoid leakage per Key Focus Area §3)","heuristic based on trophy winners (UCL, World Cup, Euros, Copa) + club prestige tier list operationalized from UEFA coefficient / revenue"
1968,1968,Gerd Müller,Bayern Munich,West Germany,1,3,3,0,,"{""tier"": 1, ""score"": 3, ""matched"": ""Bayern Munich"", ""raw"": ""Bayern Munich""}","club_prestige_tier, market_size_proxy, signature_moment_flag are agent-inferred proxies per Requirements A.4, not sourced from post-hoc narrative articles (to avoid leakage per Key Focus Area §3)","heuristic based on trophy winners (UCL, World Cup, Euros, Copa) + club prestige tier list operationalized from UEFA coefficient / revenue"
1968,1968,Jack Charlton,Leeds United,England,2,2,2,0,,"{""tier"": 2, ""score"": 2, ""matched"": ""Leeds United"", ""raw"": ""Leeds United""}","club_prestige_tier, market_size_proxy, signature_moment_flag are agent-inferred proxies per Requirements A.4, not sourced from post-hoc narrative articles (to avoid leakage per Key Focus Area §3)","heuristic based on trophy winners (UCL, World Cup, Euros, Copa) + club prestige tier list operationalized from UEFA coefficient / revenue"
1968,1968,Bobby Moore,West Ham United,England,2,2,2,0,,"{""tier"": 2, ""score"": 2, ""matched"": ""West Ham"", ""raw"": ""West Ham United""}","club_prestige_tier, market_size_proxy, signature_moment_flag are agent-inferred proxies per Requirements A.4, not sourced from post-hoc narrative articles (to avoid leakage per Key Focus Area §3)","heuristic based on trophy winners (UCL, World Cup, Euros, Copa) + club prestige tier list operationalized from UEFA coefficient / revenue"
1968,1968,Alan Ball,Everton,England,2,2,2,0,,"{""tier"": 2, ""score"": 2, ""matched"": ""Everton"", ""raw"": ""Everton""}","club_prestige_tier, market_size_proxy, signature_moment_flag are agent-inferred proxies per Requirements A.4, not sourced from post-hoc narrative articles (to avoid leakage per Key Focus Area §3)","heuristic based on trophy winners (UCL, World Cup, Euros, Copa) + club prestige tier list operationalized from UEFA coefficient / revenue"
1968,1968,Ferenc Bene,Újpest,Hungary,3,1,1,0,,"{""tier"": 3, ""score"": 1, ""matched"": ""other"", ""raw"": ""\u00dajpest""}","club_prestige_tier, market_size_proxy, signature_moment_flag are agent-inferred proxies per Requirements A.4, not sourced from post-hoc narrative articles (to avoid leakage per Key Focus Area §3)","heuristic based on trophy winners (UCL, World Cup, Euros, Copa) + club prestige tier list operationalized from UEFA coefficient / revenue"
1968,1968,Angelo Domenghini,Internazionale,Italy,1,3,3,1,Euros winner 1968 country Italy matches player's nation Italy,"{""tier"": 1, ""score"": 3, ""matched"": ""Internazionale"", ""raw"": ""Internazionale""}","club_prestige_tier, market_size_proxy, signature_moment_flag are agent-inferred proxies per Requirements A.4, not sourced from post-hoc narrative articles (to avoid leakage per Key Focus Area §3)","heuristic based on trophy winners (UCL, World Cup, Euros, Copa) + club prestige tier list operationalized from UEFA coefficient / revenue"
1968,1968,Mirsad Fazlagić,Sarajevo,Yugoslavia,3,1,1,0,,"{""tier"": 3, ""score"": 1, ""matched"": ""other"", ""raw"": ""Sarajevo""}","club_prestige_tier, market_size_proxy, signature_moment_flag are agent-inferred proxies per Requirements A.4, not sourced from post-hoc narrative articles (to avoid leakage per Key Focus Area §3)","heuristic based on trophy winners (UCL, World Cup, Euros, Copa) + club prestige tier list operationalized from UEFA coefficient / revenue"
1968,1968,Tommy Gemmell,Celtic,Scotland,3,1,1,0,,"{""tier"": 3, ""score"": 1, ""matched"": ""other"", ""raw"": ""Celtic""}","club_prestige_tier, market_size_proxy, signature_moment_flag are agent-inferred proxies per Requirements A.4, not sourced from post-hoc narrative articles (to avoid leakage per Key Focus Area §3)","heuristic based on trophy winners (UCL, World Cup, Euros, Copa) + club prestige tier list operationalized from UEFA coefficient / revenue"
1968,1968,Jimmy Johnstone,Celtic,Scotland,3,1,1,0,,"{""tier"": 3, ""score"": 1, ""matched"": ""other"", ""raw"": ""Celtic""}","club_prestige_tier, market_size_proxy, signature_moment_flag are agent-inferred proxies per Requirements A.4, not sourced from post-hoc narrative articles (to avoid leakage per Key Focus Area §3)","heuristic based on trophy winners (UCL, World Cup, Euros, Copa) + club prestige tier list operationalized from UEFA coefficient / revenue"
1968,1968,Murtaz Khurtsilava,Dinamo Tbilisi,Soviet Union,3,1,1,0,,"{""tier"": 3, ""score"": 1, ""matched"": ""other"", ""raw"": ""Dinamo Tbilisi""}","club_prestige_tier, market_size_proxy, signature_moment_flag are agent-inferred proxies per Requirements A.4, not sourced from post-hoc narrative articles (to avoid leakage per Key Focus Area §3)","heuristic based on trophy winners (UCL, World Cup, Euros, Copa) + club prestige tier list operationalized from UEFA coefficient / revenue"
1968,1968,Ivica Osim,Željezničar,Yugoslavia,3,1,1,0,,"{""tier"": 3, ""score"": 1, ""matched"": ""other"", ""raw"": ""\u017deljezni\u010dar""}","club_prestige_tier, market_size_proxy, signature_moment_flag are agent-inferred proxies per Requirements A.4, not sourced from post-hoc narrative articles (to avoid leakage per Key Focus Area §3)","heuristic based on trophy winners (UCL, World Cup, Euros, Copa) + club prestige tier list operationalized from UEFA coefficient / revenue"
1968,1968,Louis Pilot,Standard Liège,Luxembourg,3,1,1,0,,"{""tier"": 3, ""score"": 1, ""matched"": ""other"", ""raw"": ""Standard Li\u00e8ge""}","club_prestige_tier, market_size_proxy, signature_moment_flag are agent-inferred proxies per Requirements A.4, not sourced from post-hoc narrative articles (to avoid leakage per Key Focus Area §3)","heuristic based on trophy winners (UCL, World Cup, Euros, Copa) + club prestige tier list operationalized from UEFA coefficient / revenue"
1969,1969,Gianni Rivera,Milan,Italy,1,3,3,0,,"{""tier"": 1, ""score"": 3, ""matched"": ""Milan"", ""raw"": ""Milan""}","club_prestige_tier, market_size_proxy, signature_moment_flag are agent-inferred proxies per Requirements A.4, not sourced from post-hoc narrative articles (to avoid leakage per Key Focus Area §3)","heuristic based on trophy winners (UCL, World Cup, Euros, Copa) + club prestige tier list operationalized from UEFA coefficient / revenue"
1969,1969,Gigi Riva,Cagliari,Italy,3,1,1,0,,"{""tier"": 3, ""score"": 1, ""matched"": ""other"", ""raw"": ""Cagliari""}","club_prestige_tier, market_size_proxy, signature_moment_flag are agent-inferred proxies per Requirements A.4, not sourced from post-hoc narrative articles (to avoid leakage per Key Focus Area §3)","heuristic based on trophy winners (UCL, World Cup, Euros, Copa) + club prestige tier list operationalized from UEFA coefficient / revenue"
1969,1969,Gerd Müller,Bayern Munich,West Germany,1,3,3,0,,"{""tier"": 1, ""score"": 3, ""matched"": ""Bayern Munich"", ""raw"": ""Bayern Munich""}","club_prestige_tier, market_size_proxy, signature_moment_flag are agent-inferred proxies per Requirements A.4, not sourced from post-hoc narrative articles (to avoid leakage per Key Focus Area §3)","heuristic based on trophy winners (UCL, World Cup, Euros, Copa) + club prestige tier list operationalized from UEFA coefficient / revenue"
1969,1969,Johan Cruyff,Ajax,Netherlands,2,2,2,0,,"{""tier"": 2, ""score"": 2, ""matched"": ""Ajax"", ""raw"": ""Ajax""}","club_prestige_tier, market_size_proxy, signature_moment_flag are agent-inferred proxies per Requirements A.4, not sourced from post-hoc narrative articles (to avoid leakage per Key Focus Area §3)","heuristic based on trophy winners (UCL, World Cup, Euros, Copa) + club prestige tier list operationalized from UEFA coefficient / revenue"
1969,1969,Ove Kindvall,Feyenoord,Sweden,3,1,1,1,UCL winner 1969 club Feyenoord matches player's club Feyenoord,"{""tier"": 3, ""score"": 1, ""matched"": ""other"", ""raw"": ""Feyenoord""}","club_prestige_tier, market_size_proxy, signature_moment_flag are agent-inferred proxies per Requirements A.4, not sourced from post-hoc narrative articles (to avoid leakage per Key Focus Area §3)","heuristic based on trophy winners (UCL, World Cup, Euros, Copa) + club prestige tier list operationalized from UEFA coefficient / revenue"
1969,1969,George Best,Manchester United,Northern Ireland,1,3,3,0,,"{""tier"": 1, ""score"": 3, ""matched"": ""Manchester United"", ""raw"": ""Manchester United""}","club_prestige_tier, market_size_proxy, signature_moment_flag are agent-inferred proxies per Requirements A.4, not sourced from post-hoc narrative articles (to avoid leakage per Key Focus Area §3)","heuristic based on trophy winners (UCL, World Cup, Euros, Copa) + club prestige tier list operationalized from UEFA coefficient / revenue"
1969,1969,Franz Beckenbauer,Bayern Munich,West Germany,1,3,3,0,,"{""tier"": 1, ""score"": 3, ""matched"": ""Bayern Munich"", ""raw"": ""Bayern Munich""}","club_prestige_tier, market_size_proxy, signature_moment_flag are agent-inferred proxies per Requirements A.4, not sourced from post-hoc narrative articles (to avoid leakage per Key Focus Area §3)","heuristic based on trophy winners (UCL, World Cup, Euros, Copa) + club prestige tier list operationalized from UEFA coefficient / revenue"
1969,1969,Pierino Prati,Milan,Italy,1,3,3,0,,"{""tier"": 1, ""score"": 3, ""matched"": ""Milan"", ""raw"": ""Milan""}","club_prestige_tier, market_size_proxy, signature_moment_flag are agent-inferred proxies per Requirements A.4, not sourced from post-hoc narrative articles (to avoid leakage per Key Focus Area §3)","heuristic based on trophy winners (UCL, World Cup, Euros, Copa) + club prestige tier list operationalized from UEFA coefficient / revenue"
1969,1969,Petar Zhekov,CSKA Sofia,Bulgaria,3,1,1,0,,"{""tier"": 3, ""score"": 1, ""matched"": ""other"", ""raw"": ""CSKA Sofia""}","club_prestige_tier, market_size_proxy, signature_moment_flag are agent-inferred proxies per Requirements A.4, not sourced from post-hoc narrative articles (to avoid leakage per Key Focus Area §3)","heuristic based on trophy winners (UCL, World Cup, Euros, Copa) + club prestige tier list operationalized from UEFA coefficient / revenue"
1969,1969,Jack Charlton,Leeds United,England,2,2,2,0,,"{""tier"": 2, ""score"": 2, ""matched"": ""Leeds United"", ""raw"": ""Leeds United""}","club_prestige_tier, market_size_proxy, signature_moment_flag are agent-inferred proxies per Requirements A.4, not sourced from post-hoc narrative articles (to avoid leakage per Key Focus Area §3)","heuristic based on trophy winners (UCL, World Cup, Euros, Copa) + club prestige tier list operationalized from UEFA coefficient / revenue"
1969,1969,Albert Shesternyov,CSKA Moscow,Soviet Union,3,1,1,0,,"{""tier"": 3, ""score"": 1, ""matched"": ""other"", ""raw"": ""CSKA Moscow""}","club_prestige_tier, market_size_proxy, signature_moment_flag are agent-inferred proxies per Requirements A.4, not sourced from post-hoc narrative articles (to avoid leakage per Key Focus Area §3)","heuristic based on trophy winners (UCL, World Cup, Euros, Copa) + club prestige tier list operationalized from UEFA coefficient / revenue"
1969,1969,Dragan Džajić,Red Star Belgrade,Yugoslavia,3,1,1,0,,"{""tier"": 3, ""score"": 1, ""matched"": ""other"", ""raw"": ""Red Star Belgrade""}","club_prestige_tier, market_size_proxy, signature_moment_flag are agent-inferred proxies per Requirements A.4, not sourced from post-hoc narrative articles (to avoid leakage per Key Focus Area §3)","heuristic based on trophy winners (UCL, World Cup, Euros, Copa) + club prestige tier list operationalized from UEFA coefficient / revenue"
1969,1969,Francis Lee,Manchester City,England,1,3,3,0,,"{""tier"": 1, ""score"": 3, ""matched"": ""Manchester City"", ""raw"": ""Manchester City""}","club_prestige_tier, market_size_proxy, signature_moment_flag are agent-inferred proxies per Requirements A.4, not sourced from post-hoc narrative articles (to avoid leakage per Key Focus Area §3)","heuristic based on trophy winners (UCL, World Cup, Euros, Copa) + club prestige tier list operationalized from UEFA coefficient / revenue"
1969,1969,Martin Peters,West Ham United,England,2,2,2,0,,"{""tier"": 2, ""score"": 2, ""matched"": ""West Ham"", ""raw"": ""West Ham United""}","club_prestige_tier, market_size_proxy, signature_moment_flag are agent-inferred proxies per Requirements A.4, not sourced from post-hoc narrative articles (to avoid leakage per Key Focus Area §3)","heuristic based on trophy winners (UCL, World Cup, Euros, Copa) + club prestige tier list operationalized from UEFA coefficient / revenue"
1969,1969,Jozef Adamec,Spartak Trnava,Czechoslovakia,3,1,1,0,,"{""tier"": 3, ""score"": 1, ""matched"": ""other"", ""raw"": ""Spartak Trnava""}","club_prestige_tier, market_size_proxy, signature_moment_flag are agent-inferred proxies per Requirements A.4, not sourced from post-hoc narrative articles (to avoid leakage per Key Focus Area §3)","heuristic based on trophy winners (UCL, World Cup, Euros, Copa) + club prestige tier list operationalized from UEFA coefficient / revenue"
1969,1969,Bobby Charlton,Manchester United,England,1,3,3,0,,"{""tier"": 1, ""score"": 3, ""matched"": ""Manchester United"", ""raw"": ""Manchester United""}","club_prestige_tier, market_size_proxy, signature_moment_flag are agent-inferred proxies per Requirements A.4, not sourced from post-hoc narrative articles (to avoid leakage per Key Focus Area §3)","heuristic based on trophy winners (UCL, World Cup, Euros, Copa) + club prestige tier list operationalized from UEFA coefficient / revenue"
1969,1969,Angelo Sormani,Milan,Italy,1,3,3,0,,"{""tier"": 1, ""score"": 3, ""matched"": ""Milan"", ""raw"": ""Milan""}","club_prestige_tier, market_size_proxy, signature_moment_flag are agent-inferred proxies per Requirements A.4, not sourced from post-hoc narrative articles (to avoid leakage per Key Focus Area §3)","heuristic based on trophy winners (UCL, World Cup, Euros, Copa) + club prestige tier list operationalized from UEFA coefficient / revenue"
1969,1969,Ferenc Bene,Újpest,Hungary,3,1,1,0,,"{""tier"": 3, ""score"": 1, ""matched"": ""other"", ""raw"": ""\u00dajpest""}","club_prestige_tier, market_size_proxy, signature_moment_flag are agent-inferred proxies per Requirements A.4, not sourced from post-hoc narrative articles (to avoid leakage per Key Focus Area §3)","heuristic based on trophy winners (UCL, World Cup, Euros, Copa) + club prestige tier list operationalized from UEFA coefficient / revenue"
1969,1969,Andrej Kvašňák,KRC Mechelen,Czechoslovakia,3,1,1,0,,"{""tier"": 3, ""score"": 1, ""matched"": ""other"", ""raw"": ""KRC Mechelen""}","club_prestige_tier, market_size_proxy, signature_moment_flag are agent-inferred proxies per Requirements A.4, not sourced from post-hoc narrative articles (to avoid leakage per Key Focus Area §3)","heuristic based on trophy winners (UCL, World Cup, Euros, Copa) + club prestige tier list operationalized from UEFA coefficient / revenue"
1969,1969,Louis Pilot,Standard Liège,Luxembourg,3,1,1,0,,"{""tier"": 3, ""score"": 1, ""matched"": ""other"", ""raw"": ""Standard Li\u00e8ge""}","club_prestige_tier, market_size_proxy, signature_moment_flag are agent-inferred proxies per Requirements A.4, not sourced from post-hoc narrative articles (to avoid leakage per Key Focus Area §3)","heuristic based on trophy winners (UCL, World Cup, Euros, Copa) + club prestige tier list operationalized from UEFA coefficient / revenue"
1969,1969,Giorgos Sideris,Olympiacos,Greece,3,1,1,0,,"{""tier"": 3, ""score"": 1, ""matched"": ""other"", ""raw"": ""Olympiacos""}","club_prestige_tier, market_size_proxy, signature_moment_flag are agent-inferred proxies per Requirements A.4, not sourced from post-hoc narrative articles (to avoid leakage per Key Focus Area §3)","heuristic based on trophy winners (UCL, World Cup, Euros, Copa) + club prestige tier list operationalized from UEFA coefficient / revenue"
1969,1969,Manuel Velázquez,Real Madrid,Spain,1,3,3,0,,"{""tier"": 1, ""score"": 3, ""matched"": ""Real Madrid"", ""raw"": ""Real Madrid""}","club_prestige_tier, market_size_proxy, signature_moment_flag are agent-inferred proxies per Requirements A.4, not sourced from post-hoc narrative articles (to avoid leakage per Key Focus Area §3)","heuristic based on trophy winners (UCL, World Cup, Euros, Copa) + club prestige tier list operationalized from UEFA coefficient / revenue"
1969,1969,Billy Bremner,Leeds United,Scotland,2,2,2,0,,"{""tier"": 2, ""score"": 2, ""matched"": ""Leeds United"", ""raw"": ""Leeds United""}","club_prestige_tier, market_size_proxy, signature_moment_flag are agent-inferred proxies per Requirements A.4, not sourced from post-hoc narrative articles (to avoid leakage per Key Focus Area §3)","heuristic based on trophy winners (UCL, World Cup, Euros, Copa) + club prestige tier list operationalized from UEFA coefficient / revenue"
1969,1969,Kazimierz Deyna,Legia Warsaw,Poland,3,1,1,0,,"{""tier"": 3, ""score"": 1, ""matched"": ""other"", ""raw"": ""Legia Warsaw""}","club_prestige_tier, market_size_proxy, signature_moment_flag are agent-inferred proxies per Requirements A.4, not sourced from post-hoc narrative articles (to avoid leakage per Key Focus Area §3)","heuristic based on trophy winners (UCL, World Cup, Euros, Copa) + club prestige tier list operationalized from UEFA coefficient / revenue"
1969,1969,Mimis Domazos,Panathinaikos,Greece,3,1,1,0,,"{""tier"": 3, ""score"": 1, ""matched"": ""other"", ""raw"": ""Panathinaikos""}","club_prestige_tier, market_size_proxy, signature_moment_flag are agent-inferred proxies per Requirements A.4, not sourced from post-hoc narrative articles (to avoid leakage per Key Focus Area §3)","heuristic based on trophy winners (UCL, World Cup, Euros, Copa) + club prestige tier list operationalized from UEFA coefficient / revenue"
1969,1969,Gilbert Gress,VfB Stuttgart,France,3,1,1,0,,"{""tier"": 3, ""score"": 1, ""matched"": ""other"", ""raw"": ""VfB Stuttgart""}","club_prestige_tier, market_size_proxy, signature_moment_flag are agent-inferred proxies per Requirements A.4, not sourced from post-hoc narrative articles (to avoid leakage per Key Focus Area §3)","heuristic based on trophy winners (UCL, World Cup, Euros, Copa) + club prestige tier list operationalized from UEFA coefficient / revenue"
1969,1969,Jimmy Johnstone,Celtic,Scotland,3,1,1,0,,"{""tier"": 3, ""score"": 1, ""matched"": ""other"", ""raw"": ""Celtic""}","club_prestige_tier, market_size_proxy, signature_moment_flag are agent-inferred proxies per Requirements A.4, not sourced from post-hoc narrative articles (to avoid leakage per Key Focus Area §3)","heuristic based on trophy winners (UCL, World Cup, Euros, Copa) + club prestige tier list operationalized from UEFA coefficient / revenue"
1969,1969,Włodzimierz Lubański,Górnik Zabrze,Poland,3,1,1,0,,"{""tier"": 3, ""score"": 1, ""matched"": ""other"", ""raw"": ""G\u00f3rnik Zabrze""}","club_prestige_tier, market_size_proxy, signature_moment_flag are agent-inferred proxies per Requirements A.4, not sourced from post-hoc narrative articles (to avoid leakage per Key Focus Area §3)","heuristic based on trophy winners (UCL, World Cup, Euros, Copa) + club prestige tier list operationalized from UEFA coefficient / revenue"
1969,1969,Vladimir Muntyan,Dynamo Kyiv,Soviet Union,2,2,2,0,,"{""tier"": 2, ""score"": 2, ""matched"": ""Dynamo Kyiv"", ""raw"": ""Dynamo Kyiv""}","club_prestige_tier, market_size_proxy, signature_moment_flag are agent-inferred proxies per Requirements A.4, not sourced from post-hoc narrative articles (to avoid leakage per Key Focus Area §3)","heuristic based on trophy winners (UCL, World Cup, Euros, Copa) + club prestige tier list operationalized from UEFA coefficient / revenue"
1969,1969,Wilfried Van Moer,Standard Liège,Belgium,3,1,1,0,,"{""tier"": 3, ""score"": 1, ""matched"": ""other"", ""raw"": ""Standard Li\u00e8ge""}","club_prestige_tier, market_size_proxy, signature_moment_flag are agent-inferred proxies per Requirements A.4, not sourced from post-hoc narrative articles (to avoid leakage per Key Focus Area §3)","heuristic based on trophy winners (UCL, World Cup, Euros, Copa) + club prestige tier list operationalized from UEFA coefficient / revenue"
1969,1969,Ivo Viktor,Dukla Prague,Czechoslovakia,3,1,1,0,,"{""tier"": 3, ""score"": 1, ""matched"": ""other"", ""raw"": ""Dukla Prague""}","club_prestige_tier, market_size_proxy, signature_moment_flag are agent-inferred proxies per Requirements A.4, not sourced from post-hoc narrative articles (to avoid leakage per Key Focus Area §3)","heuristic based on trophy winners (UCL, World Cup, Euros, Copa) + club prestige tier list operationalized from UEFA coefficient / revenue"
1970,1970,Gerd Müller,Bayern Munich,West Germany,1,3,3,0,,"{""tier"": 1, ""score"": 3, ""matched"": ""Bayern Munich"", ""raw"": ""Bayern Munich""}","club_prestige_tier, market_size_proxy, signature_moment_flag are agent-inferred proxies per Requirements A.4, not sourced from post-hoc narrative articles (to avoid leakage per Key Focus Area §3)","heuristic based on trophy winners (UCL, World Cup, Euros, Copa) + club prestige tier list operationalized from UEFA coefficient / revenue"
1970,1970,Bobby Moore,West Ham United,England,2,2,2,0,,"{""tier"": 2, ""score"": 2, ""matched"": ""West Ham"", ""raw"": ""West Ham United""}","club_prestige_tier, market_size_proxy, signature_moment_flag are agent-inferred proxies per Requirements A.4, not sourced from post-hoc narrative articles (to avoid leakage per Key Focus Area §3)","heuristic based on trophy winners (UCL, World Cup, Euros, Copa) + club prestige tier list operationalized from UEFA coefficient / revenue"
1970,1970,Gigi Riva,Cagliari,Italy,3,1,1,0,,"{""tier"": 3, ""score"": 1, ""matched"": ""other"", ""raw"": ""Cagliari""}","club_prestige_tier, market_size_proxy, signature_moment_flag are agent-inferred proxies per Requirements A.4, not sourced from post-hoc narrative articles (to avoid leakage per Key Focus Area §3)","heuristic based on trophy winners (UCL, World Cup, Euros, Copa) + club prestige tier list operationalized from UEFA coefficient / revenue"
1970,1970,Franz Beckenbauer,Bayern Munich,West Germany,1,3,3,0,,"{""tier"": 1, ""score"": 3, ""matched"": ""Bayern Munich"", ""raw"": ""Bayern Munich""}","club_prestige_tier, market_size_proxy, signature_moment_flag are agent-inferred proxies per Requirements A.4, not sourced from post-hoc narrative articles (to avoid leakage per Key Focus Area §3)","heuristic based on trophy winners (UCL, World Cup, Euros, Copa) + club prestige tier list operationalized from UEFA coefficient / revenue"
1970,1970,Wolfgang Overath,1. FC Köln,West Germany,3,1,1,0,,"{""tier"": 3, ""score"": 1, ""matched"": ""other"", ""raw"": ""1. FC K\u00f6ln""}","club_prestige_tier, market_size_proxy, signature_moment_flag are agent-inferred proxies per Requirements A.4, not sourced from post-hoc narrative articles (to avoid leakage per Key Focus Area §3)","heuristic based on trophy winners (UCL, World Cup, Euros, Copa) + club prestige tier list operationalized from UEFA coefficient / revenue"
1970,1970,Dragan Džajić,Red Star Belgrade,Yugoslavia,3,1,1,0,,"{""tier"": 3, ""score"": 1, ""matched"": ""other"", ""raw"": ""Red Star Belgrade""}","club_prestige_tier, market_size_proxy, signature_moment_flag are agent-inferred proxies per Requirements A.4, not sourced from post-hoc narrative articles (to avoid leakage per Key Focus Area §3)","heuristic based on trophy winners (UCL, World Cup, Euros, Copa) + club prestige tier list operationalized from UEFA coefficient / revenue"
1970,1970,Johan Cruyff,Ajax,Netherlands,2,2,2,1,UCL winner 1970 club Ajax matches player's club Ajax,"{""tier"": 2, ""score"": 2, ""matched"": ""Ajax"", ""raw"": ""Ajax""}","club_prestige_tier, market_size_proxy, signature_moment_flag are agent-inferred proxies per Requirements A.4, not sourced from post-hoc narrative articles (to avoid leakage per Key Focus Area §3)","heuristic based on trophy winners (UCL, World Cup, Euros, Copa) + club prestige tier list operationalized from UEFA coefficient / revenue"
1970,1970,Gordon Banks,Stoke City,England,3,1,1,0,,"{""tier"": 3, ""score"": 1, ""matched"": ""other"", ""raw"": ""Stoke City""}","club_prestige_tier, market_size_proxy, signature_moment_flag are agent-inferred proxies per Requirements A.4, not sourced from post-hoc narrative articles (to avoid leakage per Key Focus Area §3)","heuristic based on trophy winners (UCL, World Cup, Euros, Copa) + club prestige tier list operationalized from UEFA coefficient / revenue"
1970,1970,Sandro Mazzola,Internazionale,Italy,1,3,3,0,,"{""tier"": 1, ""score"": 3, ""matched"": ""Internazionale"", ""raw"": ""Internazionale""}","club_prestige_tier, market_size_proxy, signature_moment_flag are agent-inferred proxies per Requirements A.4, not sourced from post-hoc narrative articles (to avoid leakage per Key Focus Area §3)","heuristic based on trophy winners (UCL, World Cup, Euros, Copa) + club prestige tier list operationalized from UEFA coefficient / revenue"
1970,1970,Rinus Israël,Feyenoord,Netherlands,3,1,1,0,,"{""tier"": 3, ""score"": 1, ""matched"": ""other"", ""raw"": ""Feyenoord""}","club_prestige_tier, market_size_proxy, signature_moment_flag are agent-inferred proxies per Requirements A.4, not sourced from post-hoc narrative articles (to avoid leakage per Key Focus Area §3)","heuristic based on trophy winners (UCL, World Cup, Euros, Copa) + club prestige tier list operationalized from UEFA coefficient / revenue"
1970,1970,Gianni Rivera,Milan,Italy,1,3,3,0,,"{""tier"": 1, ""score"": 3, ""matched"": ""Milan"", ""raw"": ""Milan""}","club_prestige_tier, market_size_proxy, signature_moment_flag are agent-inferred proxies per Requirements A.4, not sourced from post-hoc narrative articles (to avoid leakage per Key Focus Area §3)","heuristic based on trophy winners (UCL, World Cup, Euros, Copa) + club prestige tier list operationalized from UEFA coefficient / revenue"
1970,1970,Uwe Seeler,Hamburger SV,West Germany,2,2,2,0,,"{""tier"": 2, ""score"": 2, ""matched"": ""Hamburger SV"", ""raw"": ""Hamburger SV""}","club_prestige_tier, market_size_proxy, signature_moment_flag are agent-inferred proxies per Requirements A.4, not sourced from post-hoc narrative articles (to avoid leakage per Key Focus Area §3)","heuristic based on trophy winners (UCL, World Cup, Euros, Copa) + club prestige tier list operationalized from UEFA coefficient / revenue"
1970,1970,Albert Shesternyov,CSKA Moscow,Soviet Union,3,1,1,0,,"{""tier"": 3, ""score"": 1, ""matched"": ""other"", ""raw"": ""CSKA Moscow""}","club_prestige_tier, market_size_proxy, signature_moment_flag are agent-inferred proxies per Requirements A.4, not sourced from post-hoc narrative articles (to avoid leakage per Key Focus Area §3)","heuristic based on trophy winners (UCL, World Cup, Euros, Copa) + club prestige tier list operationalized from UEFA coefficient / revenue"
1970,1970,Angelo Domenghini,Cagliari,Italy,3,1,1,0,,"{""tier"": 3, ""score"": 1, ""matched"": ""other"", ""raw"": ""Cagliari""}","club_prestige_tier, market_size_proxy, signature_moment_flag are agent-inferred proxies per Requirements A.4, not sourced from post-hoc narrative articles (to avoid leakage per Key Focus Area §3)","heuristic based on trophy winners (UCL, World Cup, Euros, Copa) + club prestige tier list operationalized from UEFA coefficient / revenue"
1970,1970,Ove Kindvall,Feyenoord,Sweden,3,1,1,0,,"{""tier"": 3, ""score"": 1, ""matched"": ""other"", ""raw"": ""Feyenoord""}","club_prestige_tier, market_size_proxy, signature_moment_flag are agent-inferred proxies per Requirements A.4, not sourced from post-hoc narrative articles (to avoid leakage per Key Focus Area §3)","heuristic based on trophy winners (UCL, World Cup, Euros, Copa) + club prestige tier list operationalized from UEFA coefficient / revenue"
1970,1970,Francis Lee,Manchester City,England,1,3,3,0,,"{""tier"": 1, ""score"": 3, ""matched"": ""Manchester City"", ""raw"": ""Manchester City""}","club_prestige_tier, market_size_proxy, signature_moment_flag are agent-inferred proxies per Requirements A.4, not sourced from post-hoc narrative articles (to avoid leakage per Key Focus Area §3)","heuristic based on trophy winners (UCL, World Cup, Euros, Copa) + club prestige tier list operationalized from UEFA coefficient / revenue"
1970,1970,Willem van Hanegem,Feyenoord,Netherlands,3,1,1,0,,"{""tier"": 3, ""score"": 1, ""matched"": ""other"", ""raw"": ""Feyenoord""}","club_prestige_tier, market_size_proxy, signature_moment_flag are agent-inferred proxies per Requirements A.4, not sourced from post-hoc narrative articles (to avoid leakage per Key Focus Area §3)","heuristic based on trophy winners (UCL, World Cup, Euros, Copa) + club prestige tier list operationalized from UEFA coefficient / revenue"
1970,1970,Alan Ball,Everton,England,2,2,2,0,,"{""tier"": 2, ""score"": 2, ""matched"": ""Everton"", ""raw"": ""Everton""}","club_prestige_tier, market_size_proxy, signature_moment_flag are agent-inferred proxies per Requirements A.4, not sourced from post-hoc narrative articles (to avoid leakage per Key Focus Area §3)","heuristic based on trophy winners (UCL, World Cup, Euros, Copa) + club prestige tier list operationalized from UEFA coefficient / revenue"
1970,1970,Terry Cooper,Leeds United,England,2,2,2,0,,"{""tier"": 2, ""score"": 2, ""matched"": ""Leeds United"", ""raw"": ""Leeds United""}","club_prestige_tier, market_size_proxy, signature_moment_flag are agent-inferred proxies per Requirements A.4, not sourced from post-hoc narrative articles (to avoid leakage per Key Focus Area §3)","heuristic based on trophy winners (UCL, World Cup, Euros, Copa) + club prestige tier list operationalized from UEFA coefficient / revenue"
1970,1970,Giacinto Facchetti,Internazionale,Italy,1,3,3,0,,"{""tier"": 1, ""score"": 3, ""matched"": ""Internazionale"", ""raw"": ""Internazionale""}","club_prestige_tier, market_size_proxy, signature_moment_flag are agent-inferred proxies per Requirements A.4, not sourced from post-hoc narrative articles (to avoid leakage per Key Focus Area §3)","heuristic based on trophy winners (UCL, World Cup, Euros, Copa) + club prestige tier list operationalized from UEFA coefficient / revenue"
1970,1970,Geoff Hurst,West Ham United,England,2,2,2,0,,"{""tier"": 2, ""score"": 2, ""matched"": ""West Ham"", ""raw"": ""West Ham United""}","club_prestige_tier, market_size_proxy, signature_moment_flag are agent-inferred proxies per Requirements A.4, not sourced from post-hoc narrative articles (to avoid leakage per Key Focus Area §3)","heuristic based on trophy winners (UCL, World Cup, Euros, Copa) + club prestige tier list operationalized from UEFA coefficient / revenue"
1970,1970,Eusébio,Benfica,Portugal,2,2,2,0,,"{""tier"": 2, ""score"": 2, ""matched"": ""Benfica"", ""raw"": ""Benfica""}","club_prestige_tier, market_size_proxy, signature_moment_flag are agent-inferred proxies per Requirements A.4, not sourced from post-hoc narrative articles (to avoid leakage per Key Focus Area §3)","heuristic based on trophy winners (UCL, World Cup, Euros, Copa) + club prestige tier list operationalized from UEFA coefficient / revenue"
1970,1970,Josip Skoblar,Marseille,Yugoslavia,2,2,2,0,,"{""tier"": 2, ""score"": 2, ""matched"": ""Marseille"", ""raw"": ""Marseille""}","club_prestige_tier, market_size_proxy, signature_moment_flag are agent-inferred proxies per Requirements A.4, not sourced from post-hoc narrative articles (to avoid leakage per Key Focus Area §3)","heuristic based on trophy winners (UCL, World Cup, Euros, Copa) + club prestige tier list operationalized from UEFA coefficient / revenue"
1970,1970,Cornel Dinu,Dinamo București,Romania,3,1,1,0,,"{""tier"": 3, ""score"": 1, ""matched"": ""other"", ""raw"": ""Dinamo Bucure\u0219ti""}","club_prestige_tier, market_size_proxy, signature_moment_flag are agent-inferred proxies per Requirements A.4, not sourced from post-hoc narrative articles (to avoid leakage per Key Focus Area §3)","heuristic based on trophy winners (UCL, World Cup, Euros, Copa) + club prestige tier list operationalized from UEFA coefficient / revenue"
1970,1970,Jean Djorkaeff,Paris Saint-Germain,France,1,3,3,0,,"{""tier"": 1, ""score"": 3, ""matched"": ""Paris Saint-Germain"", ""raw"": ""Paris Saint-Germain""}","club_prestige_tier, market_size_proxy, signature_moment_flag are agent-inferred proxies per Requirements A.4, not sourced from post-hoc narrative articles (to avoid leakage per Key Focus Area §3)","heuristic based on trophy winners (UCL, World Cup, Euros, Copa) + club prestige tier list operationalized from UEFA coefficient / revenue"
1970,1970,Florea Dumitrache,Dinamo București,Romania,3,1,1,0,,"{""tier"": 3, ""score"": 1, ""matched"": ""other"", ""raw"": ""Dinamo Bucure\u0219ti""}","club_prestige_tier, market_size_proxy, signature_moment_flag are agent-inferred proxies per Requirements A.4, not sourced from post-hoc narrative articles (to avoid leakage per Key Focus Area §3)","heuristic based on trophy winners (UCL, World Cup, Euros, Copa) + club prestige tier list operationalized from UEFA coefficient / revenue"
1970,1970,Franz Hasil,Feyenoord,Austria,3,1,1,0,,"{""tier"": 3, ""score"": 1, ""matched"": ""other"", ""raw"": ""Feyenoord""}","club_prestige_tier, market_size_proxy, signature_moment_flag are agent-inferred proxies per Requirements A.4, not sourced from post-hoc narrative articles (to avoid leakage per Key Focus Area §3)","heuristic based on trophy winners (UCL, World Cup, Euros, Copa) + club prestige tier list operationalized from UEFA coefficient / revenue"
1970,1970,Hans-Jürgen Kreische,Dynamo Dresden,East Germany,3,1,1,0,,"{""tier"": 3, ""score"": 1, ""matched"": ""other"", ""raw"": ""Dynamo Dresden""}","club_prestige_tier, market_size_proxy, signature_moment_flag are agent-inferred proxies per Requirements A.4, not sourced from post-hoc narrative articles (to avoid leakage per Key Focus Area §3)","heuristic based on trophy winners (UCL, World Cup, Euros, Copa) + club prestige tier list operationalized from UEFA coefficient / revenue"
1970,1970,Carles Rexach,Barcelona,Spain,1,3,3,0,,"{""tier"": 1, ""score"": 3, ""matched"": ""Barcelona"", ""raw"": ""Barcelona""}","club_prestige_tier, market_size_proxy, signature_moment_flag are agent-inferred proxies per Requirements A.4, not sourced from post-hoc narrative articles (to avoid leakage per Key Focus Area §3)","heuristic based on trophy winners (UCL, World Cup, Euros, Copa) + club prestige tier list operationalized from UEFA coefficient / revenue"
1971,1971,Johan Cruyff,Ajax,Netherlands,2,2,2,1,UCL winner 1971 club Ajax matches player's club Ajax,"{""tier"": 2, ""score"": 2, ""matched"": ""Ajax"", ""raw"": ""Ajax""}","club_prestige_tier, market_size_proxy, signature_moment_flag are agent-inferred proxies per Requirements A.4, not sourced from post-hoc narrative articles (to avoid leakage per Key Focus Area §3)","heuristic based on trophy winners (UCL, World Cup, Euros, Copa) + club prestige tier list operationalized from UEFA coefficient / revenue"
1971,1971,Sandro Mazzola,Internazionale,Italy,1,3,3,0,,"{""tier"": 1, ""score"": 3, ""matched"": ""Internazionale"", ""raw"": ""Internazionale""}","club_prestige_tier, market_size_proxy, signature_moment_flag are agent-inferred proxies per Requirements A.4, not sourced from post-hoc narrative articles (to avoid leakage per Key Focus Area §3)","heuristic based on trophy winners (UCL, World Cup, Euros, Copa) + club prestige tier list operationalized from UEFA coefficient / revenue"
1971,1971,George Best,Manchester United,Northern Ireland,1,3,3,0,,"{""tier"": 1, ""score"": 3, ""matched"": ""Manchester United"", ""raw"": ""Manchester United""}","club_prestige_tier, market_size_proxy, signature_moment_flag are agent-inferred proxies per Requirements A.4, not sourced from post-hoc narrative articles (to avoid leakage per Key Focus Area §3)","heuristic based on trophy winners (UCL, World Cup, Euros, Copa) + club prestige tier list operationalized from UEFA coefficient / revenue"
1971,1971,Günter Netzer,Borussia Mönchengladbach,West Germany,2,2,2,0,,"{""tier"": 2, ""score"": 2, ""matched"": ""Borussia M\u00f6nchengladbach"", ""raw"": ""Borussia M\u00f6nchengladbach""}","club_prestige_tier, market_size_proxy, signature_moment_flag are agent-inferred proxies per Requirements A.4, not sourced from post-hoc narrative articles (to avoid leakage per Key Focus Area §3)","heuristic based on trophy winners (UCL, World Cup, Euros, Copa) + club prestige tier list operationalized from UEFA coefficient / revenue"
1971,1971,Franz Beckenbauer,Bayern Munich,West Germany,1,3,3,0,,"{""tier"": 1, ""score"": 3, ""matched"": ""Bayern Munich"", ""raw"": ""Bayern Munich""}","club_prestige_tier, market_size_proxy, signature_moment_flag are agent-inferred proxies per Requirements A.4, not sourced from post-hoc narrative articles (to avoid leakage per Key Focus Area §3)","heuristic based on trophy winners (UCL, World Cup, Euros, Copa) + club prestige tier list operationalized from UEFA coefficient / revenue"
1971,1971,Gerd Müller,Bayern Munich,West Germany,1,3,3,0,,"{""tier"": 1, ""score"": 3, ""matched"": ""Bayern Munich"", ""raw"": ""Bayern Munich""}","club_prestige_tier, market_size_proxy, signature_moment_flag are agent-inferred proxies per Requirements A.4, not sourced from post-hoc narrative articles (to avoid leakage per Key Focus Area §3)","heuristic based on trophy winners (UCL, World Cup, Euros, Copa) + club prestige tier list operationalized from UEFA coefficient / revenue"
1971,1971,Josip Skoblar,Marseille,Yugoslavia,2,2,2,0,,"{""tier"": 2, ""score"": 2, ""matched"": ""Marseille"", ""raw"": ""Marseille""}","club_prestige_tier, market_size_proxy, signature_moment_flag are agent-inferred proxies per Requirements A.4, not sourced from post-hoc narrative articles (to avoid leakage per Key Focus Area §3)","heuristic based on trophy winners (UCL, World Cup, Euros, Copa) + club prestige tier list operationalized from UEFA coefficient / revenue"
1971,1971,Martin Chivers,Tottenham Hotspur,England,2,2,2,0,,"{""tier"": 2, ""score"": 2, ""matched"": ""Tottenham Hotspur"", ""raw"": ""Tottenham Hotspur""}","club_prestige_tier, market_size_proxy, signature_moment_flag are agent-inferred proxies per Requirements A.4, not sourced from post-hoc narrative articles (to avoid leakage per Key Focus Area §3)","heuristic based on trophy winners (UCL, World Cup, Euros, Copa) + club prestige tier list operationalized from UEFA coefficient / revenue"
1971,1971,Piet Keizer,Ajax,Netherlands,2,2,2,1,UCL winner 1971 club Ajax matches player's club Ajax,"{""tier"": 2, ""score"": 2, ""matched"": ""Ajax"", ""raw"": ""Ajax""}","club_prestige_tier, market_size_proxy, signature_moment_flag are agent-inferred proxies per Requirements A.4, not sourced from post-hoc narrative articles (to avoid leakage per Key Focus Area §3)","heuristic based on trophy winners (UCL, World Cup, Euros, Copa) + club prestige tier list operationalized from UEFA coefficient / revenue"
1971,1971,Bobby Moore,West Ham United,England,2,2,2,0,,"{""tier"": 2, ""score"": 2, ""matched"": ""West Ham"", ""raw"": ""West Ham United""}","club_prestige_tier, market_size_proxy, signature_moment_flag are agent-inferred proxies per Requirements A.4, not sourced from post-hoc narrative articles (to avoid leakage per Key Focus Area §3)","heuristic based on trophy winners (UCL, World Cup, Euros, Copa) + club prestige tier list operationalized from UEFA coefficient / revenue"
1971,1971,Ferenc Bene,Újpest,Hungary,3,1,1,0,,"{""tier"": 3, ""score"": 1, ""matched"": ""other"", ""raw"": ""\u00dajpest""}","club_prestige_tier, market_size_proxy, signature_moment_flag are agent-inferred proxies per Requirements A.4, not sourced from post-hoc narrative articles (to avoid leakage per Key Focus Area §3)","heuristic based on trophy winners (UCL, World Cup, Euros, Copa) + club prestige tier list operationalized from UEFA coefficient / revenue"
1971,1971,Yevhen Rudakov,Dynamo Kyiv,Soviet Union,2,2,2,0,,"{""tier"": 2, ""score"": 2, ""matched"": ""Dynamo Kyiv"", ""raw"": ""Dynamo Kyiv""}","club_prestige_tier, market_size_proxy, signature_moment_flag are agent-inferred proxies per Requirements A.4, not sourced from post-hoc narrative articles (to avoid leakage per Key Focus Area §3)","heuristic based on trophy winners (UCL, World Cup, Euros, Copa) + club prestige tier list operationalized from UEFA coefficient / revenue"
1971,1971,Giacinto Facchetti,Internazionale,Italy,1,3,3,0,,"{""tier"": 1, ""score"": 3, ""matched"": ""Internazionale"", ""raw"": ""Internazionale""}","club_prestige_tier, market_size_proxy, signature_moment_flag are agent-inferred proxies per Requirements A.4, not sourced from post-hoc narrative articles (to avoid leakage per Key Focus Area §3)","heuristic based on trophy winners (UCL, World Cup, Euros, Copa) + club prestige tier list operationalized from UEFA coefficient / revenue"
1971,1971,Mimis Domazos,Panathinaikos,Greece,3,1,1,0,,"{""tier"": 3, ""score"": 1, ""matched"": ""other"", ""raw"": ""Panathinaikos""}","club_prestige_tier, market_size_proxy, signature_moment_flag are agent-inferred proxies per Requirements A.4, not sourced from post-hoc narrative articles (to avoid leakage per Key Focus Area §3)","heuristic based on trophy winners (UCL, World Cup, Euros, Copa) + club prestige tier list operationalized from UEFA coefficient / revenue"
1971,1971,Pirri,Real Madrid,Spain,1,3,3,0,,"{""tier"": 1, ""score"": 3, ""matched"": ""Real Madrid"", ""raw"": ""Real Madrid""}","club_prestige_tier, market_size_proxy, signature_moment_flag are agent-inferred proxies per Requirements A.4, not sourced from post-hoc narrative articles (to avoid leakage per Key Focus Area §3)","heuristic based on trophy winners (UCL, World Cup, Euros, Copa) + club prestige tier list operationalized from UEFA coefficient / revenue"
1971,1971,Dragan Džajić,Red Star Belgrade,Yugoslavia,3,1,1,0,,"{""tier"": 3, ""score"": 1, ""matched"": ""other"", ""raw"": ""Red Star Belgrade""}","club_prestige_tier, market_size_proxy, signature_moment_flag are agent-inferred proxies per Requirements A.4, not sourced from post-hoc narrative articles (to avoid leakage per Key Focus Area §3)","heuristic based on trophy winners (UCL, World Cup, Euros, Copa) + club prestige tier list operationalized from UEFA coefficient / revenue"
1971,1971,Berti Vogts,Borussia Mönchengladbach,West Germany,2,2,2,0,,"{""tier"": 2, ""score"": 2, ""matched"": ""Borussia M\u00f6nchengladbach"", ""raw"": ""Borussia M\u00f6nchengladbach""}","club_prestige_tier, market_size_proxy, signature_moment_flag are agent-inferred proxies per Requirements A.4, not sourced from post-hoc narrative articles (to avoid leakage per Key Focus Area §3)","heuristic based on trophy winners (UCL, World Cup, Euros, Copa) + club prestige tier list operationalized from UEFA coefficient / revenue"
1971,1971,Terry Cooper,Leeds United,England,2,2,2,0,,"{""tier"": 2, ""score"": 2, ""matched"": ""Leeds United"", ""raw"": ""Leeds United""}","club_prestige_tier, market_size_proxy, signature_moment_flag are agent-inferred proxies per Requirements A.4, not sourced from post-hoc narrative articles (to avoid leakage per Key Focus Area §3)","heuristic based on trophy winners (UCL, World Cup, Euros, Copa) + club prestige tier list operationalized from UEFA coefficient / revenue"
1971,1971,Francis Lee,Manchester City,England,1,3,3,0,,"{""tier"": 1, ""score"": 3, ""matched"": ""Manchester City"", ""raw"": ""Manchester City""}","club_prestige_tier, market_size_proxy, signature_moment_flag are agent-inferred proxies per Requirements A.4, not sourced from post-hoc narrative articles (to avoid leakage per Key Focus Area §3)","heuristic based on trophy winners (UCL, World Cup, Euros, Copa) + club prestige tier list operationalized from UEFA coefficient / revenue"
1971,1971,Wolfgang Overath,1. FC Köln,West Germany,3,1,1,0,,"{""tier"": 3, ""score"": 1, ""matched"": ""other"", ""raw"": ""1. FC K\u00f6ln""}","club_prestige_tier, market_size_proxy, signature_moment_flag are agent-inferred proxies per Requirements A.4, not sourced from post-hoc narrative articles (to avoid leakage per Key Focus Area §3)","heuristic based on trophy winners (UCL, World Cup, Euros, Copa) + club prestige tier list operationalized from UEFA coefficient / revenue"
1971,1971,Wilfried Van Moer,Standard Liège,Belgium,3,1,1,0,,"{""tier"": 3, ""score"": 1, ""matched"": ""other"", ""raw"": ""Standard Li\u00e8ge""}","club_prestige_tier, market_size_proxy, signature_moment_flag are agent-inferred proxies per Requirements A.4, not sourced from post-hoc narrative articles (to avoid leakage per Key Focus Area §3)","heuristic based on trophy winners (UCL, World Cup, Euros, Copa) + club prestige tier list operationalized from UEFA coefficient / revenue"
1971,1971,Bobby Charlton,Manchester United,England,1,3,3,0,,"{""tier"": 1, ""score"": 3, ""matched"": ""Manchester United"", ""raw"": ""Manchester United""}","club_prestige_tier, market_size_proxy, signature_moment_flag are agent-inferred proxies per Requirements A.4, not sourced from post-hoc narrative articles (to avoid leakage per Key Focus Area §3)","heuristic based on trophy winners (UCL, World Cup, Euros, Copa) + club prestige tier list operationalized from UEFA coefficient / revenue"
1971,1971,Albert Shesternyov,CSKA Moscow,Soviet Union,3,1,1,0,,"{""tier"": 3, ""score"": 1, ""matched"": ""other"", ""raw"": ""CSKA Moscow""}","club_prestige_tier, market_size_proxy, signature_moment_flag are agent-inferred proxies per Requirements A.4, not sourced from post-hoc narrative articles (to avoid leakage per Key Focus Area §3)","heuristic based on trophy winners (UCL, World Cup, Euros, Copa) + club prestige tier list operationalized from UEFA coefficient / revenue"
1972,1972,Franz Beckenbauer,Bayern Munich,West Germany,1,3,3,1,Euros winner 1972 country West Germany matches player's nation West Germany,"{""tier"": 1, ""score"": 3, ""matched"": ""Bayern Munich"", ""raw"": ""Bayern Munich""}","club_prestige_tier, market_size_proxy, signature_moment_flag are agent-inferred proxies per Requirements A.4, not sourced from post-hoc narrative articles (to avoid leakage per Key Focus Area §3)","heuristic based on trophy winners (UCL, World Cup, Euros, Copa) + club prestige tier list operationalized from UEFA coefficient / revenue"
1972,1972,Gerd Müller,Bayern Munich,West Germany,1,3,3,1,Euros winner 1972 country West Germany matches player's nation West Germany,"{""tier"": 1, ""score"": 3, ""matched"": ""Bayern Munich"", ""raw"": ""Bayern Munich""}","club_prestige_tier, market_size_proxy, signature_moment_flag are agent-inferred proxies per Requirements A.4, not sourced from post-hoc narrative articles (to avoid leakage per Key Focus Area §3)","heuristic based on trophy winners (UCL, World Cup, Euros, Copa) + club prestige tier list operationalized from UEFA coefficient / revenue"
1972,1972,Günter Netzer,Borussia Mönchengladbach,West Germany,2,2,2,1,Euros winner 1972 country West Germany matches player's nation West Germany,"{""tier"": 2, ""score"": 2, ""matched"": ""Borussia M\u00f6nchengladbach"", ""raw"": ""Borussia M\u00f6nchengladbach""}","club_prestige_tier, market_size_proxy, signature_moment_flag are agent-inferred proxies per Requirements A.4, not sourced from post-hoc narrative articles (to avoid leakage per Key Focus Area §3)","heuristic based on trophy winners (UCL, World Cup, Euros, Copa) + club prestige tier list operationalized from UEFA coefficient / revenue"
1972,1972,Johan Cruyff,Ajax,Netherlands,2,2,2,1,UCL winner 1972 club Ajax matches player's club Ajax,"{""tier"": 2, ""score"": 2, ""matched"": ""Ajax"", ""raw"": ""Ajax""}","club_prestige_tier, market_size_proxy, signature_moment_flag are agent-inferred proxies per Requirements A.4, not sourced from post-hoc narrative articles (to avoid leakage per Key Focus Area §3)","heuristic based on trophy winners (UCL, World Cup, Euros, Copa) + club prestige tier list operationalized from UEFA coefficient / revenue"
1972,1972,Piet Keizer,Ajax,Netherlands,2,2,2,1,UCL winner 1972 club Ajax matches player's club Ajax,"{""tier"": 2, ""score"": 2, ""matched"": ""Ajax"", ""raw"": ""Ajax""}","club_prestige_tier, market_size_proxy, signature_moment_flag are agent-inferred proxies per Requirements A.4, not sourced from post-hoc narrative articles (to avoid leakage per Key Focus Area §3)","heuristic based on trophy winners (UCL, World Cup, Euros, Copa) + club prestige tier list operationalized from UEFA coefficient / revenue"
1972,1972,Kazimierz Deyna,Legia Warsaw,Poland,3,1,1,0,,"{""tier"": 3, ""score"": 1, ""matched"": ""other"", ""raw"": ""Legia Warsaw""}","club_prestige_tier, market_size_proxy, signature_moment_flag are agent-inferred proxies per Requirements A.4, not sourced from post-hoc narrative articles (to avoid leakage per Key Focus Area §3)","heuristic based on trophy winners (UCL, World Cup, Euros, Copa) + club prestige tier list operationalized from UEFA coefficient / revenue"
1972,1972,Gordon Banks,Stoke City,England,3,1,1,0,,"{""tier"": 3, ""score"": 1, ""matched"": ""other"", ""raw"": ""Stoke City""}","club_prestige_tier, market_size_proxy, signature_moment_flag are agent-inferred proxies per Requirements A.4, not sourced from post-hoc narrative articles (to avoid leakage per Key Focus Area §3)","heuristic based on trophy winners (UCL, World Cup, Euros, Copa) + club prestige tier list operationalized from UEFA coefficient / revenue"
1972,1972,Barry Hulshoff,Ajax,Netherlands,2,2,2,1,UCL winner 1972 club Ajax matches player's club Ajax,"{""tier"": 2, ""score"": 2, ""matched"": ""Ajax"", ""raw"": ""Ajax""}","club_prestige_tier, market_size_proxy, signature_moment_flag are agent-inferred proxies per Requirements A.4, not sourced from post-hoc narrative articles (to avoid leakage per Key Focus Area §3)","heuristic based on trophy winners (UCL, World Cup, Euros, Copa) + club prestige tier list operationalized from UEFA coefficient / revenue"
1972,1972,Włodzimierz Lubański,Górnik Zabrze,Poland,3,1,1,0,,"{""tier"": 3, ""score"": 1, ""matched"": ""other"", ""raw"": ""G\u00f3rnik Zabrze""}","club_prestige_tier, market_size_proxy, signature_moment_flag are agent-inferred proxies per Requirements A.4, not sourced from post-hoc narrative articles (to avoid leakage per Key Focus Area §3)","heuristic based on trophy winners (UCL, World Cup, Euros, Copa) + club prestige tier list operationalized from UEFA coefficient / revenue"
1972,1972,Bobby Moore,West Ham United,England,2,2,2,0,,"{""tier"": 2, ""score"": 2, ""matched"": ""West Ham"", ""raw"": ""West Ham United""}","club_prestige_tier, market_size_proxy, signature_moment_flag are agent-inferred proxies per Requirements A.4, not sourced from post-hoc narrative articles (to avoid leakage per Key Focus Area §3)","heuristic based on trophy winners (UCL, World Cup, Euros, Copa) + club prestige tier list operationalized from UEFA coefficient / revenue"
1972,1972,Hristo Bonev,Lokomotiv Plovdiv,Bulgaria,3,1,1,0,,"{""tier"": 3, ""score"": 1, ""matched"": ""other"", ""raw"": ""Lokomotiv Plovdiv""}","club_prestige_tier, market_size_proxy, signature_moment_flag are agent-inferred proxies per Requirements A.4, not sourced from post-hoc narrative articles (to avoid leakage per Key Focus Area §3)","heuristic based on trophy winners (UCL, World Cup, Euros, Copa) + club prestige tier list operationalized from UEFA coefficient / revenue"
1972,1972,Murtaz Khurtsilava,Dinamo Tbilisi,Soviet Union,3,1,1,0,,"{""tier"": 3, ""score"": 1, ""matched"": ""other"", ""raw"": ""Dinamo Tbilisi""}","club_prestige_tier, market_size_proxy, signature_moment_flag are agent-inferred proxies per Requirements A.4, not sourced from post-hoc narrative articles (to avoid leakage per Key Focus Area §3)","heuristic based on trophy winners (UCL, World Cup, Euros, Copa) + club prestige tier list operationalized from UEFA coefficient / revenue"
1972,1972,Gerrie Mühren,Ajax,Netherlands,2,2,2,1,UCL winner 1972 club Ajax matches player's club Ajax,"{""tier"": 2, ""score"": 2, ""matched"": ""Ajax"", ""raw"": ""Ajax""}","club_prestige_tier, market_size_proxy, signature_moment_flag are agent-inferred proxies per Requirements A.4, not sourced from post-hoc narrative articles (to avoid leakage per Key Focus Area §3)","heuristic based on trophy winners (UCL, World Cup, Euros, Copa) + club prestige tier list operationalized from UEFA coefficient / revenue"
1972,1972,Paul Van Himst,Anderlecht,Belgium,3,1,1,0,,"{""tier"": 3, ""score"": 1, ""matched"": ""other"", ""raw"": ""Anderlecht""}","club_prestige_tier, market_size_proxy, signature_moment_flag are agent-inferred proxies per Requirements A.4, not sourced from post-hoc narrative articles (to avoid leakage per Key Focus Area §3)","heuristic based on trophy winners (UCL, World Cup, Euros, Copa) + club prestige tier list operationalized from UEFA coefficient / revenue"
1972,1972,Antal Dunai,Újpest,Hungary,3,1,1,0,,"{""tier"": 3, ""score"": 1, ""matched"": ""other"", ""raw"": ""\u00dajpest""}","club_prestige_tier, market_size_proxy, signature_moment_flag are agent-inferred proxies per Requirements A.4, not sourced from post-hoc narrative articles (to avoid leakage per Key Focus Area §3)","heuristic based on trophy winners (UCL, World Cup, Euros, Copa) + club prestige tier list operationalized from UEFA coefficient / revenue"
1972,1972,Eusébio,Benfica,Portugal,2,2,2,0,,"{""tier"": 2, ""score"": 2, ""matched"": ""Benfica"", ""raw"": ""Benfica""}","club_prestige_tier, market_size_proxy, signature_moment_flag are agent-inferred proxies per Requirements A.4, not sourced from post-hoc narrative articles (to avoid leakage per Key Focus Area §3)","heuristic based on trophy winners (UCL, World Cup, Euros, Copa) + club prestige tier list operationalized from UEFA coefficient / revenue"
1972,1972,Sandro Mazzola,Internazionale,Italy,1,3,3,0,,"{""tier"": 1, ""score"": 3, ""matched"": ""Internazionale"", ""raw"": ""Internazionale""}","club_prestige_tier, market_size_proxy, signature_moment_flag are agent-inferred proxies per Requirements A.4, not sourced from post-hoc narrative articles (to avoid leakage per Key Focus Area §3)","heuristic based on trophy winners (UCL, World Cup, Euros, Copa) + club prestige tier list operationalized from UEFA coefficient / revenue"
1972,1972,Amancio,Real Madrid,Spain,1,3,3,0,,"{""tier"": 1, ""score"": 3, ""matched"": ""Real Madrid"", ""raw"": ""Real Madrid""}","club_prestige_tier, market_size_proxy, signature_moment_flag are agent-inferred proxies per Requirements A.4, not sourced from post-hoc narrative articles (to avoid leakage per Key Focus Area §3)","heuristic based on trophy winners (UCL, World Cup, Euros, Copa) + club prestige tier list operationalized from UEFA coefficient / revenue"
1972,1972,Paul Breitner,Bayern Munich,West Germany,1,3,3,1,Euros winner 1972 country West Germany matches player's nation West Germany,"{""tier"": 1, ""score"": 3, ""matched"": ""Bayern Munich"", ""raw"": ""Bayern Munich""}","club_prestige_tier, market_size_proxy, signature_moment_flag are agent-inferred proxies per Requirements A.4, not sourced from post-hoc narrative articles (to avoid leakage per Key Focus Area §3)","heuristic based on trophy winners (UCL, World Cup, Euros, Copa) + club prestige tier list operationalized from UEFA coefficient / revenue"
1972,1972,Giorgio Chinaglia,Lazio,Italy,2,2,2,0,,"{""tier"": 2, ""score"": 2, ""matched"": ""Lazio"", ""raw"": ""Lazio""}","club_prestige_tier, market_size_proxy, signature_moment_flag are agent-inferred proxies per Requirements A.4, not sourced from post-hoc narrative articles (to avoid leakage per Key Focus Area §3)","heuristic based on trophy winners (UCL, World Cup, Euros, Copa) + club prestige tier list operationalized from UEFA coefficient / revenue"
1972,1972,Dragan Džajić,Red Star Belgrade,Yugoslavia,3,1,1,0,,"{""tier"": 3, ""score"": 1, ""matched"": ""other"", ""raw"": ""Red Star Belgrade""}","club_prestige_tier, market_size_proxy, signature_moment_flag are agent-inferred proxies per Requirements A.4, not sourced from post-hoc narrative articles (to avoid leakage per Key Focus Area §3)","heuristic based on trophy winners (UCL, World Cup, Euros, Copa) + club prestige tier list operationalized from UEFA coefficient / revenue"
1972,1972,Johnny Giles,Leeds United,Republic of Ireland,2,2,2,0,,"{""tier"": 2, ""score"": 2, ""matched"": ""Leeds United"", ""raw"": ""Leeds United""}","club_prestige_tier, market_size_proxy, signature_moment_flag are agent-inferred proxies per Requirements A.4, not sourced from post-hoc narrative articles (to avoid leakage per Key Focus Area §3)","heuristic based on trophy winners (UCL, World Cup, Euros, Copa) + club prestige tier list operationalized from UEFA coefficient / revenue"
1972,1972,John Greig,Rangers,Scotland,3,1,1,0,,"{""tier"": 3, ""score"": 1, ""matched"": ""other"", ""raw"": ""Rangers""}","club_prestige_tier, market_size_proxy, signature_moment_flag are agent-inferred proxies per Requirements A.4, not sourced from post-hoc narrative articles (to avoid leakage per Key Focus Area §3)","heuristic based on trophy winners (UCL, World Cup, Euros, Copa) + club prestige tier list operationalized from UEFA coefficient / revenue"
1972,1972,Johan Neeskens,Ajax,Netherlands,2,2,2,1,UCL winner 1972 club Ajax matches player's club Ajax,"{""tier"": 2, ""score"": 2, ""matched"": ""Ajax"", ""raw"": ""Ajax""}","club_prestige_tier, market_size_proxy, signature_moment_flag are agent-inferred proxies per Requirements A.4, not sourced from post-hoc narrative articles (to avoid leakage per Key Focus Area §3)","heuristic based on trophy winners (UCL, World Cup, Euros, Copa) + club prestige tier list operationalized from UEFA coefficient / revenue"
1972,1972,Gianni Rivera,Milan,Italy,1,3,3,0,,"{""tier"": 1, ""score"": 3, ""matched"": ""Milan"", ""raw"": ""Milan""}","club_prestige_tier, market_size_proxy, signature_moment_flag are agent-inferred proxies per Requirements A.4, not sourced from post-hoc narrative articles (to avoid leakage per Key Focus Area §3)","heuristic based on trophy winners (UCL, World Cup, Euros, Copa) + club prestige tier list operationalized from UEFA coefficient / revenue"
1972,1972,Yevhen Rudakov,Dynamo Kyiv,Soviet Union,2,2,2,0,,"{""tier"": 2, ""score"": 2, ""matched"": ""Dynamo Kyiv"", ""raw"": ""Dynamo Kyiv""}","club_prestige_tier, market_size_proxy, signature_moment_flag are agent-inferred proxies per Requirements A.4, not sourced from post-hoc narrative articles (to avoid leakage per Key Focus Area §3)","heuristic based on trophy winners (UCL, World Cup, Euros, Copa) + club prestige tier list operationalized from UEFA coefficient / revenue"
1972,1972,Marius Trésor,Marseille,France,2,2,2,0,,"{""tier"": 2, ""score"": 2, ""matched"": ""Marseille"", ""raw"": ""Marseille""}","club_prestige_tier, market_size_proxy, signature_moment_flag are agent-inferred proxies per Requirements A.4, not sourced from post-hoc narrative articles (to avoid leakage per Key Focus Area §3)","heuristic based on trophy winners (UCL, World Cup, Euros, Copa) + club prestige tier list operationalized from UEFA coefficient / revenue"
1973,1973,Johan Cruyff,Ajax Barcelona,Netherlands,1,3,3,0,,"{""tier"": 1, ""score"": 3, ""matched"": ""Barcelona"", ""raw"": ""Ajax Barcelona""}","club_prestige_tier, market_size_proxy, signature_moment_flag are agent-inferred proxies per Requirements A.4, not sourced from post-hoc narrative articles (to avoid leakage per Key Focus Area §3)","heuristic based on trophy winners (UCL, World Cup, Euros, Copa) + club prestige tier list operationalized from UEFA coefficient / revenue"
1973,1973,Dino Zoff,Juventus,Italy,1,3,3,0,,"{""tier"": 1, ""score"": 3, ""matched"": ""Juventus"", ""raw"": ""Juventus""}","club_prestige_tier, market_size_proxy, signature_moment_flag are agent-inferred proxies per Requirements A.4, not sourced from post-hoc narrative articles (to avoid leakage per Key Focus Area §3)","heuristic based on trophy winners (UCL, World Cup, Euros, Copa) + club prestige tier list operationalized from UEFA coefficient / revenue"
1973,1973,Gerd Müller,Bayern Munich,West Germany,1,3,3,1,UCL winner 1973 club Bayern Munich matches player's club Bayern Munich,"{""tier"": 1, ""score"": 3, ""matched"": ""Bayern Munich"", ""raw"": ""Bayern Munich""}","club_prestige_tier, market_size_proxy, signature_moment_flag are agent-inferred proxies per Requirements A.4, not sourced from post-hoc narrative articles (to avoid leakage per Key Focus Area §3)","heuristic based on trophy winners (UCL, World Cup, Euros, Copa) + club prestige tier list operationalized from UEFA coefficient / revenue"
1973,1973,Franz Beckenbauer,Bayern Munich,West Germany,1,3,3,1,UCL winner 1973 club Bayern Munich matches player's club Bayern Munich,"{""tier"": 1, ""score"": 3, ""matched"": ""Bayern Munich"", ""raw"": ""Bayern Munich""}","club_prestige_tier, market_size_proxy, signature_moment_flag are agent-inferred proxies per Requirements A.4, not sourced from post-hoc narrative articles (to avoid leakage per Key Focus Area §3)","heuristic based on trophy winners (UCL, World Cup, Euros, Copa) + club prestige tier list operationalized from UEFA coefficient / revenue"
1973,1973,Billy Bremner,Leeds United,Scotland,2,2,2,0,,"{""tier"": 2, ""score"": 2, ""matched"": ""Leeds United"", ""raw"": ""Leeds United""}","club_prestige_tier, market_size_proxy, signature_moment_flag are agent-inferred proxies per Requirements A.4, not sourced from post-hoc narrative articles (to avoid leakage per Key Focus Area §3)","heuristic based on trophy winners (UCL, World Cup, Euros, Copa) + club prestige tier list operationalized from UEFA coefficient / revenue"
1973,1973,Kazimierz Deyna,Legia Warsaw,Poland,3,1,1,0,,"{""tier"": 3, ""score"": 1, ""matched"": ""other"", ""raw"": ""Legia Warsaw""}","club_prestige_tier, market_size_proxy, signature_moment_flag are agent-inferred proxies per Requirements A.4, not sourced from post-hoc narrative articles (to avoid leakage per Key Focus Area §3)","heuristic based on trophy winners (UCL, World Cup, Euros, Copa) + club prestige tier list operationalized from UEFA coefficient / revenue"
1973,1973,Eusébio,Benfica,Portugal,2,2,2,0,,"{""tier"": 2, ""score"": 2, ""matched"": ""Benfica"", ""raw"": ""Benfica""}","club_prestige_tier, market_size_proxy, signature_moment_flag are agent-inferred proxies per Requirements A.4, not sourced from post-hoc narrative articles (to avoid leakage per Key Focus Area §3)","heuristic based on trophy winners (UCL, World Cup, Euros, Copa) + club prestige tier list operationalized from UEFA coefficient / revenue"
1973,1973,Gianni Rivera,Milan,Italy,1,3,3,0,,"{""tier"": 1, ""score"": 3, ""matched"": ""Milan"", ""raw"": ""Milan""}","club_prestige_tier, market_size_proxy, signature_moment_flag are agent-inferred proxies per Requirements A.4, not sourced from post-hoc narrative articles (to avoid leakage per Key Focus Area §3)","heuristic based on trophy winners (UCL, World Cup, Euros, Copa) + club prestige tier list operationalized from UEFA coefficient / revenue"
1973,1973,Ralf Edström,Åtvidabergs FF PSV Eindhoven,Sweden,3,1,1,0,,"{""tier"": 3, ""score"": 1, ""matched"": ""other"", ""raw"": ""\u00c5tvidabergs FF PSV Eindhoven""}","club_prestige_tier, market_size_proxy, signature_moment_flag are agent-inferred proxies per Requirements A.4, not sourced from post-hoc narrative articles (to avoid leakage per Key Focus Area §3)","heuristic based on trophy winners (UCL, World Cup, Euros, Copa) + club prestige tier list operationalized from UEFA coefficient / revenue"
1973,1973,Günter Netzer,Borussia Mönchengladbach Real Madrid,West Germany,1,3,3,0,,"{""tier"": 1, ""score"": 3, ""matched"": ""Real Madrid"", ""raw"": ""Borussia M\u00f6nchengladbach Real Madrid""}","club_prestige_tier, market_size_proxy, signature_moment_flag are agent-inferred proxies per Requirements A.4, not sourced from post-hoc narrative articles (to avoid leakage per Key Focus Area §3)","heuristic based on trophy winners (UCL, World Cup, Euros, Copa) + club prestige tier list operationalized from UEFA coefficient / revenue"
1973,1973,Ulrich Hoeneß,Bayern Munich,West Germany,1,3,3,1,UCL winner 1973 club Bayern Munich matches player's club Bayern Munich,"{""tier"": 1, ""score"": 3, ""matched"": ""Bayern Munich"", ""raw"": ""Bayern Munich""}","club_prestige_tier, market_size_proxy, signature_moment_flag are agent-inferred proxies per Requirements A.4, not sourced from post-hoc narrative articles (to avoid leakage per Key Focus Area §3)","heuristic based on trophy winners (UCL, World Cup, Euros, Copa) + club prestige tier list operationalized from UEFA coefficient / revenue"
1973,1973,Hristo Bonev,Lokomotiv Plovdiv,Bulgaria,3,1,1,0,,"{""tier"": 3, ""score"": 1, ""matched"": ""other"", ""raw"": ""Lokomotiv Plovdiv""}","club_prestige_tier, market_size_proxy, signature_moment_flag are agent-inferred proxies per Requirements A.4, not sourced from post-hoc narrative articles (to avoid leakage per Key Focus Area §3)","heuristic based on trophy winners (UCL, World Cup, Euros, Copa) + club prestige tier list operationalized from UEFA coefficient / revenue"
1973,1973,Giacinto Facchetti,Internazionale,Italy,1,3,3,0,,"{""tier"": 1, ""score"": 3, ""matched"": ""Internazionale"", ""raw"": ""Internazionale""}","club_prestige_tier, market_size_proxy, signature_moment_flag are agent-inferred proxies per Requirements A.4, not sourced from post-hoc narrative articles (to avoid leakage per Key Focus Area §3)","heuristic based on trophy winners (UCL, World Cup, Euros, Copa) + club prestige tier list operationalized from UEFA coefficient / revenue"
1973,1973,Juan Manuel Asensi,Barcelona,Spain,1,3,3,0,,"{""tier"": 1, ""score"": 3, ""matched"": ""Barcelona"", ""raw"": ""Barcelona""}","club_prestige_tier, market_size_proxy, signature_moment_flag are agent-inferred proxies per Requirements A.4, not sourced from post-hoc narrative articles (to avoid leakage per Key Focus Area §3)","heuristic based on trophy winners (UCL, World Cup, Euros, Copa) + club prestige tier list operationalized from UEFA coefficient / revenue"
1973,1973,Sandro Mazzola,Internazionale,Italy,1,3,3,0,,"{""tier"": 1, ""score"": 3, ""matched"": ""Internazionale"", ""raw"": ""Internazionale""}","club_prestige_tier, market_size_proxy, signature_moment_flag are agent-inferred proxies per Requirements A.4, not sourced from post-hoc narrative articles (to avoid leakage per Key Focus Area §3)","heuristic based on trophy winners (UCL, World Cup, Euros, Copa) + club prestige tier list operationalized from UEFA coefficient / revenue"
1973,1973,Jan Tomaszewski,ŁKS Łódź,Poland,3,1,1,0,,"{""tier"": 3, ""score"": 1, ""matched"": ""other"", ""raw"": ""\u0141KS \u0141\u00f3d\u017a""}","club_prestige_tier, market_size_proxy, signature_moment_flag are agent-inferred proxies per Requirements A.4, not sourced from post-hoc narrative articles (to avoid leakage per Key Focus Area §3)","heuristic based on trophy winners (UCL, World Cup, Euros, Copa) + club prestige tier list operationalized from UEFA coefficient / revenue"
1973,1973,Włodzimierz Lubański,Górnik Zabrze,Poland,3,1,1,0,,"{""tier"": 3, ""score"": 1, ""matched"": ""other"", ""raw"": ""G\u00f3rnik Zabrze""}","club_prestige_tier, market_size_proxy, signature_moment_flag are agent-inferred proxies per Requirements A.4, not sourced from post-hoc narrative articles (to avoid leakage per Key Focus Area §3)","heuristic based on trophy winners (UCL, World Cup, Euros, Copa) + club prestige tier list operationalized from UEFA coefficient / revenue"
1973,1973,Wolfgang Overath,1. FC Köln,West Germany,3,1,1,0,,"{""tier"": 3, ""score"": 1, ""matched"": ""other"", ""raw"": ""1. FC K\u00f6ln""}","club_prestige_tier, market_size_proxy, signature_moment_flag are agent-inferred proxies per Requirements A.4, not sourced from post-hoc narrative articles (to avoid leakage per Key Focus Area §3)","heuristic based on trophy winners (UCL, World Cup, Euros, Copa) + club prestige tier list operationalized from UEFA coefficient / revenue"
1973,1973,Barry Hulshoff,Ajax,Netherlands,2,2,2,0,,"{""tier"": 2, ""score"": 2, ""matched"": ""Ajax"", ""raw"": ""Ajax""}","club_prestige_tier, market_size_proxy, signature_moment_flag are agent-inferred proxies per Requirements A.4, not sourced from post-hoc narrative articles (to avoid leakage per Key Focus Area §3)","heuristic based on trophy winners (UCL, World Cup, Euros, Copa) + club prestige tier list operationalized from UEFA coefficient / revenue"
1973,1973,Hans-Jürgen Kreische,Dynamo Dresden,East Germany,3,1,1,0,,"{""tier"": 3, ""score"": 1, ""matched"": ""other"", ""raw"": ""Dynamo Dresden""}","club_prestige_tier, market_size_proxy, signature_moment_flag are agent-inferred proxies per Requirements A.4, not sourced from post-hoc narrative articles (to avoid leakage per Key Focus Area §3)","heuristic based on trophy winners (UCL, World Cup, Euros, Copa) + club prestige tier list operationalized from UEFA coefficient / revenue"
1973,1973,Bobby Moore,West Ham United,England,2,2,2,0,,"{""tier"": 2, ""score"": 2, ""matched"": ""West Ham"", ""raw"": ""West Ham United""}","club_prestige_tier, market_size_proxy, signature_moment_flag are agent-inferred proxies per Requirements A.4, not sourced from post-hoc narrative articles (to avoid leakage per Key Focus Area §3)","heuristic based on trophy winners (UCL, World Cup, Euros, Copa) + club prestige tier list operationalized from UEFA coefficient / revenue"
1973,1973,Roland Sandberg,Åtvidabergs FF 1. FC Kaiserslautern,Sweden,3,1,1,0,,"{""tier"": 3, ""score"": 1, ""matched"": ""other"", ""raw"": ""\u00c5tvidabergs FF 1. FC Kaiserslautern""}","club_prestige_tier, market_size_proxy, signature_moment_flag are agent-inferred proxies per Requirements A.4, not sourced from post-hoc narrative articles (to avoid leakage per Key Focus Area §3)","heuristic based on trophy winners (UCL, World Cup, Euros, Copa) + club prestige tier list operationalized from UEFA coefficient / revenue"
1973,1973,Vladislav Bogićević,Red Star Belgrade,Yugoslavia,3,1,1,0,,"{""tier"": 3, ""score"": 1, ""matched"": ""other"", ""raw"": ""Red Star Belgrade""}","club_prestige_tier, market_size_proxy, signature_moment_flag are agent-inferred proxies per Requirements A.4, not sourced from post-hoc narrative articles (to avoid leakage per Key Focus Area §3)","heuristic based on trophy winners (UCL, World Cup, Euros, Copa) + club prestige tier list operationalized from UEFA coefficient / revenue"
1973,1973,Dragan Džajić,Red Star Belgrade,Yugoslavia,3,1,1,0,,"{""tier"": 3, ""score"": 1, ""matched"": ""other"", ""raw"": ""Red Star Belgrade""}","club_prestige_tier, market_size_proxy, signature_moment_flag are agent-inferred proxies per Requirements A.4, not sourced from post-hoc narrative articles (to avoid leakage per Key Focus Area §3)","heuristic based on trophy winners (UCL, World Cup, Euros, Copa) + club prestige tier list operationalized from UEFA coefficient / revenue"
1973,1973,Pat Jennings,Tottenham Hotspur,Northern Ireland,2,2,2,0,,"{""tier"": 2, ""score"": 2, ""matched"": ""Tottenham Hotspur"", ""raw"": ""Tottenham Hotspur""}","club_prestige_tier, market_size_proxy, signature_moment_flag are agent-inferred proxies per Requirements A.4, not sourced from post-hoc narrative articles (to avoid leakage per Key Focus Area §3)","heuristic based on trophy winners (UCL, World Cup, Euros, Copa) + club prestige tier list operationalized from UEFA coefficient / revenue"
1973,1973,Denis Law,Manchester City,Scotland,1,3,3,0,,"{""tier"": 1, ""score"": 3, ""matched"": ""Manchester City"", ""raw"": ""Manchester City""}","club_prestige_tier, market_size_proxy, signature_moment_flag are agent-inferred proxies per Requirements A.4, not sourced from post-hoc narrative articles (to avoid leakage per Key Focus Area §3)","heuristic based on trophy winners (UCL, World Cup, Euros, Copa) + club prestige tier list operationalized from UEFA coefficient / revenue"
1973,1973,Ivo Viktor,Dukla Prague,Czechoslovakia,3,1,1,0,,"{""tier"": 3, ""score"": 1, ""matched"": ""other"", ""raw"": ""Dukla Prague""}","club_prestige_tier, market_size_proxy, signature_moment_flag are agent-inferred proxies per Requirements A.4, not sourced from post-hoc narrative articles (to avoid leakage per Key Focus Area §3)","heuristic based on trophy winners (UCL, World Cup, Euros, Copa) + club prestige tier list operationalized from UEFA coefficient / revenue"
1974,1974,Johan Cruyff,Barcelona,Netherlands,1,3,3,0,,"{""tier"": 1, ""score"": 3, ""matched"": ""Barcelona"", ""raw"": ""Barcelona""}","club_prestige_tier, market_size_proxy, signature_moment_flag are agent-inferred proxies per Requirements A.4, not sourced from post-hoc narrative articles (to avoid leakage per Key Focus Area §3)","heuristic based on trophy winners (UCL, World Cup, Euros, Copa) + club prestige tier list operationalized from UEFA coefficient / revenue"
1974,1974,Franz Beckenbauer,Bayern Munich,West Germany,1,3,3,1,UCL winner 1974 club Bayern Munich matches player's club Bayern Munich; WorldCup winner 1974 country West Germany matches player's nation West Germany,"{""tier"": 1, ""score"": 3, ""matched"": ""Bayern Munich"", ""raw"": ""Bayern Munich""}","club_prestige_tier, market_size_proxy, signature_moment_flag are agent-inferred proxies per Requirements A.4, not sourced from post-hoc narrative articles (to avoid leakage per Key Focus Area §3)","heuristic based on trophy winners (UCL, World Cup, Euros, Copa) + club prestige tier list operationalized from UEFA coefficient / revenue"
1974,1974,Kazimierz Deyna,Legia Warsaw,Poland,3,1,1,0,,"{""tier"": 3, ""score"": 1, ""matched"": ""other"", ""raw"": ""Legia Warsaw""}","club_prestige_tier, market_size_proxy, signature_moment_flag are agent-inferred proxies per Requirements A.4, not sourced from post-hoc narrative articles (to avoid leakage per Key Focus Area §3)","heuristic based on trophy winners (UCL, World Cup, Euros, Copa) + club prestige tier list operationalized from UEFA coefficient / revenue"
1974,1974,Paul Breitner,Bayern Munich,West Germany,1,3,3,1,UCL winner 1974 club Bayern Munich matches player's club Bayern Munich; WorldCup winner 1974 country West Germany matches player's nation West Germany,"{""tier"": 1, ""score"": 3, ""matched"": ""Bayern Munich"", ""raw"": ""Bayern Munich""}","club_prestige_tier, market_size_proxy, signature_moment_flag are agent-inferred proxies per Requirements A.4, not sourced from post-hoc narrative articles (to avoid leakage per Key Focus Area §3)","heuristic based on trophy winners (UCL, World Cup, Euros, Copa) + club prestige tier list operationalized from UEFA coefficient / revenue"
1974,1974,Johan Neeskens,Barcelona,Netherlands,1,3,3,0,,"{""tier"": 1, ""score"": 3, ""matched"": ""Barcelona"", ""raw"": ""Barcelona""}","club_prestige_tier, market_size_proxy, signature_moment_flag are agent-inferred proxies per Requirements A.4, not sourced from post-hoc narrative articles (to avoid leakage per Key Focus Area §3)","heuristic based on trophy winners (UCL, World Cup, Euros, Copa) + club prestige tier list operationalized from UEFA coefficient / revenue"
1974,1974,Grzegorz Lato,Stal Mielec,Poland,3,1,1,0,,"{""tier"": 3, ""score"": 1, ""matched"": ""other"", ""raw"": ""Stal Mielec""}","club_prestige_tier, market_size_proxy, signature_moment_flag are agent-inferred proxies per Requirements A.4, not sourced from post-hoc narrative articles (to avoid leakage per Key Focus Area §3)","heuristic based on trophy winners (UCL, World Cup, Euros, Copa) + club prestige tier list operationalized from UEFA coefficient / revenue"
1974,1974,Gerd Müller,Bayern Munich,West Germany,1,3,3,1,UCL winner 1974 club Bayern Munich matches player's club Bayern Munich; WorldCup winner 1974 country West Germany matches player's nation West Germany,"{""tier"": 1, ""score"": 3, ""matched"": ""Bayern Munich"", ""raw"": ""Bayern Munich""}","club_prestige_tier, market_size_proxy, signature_moment_flag are agent-inferred proxies per Requirements A.4, not sourced from post-hoc narrative articles (to avoid leakage per Key Focus Area §3)","heuristic based on trophy winners (UCL, World Cup, Euros, Copa) + club prestige tier list operationalized from UEFA coefficient / revenue"
1974,1974,Robert Gadocha,Legia Warsaw,Poland,3,1,1,0,,"{""tier"": 3, ""score"": 1, ""matched"": ""other"", ""raw"": ""Legia Warsaw""}","club_prestige_tier, market_size_proxy, signature_moment_flag are agent-inferred proxies per Requirements A.4, not sourced from post-hoc narrative articles (to avoid leakage per Key Focus Area §3)","heuristic based on trophy winners (UCL, World Cup, Euros, Copa) + club prestige tier list operationalized from UEFA coefficient / revenue"
1974,1974,Billy Bremner,Leeds United,Scotland,2,2,2,0,,"{""tier"": 2, ""score"": 2, ""matched"": ""Leeds United"", ""raw"": ""Leeds United""}","club_prestige_tier, market_size_proxy, signature_moment_flag are agent-inferred proxies per Requirements A.4, not sourced from post-hoc narrative articles (to avoid leakage per Key Focus Area §3)","heuristic based on trophy winners (UCL, World Cup, Euros, Copa) + club prestige tier list operationalized from UEFA coefficient / revenue"
1974,1974,Ralf Edström,PSV Eindhoven,Sweden,3,1,1,0,,"{""tier"": 3, ""score"": 1, ""matched"": ""other"", ""raw"": ""PSV Eindhoven""}","club_prestige_tier, market_size_proxy, signature_moment_flag are agent-inferred proxies per Requirements A.4, not sourced from post-hoc narrative articles (to avoid leakage per Key Focus Area §3)","heuristic based on trophy winners (UCL, World Cup, Euros, Copa) + club prestige tier list operationalized from UEFA coefficient / revenue"
1974,1974,Jürgen Sparwasser,1. FC Magdeburg,East Germany,3,1,1,0,,"{""tier"": 3, ""score"": 1, ""matched"": ""other"", ""raw"": ""1. FC Magdeburg""}","club_prestige_tier, market_size_proxy, signature_moment_flag are agent-inferred proxies per Requirements A.4, not sourced from post-hoc narrative articles (to avoid leakage per Key Focus Area §3)","heuristic based on trophy winners (UCL, World Cup, Euros, Copa) + club prestige tier list operationalized from UEFA coefficient / revenue"
1974,1974,Berti Vogts,Borussia Mönchengladbach,West Germany,2,2,2,1,WorldCup winner 1974 country West Germany matches player's nation West Germany,"{""tier"": 2, ""score"": 2, ""matched"": ""Borussia M\u00f6nchengladbach"", ""raw"": ""Borussia M\u00f6nchengladbach""}","club_prestige_tier, market_size_proxy, signature_moment_flag are agent-inferred proxies per Requirements A.4, not sourced from post-hoc narrative articles (to avoid leakage per Key Focus Area §3)","heuristic based on trophy winners (UCL, World Cup, Euros, Copa) + club prestige tier list operationalized from UEFA coefficient / revenue"
1974,1974,Ronnie Hellström,1. FC Kaiserslautern,Sweden,3,1,1,0,,"{""tier"": 3, ""score"": 1, ""matched"": ""other"", ""raw"": ""1. FC Kaiserslautern""}","club_prestige_tier, market_size_proxy, signature_moment_flag are agent-inferred proxies per Requirements A.4, not sourced from post-hoc narrative articles (to avoid leakage per Key Focus Area §3)","heuristic based on trophy winners (UCL, World Cup, Euros, Copa) + club prestige tier list operationalized from UEFA coefficient / revenue"
1974,1974,Jan Tomaszewski,ŁKS Łódź,Poland,3,1,1,0,,"{""tier"": 3, ""score"": 1, ""matched"": ""other"", ""raw"": ""\u0141KS \u0141\u00f3d\u017a""}","club_prestige_tier, market_size_proxy, signature_moment_flag are agent-inferred proxies per Requirements A.4, not sourced from post-hoc narrative articles (to avoid leakage per Key Focus Area §3)","heuristic based on trophy winners (UCL, World Cup, Euros, Copa) + club prestige tier list operationalized from UEFA coefficient / revenue"
1974,1974,José Altafini,Juventus,Italy,1,3,3,0,,"{""tier"": 1, ""score"": 3, ""matched"": ""Juventus"", ""raw"": ""Juventus""}","club_prestige_tier, market_size_proxy, signature_moment_flag are agent-inferred proxies per Requirements A.4, not sourced from post-hoc narrative articles (to avoid leakage per Key Focus Area §3)","heuristic based on trophy winners (UCL, World Cup, Euros, Copa) + club prestige tier list operationalized from UEFA coefficient / revenue"
1974,1974,Hristo Bonev,Lokomotiv Plovdiv,Bulgaria,3,1,1,0,,"{""tier"": 3, ""score"": 1, ""matched"": ""other"", ""raw"": ""Lokomotiv Plovdiv""}","club_prestige_tier, market_size_proxy, signature_moment_flag are agent-inferred proxies per Requirements A.4, not sourced from post-hoc narrative articles (to avoid leakage per Key Focus Area §3)","heuristic based on trophy winners (UCL, World Cup, Euros, Copa) + club prestige tier list operationalized from UEFA coefficient / revenue"
1974,1974,Jerzy Gorgoń,Górnik Zabrze,Poland,3,1,1,0,,"{""tier"": 3, ""score"": 1, ""matched"": ""other"", ""raw"": ""G\u00f3rnik Zabrze""}","club_prestige_tier, market_size_proxy, signature_moment_flag are agent-inferred proxies per Requirements A.4, not sourced from post-hoc narrative articles (to avoid leakage per Key Focus Area §3)","heuristic based on trophy winners (UCL, World Cup, Euros, Copa) + club prestige tier list operationalized from UEFA coefficient / revenue"
1974,1974,Sepp Maier,Bayern Munich,West Germany,1,3,3,1,UCL winner 1974 club Bayern Munich matches player's club Bayern Munich; WorldCup winner 1974 country West Germany matches player's nation West Germany,"{""tier"": 1, ""score"": 3, ""matched"": ""Bayern Munich"", ""raw"": ""Bayern Munich""}","club_prestige_tier, market_size_proxy, signature_moment_flag are agent-inferred proxies per Requirements A.4, not sourced from post-hoc narrative articles (to avoid leakage per Key Focus Area §3)","heuristic based on trophy winners (UCL, World Cup, Euros, Copa) + club prestige tier list operationalized from UEFA coefficient / revenue"
1974,1974,Oleg Blokhin,Dynamo Kyiv,Soviet Union,2,2,2,0,,"{""tier"": 2, ""score"": 2, ""matched"": ""Dynamo Kyiv"", ""raw"": ""Dynamo Kyiv""}","club_prestige_tier, market_size_proxy, signature_moment_flag are agent-inferred proxies per Requirements A.4, not sourced from post-hoc narrative articles (to avoid leakage per Key Focus Area §3)","heuristic based on trophy winners (UCL, World Cup, Euros, Copa) + club prestige tier list operationalized from UEFA coefficient / revenue"
1974,1974,Rainer Bonhof,Borussia Mönchengladbach,West Germany,2,2,2,1,WorldCup winner 1974 country West Germany matches player's nation West Germany,"{""tier"": 2, ""score"": 2, ""matched"": ""Borussia M\u00f6nchengladbach"", ""raw"": ""Borussia M\u00f6nchengladbach""}","club_prestige_tier, market_size_proxy, signature_moment_flag are agent-inferred proxies per Requirements A.4, not sourced from post-hoc narrative articles (to avoid leakage per Key Focus Area §3)","heuristic based on trophy winners (UCL, World Cup, Euros, Copa) + club prestige tier list operationalized from UEFA coefficient / revenue"
1974,1974,Jean-Marc Guillou,Angers,France,3,1,1,0,,"{""tier"": 3, ""score"": 1, ""matched"": ""other"", ""raw"": ""Angers""}","club_prestige_tier, market_size_proxy, signature_moment_flag are agent-inferred proxies per Requirements A.4, not sourced from post-hoc narrative articles (to avoid leakage per Key Focus Area §3)","heuristic based on trophy winners (UCL, World Cup, Euros, Copa) + club prestige tier list operationalized from UEFA coefficient / revenue"
1974,1974,Uli Hoeneß,Bayern Munich,West Germany,1,3,3,1,UCL winner 1974 club Bayern Munich matches player's club Bayern Munich; WorldCup winner 1974 country West Germany matches player's nation West Germany,"{""tier"": 1, ""score"": 3, ""matched"": ""Bayern Munich"", ""raw"": ""Bayern Munich""}","club_prestige_tier, market_size_proxy, signature_moment_flag are agent-inferred proxies per Requirements A.4, not sourced from post-hoc narrative articles (to avoid leakage per Key Focus Area §3)","heuristic based on trophy winners (UCL, World Cup, Euros, Copa) + club prestige tier list operationalized from UEFA coefficient / revenue"
1974,1974,Branko Oblak,Hajduk Split,Yugoslavia,3,1,1,0,,"{""tier"": 3, ""score"": 1, ""matched"": ""other"", ""raw"": ""Hajduk Split""}","club_prestige_tier, market_size_proxy, signature_moment_flag are agent-inferred proxies per Requirements A.4, not sourced from post-hoc narrative articles (to avoid leakage per Key Focus Area §3)","heuristic based on trophy winners (UCL, World Cup, Euros, Copa) + club prestige tier list operationalized from UEFA coefficient / revenue"
1975,1975,Oleg Blokhin,Dynamo Kyiv,Soviet Union,2,2,2,0,,"{""tier"": 2, ""score"": 2, ""matched"": ""Dynamo Kyiv"", ""raw"": ""Dynamo Kyiv""}","club_prestige_tier, market_size_proxy, signature_moment_flag are agent-inferred proxies per Requirements A.4, not sourced from post-hoc narrative articles (to avoid leakage per Key Focus Area §3)","heuristic based on trophy winners (UCL, World Cup, Euros, Copa) + club prestige tier list operationalized from UEFA coefficient / revenue"
1975,1975,Franz Beckenbauer,Bayern Munich,West Germany,1,3,3,1,UCL winner 1975 club Bayern Munich matches player's club Bayern Munich,"{""tier"": 1, ""score"": 3, ""matched"": ""Bayern Munich"", ""raw"": ""Bayern Munich""}","club_prestige_tier, market_size_proxy, signature_moment_flag are agent-inferred proxies per Requirements A.4, not sourced from post-hoc narrative articles (to avoid leakage per Key Focus Area §3)","heuristic based on trophy winners (UCL, World Cup, Euros, Copa) + club prestige tier list operationalized from UEFA coefficient / revenue"
1975,1975,Johan Cruyff,Barcelona,Netherlands,1,3,3,0,,"{""tier"": 1, ""score"": 3, ""matched"": ""Barcelona"", ""raw"": ""Barcelona""}","club_prestige_tier, market_size_proxy, signature_moment_flag are agent-inferred proxies per Requirements A.4, not sourced from post-hoc narrative articles (to avoid leakage per Key Focus Area §3)","heuristic based on trophy winners (UCL, World Cup, Euros, Copa) + club prestige tier list operationalized from UEFA coefficient / revenue"
1975,1975,Berti Vogts,Borussia Mönchengladbach,West Germany,2,2,2,0,,"{""tier"": 2, ""score"": 2, ""matched"": ""Borussia M\u00f6nchengladbach"", ""raw"": ""Borussia M\u00f6nchengladbach""}","club_prestige_tier, market_size_proxy, signature_moment_flag are agent-inferred proxies per Requirements A.4, not sourced from post-hoc narrative articles (to avoid leakage per Key Focus Area §3)","heuristic based on trophy winners (UCL, World Cup, Euros, Copa) + club prestige tier list operationalized from UEFA coefficient / revenue"
1975,1975,Sepp Maier,Bayern Munich,West Germany,1,3,3,1,UCL winner 1975 club Bayern Munich matches player's club Bayern Munich,"{""tier"": 1, ""score"": 3, ""matched"": ""Bayern Munich"", ""raw"": ""Bayern Munich""}","club_prestige_tier, market_size_proxy, signature_moment_flag are agent-inferred proxies per Requirements A.4, not sourced from post-hoc narrative articles (to avoid leakage per Key Focus Area §3)","heuristic based on trophy winners (UCL, World Cup, Euros, Copa) + club prestige tier list operationalized from UEFA coefficient / revenue"
1975,1975,Ruud Geels,Ajax,Netherlands,2,2,2,0,,"{""tier"": 2, ""score"": 2, ""matched"": ""Ajax"", ""raw"": ""Ajax""}","club_prestige_tier, market_size_proxy, signature_moment_flag are agent-inferred proxies per Requirements A.4, not sourced from post-hoc narrative articles (to avoid leakage per Key Focus Area §3)","heuristic based on trophy winners (UCL, World Cup, Euros, Copa) + club prestige tier list operationalized from UEFA coefficient / revenue"
1975,1975,Jupp Heynckes,Borussia Mönchengladbach,West Germany,2,2,2,0,,"{""tier"": 2, ""score"": 2, ""matched"": ""Borussia M\u00f6nchengladbach"", ""raw"": ""Borussia M\u00f6nchengladbach""}","club_prestige_tier, market_size_proxy, signature_moment_flag are agent-inferred proxies per Requirements A.4, not sourced from post-hoc narrative articles (to avoid leakage per Key Focus Area §3)","heuristic based on trophy winners (UCL, World Cup, Euros, Copa) + club prestige tier list operationalized from UEFA coefficient / revenue"
1975,1975,Paul Breitner,Real Madrid,West Germany,1,3,3,0,,"{""tier"": 1, ""score"": 3, ""matched"": ""Real Madrid"", ""raw"": ""Real Madrid""}","club_prestige_tier, market_size_proxy, signature_moment_flag are agent-inferred proxies per Requirements A.4, not sourced from post-hoc narrative articles (to avoid leakage per Key Focus Area §3)","heuristic based on trophy winners (UCL, World Cup, Euros, Copa) + club prestige tier list operationalized from UEFA coefficient / revenue"
1975,1975,Colin Todd,Derby County,England,3,1,1,0,,"{""tier"": 3, ""score"": 1, ""matched"": ""other"", ""raw"": ""Derby County""}","club_prestige_tier, market_size_proxy, signature_moment_flag are agent-inferred proxies per Requirements A.4, not sourced from post-hoc narrative articles (to avoid leakage per Key Focus Area §3)","heuristic based on trophy winners (UCL, World Cup, Euros, Copa) + club prestige tier list operationalized from UEFA coefficient / revenue"
1975,1975,Dudu Georgescu,Dinamo București,Romania,3,1,1,0,,"{""tier"": 3, ""score"": 1, ""matched"": ""other"", ""raw"": ""Dinamo Bucure\u0219ti""}","club_prestige_tier, market_size_proxy, signature_moment_flag are agent-inferred proxies per Requirements A.4, not sourced from post-hoc narrative articles (to avoid leakage per Key Focus Area §3)","heuristic based on trophy winners (UCL, World Cup, Euros, Copa) + club prestige tier list operationalized from UEFA coefficient / revenue"
1975,1975,Peter Lorimer,Leeds United,Scotland,2,2,2,0,,"{""tier"": 2, ""score"": 2, ""matched"": ""Leeds United"", ""raw"": ""Leeds United""}","club_prestige_tier, market_size_proxy, signature_moment_flag are agent-inferred proxies per Requirements A.4, not sourced from post-hoc narrative articles (to avoid leakage per Key Focus Area §3)","heuristic based on trophy winners (UCL, World Cup, Euros, Copa) + club prestige tier list operationalized from UEFA coefficient / revenue"
1975,1975,Branko Oblak,Schalke 04,Yugoslavia,2,2,2,0,,"{""tier"": 2, ""score"": 2, ""matched"": ""Schalke"", ""raw"": ""Schalke 04""}","club_prestige_tier, market_size_proxy, signature_moment_flag are agent-inferred proxies per Requirements A.4, not sourced from post-hoc narrative articles (to avoid leakage per Key Focus Area §3)","heuristic based on trophy winners (UCL, World Cup, Euros, Copa) + club prestige tier list operationalized from UEFA coefficient / revenue"
1975,1975,Pirri,Real Madrid,Spain,1,3,3,0,,"{""tier"": 1, ""score"": 3, ""matched"": ""Real Madrid"", ""raw"": ""Real Madrid""}","club_prestige_tier, market_size_proxy, signature_moment_flag are agent-inferred proxies per Requirements A.4, not sourced from post-hoc narrative articles (to avoid leakage per Key Focus Area §3)","heuristic based on trophy winners (UCL, World Cup, Euros, Copa) + club prestige tier list operationalized from UEFA coefficient / revenue"
1975,1975,Ralf Edström,PSV Eindhoven,Sweden,3,1,1,0,,"{""tier"": 3, ""score"": 1, ""matched"": ""other"", ""raw"": ""PSV Eindhoven""}","club_prestige_tier, market_size_proxy, signature_moment_flag are agent-inferred proxies per Requirements A.4, not sourced from post-hoc narrative articles (to avoid leakage per Key Focus Area §3)","heuristic based on trophy winners (UCL, World Cup, Euros, Copa) + club prestige tier list operationalized from UEFA coefficient / revenue"
1975,1975,Günter Netzer,Real Madrid,West Germany,1,3,3,0,,"{""tier"": 1, ""score"": 3, ""matched"": ""Real Madrid"", ""raw"": ""Real Madrid""}","club_prestige_tier, market_size_proxy, signature_moment_flag are agent-inferred proxies per Requirements A.4, not sourced from post-hoc narrative articles (to avoid leakage per Key Focus Area §3)","heuristic based on trophy winners (UCL, World Cup, Euros, Copa) + club prestige tier list operationalized from UEFA coefficient / revenue"
1975,1975,Dino Zoff,Juventus,Italy,1,3,3,0,,"{""tier"": 1, ""score"": 3, ""matched"": ""Juventus"", ""raw"": ""Juventus""}","club_prestige_tier, market_size_proxy, signature_moment_flag are agent-inferred proxies per Requirements A.4, not sourced from post-hoc narrative articles (to avoid leakage per Key Focus Area §3)","heuristic based on trophy winners (UCL, World Cup, Euros, Copa) + club prestige tier list operationalized from UEFA coefficient / revenue"
1975,1975,Hristo Bonev,Lokomotiv Plovdiv,Bulgaria,3,1,1,0,,"{""tier"": 3, ""score"": 1, ""matched"": ""other"", ""raw"": ""Lokomotiv Plovdiv""}","club_prestige_tier, market_size_proxy, signature_moment_flag are agent-inferred proxies per Requirements A.4, not sourced from post-hoc narrative articles (to avoid leakage per Key Focus Area §3)","heuristic based on trophy winners (UCL, World Cup, Euros, Copa) + club prestige tier list operationalized from UEFA coefficient / revenue"
1975,1975,Josip Katalinski,Nice,Yugoslavia,3,1,1,0,,"{""tier"": 3, ""score"": 1, ""matched"": ""other"", ""raw"": ""Nice""}","club_prestige_tier, market_size_proxy, signature_moment_flag are agent-inferred proxies per Requirements A.4, not sourced from post-hoc narrative articles (to avoid leakage per Key Focus Area §3)","heuristic based on trophy winners (UCL, World Cup, Euros, Copa) + club prestige tier list operationalized from UEFA coefficient / revenue"
1975,1975,Grzegorz Lato,Stal Mielec,Poland,3,1,1,0,,"{""tier"": 3, ""score"": 1, ""matched"": ""other"", ""raw"": ""Stal Mielec""}","club_prestige_tier, market_size_proxy, signature_moment_flag are agent-inferred proxies per Requirements A.4, not sourced from post-hoc narrative articles (to avoid leakage per Key Focus Area §3)","heuristic based on trophy winners (UCL, World Cup, Euros, Copa) + club prestige tier list operationalized from UEFA coefficient / revenue"
1975,1975,Gerd Müller,Bayern Munich,West Germany,1,3,3,1,UCL winner 1975 club Bayern Munich matches player's club Bayern Munich,"{""tier"": 1, ""score"": 3, ""matched"": ""Bayern Munich"", ""raw"": ""Bayern Munich""}","club_prestige_tier, market_size_proxy, signature_moment_flag are agent-inferred proxies per Requirements A.4, not sourced from post-hoc narrative articles (to avoid leakage per Key Focus Area §3)","heuristic based on trophy winners (UCL, World Cup, Euros, Copa) + club prestige tier list operationalized from UEFA coefficient / revenue"
1975,1975,Ivo Viktor,Dukla Prague,Czechoslovakia,3,1,1,0,,"{""tier"": 3, ""score"": 1, ""matched"": ""other"", ""raw"": ""Dukla Prague""}","club_prestige_tier, market_size_proxy, signature_moment_flag are agent-inferred proxies per Requirements A.4, not sourced from post-hoc narrative articles (to avoid leakage per Key Focus Area §3)","heuristic based on trophy winners (UCL, World Cup, Euros, Copa) + club prestige tier list operationalized from UEFA coefficient / revenue"
1975,1975,Ján Pivarník,Slovan Bratislava,Czechoslovakia,3,1,1,0,,"{""tier"": 3, ""score"": 1, ""matched"": ""other"", ""raw"": ""Slovan Bratislava""}","club_prestige_tier, market_size_proxy, signature_moment_flag are agent-inferred proxies per Requirements A.4, not sourced from post-hoc narrative articles (to avoid leakage per Key Focus Area §3)","heuristic based on trophy winners (UCL, World Cup, Euros, Copa) + club prestige tier list operationalized from UEFA coefficient / revenue"
1975,1975,Leonid Buryak,Dynamo Kyiv,Soviet Union,2,2,2,0,,"{""tier"": 2, ""score"": 2, ""matched"": ""Dynamo Kyiv"", ""raw"": ""Dynamo Kyiv""}","club_prestige_tier, market_size_proxy, signature_moment_flag are agent-inferred proxies per Requirements A.4, not sourced from post-hoc narrative articles (to avoid leakage per Key Focus Area §3)","heuristic based on trophy winners (UCL, World Cup, Euros, Copa) + club prestige tier list operationalized from UEFA coefficient / revenue"
1975,1975,Jürgen Croy,Sachsenring Zwickau,East Germany,3,1,1,0,,"{""tier"": 3, ""score"": 1, ""matched"": ""other"", ""raw"": ""Sachsenring Zwickau""}","club_prestige_tier, market_size_proxy, signature_moment_flag are agent-inferred proxies per Requirements A.4, not sourced from post-hoc narrative articles (to avoid leakage per Key Focus Area §3)","heuristic based on trophy winners (UCL, World Cup, Euros, Copa) + club prestige tier list operationalized from UEFA coefficient / revenue"
1975,1975,Johan Neeskens,Barcelona,Netherlands,1,3,3,0,,"{""tier"": 1, ""score"": 3, ""matched"": ""Barcelona"", ""raw"": ""Barcelona""}","club_prestige_tier, market_size_proxy, signature_moment_flag are agent-inferred proxies per Requirements A.4, not sourced from post-hoc narrative articles (to avoid leakage per Key Focus Area §3)","heuristic based on trophy winners (UCL, World Cup, Euros, Copa) + club prestige tier list operationalized from UEFA coefficient / revenue"
1975,1975,Jean-Marc Guillou,Nice,France,3,1,1,0,,"{""tier"": 3, ""score"": 1, ""matched"": ""other"", ""raw"": ""Nice""}","club_prestige_tier, market_size_proxy, signature_moment_flag are agent-inferred proxies per Requirements A.4, not sourced from post-hoc narrative articles (to avoid leakage per Key Focus Area §3)","heuristic based on trophy winners (UCL, World Cup, Euros, Copa) + club prestige tier list operationalized from UEFA coefficient / revenue"
1975,1975,João Alves,Boavista,Portugal,3,1,1,0,,"{""tier"": 3, ""score"": 1, ""matched"": ""other"", ""raw"": ""Boavista""}","club_prestige_tier, market_size_proxy, signature_moment_flag are agent-inferred proxies per Requirements A.4, not sourced from post-hoc narrative articles (to avoid leakage per Key Focus Area §3)","heuristic based on trophy winners (UCL, World Cup, Euros, Copa) + club prestige tier list operationalized from UEFA coefficient / revenue"
1975,1975,Dragan Džajić,Bastia,Yugoslavia,3,1,1,0,,"{""tier"": 3, ""score"": 1, ""matched"": ""other"", ""raw"": ""Bastia""}","club_prestige_tier, market_size_proxy, signature_moment_flag are agent-inferred proxies per Requirements A.4, not sourced from post-hoc narrative articles (to avoid leakage per Key Focus Area §3)","heuristic based on trophy winners (UCL, World Cup, Euros, Copa) + club prestige tier list operationalized from UEFA coefficient / revenue"
1975,1975,Giacinto Facchetti,Internazionale,Italy,1,3,3,0,,"{""tier"": 1, ""score"": 3, ""matched"": ""Internazionale"", ""raw"": ""Internazionale""}","club_prestige_tier, market_size_proxy, signature_moment_flag are agent-inferred proxies per Requirements A.4, not sourced from post-hoc narrative articles (to avoid leakage per Key Focus Area §3)","heuristic based on trophy winners (UCL, World Cup, Euros, Copa) + club prestige tier list operationalized from UEFA coefficient / revenue"
1975,1975,Don Givens,Queens Park Rangers,Republic of Ireland,3,1,1,0,,"{""tier"": 3, ""score"": 1, ""matched"": ""other"", ""raw"": ""Queens Park Rangers""}","club_prestige_tier, market_size_proxy, signature_moment_flag are agent-inferred proxies per Requirements A.4, not sourced from post-hoc narrative articles (to avoid leakage per Key Focus Area §3)","heuristic based on trophy winners (UCL, World Cup, Euros, Copa) + club prestige tier list operationalized from UEFA coefficient / revenue"
1975,1975,Pat Jennings,Tottenham Hotspur,Northern Ireland,2,2,2,0,,"{""tier"": 2, ""score"": 2, ""matched"": ""Tottenham Hotspur"", ""raw"": ""Tottenham Hotspur""}","club_prestige_tier, market_size_proxy, signature_moment_flag are agent-inferred proxies per Requirements A.4, not sourced from post-hoc narrative articles (to avoid leakage per Key Focus Area §3)","heuristic based on trophy winners (UCL, World Cup, Euros, Copa) + club prestige tier list operationalized from UEFA coefficient / revenue"
1975,1975,Allan Simonsen,Borussia Mönchengladbach,Denmark,2,2,2,0,,"{""tier"": 2, ""score"": 2, ""matched"": ""Borussia M\u00f6nchengladbach"", ""raw"": ""Borussia M\u00f6nchengladbach""}","club_prestige_tier, market_size_proxy, signature_moment_flag are agent-inferred proxies per Requirements A.4, not sourced from post-hoc narrative articles (to avoid leakage per Key Focus Area §3)","heuristic based on trophy winners (UCL, World Cup, Euros, Copa) + club prestige tier list operationalized from UEFA coefficient / revenue"
1976,1976,Franz Beckenbauer,Bayern Munich,West Germany,1,3,3,0,,"{""tier"": 1, ""score"": 3, ""matched"": ""Bayern Munich"", ""raw"": ""Bayern Munich""}","club_prestige_tier, market_size_proxy, signature_moment_flag are agent-inferred proxies per Requirements A.4, not sourced from post-hoc narrative articles (to avoid leakage per Key Focus Area §3)","heuristic based on trophy winners (UCL, World Cup, Euros, Copa) + club prestige tier list operationalized from UEFA coefficient / revenue"
1976,1976,Rob Rensenbrink,Anderlecht,Netherlands,3,1,1,0,,"{""tier"": 3, ""score"": 1, ""matched"": ""other"", ""raw"": ""Anderlecht""}","club_prestige_tier, market_size_proxy, signature_moment_flag are agent-inferred proxies per Requirements A.4, not sourced from post-hoc narrative articles (to avoid leakage per Key Focus Area §3)","heuristic based on trophy winners (UCL, World Cup, Euros, Copa) + club prestige tier list operationalized from UEFA coefficient / revenue"
1976,1976,Ivo Viktor,Dukla Prague,Czechoslovakia,3,1,1,1,Euros winner 1976 country Czechoslovakia matches player's nation Czechoslovakia,"{""tier"": 3, ""score"": 1, ""matched"": ""other"", ""raw"": ""Dukla Prague""}","club_prestige_tier, market_size_proxy, signature_moment_flag are agent-inferred proxies per Requirements A.4, not sourced from post-hoc narrative articles (to avoid leakage per Key Focus Area §3)","heuristic based on trophy winners (UCL, World Cup, Euros, Copa) + club prestige tier list operationalized from UEFA coefficient / revenue"
1976,1976,Kevin Keegan,Liverpool,England,1,3,3,1,UCL winner 1976 club Liverpool matches player's club Liverpool,"{""tier"": 1, ""score"": 3, ""matched"": ""Liverpool"", ""raw"": ""Liverpool""}","club_prestige_tier, market_size_proxy, signature_moment_flag are agent-inferred proxies per Requirements A.4, not sourced from post-hoc narrative articles (to avoid leakage per Key Focus Area §3)","heuristic based on trophy winners (UCL, World Cup, Euros, Copa) + club prestige tier list operationalized from UEFA coefficient / revenue"
1976,1976,Michel Platini,Nancy,France,3,1,1,0,,"{""tier"": 3, ""score"": 1, ""matched"": ""other"", ""raw"": ""Nancy""}","club_prestige_tier, market_size_proxy, signature_moment_flag are agent-inferred proxies per Requirements A.4, not sourced from post-hoc narrative articles (to avoid leakage per Key Focus Area §3)","heuristic based on trophy winners (UCL, World Cup, Euros, Copa) + club prestige tier list operationalized from UEFA coefficient / revenue"
1976,1976,Anton Ondruš,Slovan Bratislava,Czechoslovakia,3,1,1,1,Euros winner 1976 country Czechoslovakia matches player's nation Czechoslovakia,"{""tier"": 3, ""score"": 1, ""matched"": ""other"", ""raw"": ""Slovan Bratislava""}","club_prestige_tier, market_size_proxy, signature_moment_flag are agent-inferred proxies per Requirements A.4, not sourced from post-hoc narrative articles (to avoid leakage per Key Focus Area §3)","heuristic based on trophy winners (UCL, World Cup, Euros, Copa) + club prestige tier list operationalized from UEFA coefficient / revenue"
1976,1976,Johan Cruyff,Barcelona,Netherlands,1,3,3,0,,"{""tier"": 1, ""score"": 3, ""matched"": ""Barcelona"", ""raw"": ""Barcelona""}","club_prestige_tier, market_size_proxy, signature_moment_flag are agent-inferred proxies per Requirements A.4, not sourced from post-hoc narrative articles (to avoid leakage per Key Focus Area §3)","heuristic based on trophy winners (UCL, World Cup, Euros, Copa) + club prestige tier list operationalized from UEFA coefficient / revenue"
1976,1976,Ivan Ćurković,Saint-Étienne,Yugoslavia,3,1,1,0,,"{""tier"": 3, ""score"": 1, ""matched"": ""other"", ""raw"": ""Saint-\u00c9tienne""}","club_prestige_tier, market_size_proxy, signature_moment_flag are agent-inferred proxies per Requirements A.4, not sourced from post-hoc narrative articles (to avoid leakage per Key Focus Area §3)","heuristic based on trophy winners (UCL, World Cup, Euros, Copa) + club prestige tier list operationalized from UEFA coefficient / revenue"
1976,1976,Rainer Bonhof,Borussia Mönchengladbach,West Germany,2,2,2,0,,"{""tier"": 2, ""score"": 2, ""matched"": ""Borussia M\u00f6nchengladbach"", ""raw"": ""Borussia M\u00f6nchengladbach""}","club_prestige_tier, market_size_proxy, signature_moment_flag are agent-inferred proxies per Requirements A.4, not sourced from post-hoc narrative articles (to avoid leakage per Key Focus Area §3)","heuristic based on trophy winners (UCL, World Cup, Euros, Copa) + club prestige tier list operationalized from UEFA coefficient / revenue"
1976,1976,Gerd Müller,Bayern Munich,West Germany,1,3,3,0,,"{""tier"": 1, ""score"": 3, ""matched"": ""Bayern Munich"", ""raw"": ""Bayern Munich""}","club_prestige_tier, market_size_proxy, signature_moment_flag are agent-inferred proxies per Requirements A.4, not sourced from post-hoc narrative articles (to avoid leakage per Key Focus Area §3)","heuristic based on trophy winners (UCL, World Cup, Euros, Copa) + club prestige tier list operationalized from UEFA coefficient / revenue"
1976,1976,Marián Masný,Slovan Bratislava,Czechoslovakia,3,1,1,1,Euros winner 1976 country Czechoslovakia matches player's nation Czechoslovakia,"{""tier"": 3, ""score"": 1, ""matched"": ""other"", ""raw"": ""Slovan Bratislava""}","club_prestige_tier, market_size_proxy, signature_moment_flag are agent-inferred proxies per Requirements A.4, not sourced from post-hoc narrative articles (to avoid leakage per Key Focus Area §3)","heuristic based on trophy winners (UCL, World Cup, Euros, Copa) + club prestige tier list operationalized from UEFA coefficient / revenue"
1976,1976,Franco Causio,Juventus,Italy,1,3,3,0,,"{""tier"": 1, ""score"": 3, ""matched"": ""Juventus"", ""raw"": ""Juventus""}","club_prestige_tier, market_size_proxy, signature_moment_flag are agent-inferred proxies per Requirements A.4, not sourced from post-hoc narrative articles (to avoid leakage per Key Focus Area §3)","heuristic based on trophy winners (UCL, World Cup, Euros, Copa) + club prestige tier list operationalized from UEFA coefficient / revenue"
1976,1976,Berti Vogts,Borussia Mönchengladbach,West Germany,2,2,2,0,,"{""tier"": 2, ""score"": 2, ""matched"": ""Borussia M\u00f6nchengladbach"", ""raw"": ""Borussia M\u00f6nchengladbach""}","club_prestige_tier, market_size_proxy, signature_moment_flag are agent-inferred proxies per Requirements A.4, not sourced from post-hoc narrative articles (to avoid leakage per Key Focus Area §3)","heuristic based on trophy winners (UCL, World Cup, Euros, Copa) + club prestige tier list operationalized from UEFA coefficient / revenue"
1976,1976,Tibor Nyilasi,Ferencváros,Hungary,2,2,2,0,,"{""tier"": 2, ""score"": 2, ""matched"": ""Ferencv\u00e1ros"", ""raw"": ""Ferencv\u00e1ros""}","club_prestige_tier, market_size_proxy, signature_moment_flag are agent-inferred proxies per Requirements A.4, not sourced from post-hoc narrative articles (to avoid leakage per Key Focus Area §3)","heuristic based on trophy winners (UCL, World Cup, Euros, Copa) + club prestige tier list operationalized from UEFA coefficient / revenue"
1976,1976,Roberto Bettega,Juventus,Italy,1,3,3,0,,"{""tier"": 1, ""score"": 3, ""matched"": ""Juventus"", ""raw"": ""Juventus""}","club_prestige_tier, market_size_proxy, signature_moment_flag are agent-inferred proxies per Requirements A.4, not sourced from post-hoc narrative articles (to avoid leakage per Key Focus Area §3)","heuristic based on trophy winners (UCL, World Cup, Euros, Copa) + club prestige tier list operationalized from UEFA coefficient / revenue"
1976,1976,Jürgen Croy,Sachsenring Zwickau,East Germany,3,1,1,0,,"{""tier"": 3, ""score"": 1, ""matched"": ""other"", ""raw"": ""Sachsenring Zwickau""}","club_prestige_tier, market_size_proxy, signature_moment_flag are agent-inferred proxies per Requirements A.4, not sourced from post-hoc narrative articles (to avoid leakage per Key Focus Area §3)","heuristic based on trophy winners (UCL, World Cup, Euros, Copa) + club prestige tier list operationalized from UEFA coefficient / revenue"
1976,1976,Dudu Georgescu,Dinamo București,Romania,3,1,1,0,,"{""tier"": 3, ""score"": 1, ""matched"": ""other"", ""raw"": ""Dinamo Bucure\u0219ti""}","club_prestige_tier, market_size_proxy, signature_moment_flag are agent-inferred proxies per Requirements A.4, not sourced from post-hoc narrative articles (to avoid leakage per Key Focus Area §3)","heuristic based on trophy winners (UCL, World Cup, Euros, Copa) + club prestige tier list operationalized from UEFA coefficient / revenue"
1976,1976,Jaroslav Pollák,VSS Košice,Czechoslovakia,3,1,1,1,Euros winner 1976 country Czechoslovakia matches player's nation Czechoslovakia,"{""tier"": 3, ""score"": 1, ""matched"": ""other"", ""raw"": ""VSS Ko\u0161ice""}","club_prestige_tier, market_size_proxy, signature_moment_flag are agent-inferred proxies per Requirements A.4, not sourced from post-hoc narrative articles (to avoid leakage per Key Focus Area §3)","heuristic based on trophy winners (UCL, World Cup, Euros, Copa) + club prestige tier list operationalized from UEFA coefficient / revenue"
1976,1976,Oleg Blokhin,Dinamo Kyiv,Soviet Union,3,1,1,0,,"{""tier"": 3, ""score"": 1, ""matched"": ""other"", ""raw"": ""Dinamo Kyiv""}","club_prestige_tier, market_size_proxy, signature_moment_flag are agent-inferred proxies per Requirements A.4, not sourced from post-hoc narrative articles (to avoid leakage per Key Focus Area §3)","heuristic based on trophy winners (UCL, World Cup, Euros, Copa) + club prestige tier list operationalized from UEFA coefficient / revenue"
1976,1976,Joachim Streich,1. FC Magdeburg,East Germany,3,1,1,0,,"{""tier"": 3, ""score"": 1, ""matched"": ""other"", ""raw"": ""1. FC Magdeburg""}","club_prestige_tier, market_size_proxy, signature_moment_flag are agent-inferred proxies per Requirements A.4, not sourced from post-hoc narrative articles (to avoid leakage per Key Focus Area §3)","heuristic based on trophy winners (UCL, World Cup, Euros, Copa) + club prestige tier list operationalized from UEFA coefficient / revenue"
1976,1976,Gérard Janvion,Saint-Étienne,France,3,1,1,0,,"{""tier"": 3, ""score"": 1, ""matched"": ""other"", ""raw"": ""Saint-\u00c9tienne""}","club_prestige_tier, market_size_proxy, signature_moment_flag are agent-inferred proxies per Requirements A.4, not sourced from post-hoc narrative articles (to avoid leakage per Key Focus Area §3)","heuristic based on trophy winners (UCL, World Cup, Euros, Copa) + club prestige tier list operationalized from UEFA coefficient / revenue"
1976,1976,Dieter Müller,1. FC Köln,West Germany,3,1,1,0,,"{""tier"": 3, ""score"": 1, ""matched"": ""other"", ""raw"": ""1. FC K\u00f6ln""}","club_prestige_tier, market_size_proxy, signature_moment_flag are agent-inferred proxies per Requirements A.4, not sourced from post-hoc narrative articles (to avoid leakage per Key Focus Area §3)","heuristic based on trophy winners (UCL, World Cup, Euros, Copa) + club prestige tier list operationalized from UEFA coefficient / revenue"
1976,1976,Dominique Rocheteau,Saint-Étienne,France,3,1,1,0,,"{""tier"": 3, ""score"": 1, ""matched"": ""other"", ""raw"": ""Saint-\u00c9tienne""}","club_prestige_tier, market_size_proxy, signature_moment_flag are agent-inferred proxies per Requirements A.4, not sourced from post-hoc narrative articles (to avoid leakage per Key Focus Area §3)","heuristic based on trophy winners (UCL, World Cup, Euros, Copa) + club prestige tier list operationalized from UEFA coefficient / revenue"
1976,1976,Santillana,Real Madrid,Spain,1,3,3,0,,"{""tier"": 1, ""score"": 3, ""matched"": ""Real Madrid"", ""raw"": ""Real Madrid""}","club_prestige_tier, market_size_proxy, signature_moment_flag are agent-inferred proxies per Requirements A.4, not sourced from post-hoc narrative articles (to avoid leakage per Key Focus Area §3)","heuristic based on trophy winners (UCL, World Cup, Euros, Copa) + club prestige tier list operationalized from UEFA coefficient / revenue"
1976,1976,Benny Wendt,Tennis Borussia Berlin,Sweden,3,1,1,0,,"{""tier"": 3, ""score"": 1, ""matched"": ""other"", ""raw"": ""Tennis Borussia Berlin""}","club_prestige_tier, market_size_proxy, signature_moment_flag are agent-inferred proxies per Requirements A.4, not sourced from post-hoc narrative articles (to avoid leakage per Key Focus Area §3)","heuristic based on trophy winners (UCL, World Cup, Euros, Copa) + club prestige tier list operationalized from UEFA coefficient / revenue"
1976,1976,Dominique Bathenay,Saint-Étienne,France,3,1,1,0,,"{""tier"": 3, ""score"": 1, ""matched"": ""other"", ""raw"": ""Saint-\u00c9tienne""}","club_prestige_tier, market_size_proxy, signature_moment_flag are agent-inferred proxies per Requirements A.4, not sourced from post-hoc narrative articles (to avoid leakage per Key Focus Area §3)","heuristic based on trophy winners (UCL, World Cup, Euros, Copa) + club prestige tier list operationalized from UEFA coefficient / revenue"
1976,1976,Jupp Heynckes,Borussia Mönchengladbach,West Germany,2,2,2,0,,"{""tier"": 2, ""score"": 2, ""matched"": ""Borussia M\u00f6nchengladbach"", ""raw"": ""Borussia M\u00f6nchengladbach""}","club_prestige_tier, market_size_proxy, signature_moment_flag are agent-inferred proxies per Requirements A.4, not sourced from post-hoc narrative articles (to avoid leakage per Key Focus Area §3)","heuristic based on trophy winners (UCL, World Cup, Euros, Copa) + club prestige tier list operationalized from UEFA coefficient / revenue"
1976,1976,Ali Kemal,Trabzonspor,Turkey,3,1,1,0,,"{""tier"": 3, ""score"": 1, ""matched"": ""other"", ""raw"": ""Trabzonspor""}","club_prestige_tier, market_size_proxy, signature_moment_flag are agent-inferred proxies per Requirements A.4, not sourced from post-hoc narrative articles (to avoid leakage per Key Focus Area §3)","heuristic based on trophy winners (UCL, World Cup, Euros, Copa) + club prestige tier list operationalized from UEFA coefficient / revenue"
1976,1976,Dino Zoff,Juventus,Italy,1,3,3,0,,"{""tier"": 1, ""score"": 3, ""matched"": ""Juventus"", ""raw"": ""Juventus""}","club_prestige_tier, market_size_proxy, signature_moment_flag are agent-inferred proxies per Requirements A.4, not sourced from post-hoc narrative articles (to avoid leakage per Key Focus Area §3)","heuristic based on trophy winners (UCL, World Cup, Euros, Copa) + club prestige tier list operationalized from UEFA coefficient / revenue"
1977,1977,Allan Simonsen,Borussia Mönchengladbach,Denmark,2,2,2,0,,"{""tier"": 2, ""score"": 2, ""matched"": ""Borussia M\u00f6nchengladbach"", ""raw"": ""Borussia M\u00f6nchengladbach""}","club_prestige_tier, market_size_proxy, signature_moment_flag are agent-inferred proxies per Requirements A.4, not sourced from post-hoc narrative articles (to avoid leakage per Key Focus Area §3)","heuristic based on trophy winners (UCL, World Cup, Euros, Copa) + club prestige tier list operationalized from UEFA coefficient / revenue"
1977,1977,Kevin Keegan,Liverpool Hamburger SV,England,1,3,3,1,UCL winner 1977 club Liverpool matches player's club Liverpool Hamburger SV,"{""tier"": 1, ""score"": 3, ""matched"": ""Liverpool"", ""raw"": ""Liverpool Hamburger SV""}","club_prestige_tier, market_size_proxy, signature_moment_flag are agent-inferred proxies per Requirements A.4, not sourced from post-hoc narrative articles (to avoid leakage per Key Focus Area §3)","heuristic based on trophy winners (UCL, World Cup, Euros, Copa) + club prestige tier list operationalized from UEFA coefficient / revenue"
1977,1977,Michel Platini,Nancy,France,3,1,1,0,,"{""tier"": 3, ""score"": 1, ""matched"": ""other"", ""raw"": ""Nancy""}","club_prestige_tier, market_size_proxy, signature_moment_flag are agent-inferred proxies per Requirements A.4, not sourced from post-hoc narrative articles (to avoid leakage per Key Focus Area §3)","heuristic based on trophy winners (UCL, World Cup, Euros, Copa) + club prestige tier list operationalized from UEFA coefficient / revenue"
1977,1977,Roberto Bettega,Juventus,Italy,1,3,3,0,,"{""tier"": 1, ""score"": 3, ""matched"": ""Juventus"", ""raw"": ""Juventus""}","club_prestige_tier, market_size_proxy, signature_moment_flag are agent-inferred proxies per Requirements A.4, not sourced from post-hoc narrative articles (to avoid leakage per Key Focus Area §3)","heuristic based on trophy winners (UCL, World Cup, Euros, Copa) + club prestige tier list operationalized from UEFA coefficient / revenue"
1977,1977,Johan Cruyff,Barcelona,Netherlands,1,3,3,0,,"{""tier"": 1, ""score"": 3, ""matched"": ""Barcelona"", ""raw"": ""Barcelona""}","club_prestige_tier, market_size_proxy, signature_moment_flag are agent-inferred proxies per Requirements A.4, not sourced from post-hoc narrative articles (to avoid leakage per Key Focus Area §3)","heuristic based on trophy winners (UCL, World Cup, Euros, Copa) + club prestige tier list operationalized from UEFA coefficient / revenue"
1977,1977,Klaus Fischer,Schalke 04,West Germany,2,2,2,0,,"{""tier"": 2, ""score"": 2, ""matched"": ""Schalke"", ""raw"": ""Schalke 04""}","club_prestige_tier, market_size_proxy, signature_moment_flag are agent-inferred proxies per Requirements A.4, not sourced from post-hoc narrative articles (to avoid leakage per Key Focus Area §3)","heuristic based on trophy winners (UCL, World Cup, Euros, Copa) + club prestige tier list operationalized from UEFA coefficient / revenue"
1977,1977,Tibor Nyilasi,Ferencváros,Hungary,2,2,2,0,,"{""tier"": 2, ""score"": 2, ""matched"": ""Ferencv\u00e1ros"", ""raw"": ""Ferencv\u00e1ros""}","club_prestige_tier, market_size_proxy, signature_moment_flag are agent-inferred proxies per Requirements A.4, not sourced from post-hoc narrative articles (to avoid leakage per Key Focus Area §3)","heuristic based on trophy winners (UCL, World Cup, Euros, Copa) + club prestige tier list operationalized from UEFA coefficient / revenue"
1977,1977,Rob Rensenbrink,Anderlecht,Netherlands,3,1,1,0,,"{""tier"": 3, ""score"": 1, ""matched"": ""other"", ""raw"": ""Anderlecht""}","club_prestige_tier, market_size_proxy, signature_moment_flag are agent-inferred proxies per Requirements A.4, not sourced from post-hoc narrative articles (to avoid leakage per Key Focus Area §3)","heuristic based on trophy winners (UCL, World Cup, Euros, Copa) + club prestige tier list operationalized from UEFA coefficient / revenue"
1977,1977,Dudu Georgescu,Dinamo București,Romania,3,1,1,0,,"{""tier"": 3, ""score"": 1, ""matched"": ""other"", ""raw"": ""Dinamo Bucure\u0219ti""}","club_prestige_tier, market_size_proxy, signature_moment_flag are agent-inferred proxies per Requirements A.4, not sourced from post-hoc narrative articles (to avoid leakage per Key Focus Area §3)","heuristic based on trophy winners (UCL, World Cup, Euros, Copa) + club prestige tier list operationalized from UEFA coefficient / revenue"
1977,1977,Emlyn Hughes,Liverpool,England,1,3,3,1,UCL winner 1977 club Liverpool matches player's club Liverpool,"{""tier"": 1, ""score"": 3, ""matched"": ""Liverpool"", ""raw"": ""Liverpool""}","club_prestige_tier, market_size_proxy, signature_moment_flag are agent-inferred proxies per Requirements A.4, not sourced from post-hoc narrative articles (to avoid leakage per Key Focus Area §3)","heuristic based on trophy winners (UCL, World Cup, Euros, Copa) + club prestige tier list operationalized from UEFA coefficient / revenue"
1977,1977,Steve Heighway,Liverpool,Ireland,1,3,3,1,UCL winner 1977 club Liverpool matches player's club Liverpool,"{""tier"": 1, ""score"": 3, ""matched"": ""Liverpool"", ""raw"": ""Liverpool""}","club_prestige_tier, market_size_proxy, signature_moment_flag are agent-inferred proxies per Requirements A.4, not sourced from post-hoc narrative articles (to avoid leakage per Key Focus Area §3)","heuristic based on trophy winners (UCL, World Cup, Euros, Copa) + club prestige tier list operationalized from UEFA coefficient / revenue"
1977,1977,Berti Vogts,Borussia Mönchengladbach,West Germany,2,2,2,0,,"{""tier"": 2, ""score"": 2, ""matched"": ""Borussia M\u00f6nchengladbach"", ""raw"": ""Borussia M\u00f6nchengladbach""}","club_prestige_tier, market_size_proxy, signature_moment_flag are agent-inferred proxies per Requirements A.4, not sourced from post-hoc narrative articles (to avoid leakage per Key Focus Area §3)","heuristic based on trophy winners (UCL, World Cup, Euros, Copa) + club prestige tier list operationalized from UEFA coefficient / revenue"
1977,1977,Dominique Bathenay,Saint-Étienne,France,3,1,1,0,,"{""tier"": 3, ""score"": 1, ""matched"": ""other"", ""raw"": ""Saint-\u00c9tienne""}","club_prestige_tier, market_size_proxy, signature_moment_flag are agent-inferred proxies per Requirements A.4, not sourced from post-hoc narrative articles (to avoid leakage per Key Focus Area §3)","heuristic based on trophy winners (UCL, World Cup, Euros, Copa) + club prestige tier list operationalized from UEFA coefficient / revenue"
1977,1977,Trevor Brooking,West Ham United,England,2,2,2,0,,"{""tier"": 2, ""score"": 2, ""matched"": ""West Ham"", ""raw"": ""West Ham United""}","club_prestige_tier, market_size_proxy, signature_moment_flag are agent-inferred proxies per Requirements A.4, not sourced from post-hoc narrative articles (to avoid leakage per Key Focus Area §3)","heuristic based on trophy winners (UCL, World Cup, Euros, Copa) + club prestige tier list operationalized from UEFA coefficient / revenue"
1977,1977,Anders Linderoth,Marseille,Sweden,2,2,2,0,,"{""tier"": 2, ""score"": 2, ""matched"": ""Marseille"", ""raw"": ""Marseille""}","club_prestige_tier, market_size_proxy, signature_moment_flag are agent-inferred proxies per Requirements A.4, not sourced from post-hoc narrative articles (to avoid leakage per Key Focus Area §3)","heuristic based on trophy winners (UCL, World Cup, Euros, Copa) + club prestige tier list operationalized from UEFA coefficient / revenue"
1977,1977,Ronnie Hellström,1. FC Kaiserslautern,Sweden,3,1,1,0,,"{""tier"": 3, ""score"": 1, ""matched"": ""other"", ""raw"": ""1. FC Kaiserslautern""}","club_prestige_tier, market_size_proxy, signature_moment_flag are agent-inferred proxies per Requirements A.4, not sourced from post-hoc narrative articles (to avoid leakage per Key Focus Area §3)","heuristic based on trophy winners (UCL, World Cup, Euros, Copa) + club prestige tier list operationalized from UEFA coefficient / revenue"
1977,1977,Franco Causio,Juventus,Italy,1,3,3,0,,"{""tier"": 1, ""score"": 3, ""matched"": ""Juventus"", ""raw"": ""Juventus""}","club_prestige_tier, market_size_proxy, signature_moment_flag are agent-inferred proxies per Requirements A.4, not sourced from post-hoc narrative articles (to avoid leakage per Key Focus Area §3)","heuristic based on trophy winners (UCL, World Cup, Euros, Copa) + club prestige tier list operationalized from UEFA coefficient / revenue"
1977,1977,Ruud Krol,Ajax,Netherlands,2,2,2,0,,"{""tier"": 2, ""score"": 2, ""matched"": ""Ajax"", ""raw"": ""Ajax""}","club_prestige_tier, market_size_proxy, signature_moment_flag are agent-inferred proxies per Requirements A.4, not sourced from post-hoc narrative articles (to avoid leakage per Key Focus Area §3)","heuristic based on trophy winners (UCL, World Cup, Euros, Copa) + club prestige tier list operationalized from UEFA coefficient / revenue"
1977,1977,Marius Trésor,Marseille,France,2,2,2,0,,"{""tier"": 2, ""score"": 2, ""matched"": ""Marseille"", ""raw"": ""Marseille""}","club_prestige_tier, market_size_proxy, signature_moment_flag are agent-inferred proxies per Requirements A.4, not sourced from post-hoc narrative articles (to avoid leakage per Key Focus Area §3)","heuristic based on trophy winners (UCL, World Cup, Euros, Copa) + club prestige tier list operationalized from UEFA coefficient / revenue"
1977,1977,Rainer Bonhof,Borussia Mönchengladbach,West Germany,2,2,2,0,,"{""tier"": 2, ""score"": 2, ""matched"": ""Borussia M\u00f6nchengladbach"", ""raw"": ""Borussia M\u00f6nchengladbach""}","club_prestige_tier, market_size_proxy, signature_moment_flag are agent-inferred proxies per Requirements A.4, not sourced from post-hoc narrative articles (to avoid leakage per Key Focus Area §3)","heuristic based on trophy winners (UCL, World Cup, Euros, Copa) + club prestige tier list operationalized from UEFA coefficient / revenue"
1977,1977,Heinz Flohe,1. FC Köln,West Germany,3,1,1,0,,"{""tier"": 3, ""score"": 1, ""matched"": ""other"", ""raw"": ""1. FC K\u00f6ln""}","club_prestige_tier, market_size_proxy, signature_moment_flag are agent-inferred proxies per Requirements A.4, not sourced from post-hoc narrative articles (to avoid leakage per Key Focus Area §3)","heuristic based on trophy winners (UCL, World Cup, Euros, Copa) + club prestige tier list operationalized from UEFA coefficient / revenue"
1977,1977,Ruud Geels,Ajax,Netherlands,2,2,2,0,,"{""tier"": 2, ""score"": 2, ""matched"": ""Ajax"", ""raw"": ""Ajax""}","club_prestige_tier, market_size_proxy, signature_moment_flag are agent-inferred proxies per Requirements A.4, not sourced from post-hoc narrative articles (to avoid leakage per Key Focus Area §3)","heuristic based on trophy winners (UCL, World Cup, Euros, Copa) + club prestige tier list operationalized from UEFA coefficient / revenue"
1977,1977,Dieter Müller,1. FC Köln,West Germany,3,1,1,0,,"{""tier"": 3, ""score"": 1, ""matched"": ""other"", ""raw"": ""1. FC K\u00f6ln""}","club_prestige_tier, market_size_proxy, signature_moment_flag are agent-inferred proxies per Requirements A.4, not sourced from post-hoc narrative articles (to avoid leakage per Key Focus Area §3)","heuristic based on trophy winners (UCL, World Cup, Euros, Copa) + club prestige tier list operationalized from UEFA coefficient / revenue"
1977,1977,Pirri,Real Madrid,Spain,1,3,3,0,,"{""tier"": 1, ""score"": 3, ""matched"": ""Real Madrid"", ""raw"": ""Real Madrid""}","club_prestige_tier, market_size_proxy, signature_moment_flag are agent-inferred proxies per Requirements A.4, not sourced from post-hoc narrative articles (to avoid leakage per Key Focus Area §3)","heuristic based on trophy winners (UCL, World Cup, Euros, Copa) + club prestige tier list operationalized from UEFA coefficient / revenue"
1977,1977,Peter Shilton,Nottingham Forest,England,2,2,2,0,,"{""tier"": 2, ""score"": 2, ""matched"": ""Nottingham Forest"", ""raw"": ""Nottingham Forest""}","club_prestige_tier, market_size_proxy, signature_moment_flag are agent-inferred proxies per Requirements A.4, not sourced from post-hoc narrative articles (to avoid leakage per Key Focus Area §3)","heuristic based on trophy winners (UCL, World Cup, Euros, Copa) + club prestige tier list operationalized from UEFA coefficient / revenue"
1977,1977,Giancarlo Antognoni,Fiorentina,Italy,2,2,2,0,,"{""tier"": 2, ""score"": 2, ""matched"": ""Fiorentina"", ""raw"": ""Fiorentina""}","club_prestige_tier, market_size_proxy, signature_moment_flag are agent-inferred proxies per Requirements A.4, not sourced from post-hoc narrative articles (to avoid leakage per Key Focus Area §3)","heuristic based on trophy winners (UCL, World Cup, Euros, Copa) + club prestige tier list operationalized from UEFA coefficient / revenue"
1977,1977,Jürgen Grabowski,Eintracht Frankfurt,West Germany,3,1,1,0,,"{""tier"": 3, ""score"": 1, ""matched"": ""other"", ""raw"": ""Eintracht Frankfurt""}","club_prestige_tier, market_size_proxy, signature_moment_flag are agent-inferred proxies per Requirements A.4, not sourced from post-hoc narrative articles (to avoid leakage per Key Focus Area §3)","heuristic based on trophy winners (UCL, World Cup, Euros, Copa) + club prestige tier list operationalized from UEFA coefficient / revenue"
1977,1977,Gérard Janvion,Saint-Étienne,France,3,1,1,0,,"{""tier"": 3, ""score"": 1, ""matched"": ""other"", ""raw"": ""Saint-\u00c9tienne""}","club_prestige_tier, market_size_proxy, signature_moment_flag are agent-inferred proxies per Requirements A.4, not sourced from post-hoc narrative articles (to avoid leakage per Key Focus Area §3)","heuristic based on trophy winners (UCL, World Cup, Euros, Copa) + club prestige tier list operationalized from UEFA coefficient / revenue"
1977,1977,Ray Kennedy,Liverpool,England,1,3,3,1,UCL winner 1977 club Liverpool matches player's club Liverpool,"{""tier"": 1, ""score"": 3, ""matched"": ""Liverpool"", ""raw"": ""Liverpool""}","club_prestige_tier, market_size_proxy, signature_moment_flag are agent-inferred proxies per Requirements A.4, not sourced from post-hoc narrative articles (to avoid leakage per Key Focus Area §3)","heuristic based on trophy winners (UCL, World Cup, Euros, Copa) + club prestige tier list operationalized from UEFA coefficient / revenue"
1977,1977,Hans Krankl,Rapid Wien,Austria,3,1,1,0,,"{""tier"": 3, ""score"": 1, ""matched"": ""other"", ""raw"": ""Rapid Wien""}","club_prestige_tier, market_size_proxy, signature_moment_flag are agent-inferred proxies per Requirements A.4, not sourced from post-hoc narrative articles (to avoid leakage per Key Focus Area §3)","heuristic based on trophy winners (UCL, World Cup, Euros, Copa) + club prestige tier list operationalized from UEFA coefficient / revenue"
1977,1977,Gordon McQueen,Leeds United,Scotland,2,2,2,0,,"{""tier"": 2, ""score"": 2, ""matched"": ""Leeds United"", ""raw"": ""Leeds United""}","club_prestige_tier, market_size_proxy, signature_moment_flag are agent-inferred proxies per Requirements A.4, not sourced from post-hoc narrative articles (to avoid leakage per Key Focus Area §3)","heuristic based on trophy winners (UCL, World Cup, Euros, Copa) + club prestige tier list operationalized from UEFA coefficient / revenue"
1977,1977,András Törőcsik,Újpest,Hungary,3,1,1,0,,"{""tier"": 3, ""score"": 1, ""matched"": ""other"", ""raw"": ""\u00dajpest""}","club_prestige_tier, market_size_proxy, signature_moment_flag are agent-inferred proxies per Requirements A.4, not sourced from post-hoc narrative articles (to avoid leakage per Key Focus Area §3)","heuristic based on trophy winners (UCL, World Cup, Euros, Copa) + club prestige tier list operationalized from UEFA coefficient / revenue"
1978,1978,Kevin Keegan,Hamburger SV,England,2,2,2,0,,"{""tier"": 2, ""score"": 2, ""matched"": ""Hamburger SV"", ""raw"": ""Hamburger SV""}","club_prestige_tier, market_size_proxy, signature_moment_flag are agent-inferred proxies per Requirements A.4, not sourced from post-hoc narrative articles (to avoid leakage per Key Focus Area §3)","heuristic based on trophy winners (UCL, World Cup, Euros, Copa) + club prestige tier list operationalized from UEFA coefficient / revenue"
1978,1978,Hans Krankl,Barcelona,Austria,1,3,3,0,,"{""tier"": 1, ""score"": 3, ""matched"": ""Barcelona"", ""raw"": ""Barcelona""}","club_prestige_tier, market_size_proxy, signature_moment_flag are agent-inferred proxies per Requirements A.4, not sourced from post-hoc narrative articles (to avoid leakage per Key Focus Area §3)","heuristic based on trophy winners (UCL, World Cup, Euros, Copa) + club prestige tier list operationalized from UEFA coefficient / revenue"
1978,1978,Rob Rensenbrink,Anderlecht,Netherlands,3,1,1,0,,"{""tier"": 3, ""score"": 1, ""matched"": ""other"", ""raw"": ""Anderlecht""}","club_prestige_tier, market_size_proxy, signature_moment_flag are agent-inferred proxies per Requirements A.4, not sourced from post-hoc narrative articles (to avoid leakage per Key Focus Area §3)","heuristic based on trophy winners (UCL, World Cup, Euros, Copa) + club prestige tier list operationalized from UEFA coefficient / revenue"
1978,1978,Roberto Bettega,Juventus,Italy,1,3,3,0,,"{""tier"": 1, ""score"": 3, ""matched"": ""Juventus"", ""raw"": ""Juventus""}","club_prestige_tier, market_size_proxy, signature_moment_flag are agent-inferred proxies per Requirements A.4, not sourced from post-hoc narrative articles (to avoid leakage per Key Focus Area §3)","heuristic based on trophy winners (UCL, World Cup, Euros, Copa) + club prestige tier list operationalized from UEFA coefficient / revenue"
1978,1978,Paolo Rossi,L.R. Vicenza,Italy,3,1,1,0,,"{""tier"": 3, ""score"": 1, ""matched"": ""other"", ""raw"": ""L.R. Vicenza""}","club_prestige_tier, market_size_proxy, signature_moment_flag are agent-inferred proxies per Requirements A.4, not sourced from post-hoc narrative articles (to avoid leakage per Key Focus Area §3)","heuristic based on trophy winners (UCL, World Cup, Euros, Copa) + club prestige tier list operationalized from UEFA coefficient / revenue"
1978,1978,Ronnie Hellström,Kaiserslautern,Sweden,3,1,1,0,,"{""tier"": 3, ""score"": 1, ""matched"": ""other"", ""raw"": ""Kaiserslautern""}","club_prestige_tier, market_size_proxy, signature_moment_flag are agent-inferred proxies per Requirements A.4, not sourced from post-hoc narrative articles (to avoid leakage per Key Focus Area §3)","heuristic based on trophy winners (UCL, World Cup, Euros, Copa) + club prestige tier list operationalized from UEFA coefficient / revenue"
1978,1978,Ruud Krol,Ajax,Netherlands,2,2,2,0,,"{""tier"": 2, ""score"": 2, ""matched"": ""Ajax"", ""raw"": ""Ajax""}","club_prestige_tier, market_size_proxy, signature_moment_flag are agent-inferred proxies per Requirements A.4, not sourced from post-hoc narrative articles (to avoid leakage per Key Focus Area §3)","heuristic based on trophy winners (UCL, World Cup, Euros, Copa) + club prestige tier list operationalized from UEFA coefficient / revenue"
1978,1978,Kenny Dalglish,Liverpool,Scotland,1,3,3,0,,"{""tier"": 1, ""score"": 3, ""matched"": ""Liverpool"", ""raw"": ""Liverpool""}","club_prestige_tier, market_size_proxy, signature_moment_flag are agent-inferred proxies per Requirements A.4, not sourced from post-hoc narrative articles (to avoid leakage per Key Focus Area §3)","heuristic based on trophy winners (UCL, World Cup, Euros, Copa) + club prestige tier list operationalized from UEFA coefficient / revenue"
1978,1978,Allan Simonsen,Borussia Mönchengladbach,Denmark,2,2,2,0,,"{""tier"": 2, ""score"": 2, ""matched"": ""Borussia M\u00f6nchengladbach"", ""raw"": ""Borussia M\u00f6nchengladbach""}","club_prestige_tier, market_size_proxy, signature_moment_flag are agent-inferred proxies per Requirements A.4, not sourced from post-hoc narrative articles (to avoid leakage per Key Focus Area §3)","heuristic based on trophy winners (UCL, World Cup, Euros, Copa) + club prestige tier list operationalized from UEFA coefficient / revenue"
1978,1978,Peter Shilton,Nottingham Forest,England,2,2,2,1,UCL winner 1978 club Nottingham Forest matches player's club Nottingham Forest,"{""tier"": 2, ""score"": 2, ""matched"": ""Nottingham Forest"", ""raw"": ""Nottingham Forest""}","club_prestige_tier, market_size_proxy, signature_moment_flag are agent-inferred proxies per Requirements A.4, not sourced from post-hoc narrative articles (to avoid leakage per Key Focus Area §3)","heuristic based on trophy winners (UCL, World Cup, Euros, Copa) + club prestige tier list operationalized from UEFA coefficient / revenue"
1978,1978,Arie Haan,Anderlecht,Netherlands,3,1,1,0,,"{""tier"": 3, ""score"": 1, ""matched"": ""other"", ""raw"": ""Anderlecht""}","club_prestige_tier, market_size_proxy, signature_moment_flag are agent-inferred proxies per Requirements A.4, not sourced from post-hoc narrative articles (to avoid leakage per Key Focus Area §3)","heuristic based on trophy winners (UCL, World Cup, Euros, Copa) + club prestige tier list operationalized from UEFA coefficient / revenue"
1978,1978,René van de Kerkhof,PSV Eindhoven,Netherlands,3,1,1,0,,"{""tier"": 3, ""score"": 1, ""matched"": ""other"", ""raw"": ""PSV Eindhoven""}","club_prestige_tier, market_size_proxy, signature_moment_flag are agent-inferred proxies per Requirements A.4, not sourced from post-hoc narrative articles (to avoid leakage per Key Focus Area §3)","heuristic based on trophy winners (UCL, World Cup, Euros, Copa) + club prestige tier list operationalized from UEFA coefficient / revenue"
1978,1978,Antonio Cabrini,Juventus,Italy,1,3,3,0,,"{""tier"": 1, ""score"": 3, ""matched"": ""Juventus"", ""raw"": ""Juventus""}","club_prestige_tier, market_size_proxy, signature_moment_flag are agent-inferred proxies per Requirements A.4, not sourced from post-hoc narrative articles (to avoid leakage per Key Focus Area §3)","heuristic based on trophy winners (UCL, World Cup, Euros, Copa) + club prestige tier list operationalized from UEFA coefficient / revenue"
1978,1978,Willy van de Kerkhof,PSV Eindhoven,Netherlands,3,1,1,0,,"{""tier"": 3, ""score"": 1, ""matched"": ""other"", ""raw"": ""PSV Eindhoven""}","club_prestige_tier, market_size_proxy, signature_moment_flag are agent-inferred proxies per Requirements A.4, not sourced from post-hoc narrative articles (to avoid leakage per Key Focus Area §3)","heuristic based on trophy winners (UCL, World Cup, Euros, Copa) + club prestige tier list operationalized from UEFA coefficient / revenue"
1978,1978,Johan Cruyff,Barcelona,Netherlands,1,3,3,0,,"{""tier"": 1, ""score"": 3, ""matched"": ""Barcelona"", ""raw"": ""Barcelona""}","club_prestige_tier, market_size_proxy, signature_moment_flag are agent-inferred proxies per Requirements A.4, not sourced from post-hoc narrative articles (to avoid leakage per Key Focus Area §3)","heuristic based on trophy winners (UCL, World Cup, Euros, Copa) + club prestige tier list operationalized from UEFA coefficient / revenue"
1978,1978,Graeme Souness,Liverpool,Scotland,1,3,3,0,,"{""tier"": 1, ""score"": 3, ""matched"": ""Liverpool"", ""raw"": ""Liverpool""}","club_prestige_tier, market_size_proxy, signature_moment_flag are agent-inferred proxies per Requirements A.4, not sourced from post-hoc narrative articles (to avoid leakage per Key Focus Area §3)","heuristic based on trophy winners (UCL, World Cup, Euros, Copa) + club prestige tier list operationalized from UEFA coefficient / revenue"
1978,1978,Zdeněk Nehoda,Dukla Prague,Czechoslovakia,3,1,1,0,,"{""tier"": 3, ""score"": 1, ""matched"": ""other"", ""raw"": ""Dukla Prague""}","club_prestige_tier, market_size_proxy, signature_moment_flag are agent-inferred proxies per Requirements A.4, not sourced from post-hoc narrative articles (to avoid leakage per Key Focus Area §3)","heuristic based on trophy winners (UCL, World Cup, Euros, Copa) + club prestige tier list operationalized from UEFA coefficient / revenue"
1978,1978,Marián Masný,Slovan Bratislava,Czechoslovakia,3,1,1,0,,"{""tier"": 3, ""score"": 1, ""matched"": ""other"", ""raw"": ""Slovan Bratislava""}","club_prestige_tier, market_size_proxy, signature_moment_flag are agent-inferred proxies per Requirements A.4, not sourced from post-hoc narrative articles (to avoid leakage per Key Focus Area §3)","heuristic based on trophy winners (UCL, World Cup, Euros, Copa) + club prestige tier list operationalized from UEFA coefficient / revenue"
1978,1978,Archie Gemmill,Nottingham Forest,Scotland,2,2,2,1,UCL winner 1978 club Nottingham Forest matches player's club Nottingham Forest,"{""tier"": 2, ""score"": 2, ""matched"": ""Nottingham Forest"", ""raw"": ""Nottingham Forest""}","club_prestige_tier, market_size_proxy, signature_moment_flag are agent-inferred proxies per Requirements A.4, not sourced from post-hoc narrative articles (to avoid leakage per Key Focus Area §3)","heuristic based on trophy winners (UCL, World Cup, Euros, Copa) + club prestige tier list operationalized from UEFA coefficient / revenue"
1978,1978,Marius Trésor,Marseille,France,2,2,2,0,,"{""tier"": 2, ""score"": 2, ""matched"": ""Marseille"", ""raw"": ""Marseille""}","club_prestige_tier, market_size_proxy, signature_moment_flag are agent-inferred proxies per Requirements A.4, not sourced from post-hoc narrative articles (to avoid leakage per Key Focus Area §3)","heuristic based on trophy winners (UCL, World Cup, Euros, Copa) + club prestige tier list operationalized from UEFA coefficient / revenue"
1978,1978,João Alves,Benfica,Portugal,2,2,2,0,,"{""tier"": 2, ""score"": 2, ""matched"": ""Benfica"", ""raw"": ""Benfica""}","club_prestige_tier, market_size_proxy, signature_moment_flag are agent-inferred proxies per Requirements A.4, not sourced from post-hoc narrative articles (to avoid leakage per Key Focus Area §3)","heuristic based on trophy winners (UCL, World Cup, Euros, Copa) + club prestige tier list operationalized from UEFA coefficient / revenue"
1978,1978,Rainer Bonhof,Valencia,West Germany,2,2,2,0,,"{""tier"": 2, ""score"": 2, ""matched"": ""Valencia"", ""raw"": ""Valencia""}","club_prestige_tier, market_size_proxy, signature_moment_flag are agent-inferred proxies per Requirements A.4, not sourced from post-hoc narrative articles (to avoid leakage per Key Focus Area §3)","heuristic based on trophy winners (UCL, World Cup, Euros, Copa) + club prestige tier list operationalized from UEFA coefficient / revenue"
1978,1978,Zbigniew Boniek,Widzew Łódź,Poland,3,1,1,0,,"{""tier"": 3, ""score"": 1, ""matched"": ""other"", ""raw"": ""Widzew \u0141\u00f3d\u017a""}","club_prestige_tier, market_size_proxy, signature_moment_flag are agent-inferred proxies per Requirements A.4, not sourced from post-hoc narrative articles (to avoid leakage per Key Focus Area §3)","heuristic based on trophy winners (UCL, World Cup, Euros, Copa) + club prestige tier list operationalized from UEFA coefficient / revenue"
1978,1978,Franco Causio,Juventus,Italy,1,3,3,0,,"{""tier"": 1, ""score"": 3, ""matched"": ""Juventus"", ""raw"": ""Juventus""}","club_prestige_tier, market_size_proxy, signature_moment_flag are agent-inferred proxies per Requirements A.4, not sourced from post-hoc narrative articles (to avoid leakage per Key Focus Area §3)","heuristic based on trophy winners (UCL, World Cup, Euros, Copa) + club prestige tier list operationalized from UEFA coefficient / revenue"
1978,1978,Hansi Müller,VfB Stuttgart,West Germany,3,1,1,0,,"{""tier"": 3, ""score"": 1, ""matched"": ""other"", ""raw"": ""VfB Stuttgart""}","club_prestige_tier, market_size_proxy, signature_moment_flag are agent-inferred proxies per Requirements A.4, not sourced from post-hoc narrative articles (to avoid leakage per Key Focus Area §3)","heuristic based on trophy winners (UCL, World Cup, Euros, Copa) + club prestige tier list operationalized from UEFA coefficient / revenue"
1978,1978,Johan Neeskens,Barcelona,Netherlands,1,3,3,0,,"{""tier"": 1, ""score"": 3, ""matched"": ""Barcelona"", ""raw"": ""Barcelona""}","club_prestige_tier, market_size_proxy, signature_moment_flag are agent-inferred proxies per Requirements A.4, not sourced from post-hoc narrative articles (to avoid leakage per Key Focus Area §3)","heuristic based on trophy winners (UCL, World Cup, Euros, Copa) + club prestige tier list operationalized from UEFA coefficient / revenue"
1978,1978,Michel Platini,Nancy,France,3,1,1,0,,"{""tier"": 3, ""score"": 1, ""matched"": ""other"", ""raw"": ""Nancy""}","club_prestige_tier, market_size_proxy, signature_moment_flag are agent-inferred proxies per Requirements A.4, not sourced from post-hoc narrative articles (to avoid leakage per Key Focus Area §3)","heuristic based on trophy winners (UCL, World Cup, Euros, Copa) + club prestige tier list operationalized from UEFA coefficient / revenue"
1978,1978,Karl-Heinz Rummenigge,Bayern Munich,West Germany,1,3,3,0,,"{""tier"": 1, ""score"": 3, ""matched"": ""Bayern Munich"", ""raw"": ""Bayern Munich""}","club_prestige_tier, market_size_proxy, signature_moment_flag are agent-inferred proxies per Requirements A.4, not sourced from post-hoc narrative articles (to avoid leakage per Key Focus Area §3)","heuristic based on trophy winners (UCL, World Cup, Euros, Copa) + club prestige tier list operationalized from UEFA coefficient / revenue"
1978,1978,Didier Six,Marseille,France,2,2,2,0,,"{""tier"": 2, ""score"": 2, ""matched"": ""Marseille"", ""raw"": ""Marseille""}","club_prestige_tier, market_size_proxy, signature_moment_flag are agent-inferred proxies per Requirements A.4, not sourced from post-hoc narrative articles (to avoid leakage per Key Focus Area §3)","heuristic based on trophy winners (UCL, World Cup, Euros, Copa) + club prestige tier list operationalized from UEFA coefficient / revenue"
1978,1978,François Van Der Elst,Anderlecht,Belgium,3,1,1,0,,"{""tier"": 3, ""score"": 1, ""matched"": ""other"", ""raw"": ""Anderlecht""}","club_prestige_tier, market_size_proxy, signature_moment_flag are agent-inferred proxies per Requirements A.4, not sourced from post-hoc narrative articles (to avoid leakage per Key Focus Area §3)","heuristic based on trophy winners (UCL, World Cup, Euros, Copa) + club prestige tier list operationalized from UEFA coefficient / revenue"
1979,1979,Kevin Keegan,Hamburger SV,England,2,2,2,0,,"{""tier"": 2, ""score"": 2, ""matched"": ""Hamburger SV"", ""raw"": ""Hamburger SV""}","club_prestige_tier, market_size_proxy, signature_moment_flag are agent-inferred proxies per Requirements A.4, not sourced from post-hoc narrative articles (to avoid leakage per Key Focus Area §3)","heuristic based on trophy winners (UCL, World Cup, Euros, Copa) + club prestige tier list operationalized from UEFA coefficient / revenue"
1979,1979,Karl-Heinz Rummenigge,Bayern Munich,West Germany,1,3,3,0,,"{""tier"": 1, ""score"": 3, ""matched"": ""Bayern Munich"", ""raw"": ""Bayern Munich""}","club_prestige_tier, market_size_proxy, signature_moment_flag are agent-inferred proxies per Requirements A.4, not sourced from post-hoc narrative articles (to avoid leakage per Key Focus Area §3)","heuristic based on trophy winners (UCL, World Cup, Euros, Copa) + club prestige tier list operationalized from UEFA coefficient / revenue"
1979,1979,Ruud Krol,Ajax,Netherlands,2,2,2,0,,"{""tier"": 2, ""score"": 2, ""matched"": ""Ajax"", ""raw"": ""Ajax""}","club_prestige_tier, market_size_proxy, signature_moment_flag are agent-inferred proxies per Requirements A.4, not sourced from post-hoc narrative articles (to avoid leakage per Key Focus Area §3)","heuristic based on trophy winners (UCL, World Cup, Euros, Copa) + club prestige tier list operationalized from UEFA coefficient / revenue"
1979,1979,Manfred Kaltz,Hamburger SV,West Germany,2,2,2,0,,"{""tier"": 2, ""score"": 2, ""matched"": ""Hamburger SV"", ""raw"": ""Hamburger SV""}","club_prestige_tier, market_size_proxy, signature_moment_flag are agent-inferred proxies per Requirements A.4, not sourced from post-hoc narrative articles (to avoid leakage per Key Focus Area §3)","heuristic based on trophy winners (UCL, World Cup, Euros, Copa) + club prestige tier list operationalized from UEFA coefficient / revenue"
1979,1979,Michel Platini,Saint-Étienne,France,3,1,1,0,,"{""tier"": 3, ""score"": 1, ""matched"": ""other"", ""raw"": ""Saint-\u00c9tienne""}","club_prestige_tier, market_size_proxy, signature_moment_flag are agent-inferred proxies per Requirements A.4, not sourced from post-hoc narrative articles (to avoid leakage per Key Focus Area §3)","heuristic based on trophy winners (UCL, World Cup, Euros, Copa) + club prestige tier list operationalized from UEFA coefficient / revenue"
1979,1979,Paolo Rossi,Perugia,Italy,3,1,1,0,,"{""tier"": 3, ""score"": 1, ""matched"": ""other"", ""raw"": ""Perugia""}","club_prestige_tier, market_size_proxy, signature_moment_flag are agent-inferred proxies per Requirements A.4, not sourced from post-hoc narrative articles (to avoid leakage per Key Focus Area §3)","heuristic based on trophy winners (UCL, World Cup, Euros, Copa) + club prestige tier list operationalized from UEFA coefficient / revenue"
1979,1979,Trevor Francis,Nottingham Forest,England,2,2,2,1,UCL winner 1979 club Nottingham Forest matches player's club Nottingham Forest,"{""tier"": 2, ""score"": 2, ""matched"": ""Nottingham Forest"", ""raw"": ""Nottingham Forest""}","club_prestige_tier, market_size_proxy, signature_moment_flag are agent-inferred proxies per Requirements A.4, not sourced from post-hoc narrative articles (to avoid leakage per Key Focus Area §3)","heuristic based on trophy winners (UCL, World Cup, Euros, Copa) + club prestige tier list operationalized from UEFA coefficient / revenue"
1979,1979,Liam Brady,Arsenal,Republic of Ireland,2,2,2,0,,"{""tier"": 2, ""score"": 2, ""matched"": ""Arsenal"", ""raw"": ""Arsenal""}","club_prestige_tier, market_size_proxy, signature_moment_flag are agent-inferred proxies per Requirements A.4, not sourced from post-hoc narrative articles (to avoid leakage per Key Focus Area §3)","heuristic based on trophy winners (UCL, World Cup, Euros, Copa) + club prestige tier list operationalized from UEFA coefficient / revenue"
1979,1979,Zbigniew Boniek,Widzew Łódź,Poland,3,1,1,0,,"{""tier"": 3, ""score"": 1, ""matched"": ""other"", ""raw"": ""Widzew \u0141\u00f3d\u017a""}","club_prestige_tier, market_size_proxy, signature_moment_flag are agent-inferred proxies per Requirements A.4, not sourced from post-hoc narrative articles (to avoid leakage per Key Focus Area §3)","heuristic based on trophy winners (UCL, World Cup, Euros, Copa) + club prestige tier list operationalized from UEFA coefficient / revenue"
1979,1979,Zdeněk Nehoda,Dukla Prague,Czechoslovakia,3,1,1,0,,"{""tier"": 3, ""score"": 1, ""matched"": ""other"", ""raw"": ""Dukla Prague""}","club_prestige_tier, market_size_proxy, signature_moment_flag are agent-inferred proxies per Requirements A.4, not sourced from post-hoc narrative articles (to avoid leakage per Key Focus Area §3)","heuristic based on trophy winners (UCL, World Cup, Euros, Copa) + club prestige tier list operationalized from UEFA coefficient / revenue"
1979,1979,Kenny Dalglish,Liverpool,Scotland,1,3,3,0,,"{""tier"": 1, ""score"": 3, ""matched"": ""Liverpool"", ""raw"": ""Liverpool""}","club_prestige_tier, market_size_proxy, signature_moment_flag are agent-inferred proxies per Requirements A.4, not sourced from post-hoc narrative articles (to avoid leakage per Key Focus Area §3)","heuristic based on trophy winners (UCL, World Cup, Euros, Copa) + club prestige tier list operationalized from UEFA coefficient / revenue"
1979,1979,Allan Simonsen,Barcelona,Denmark,1,3,3,0,,"{""tier"": 1, ""score"": 3, ""matched"": ""Barcelona"", ""raw"": ""Barcelona""}","club_prestige_tier, market_size_proxy, signature_moment_flag are agent-inferred proxies per Requirements A.4, not sourced from post-hoc narrative articles (to avoid leakage per Key Focus Area §3)","heuristic based on trophy winners (UCL, World Cup, Euros, Copa) + club prestige tier list operationalized from UEFA coefficient / revenue"
1979,1979,Paul Breitner,Bayern Munich,West Germany,1,3,3,0,,"{""tier"": 1, ""score"": 3, ""matched"": ""Bayern Munich"", ""raw"": ""Bayern Munich""}","club_prestige_tier, market_size_proxy, signature_moment_flag are agent-inferred proxies per Requirements A.4, not sourced from post-hoc narrative articles (to avoid leakage per Key Focus Area §3)","heuristic based on trophy winners (UCL, World Cup, Euros, Copa) + club prestige tier list operationalized from UEFA coefficient / revenue"
1979,1979,Kees Kist,AZ,Netherlands,3,1,1,0,,"{""tier"": 3, ""score"": 1, ""matched"": ""other"", ""raw"": ""AZ""}","club_prestige_tier, market_size_proxy, signature_moment_flag are agent-inferred proxies per Requirements A.4, not sourced from post-hoc narrative articles (to avoid leakage per Key Focus Area §3)","heuristic based on trophy winners (UCL, World Cup, Euros, Copa) + club prestige tier list operationalized from UEFA coefficient / revenue"
1979,1979,Johnny Rep,Saint-Étienne,Netherlands,3,1,1,0,,"{""tier"": 3, ""score"": 1, ""matched"": ""other"", ""raw"": ""Saint-\u00c9tienne""}","club_prestige_tier, market_size_proxy, signature_moment_flag are agent-inferred proxies per Requirements A.4, not sourced from post-hoc narrative articles (to avoid leakage per Key Focus Area §3)","heuristic based on trophy winners (UCL, World Cup, Euros, Copa) + club prestige tier list operationalized from UEFA coefficient / revenue"
1979,1979,Tony Woodcock,1. FC Köln,England,3,1,1,0,,"{""tier"": 3, ""score"": 1, ""matched"": ""other"", ""raw"": ""1. FC K\u00f6ln""}","club_prestige_tier, market_size_proxy, signature_moment_flag are agent-inferred proxies per Requirements A.4, not sourced from post-hoc narrative articles (to avoid leakage per Key Focus Area §3)","heuristic based on trophy winners (UCL, World Cup, Euros, Copa) + club prestige tier list operationalized from UEFA coefficient / revenue"
1979,1979,Hans Krankl,Barcelona,Austria,1,3,3,0,,"{""tier"": 1, ""score"": 3, ""matched"": ""Barcelona"", ""raw"": ""Barcelona""}","club_prestige_tier, market_size_proxy, signature_moment_flag are agent-inferred proxies per Requirements A.4, not sourced from post-hoc narrative articles (to avoid leakage per Key Focus Area §3)","heuristic based on trophy winners (UCL, World Cup, Euros, Copa) + club prestige tier list operationalized from UEFA coefficient / revenue"
1979,1979,Safet Sušić,FK Sarajevo,SFR Yugoslavia,3,1,1,0,,"{""tier"": 3, ""score"": 1, ""matched"": ""other"", ""raw"": ""FK Sarajevo""}","club_prestige_tier, market_size_proxy, signature_moment_flag are agent-inferred proxies per Requirements A.4, not sourced from post-hoc narrative articles (to avoid leakage per Key Focus Area §3)","heuristic based on trophy winners (UCL, World Cup, Euros, Copa) + club prestige tier list operationalized from UEFA coefficient / revenue"
1979,1979,Uli Stielike,Real Madrid,West Germany,1,3,3,0,,"{""tier"": 1, ""score"": 3, ""matched"": ""Real Madrid"", ""raw"": ""Real Madrid""}","club_prestige_tier, market_size_proxy, signature_moment_flag are agent-inferred proxies per Requirements A.4, not sourced from post-hoc narrative articles (to avoid leakage per Key Focus Area §3)","heuristic based on trophy winners (UCL, World Cup, Euros, Copa) + club prestige tier list operationalized from UEFA coefficient / revenue"
1979,1979,Marius Trésor,Marseille,France,2,2,2,0,,"{""tier"": 2, ""score"": 2, ""matched"": ""Marseille"", ""raw"": ""Marseille""}","club_prestige_tier, market_size_proxy, signature_moment_flag are agent-inferred proxies per Requirements A.4, not sourced from post-hoc narrative articles (to avoid leakage per Key Focus Area §3)","heuristic based on trophy winners (UCL, World Cup, Euros, Copa) + club prestige tier list operationalized from UEFA coefficient / revenue"
1979,1979,João Alves,Paris Saint-Germain,Portugal,1,3,3,0,,"{""tier"": 1, ""score"": 3, ""matched"": ""Paris Saint-Germain"", ""raw"": ""Paris Saint-Germain""}","club_prestige_tier, market_size_proxy, signature_moment_flag are agent-inferred proxies per Requirements A.4, not sourced from post-hoc narrative articles (to avoid leakage per Key Focus Area §3)","heuristic based on trophy winners (UCL, World Cup, Euros, Copa) + club prestige tier list operationalized from UEFA coefficient / revenue"
1979,1979,Franco Causio,Juventus,Italy,1,3,3,0,,"{""tier"": 1, ""score"": 3, ""matched"": ""Juventus"", ""raw"": ""Juventus""}","club_prestige_tier, market_size_proxy, signature_moment_flag are agent-inferred proxies per Requirements A.4, not sourced from post-hoc narrative articles (to avoid leakage per Key Focus Area §3)","heuristic based on trophy winners (UCL, World Cup, Euros, Copa) + club prestige tier list operationalized from UEFA coefficient / revenue"
1979,1979,Gordon McQueen,Manchester United,Scotland,1,3,3,0,,"{""tier"": 1, ""score"": 3, ""matched"": ""Manchester United"", ""raw"": ""Manchester United""}","club_prestige_tier, market_size_proxy, signature_moment_flag are agent-inferred proxies per Requirements A.4, not sourced from post-hoc narrative articles (to avoid leakage per Key Focus Area §3)","heuristic based on trophy winners (UCL, World Cup, Euros, Copa) + club prestige tier list operationalized from UEFA coefficient / revenue"
1979,1979,René van de Kerkhof,PSV Eindhoven,Netherlands,3,1,1,0,,"{""tier"": 3, ""score"": 1, ""matched"": ""other"", ""raw"": ""PSV Eindhoven""}","club_prestige_tier, market_size_proxy, signature_moment_flag are agent-inferred proxies per Requirements A.4, not sourced from post-hoc narrative articles (to avoid leakage per Key Focus Area §3)","heuristic based on trophy winners (UCL, World Cup, Euros, Copa) + club prestige tier list operationalized from UEFA coefficient / revenue"
1979,1979,Bruno Pezzey,Eintracht Frankfurt,Austria,3,1,1,0,,"{""tier"": 3, ""score"": 1, ""matched"": ""other"", ""raw"": ""Eintracht Frankfurt""}","club_prestige_tier, market_size_proxy, signature_moment_flag are agent-inferred proxies per Requirements A.4, not sourced from post-hoc narrative articles (to avoid leakage per Key Focus Area §3)","heuristic based on trophy winners (UCL, World Cup, Euros, Copa) + club prestige tier list operationalized from UEFA coefficient / revenue"
1979,1979,Simon Tahamata,Ajax,Netherlands,2,2,2,0,,"{""tier"": 2, ""score"": 2, ""matched"": ""Ajax"", ""raw"": ""Ajax""}","club_prestige_tier, market_size_proxy, signature_moment_flag are agent-inferred proxies per Requirements A.4, not sourced from post-hoc narrative articles (to avoid leakage per Key Focus Area §3)","heuristic based on trophy winners (UCL, World Cup, Euros, Copa) + club prestige tier list operationalized from UEFA coefficient / revenue"
1979,1979,Juan Manuel Asensi,Barcelona,Spain,1,3,3,0,,"{""tier"": 1, ""score"": 3, ""matched"": ""Barcelona"", ""raw"": ""Barcelona""}","club_prestige_tier, market_size_proxy, signature_moment_flag are agent-inferred proxies per Requirements A.4, not sourced from post-hoc narrative articles (to avoid leakage per Key Focus Area §3)","heuristic based on trophy winners (UCL, World Cup, Euros, Copa) + club prestige tier list operationalized from UEFA coefficient / revenue"
1979,1979,Trevor Brooking,West Ham United,England,2,2,2,0,,"{""tier"": 2, ""score"": 2, ""matched"": ""West Ham"", ""raw"": ""West Ham United""}","club_prestige_tier, market_size_proxy, signature_moment_flag are agent-inferred proxies per Requirements A.4, not sourced from post-hoc narrative articles (to avoid leakage per Key Focus Area §3)","heuristic based on trophy winners (UCL, World Cup, Euros, Copa) + club prestige tier list operationalized from UEFA coefficient / revenue"
1979,1979,Ronnie Hellström,Kaiserslautern,Sweden,3,1,1,0,,"{""tier"": 3, ""score"": 1, ""matched"": ""other"", ""raw"": ""Kaiserslautern""}","club_prestige_tier, market_size_proxy, signature_moment_flag are agent-inferred proxies per Requirements A.4, not sourced from post-hoc narrative articles (to avoid leakage per Key Focus Area §3)","heuristic based on trophy winners (UCL, World Cup, Euros, Copa) + club prestige tier list operationalized from UEFA coefficient / revenue"
1979,1979,Hansi Müller,VfB Stuttgart,West Germany,3,1,1,0,,"{""tier"": 3, ""score"": 1, ""matched"": ""other"", ""raw"": ""VfB Stuttgart""}","club_prestige_tier, market_size_proxy, signature_moment_flag are agent-inferred proxies per Requirements A.4, not sourced from post-hoc narrative articles (to avoid leakage per Key Focus Area §3)","heuristic based on trophy winners (UCL, World Cup, Euros, Copa) + club prestige tier list operationalized from UEFA coefficient / revenue"
1979,1979,Antonín Panenka,Bohemians 1905,Czechoslovakia,3,1,1,0,,"{""tier"": 3, ""score"": 1, ""matched"": ""other"", ""raw"": ""Bohemians 1905""}","club_prestige_tier, market_size_proxy, signature_moment_flag are agent-inferred proxies per Requirements A.4, not sourced from post-hoc narrative articles (to avoid leakage per Key Focus Area §3)","heuristic based on trophy winners (UCL, World Cup, Euros, Copa) + club prestige tier list operationalized from UEFA coefficient / revenue"
1979,1979,Walter Schachner,Austria Wien,Austria,3,1,1,0,,"{""tier"": 3, ""score"": 1, ""matched"": ""other"", ""raw"": ""Austria Wien""}","club_prestige_tier, market_size_proxy, signature_moment_flag are agent-inferred proxies per Requirements A.4, not sourced from post-hoc narrative articles (to avoid leakage per Key Focus Area §3)","heuristic based on trophy winners (UCL, World Cup, Euros, Copa) + club prestige tier list operationalized from UEFA coefficient / revenue"
1980,1980,Karl-Heinz Rummenigge,Bayern Munich,West Germany,1,3,3,1,Euros winner 1980 country West Germany matches player's nation West Germany,"{""tier"": 1, ""score"": 3, ""matched"": ""Bayern Munich"", ""raw"": ""Bayern Munich""}","club_prestige_tier, market_size_proxy, signature_moment_flag are agent-inferred proxies per Requirements A.4, not sourced from post-hoc narrative articles (to avoid leakage per Key Focus Area §3)","heuristic based on trophy winners (UCL, World Cup, Euros, Copa) + club prestige tier list operationalized from UEFA coefficient / revenue"
1980,1980,Bernd Schuster,Barcelona,West Germany,1,3,3,1,Euros winner 1980 country West Germany matches player's nation West Germany,"{""tier"": 1, ""score"": 3, ""matched"": ""Barcelona"", ""raw"": ""Barcelona""}","club_prestige_tier, market_size_proxy, signature_moment_flag are agent-inferred proxies per Requirements A.4, not sourced from post-hoc narrative articles (to avoid leakage per Key Focus Area §3)","heuristic based on trophy winners (UCL, World Cup, Euros, Copa) + club prestige tier list operationalized from UEFA coefficient / revenue"
1980,1980,Michel Platini,Saint-Étienne,France,3,1,1,0,,"{""tier"": 3, ""score"": 1, ""matched"": ""other"", ""raw"": ""Saint-\u00c9tienne""}","club_prestige_tier, market_size_proxy, signature_moment_flag are agent-inferred proxies per Requirements A.4, not sourced from post-hoc narrative articles (to avoid leakage per Key Focus Area §3)","heuristic based on trophy winners (UCL, World Cup, Euros, Copa) + club prestige tier list operationalized from UEFA coefficient / revenue"
1980,1980,Wilfried Van Moer,Beveren,Belgium,3,1,1,0,,"{""tier"": 3, ""score"": 1, ""matched"": ""other"", ""raw"": ""Beveren""}","club_prestige_tier, market_size_proxy, signature_moment_flag are agent-inferred proxies per Requirements A.4, not sourced from post-hoc narrative articles (to avoid leakage per Key Focus Area §3)","heuristic based on trophy winners (UCL, World Cup, Euros, Copa) + club prestige tier list operationalized from UEFA coefficient / revenue"
1980,1980,Jan Ceulemans,Club Brugge,Belgium,3,1,1,0,,"{""tier"": 3, ""score"": 1, ""matched"": ""other"", ""raw"": ""Club Brugge""}","club_prestige_tier, market_size_proxy, signature_moment_flag are agent-inferred proxies per Requirements A.4, not sourced from post-hoc narrative articles (to avoid leakage per Key Focus Area §3)","heuristic based on trophy winners (UCL, World Cup, Euros, Copa) + club prestige tier list operationalized from UEFA coefficient / revenue"
1980,1980,Horst Hrubesch,Hamburger SV,West Germany,2,2,2,1,Euros winner 1980 country West Germany matches player's nation West Germany,"{""tier"": 2, ""score"": 2, ""matched"": ""Hamburger SV"", ""raw"": ""Hamburger SV""}","club_prestige_tier, market_size_proxy, signature_moment_flag are agent-inferred proxies per Requirements A.4, not sourced from post-hoc narrative articles (to avoid leakage per Key Focus Area §3)","heuristic based on trophy winners (UCL, World Cup, Euros, Copa) + club prestige tier list operationalized from UEFA coefficient / revenue"
1980,1980,Herbert Prohaska,Internazionale,Austria,1,3,3,0,,"{""tier"": 1, ""score"": 3, ""matched"": ""Internazionale"", ""raw"": ""Internazionale""}","club_prestige_tier, market_size_proxy, signature_moment_flag are agent-inferred proxies per Requirements A.4, not sourced from post-hoc narrative articles (to avoid leakage per Key Focus Area §3)","heuristic based on trophy winners (UCL, World Cup, Euros, Copa) + club prestige tier list operationalized from UEFA coefficient / revenue"
1980,1980,Hansi Müller,VfB Stuttgart,West Germany,3,1,1,1,Euros winner 1980 country West Germany matches player's nation West Germany,"{""tier"": 3, ""score"": 1, ""matched"": ""other"", ""raw"": ""VfB Stuttgart""}","club_prestige_tier, market_size_proxy, signature_moment_flag are agent-inferred proxies per Requirements A.4, not sourced from post-hoc narrative articles (to avoid leakage per Key Focus Area §3)","heuristic based on trophy winners (UCL, World Cup, Euros, Copa) + club prestige tier list operationalized from UEFA coefficient / revenue"
1980,1980,Liam Brady,Juventus,Republic of Ireland,1,3,3,0,,"{""tier"": 1, ""score"": 3, ""matched"": ""Juventus"", ""raw"": ""Juventus""}","club_prestige_tier, market_size_proxy, signature_moment_flag are agent-inferred proxies per Requirements A.4, not sourced from post-hoc narrative articles (to avoid leakage per Key Focus Area §3)","heuristic based on trophy winners (UCL, World Cup, Euros, Copa) + club prestige tier list operationalized from UEFA coefficient / revenue"
1980,1980,Manfred Kaltz,Hamburger SV,West Germany,2,2,2,1,Euros winner 1980 country West Germany matches player's nation West Germany,"{""tier"": 2, ""score"": 2, ""matched"": ""Hamburger SV"", ""raw"": ""Hamburger SV""}","club_prestige_tier, market_size_proxy, signature_moment_flag are agent-inferred proxies per Requirements A.4, not sourced from post-hoc narrative articles (to avoid leakage per Key Focus Area §3)","heuristic based on trophy winners (UCL, World Cup, Euros, Copa) + club prestige tier list operationalized from UEFA coefficient / revenue"
1980,1980,Erwin Vandenbergh,Lierse,Belgium,3,1,1,0,,"{""tier"": 3, ""score"": 1, ""matched"": ""other"", ""raw"": ""Lierse""}","club_prestige_tier, market_size_proxy, signature_moment_flag are agent-inferred proxies per Requirements A.4, not sourced from post-hoc narrative articles (to avoid leakage per Key Focus Area §3)","heuristic based on trophy winners (UCL, World Cup, Euros, Copa) + club prestige tier list operationalized from UEFA coefficient / revenue"
1980,1980,Luis Arconada,Real Sociedad,Spain,3,1,1,0,,"{""tier"": 3, ""score"": 1, ""matched"": ""other"", ""raw"": ""Real Sociedad""}","club_prestige_tier, market_size_proxy, signature_moment_flag are agent-inferred proxies per Requirements A.4, not sourced from post-hoc narrative articles (to avoid leakage per Key Focus Area §3)","heuristic based on trophy winners (UCL, World Cup, Euros, Copa) + club prestige tier list operationalized from UEFA coefficient / revenue"
1980,1980,Dino Zoff,Juventus,Italy,1,3,3,0,,"{""tier"": 1, ""score"": 3, ""matched"": ""Juventus"", ""raw"": ""Juventus""}","club_prestige_tier, market_size_proxy, signature_moment_flag are agent-inferred proxies per Requirements A.4, not sourced from post-hoc narrative articles (to avoid leakage per Key Focus Area §3)","heuristic based on trophy winners (UCL, World Cup, Euros, Copa) + club prestige tier list operationalized from UEFA coefficient / revenue"
1980,1980,Kenny Dalglish,Liverpool,Scotland,1,3,3,1,UCL winner 1980 club Liverpool matches player's club Liverpool,"{""tier"": 1, ""score"": 3, ""matched"": ""Liverpool"", ""raw"": ""Liverpool""}","club_prestige_tier, market_size_proxy, signature_moment_flag are agent-inferred proxies per Requirements A.4, not sourced from post-hoc narrative articles (to avoid leakage per Key Focus Area §3)","heuristic based on trophy winners (UCL, World Cup, Euros, Copa) + club prestige tier list operationalized from UEFA coefficient / revenue"
1980,1980,Bruno Pezzey,Eintracht Frankfurt,Austria,3,1,1,0,,"{""tier"": 3, ""score"": 1, ""matched"": ""other"", ""raw"": ""Eintracht Frankfurt""}","club_prestige_tier, market_size_proxy, signature_moment_flag are agent-inferred proxies per Requirements A.4, not sourced from post-hoc narrative articles (to avoid leakage per Key Focus Area §3)","heuristic based on trophy winners (UCL, World Cup, Euros, Copa) + club prestige tier list operationalized from UEFA coefficient / revenue"
1980,1980,Terry McDermott,Liverpool,England,1,3,3,1,UCL winner 1980 club Liverpool matches player's club Liverpool,"{""tier"": 1, ""score"": 3, ""matched"": ""Liverpool"", ""raw"": ""Liverpool""}","club_prestige_tier, market_size_proxy, signature_moment_flag are agent-inferred proxies per Requirements A.4, not sourced from post-hoc narrative articles (to avoid leakage per Key Focus Area §3)","heuristic based on trophy winners (UCL, World Cup, Euros, Copa) + club prestige tier list operationalized from UEFA coefficient / revenue"
1980,1980,Viv Anderson,Nottingham Forest,England,2,2,2,0,,"{""tier"": 2, ""score"": 2, ""matched"": ""Nottingham Forest"", ""raw"": ""Nottingham Forest""}","club_prestige_tier, market_size_proxy, signature_moment_flag are agent-inferred proxies per Requirements A.4, not sourced from post-hoc narrative articles (to avoid leakage per Key Focus Area §3)","heuristic based on trophy winners (UCL, World Cup, Euros, Copa) + club prestige tier list operationalized from UEFA coefficient / revenue"
1980,1980,Ruud Krol,Napoli,Netherlands,2,2,2,0,,"{""tier"": 2, ""score"": 2, ""matched"": ""Napoli"", ""raw"": ""Napoli""}","club_prestige_tier, market_size_proxy, signature_moment_flag are agent-inferred proxies per Requirements A.4, not sourced from post-hoc narrative articles (to avoid leakage per Key Focus Area §3)","heuristic based on trophy winners (UCL, World Cup, Euros, Copa) + club prestige tier list operationalized from UEFA coefficient / revenue"
1980,1980,Francesco Graziani,Torino,Italy,3,1,1,0,,"{""tier"": 3, ""score"": 1, ""matched"": ""other"", ""raw"": ""Torino""}","club_prestige_tier, market_size_proxy, signature_moment_flag are agent-inferred proxies per Requirements A.4, not sourced from post-hoc narrative articles (to avoid leakage per Key Focus Area §3)","heuristic based on trophy winners (UCL, World Cup, Euros, Copa) + club prestige tier list operationalized from UEFA coefficient / revenue"
1980,1980,Ladislav Vízek,Dukla Prague,Czechoslovakia,3,1,1,0,,"{""tier"": 3, ""score"": 1, ""matched"": ""other"", ""raw"": ""Dukla Prague""}","club_prestige_tier, market_size_proxy, signature_moment_flag are agent-inferred proxies per Requirements A.4, not sourced from post-hoc narrative articles (to avoid leakage per Key Focus Area §3)","heuristic based on trophy winners (UCL, World Cup, Euros, Copa) + club prestige tier list operationalized from UEFA coefficient / revenue"
1980,1980,Manuel Bento,Benfica,Portugal,2,2,2,0,,"{""tier"": 2, ""score"": 2, ""matched"": ""Benfica"", ""raw"": ""Benfica""}","club_prestige_tier, market_size_proxy, signature_moment_flag are agent-inferred proxies per Requirements A.4, not sourced from post-hoc narrative articles (to avoid leakage per Key Focus Area §3)","heuristic based on trophy winners (UCL, World Cup, Euros, Copa) + club prestige tier list operationalized from UEFA coefficient / revenue"
1980,1980,Frank Arnesen,Ajax,Denmark,2,2,2,0,,"{""tier"": 2, ""score"": 2, ""matched"": ""Ajax"", ""raw"": ""Ajax""}","club_prestige_tier, market_size_proxy, signature_moment_flag are agent-inferred proxies per Requirements A.4, not sourced from post-hoc narrative articles (to avoid leakage per Key Focus Area §3)","heuristic based on trophy winners (UCL, World Cup, Euros, Copa) + club prestige tier list operationalized from UEFA coefficient / revenue"
1980,1980,Antonín Panenka,Bohemians 1905,Czechoslovakia,3,1,1,0,,"{""tier"": 3, ""score"": 1, ""matched"": ""other"", ""raw"": ""Bohemians 1905""}","club_prestige_tier, market_size_proxy, signature_moment_flag are agent-inferred proxies per Requirements A.4, not sourced from post-hoc narrative articles (to avoid leakage per Key Focus Area §3)","heuristic based on trophy winners (UCL, World Cup, Euros, Copa) + club prestige tier list operationalized from UEFA coefficient / revenue"
1980,1980,David O'Leary,Arsenal,Republic of Ireland,2,2,2,0,,"{""tier"": 2, ""score"": 2, ""matched"": ""Arsenal"", ""raw"": ""Arsenal""}","club_prestige_tier, market_size_proxy, signature_moment_flag are agent-inferred proxies per Requirements A.4, not sourced from post-hoc narrative articles (to avoid leakage per Key Focus Area §3)","heuristic based on trophy winners (UCL, World Cup, Euros, Copa) + club prestige tier list operationalized from UEFA coefficient / revenue"
1980,1980,Vladimir Petrović,Red Star Belgrade,SFR Yugoslavia,3,1,1,0,,"{""tier"": 3, ""score"": 1, ""matched"": ""other"", ""raw"": ""Red Star Belgrade""}","club_prestige_tier, market_size_proxy, signature_moment_flag are agent-inferred proxies per Requirements A.4, not sourced from post-hoc narrative articles (to avoid leakage per Key Focus Area §3)","heuristic based on trophy winners (UCL, World Cup, Euros, Copa) + club prestige tier list operationalized from UEFA coefficient / revenue"
1980,1980,Zbigniew Boniek,Widzew Łódź,Poland,3,1,1,0,,"{""tier"": 3, ""score"": 1, ""matched"": ""other"", ""raw"": ""Widzew \u0141\u00f3d\u017a""}","club_prestige_tier, market_size_proxy, signature_moment_flag are agent-inferred proxies per Requirements A.4, not sourced from post-hoc narrative articles (to avoid leakage per Key Focus Area §3)","heuristic based on trophy winners (UCL, World Cup, Euros, Copa) + club prestige tier list operationalized from UEFA coefficient / revenue"
1980,1980,Giancarlo Antognoni,Fiorentina,Italy,2,2,2,0,,"{""tier"": 2, ""score"": 2, ""matched"": ""Fiorentina"", ""raw"": ""Fiorentina""}","club_prestige_tier, market_size_proxy, signature_moment_flag are agent-inferred proxies per Requirements A.4, not sourced from post-hoc narrative articles (to avoid leakage per Key Focus Area §3)","heuristic based on trophy winners (UCL, World Cup, Euros, Copa) + club prestige tier list operationalized from UEFA coefficient / revenue"
1980,1980,Alessandro Altobelli,Internazionale,Italy,1,3,3,0,,"{""tier"": 1, ""score"": 3, ""matched"": ""Internazionale"", ""raw"": ""Internazionale""}","club_prestige_tier, market_size_proxy, signature_moment_flag are agent-inferred proxies per Requirements A.4, not sourced from post-hoc narrative articles (to avoid leakage per Key Focus Area §3)","heuristic based on trophy winners (UCL, World Cup, Euros, Copa) + club prestige tier list operationalized from UEFA coefficient / revenue"
1980,1980,Marcel Răducanu,Steaua București,Romania,3,1,1,0,,"{""tier"": 3, ""score"": 1, ""matched"": ""other"", ""raw"": ""Steaua Bucure\u0219ti""}","club_prestige_tier, market_size_proxy, signature_moment_flag are agent-inferred proxies per Requirements A.4, not sourced from post-hoc narrative articles (to avoid leakage per Key Focus Area §3)","heuristic based on trophy winners (UCL, World Cup, Euros, Copa) + club prestige tier list operationalized from UEFA coefficient / revenue"
1980,1980,Trevor Francis,Nottingham Forest,England,2,2,2,0,,"{""tier"": 2, ""score"": 2, ""matched"": ""Nottingham Forest"", ""raw"": ""Nottingham Forest""}","club_prestige_tier, market_size_proxy, signature_moment_flag are agent-inferred proxies per Requirements A.4, not sourced from post-hoc narrative articles (to avoid leakage per Key Focus Area §3)","heuristic based on trophy winners (UCL, World Cup, Euros, Copa) + club prestige tier list operationalized from UEFA coefficient / revenue"
1980,1980,Zdeněk Nehoda,Dukla Prague,Czechoslovakia,3,1,1,0,,"{""tier"": 3, ""score"": 1, ""matched"": ""other"", ""raw"": ""Dukla Prague""}","club_prestige_tier, market_size_proxy, signature_moment_flag are agent-inferred proxies per Requirements A.4, not sourced from post-hoc narrative articles (to avoid leakage per Key Focus Area §3)","heuristic based on trophy winners (UCL, World Cup, Euros, Copa) + club prestige tier list operationalized from UEFA coefficient / revenue"
1980,1980,Peter Shilton,Nottingham Forest,England,2,2,2,0,,"{""tier"": 2, ""score"": 2, ""matched"": ""Nottingham Forest"", ""raw"": ""Nottingham Forest""}","club_prestige_tier, market_size_proxy, signature_moment_flag are agent-inferred proxies per Requirements A.4, not sourced from post-hoc narrative articles (to avoid leakage per Key Focus Area §3)","heuristic based on trophy winners (UCL, World Cup, Euros, Copa) + club prestige tier list operationalized from UEFA coefficient / revenue"
1981,1981,Karl-Heinz Rummenigge,Bayern Munich,West Germany,1,3,3,0,,"{""tier"": 1, ""score"": 3, ""matched"": ""Bayern Munich"", ""raw"": ""Bayern Munich""}","club_prestige_tier, market_size_proxy, signature_moment_flag are agent-inferred proxies per Requirements A.4, not sourced from post-hoc narrative articles (to avoid leakage per Key Focus Area §3)","heuristic based on trophy winners (UCL, World Cup, Euros, Copa) + club prestige tier list operationalized from UEFA coefficient / revenue"
1981,1981,Paul Breitner,Bayern Munich,West Germany,1,3,3,0,,"{""tier"": 1, ""score"": 3, ""matched"": ""Bayern Munich"", ""raw"": ""Bayern Munich""}","club_prestige_tier, market_size_proxy, signature_moment_flag are agent-inferred proxies per Requirements A.4, not sourced from post-hoc narrative articles (to avoid leakage per Key Focus Area §3)","heuristic based on trophy winners (UCL, World Cup, Euros, Copa) + club prestige tier list operationalized from UEFA coefficient / revenue"
1981,1981,Bernd Schuster,Barcelona,West Germany,1,3,3,0,,"{""tier"": 1, ""score"": 3, ""matched"": ""Barcelona"", ""raw"": ""Barcelona""}","club_prestige_tier, market_size_proxy, signature_moment_flag are agent-inferred proxies per Requirements A.4, not sourced from post-hoc narrative articles (to avoid leakage per Key Focus Area §3)","heuristic based on trophy winners (UCL, World Cup, Euros, Copa) + club prestige tier list operationalized from UEFA coefficient / revenue"
1981,1981,Michel Platini,Saint-Étienne,France,3,1,1,0,,"{""tier"": 3, ""score"": 1, ""matched"": ""other"", ""raw"": ""Saint-\u00c9tienne""}","club_prestige_tier, market_size_proxy, signature_moment_flag are agent-inferred proxies per Requirements A.4, not sourced from post-hoc narrative articles (to avoid leakage per Key Focus Area §3)","heuristic based on trophy winners (UCL, World Cup, Euros, Copa) + club prestige tier list operationalized from UEFA coefficient / revenue"
1981,1981,Oleg Blokhin,Dinamo Kyiv,Soviet Union,3,1,1,0,,"{""tier"": 3, ""score"": 1, ""matched"": ""other"", ""raw"": ""Dinamo Kyiv""}","club_prestige_tier, market_size_proxy, signature_moment_flag are agent-inferred proxies per Requirements A.4, not sourced from post-hoc narrative articles (to avoid leakage per Key Focus Area §3)","heuristic based on trophy winners (UCL, World Cup, Euros, Copa) + club prestige tier list operationalized from UEFA coefficient / revenue"
1981,1981,Dino Zoff,Juventus,Italy,1,3,3,0,,"{""tier"": 1, ""score"": 3, ""matched"": ""Juventus"", ""raw"": ""Juventus""}","club_prestige_tier, market_size_proxy, signature_moment_flag are agent-inferred proxies per Requirements A.4, not sourced from post-hoc narrative articles (to avoid leakage per Key Focus Area §3)","heuristic based on trophy winners (UCL, World Cup, Euros, Copa) + club prestige tier list operationalized from UEFA coefficient / revenue"
1981,1981,Ramaz Shengelia,Dinamo Tbilisi,Soviet Union,3,1,1,0,,"{""tier"": 3, ""score"": 1, ""matched"": ""other"", ""raw"": ""Dinamo Tbilisi""}","club_prestige_tier, market_size_proxy, signature_moment_flag are agent-inferred proxies per Requirements A.4, not sourced from post-hoc narrative articles (to avoid leakage per Key Focus Area §3)","heuristic based on trophy winners (UCL, World Cup, Euros, Copa) + club prestige tier list operationalized from UEFA coefficient / revenue"
1981,1981,Alexsandr Chivadze,Dinamo Tbilisi,Soviet Union,3,1,1,0,,"{""tier"": 3, ""score"": 1, ""matched"": ""other"", ""raw"": ""Dinamo Tbilisi""}","club_prestige_tier, market_size_proxy, signature_moment_flag are agent-inferred proxies per Requirements A.4, not sourced from post-hoc narrative articles (to avoid leakage per Key Focus Area §3)","heuristic based on trophy winners (UCL, World Cup, Euros, Copa) + club prestige tier list operationalized from UEFA coefficient / revenue"
1981,1981,Liam Brady,Juventus,Republic of Ireland,1,3,3,0,,"{""tier"": 1, ""score"": 3, ""matched"": ""Juventus"", ""raw"": ""Juventus""}","club_prestige_tier, market_size_proxy, signature_moment_flag are agent-inferred proxies per Requirements A.4, not sourced from post-hoc narrative articles (to avoid leakage per Key Focus Area §3)","heuristic based on trophy winners (UCL, World Cup, Euros, Copa) + club prestige tier list operationalized from UEFA coefficient / revenue"
1981,1981,John Wark,Ipswich Town,Scotland,3,1,1,0,,"{""tier"": 3, ""score"": 1, ""matched"": ""other"", ""raw"": ""Ipswich Town""}","club_prestige_tier, market_size_proxy, signature_moment_flag are agent-inferred proxies per Requirements A.4, not sourced from post-hoc narrative articles (to avoid leakage per Key Focus Area §3)","heuristic based on trophy winners (UCL, World Cup, Euros, Copa) + club prestige tier list operationalized from UEFA coefficient / revenue"
1981,1981,David Kipiani,Dinamo Tbilisi,Soviet Union,3,1,1,0,,"{""tier"": 3, ""score"": 1, ""matched"": ""other"", ""raw"": ""Dinamo Tbilisi""}","club_prestige_tier, market_size_proxy, signature_moment_flag are agent-inferred proxies per Requirements A.4, not sourced from post-hoc narrative articles (to avoid leakage per Key Focus Area §3)","heuristic based on trophy winners (UCL, World Cup, Euros, Copa) + club prestige tier list operationalized from UEFA coefficient / revenue"
1981,1981,András Törőcsik,Újpest,Hungary,3,1,1,0,,"{""tier"": 3, ""score"": 1, ""matched"": ""other"", ""raw"": ""\u00dajpest""}","club_prestige_tier, market_size_proxy, signature_moment_flag are agent-inferred proxies per Requirements A.4, not sourced from post-hoc narrative articles (to avoid leakage per Key Focus Area §3)","heuristic based on trophy winners (UCL, World Cup, Euros, Copa) + club prestige tier list operationalized from UEFA coefficient / revenue"
1981,1981,Zbigniew Boniek,Widzew Łódź,Poland,3,1,1,0,,"{""tier"": 3, ""score"": 1, ""matched"": ""other"", ""raw"": ""Widzew \u0141\u00f3d\u017a""}","club_prestige_tier, market_size_proxy, signature_moment_flag are agent-inferred proxies per Requirements A.4, not sourced from post-hoc narrative articles (to avoid leakage per Key Focus Area §3)","heuristic based on trophy winners (UCL, World Cup, Euros, Copa) + club prestige tier list operationalized from UEFA coefficient / revenue"
1981,1981,Maxime Bossis,Nantes,France,3,1,1,0,,"{""tier"": 3, ""score"": 1, ""matched"": ""other"", ""raw"": ""Nantes""}","club_prestige_tier, market_size_proxy, signature_moment_flag are agent-inferred proxies per Requirements A.4, not sourced from post-hoc narrative articles (to avoid leakage per Key Focus Area §3)","heuristic based on trophy winners (UCL, World Cup, Euros, Copa) + club prestige tier list operationalized from UEFA coefficient / revenue"
1981,1981,Bruno Pezzey,Eintracht Frankfurt,Austria,3,1,1,0,,"{""tier"": 3, ""score"": 1, ""matched"": ""other"", ""raw"": ""Eintracht Frankfurt""}","club_prestige_tier, market_size_proxy, signature_moment_flag are agent-inferred proxies per Requirements A.4, not sourced from post-hoc narrative articles (to avoid leakage per Key Focus Area §3)","heuristic based on trophy winners (UCL, World Cup, Euros, Copa) + club prestige tier list operationalized from UEFA coefficient / revenue"
1981,1981,Horst Hrubesch,Hamburger SV,West Germany,2,2,2,0,,"{""tier"": 2, ""score"": 2, ""matched"": ""Hamburger SV"", ""raw"": ""Hamburger SV""}","club_prestige_tier, market_size_proxy, signature_moment_flag are agent-inferred proxies per Requirements A.4, not sourced from post-hoc narrative articles (to avoid leakage per Key Focus Area §3)","heuristic based on trophy winners (UCL, World Cup, Euros, Copa) + club prestige tier list operationalized from UEFA coefficient / revenue"
1981,1981,Ruud Krol,Napoli,Netherlands,2,2,2,0,,"{""tier"": 2, ""score"": 2, ""matched"": ""Napoli"", ""raw"": ""Napoli""}","club_prestige_tier, market_size_proxy, signature_moment_flag are agent-inferred proxies per Requirements A.4, not sourced from post-hoc narrative articles (to avoid leakage per Key Focus Area §3)","heuristic based on trophy winners (UCL, World Cup, Euros, Copa) + club prestige tier list operationalized from UEFA coefficient / revenue"
1981,1981,Vladimir Petrović,Red Star Belgrade,Yugoslavia,3,1,1,0,,"{""tier"": 3, ""score"": 1, ""matched"": ""other"", ""raw"": ""Red Star Belgrade""}","club_prestige_tier, market_size_proxy, signature_moment_flag are agent-inferred proxies per Requirements A.4, not sourced from post-hoc narrative articles (to avoid leakage per Key Focus Area §3)","heuristic based on trophy winners (UCL, World Cup, Euros, Copa) + club prestige tier list operationalized from UEFA coefficient / revenue"
1981,1981,Zlatko Vujovic,Hajduk Split,Yugoslavia,3,1,1,0,,"{""tier"": 3, ""score"": 1, ""matched"": ""other"", ""raw"": ""Hajduk Split""}","club_prestige_tier, market_size_proxy, signature_moment_flag are agent-inferred proxies per Requirements A.4, not sourced from post-hoc narrative articles (to avoid leakage per Key Focus Area §3)","heuristic based on trophy winners (UCL, World Cup, Euros, Copa) + club prestige tier list operationalized from UEFA coefficient / revenue"
1981,1981,Trevor Brooking,West Ham United,England,2,2,2,0,,"{""tier"": 2, ""score"": 2, ""matched"": ""West Ham"", ""raw"": ""West Ham United""}","club_prestige_tier, market_size_proxy, signature_moment_flag are agent-inferred proxies per Requirements A.4, not sourced from post-hoc narrative articles (to avoid leakage per Key Focus Area §3)","heuristic based on trophy winners (UCL, World Cup, Euros, Copa) + club prestige tier list operationalized from UEFA coefficient / revenue"
1981,1981,Giancarlo Antognoni,Fiorentina,Italy,2,2,2,0,,"{""tier"": 2, ""score"": 2, ""matched"": ""Fiorentina"", ""raw"": ""Fiorentina""}","club_prestige_tier, market_size_proxy, signature_moment_flag are agent-inferred proxies per Requirements A.4, not sourced from post-hoc narrative articles (to avoid leakage per Key Focus Area §3)","heuristic based on trophy winners (UCL, World Cup, Euros, Copa) + club prestige tier list operationalized from UEFA coefficient / revenue"
1981,1981,Jan Ceulemans,Club Brugge,Belgium,3,1,1,0,,"{""tier"": 3, ""score"": 1, ""matched"": ""other"", ""raw"": ""Club Brugge""}","club_prestige_tier, market_size_proxy, signature_moment_flag are agent-inferred proxies per Requirements A.4, not sourced from post-hoc narrative articles (to avoid leakage per Key Focus Area §3)","heuristic based on trophy winners (UCL, World Cup, Euros, Copa) + club prestige tier list operationalized from UEFA coefficient / revenue"
1981,1981,Kenny Dalglish,Liverpool,Scotland,1,3,3,0,,"{""tier"": 1, ""score"": 3, ""matched"": ""Liverpool"", ""raw"": ""Liverpool""}","club_prestige_tier, market_size_proxy, signature_moment_flag are agent-inferred proxies per Requirements A.4, not sourced from post-hoc narrative articles (to avoid leakage per Key Focus Area §3)","heuristic based on trophy winners (UCL, World Cup, Euros, Copa) + club prestige tier list operationalized from UEFA coefficient / revenue"
1981,1981,Bryan Robson,Manchester United,England,1,3,3,0,,"{""tier"": 1, ""score"": 3, ""matched"": ""Manchester United"", ""raw"": ""Manchester United""}","club_prestige_tier, market_size_proxy, signature_moment_flag are agent-inferred proxies per Requirements A.4, not sourced from post-hoc narrative articles (to avoid leakage per Key Focus Area §3)","heuristic based on trophy winners (UCL, World Cup, Euros, Copa) + club prestige tier list operationalized from UEFA coefficient / revenue"
1981,1981,Frank Stapleton,Manchester United,Ireland,1,3,3,0,,"{""tier"": 1, ""score"": 3, ""matched"": ""Manchester United"", ""raw"": ""Manchester United""}","club_prestige_tier, market_size_proxy, signature_moment_flag are agent-inferred proxies per Requirements A.4, not sourced from post-hoc narrative articles (to avoid leakage per Key Focus Area §3)","heuristic based on trophy winners (UCL, World Cup, Euros, Copa) + club prestige tier list operationalized from UEFA coefficient / revenue"
1981,1981,Wilfried Van Moer,Beveren,Belgium,3,1,1,0,,"{""tier"": 3, ""score"": 1, ""matched"": ""other"", ""raw"": ""Beveren""}","club_prestige_tier, market_size_proxy, signature_moment_flag are agent-inferred proxies per Requirements A.4, not sourced from post-hoc narrative articles (to avoid leakage per Key Focus Area §3)","heuristic based on trophy winners (UCL, World Cup, Euros, Copa) + club prestige tier list operationalized from UEFA coefficient / revenue"
1981,1981,Luis Arconada,Real Sociedad,Spain,3,1,1,0,,"{""tier"": 3, ""score"": 1, ""matched"": ""other"", ""raw"": ""Real Sociedad""}","club_prestige_tier, market_size_proxy, signature_moment_flag are agent-inferred proxies per Requirements A.4, not sourced from post-hoc narrative articles (to avoid leakage per Key Focus Area §3)","heuristic based on trophy winners (UCL, World Cup, Euros, Copa) + club prestige tier list operationalized from UEFA coefficient / revenue"
1981,1981,Grzegorz Lato,Lokeren,Poland,3,1,1,0,,"{""tier"": 3, ""score"": 1, ""matched"": ""other"", ""raw"": ""Lokeren""}","club_prestige_tier, market_size_proxy, signature_moment_flag are agent-inferred proxies per Requirements A.4, not sourced from post-hoc narrative articles (to avoid leakage per Key Focus Area §3)","heuristic based on trophy winners (UCL, World Cup, Euros, Copa) + club prestige tier list operationalized from UEFA coefficient / revenue"
1981,1981,Tibor Nyilasi,Ferencváros,Hungary,2,2,2,0,,"{""tier"": 2, ""score"": 2, ""matched"": ""Ferencv\u00e1ros"", ""raw"": ""Ferencv\u00e1ros""}","club_prestige_tier, market_size_proxy, signature_moment_flag are agent-inferred proxies per Requirements A.4, not sourced from post-hoc narrative articles (to avoid leakage per Key Focus Area §3)","heuristic based on trophy winners (UCL, World Cup, Euros, Copa) + club prestige tier list operationalized from UEFA coefficient / revenue"
1981,1981,Wlodzimierz Smolarek,Widzew Łódź,Poland,3,1,1,0,,"{""tier"": 3, ""score"": 1, ""matched"": ""other"", ""raw"": ""Widzew \u0141\u00f3d\u017a""}","club_prestige_tier, market_size_proxy, signature_moment_flag are agent-inferred proxies per Requirements A.4, not sourced from post-hoc narrative articles (to avoid leakage per Key Focus Area §3)","heuristic based on trophy winners (UCL, World Cup, Euros, Copa) + club prestige tier list operationalized from UEFA coefficient / revenue"
1981,1981,Frans Thijssen,Ipswich Town,Netherlands,3,1,1,0,,"{""tier"": 3, ""score"": 1, ""matched"": ""other"", ""raw"": ""Ipswich Town""}","club_prestige_tier, market_size_proxy, signature_moment_flag are agent-inferred proxies per Requirements A.4, not sourced from post-hoc narrative articles (to avoid leakage per Key Focus Area §3)","heuristic based on trophy winners (UCL, World Cup, Euros, Copa) + club prestige tier list operationalized from UEFA coefficient / revenue"
1981,1981,António Oliveira,Sporting CP,Portugal,2,2,2,0,,"{""tier"": 2, ""score"": 2, ""matched"": ""Sporting"", ""raw"": ""Sporting CP""}","club_prestige_tier, market_size_proxy, signature_moment_flag are agent-inferred proxies per Requirements A.4, not sourced from post-hoc narrative articles (to avoid leakage per Key Focus Area §3)","heuristic based on trophy winners (UCL, World Cup, Euros, Copa) + club prestige tier list operationalized from UEFA coefficient / revenue"
1981,1981,Uli Stielike,Real Madrid,West Germany,1,3,3,0,,"{""tier"": 1, ""score"": 3, ""matched"": ""Real Madrid"", ""raw"": ""Real Madrid""}","club_prestige_tier, market_size_proxy, signature_moment_flag are agent-inferred proxies per Requirements A.4, not sourced from post-hoc narrative articles (to avoid leakage per Key Focus Area §3)","heuristic based on trophy winners (UCL, World Cup, Euros, Copa) + club prestige tier list operationalized from UEFA coefficient / revenue"
1981,1981,Jesús Zamora,Real Sociedad,Spain,3,1,1,0,,"{""tier"": 3, ""score"": 1, ""matched"": ""other"", ""raw"": ""Real Sociedad""}","club_prestige_tier, market_size_proxy, signature_moment_flag are agent-inferred proxies per Requirements A.4, not sourced from post-hoc narrative articles (to avoid leakage per Key Focus Area §3)","heuristic based on trophy winners (UCL, World Cup, Euros, Copa) + club prestige tier list operationalized from UEFA coefficient / revenue"
1982,1982,Paolo Rossi,Juventus,Italy,1,3,3,1,WorldCup winner 1982 country Italy matches player's nation Italy,"{""tier"": 1, ""score"": 3, ""matched"": ""Juventus"", ""raw"": ""Juventus""}","club_prestige_tier, market_size_proxy, signature_moment_flag are agent-inferred proxies per Requirements A.4, not sourced from post-hoc narrative articles (to avoid leakage per Key Focus Area §3)","heuristic based on trophy winners (UCL, World Cup, Euros, Copa) + club prestige tier list operationalized from UEFA coefficient / revenue"
1982,1982,Alain Giresse,Bordeaux,France,3,1,1,0,,"{""tier"": 3, ""score"": 1, ""matched"": ""other"", ""raw"": ""Bordeaux""}","club_prestige_tier, market_size_proxy, signature_moment_flag are agent-inferred proxies per Requirements A.4, not sourced from post-hoc narrative articles (to avoid leakage per Key Focus Area §3)","heuristic based on trophy winners (UCL, World Cup, Euros, Copa) + club prestige tier list operationalized from UEFA coefficient / revenue"
1982,1982,Zbigniew Boniek,Juventus,Poland,1,3,3,0,,"{""tier"": 1, ""score"": 3, ""matched"": ""Juventus"", ""raw"": ""Juventus""}","club_prestige_tier, market_size_proxy, signature_moment_flag are agent-inferred proxies per Requirements A.4, not sourced from post-hoc narrative articles (to avoid leakage per Key Focus Area §3)","heuristic based on trophy winners (UCL, World Cup, Euros, Copa) + club prestige tier list operationalized from UEFA coefficient / revenue"
1982,1982,Karl-Heinz Rummenigge,Bayern Munich,West Germany,1,3,3,0,,"{""tier"": 1, ""score"": 3, ""matched"": ""Bayern Munich"", ""raw"": ""Bayern Munich""}","club_prestige_tier, market_size_proxy, signature_moment_flag are agent-inferred proxies per Requirements A.4, not sourced from post-hoc narrative articles (to avoid leakage per Key Focus Area §3)","heuristic based on trophy winners (UCL, World Cup, Euros, Copa) + club prestige tier list operationalized from UEFA coefficient / revenue"
1982,1982,Bruno Conti,Roma,Italy,2,2,2,1,WorldCup winner 1982 country Italy matches player's nation Italy,"{""tier"": 2, ""score"": 2, ""matched"": ""Roma"", ""raw"": ""Roma""}","club_prestige_tier, market_size_proxy, signature_moment_flag are agent-inferred proxies per Requirements A.4, not sourced from post-hoc narrative articles (to avoid leakage per Key Focus Area §3)","heuristic based on trophy winners (UCL, World Cup, Euros, Copa) + club prestige tier list operationalized from UEFA coefficient / revenue"
1982,1982,Rinat Dasayev,Spartak Moscow,Soviet Union,3,1,1,0,,"{""tier"": 3, ""score"": 1, ""matched"": ""other"", ""raw"": ""Spartak Moscow""}","club_prestige_tier, market_size_proxy, signature_moment_flag are agent-inferred proxies per Requirements A.4, not sourced from post-hoc narrative articles (to avoid leakage per Key Focus Area §3)","heuristic based on trophy winners (UCL, World Cup, Euros, Copa) + club prestige tier list operationalized from UEFA coefficient / revenue"
1982,1982,Pierre Littbarski,1. FC Köln,West Germany,3,1,1,0,,"{""tier"": 3, ""score"": 1, ""matched"": ""other"", ""raw"": ""1. FC K\u00f6ln""}","club_prestige_tier, market_size_proxy, signature_moment_flag are agent-inferred proxies per Requirements A.4, not sourced from post-hoc narrative articles (to avoid leakage per Key Focus Area §3)","heuristic based on trophy winners (UCL, World Cup, Euros, Copa) + club prestige tier list operationalized from UEFA coefficient / revenue"
1982,1982,Dino Zoff,Juventus,Italy,1,3,3,1,WorldCup winner 1982 country Italy matches player's nation Italy,"{""tier"": 1, ""score"": 3, ""matched"": ""Juventus"", ""raw"": ""Juventus""}","club_prestige_tier, market_size_proxy, signature_moment_flag are agent-inferred proxies per Requirements A.4, not sourced from post-hoc narrative articles (to avoid leakage per Key Focus Area §3)","heuristic based on trophy winners (UCL, World Cup, Euros, Copa) + club prestige tier list operationalized from UEFA coefficient / revenue"
1982,1982,Michel Platini,Juventus,France,1,3,3,0,,"{""tier"": 1, ""score"": 3, ""matched"": ""Juventus"", ""raw"": ""Juventus""}","club_prestige_tier, market_size_proxy, signature_moment_flag are agent-inferred proxies per Requirements A.4, not sourced from post-hoc narrative articles (to avoid leakage per Key Focus Area §3)","heuristic based on trophy winners (UCL, World Cup, Euros, Copa) + club prestige tier list operationalized from UEFA coefficient / revenue"
1982,1982,Bernd Schuster,Barcelona,West Germany,1,3,3,0,,"{""tier"": 1, ""score"": 3, ""matched"": ""Barcelona"", ""raw"": ""Barcelona""}","club_prestige_tier, market_size_proxy, signature_moment_flag are agent-inferred proxies per Requirements A.4, not sourced from post-hoc narrative articles (to avoid leakage per Key Focus Area §3)","heuristic based on trophy winners (UCL, World Cup, Euros, Copa) + club prestige tier list operationalized from UEFA coefficient / revenue"
1982,1982,Giancarlo Antognoni,Fiorentina,Italy,2,2,2,1,WorldCup winner 1982 country Italy matches player's nation Italy,"{""tier"": 2, ""score"": 2, ""matched"": ""Fiorentina"", ""raw"": ""Fiorentina""}","club_prestige_tier, market_size_proxy, signature_moment_flag are agent-inferred proxies per Requirements A.4, not sourced from post-hoc narrative articles (to avoid leakage per Key Focus Area §3)","heuristic based on trophy winners (UCL, World Cup, Euros, Copa) + club prestige tier list operationalized from UEFA coefficient / revenue"
1982,1982,Bruno Pezzey,Eintracht Frankfurt,Austria,3,1,1,0,,"{""tier"": 3, ""score"": 1, ""matched"": ""other"", ""raw"": ""Eintracht Frankfurt""}","club_prestige_tier, market_size_proxy, signature_moment_flag are agent-inferred proxies per Requirements A.4, not sourced from post-hoc narrative articles (to avoid leakage per Key Focus Area §3)","heuristic based on trophy winners (UCL, World Cup, Euros, Copa) + club prestige tier list operationalized from UEFA coefficient / revenue"
1982,1982,Gaetano Scirea,Juventus,Italy,1,3,3,1,WorldCup winner 1982 country Italy matches player's nation Italy,"{""tier"": 1, ""score"": 3, ""matched"": ""Juventus"", ""raw"": ""Juventus""}","club_prestige_tier, market_size_proxy, signature_moment_flag are agent-inferred proxies per Requirements A.4, not sourced from post-hoc narrative articles (to avoid leakage per Key Focus Area §3)","heuristic based on trophy winners (UCL, World Cup, Euros, Copa) + club prestige tier list operationalized from UEFA coefficient / revenue"
1982,1982,Eric Gerets,Standard Liège,Belgium,3,1,1,0,,"{""tier"": 3, ""score"": 1, ""matched"": ""other"", ""raw"": ""Standard Li\u00e8ge""}","club_prestige_tier, market_size_proxy, signature_moment_flag are agent-inferred proxies per Requirements A.4, not sourced from post-hoc narrative articles (to avoid leakage per Key Focus Area §3)","heuristic based on trophy winners (UCL, World Cup, Euros, Copa) + club prestige tier list operationalized from UEFA coefficient / revenue"
1982,1982,Paul Breitner,Bayern Munich,West Germany,1,3,3,0,,"{""tier"": 1, ""score"": 3, ""matched"": ""Bayern Munich"", ""raw"": ""Bayern Munich""}","club_prestige_tier, market_size_proxy, signature_moment_flag are agent-inferred proxies per Requirements A.4, not sourced from post-hoc narrative articles (to avoid leakage per Key Focus Area §3)","heuristic based on trophy winners (UCL, World Cup, Euros, Copa) + club prestige tier list operationalized from UEFA coefficient / revenue"
1982,1982,Torbjörn Nilsson,IFK Göteborg,Sweden,3,1,1,0,,"{""tier"": 3, ""score"": 1, ""matched"": ""other"", ""raw"": ""IFK G\u00f6teborg""}","club_prestige_tier, market_size_proxy, signature_moment_flag are agent-inferred proxies per Requirements A.4, not sourced from post-hoc narrative articles (to avoid leakage per Key Focus Area §3)","heuristic based on trophy winners (UCL, World Cup, Euros, Copa) + club prestige tier list operationalized from UEFA coefficient / revenue"
1982,1982,Walter Schachner,Cesena,Austria,3,1,1,0,,"{""tier"": 3, ""score"": 1, ""matched"": ""other"", ""raw"": ""Cesena""}","club_prestige_tier, market_size_proxy, signature_moment_flag are agent-inferred proxies per Requirements A.4, not sourced from post-hoc narrative articles (to avoid leakage per Key Focus Area §3)","heuristic based on trophy winners (UCL, World Cup, Euros, Copa) + club prestige tier list operationalized from UEFA coefficient / revenue"
1982,1982,Marco Tardelli,Juventus,Italy,1,3,3,1,WorldCup winner 1982 country Italy matches player's nation Italy,"{""tier"": 1, ""score"": 3, ""matched"": ""Juventus"", ""raw"": ""Juventus""}","club_prestige_tier, market_size_proxy, signature_moment_flag are agent-inferred proxies per Requirements A.4, not sourced from post-hoc narrative articles (to avoid leakage per Key Focus Area §3)","heuristic based on trophy winners (UCL, World Cup, Euros, Copa) + club prestige tier list operationalized from UEFA coefficient / revenue"
1982,1982,Marius Trésor,Bordeaux,France,3,1,1,0,,"{""tier"": 3, ""score"": 1, ""matched"": ""other"", ""raw"": ""Bordeaux""}","club_prestige_tier, market_size_proxy, signature_moment_flag are agent-inferred proxies per Requirements A.4, not sourced from post-hoc narrative articles (to avoid leakage per Key Focus Area §3)","heuristic based on trophy winners (UCL, World Cup, Euros, Copa) + club prestige tier list operationalized from UEFA coefficient / revenue"
1983,1983,Michel Platini,Juventus,France,1,3,3,0,,"{""tier"": 1, ""score"": 3, ""matched"": ""Juventus"", ""raw"": ""Juventus""}","club_prestige_tier, market_size_proxy, signature_moment_flag are agent-inferred proxies per Requirements A.4, not sourced from post-hoc narrative articles (to avoid leakage per Key Focus Area §3)","heuristic based on trophy winners (UCL, World Cup, Euros, Copa) + club prestige tier list operationalized from UEFA coefficient / revenue"
1983,1983,Kenny Dalglish,Liverpool,Scotland,1,3,3,1,UCL winner 1983 club Liverpool matches player's club Liverpool,"{""tier"": 1, ""score"": 3, ""matched"": ""Liverpool"", ""raw"": ""Liverpool""}","club_prestige_tier, market_size_proxy, signature_moment_flag are agent-inferred proxies per Requirements A.4, not sourced from post-hoc narrative articles (to avoid leakage per Key Focus Area §3)","heuristic based on trophy winners (UCL, World Cup, Euros, Copa) + club prestige tier list operationalized from UEFA coefficient / revenue"
1983,1983,Allan Simonsen,Vejle,Denmark,3,1,1,0,,"{""tier"": 3, ""score"": 1, ""matched"": ""other"", ""raw"": ""Vejle""}","club_prestige_tier, market_size_proxy, signature_moment_flag are agent-inferred proxies per Requirements A.4, not sourced from post-hoc narrative articles (to avoid leakage per Key Focus Area §3)","heuristic based on trophy winners (UCL, World Cup, Euros, Copa) + club prestige tier list operationalized from UEFA coefficient / revenue"
1983,1983,Gordon Strachan,Aberdeen,Scotland,3,1,1,0,,"{""tier"": 3, ""score"": 1, ""matched"": ""other"", ""raw"": ""Aberdeen""}","club_prestige_tier, market_size_proxy, signature_moment_flag are agent-inferred proxies per Requirements A.4, not sourced from post-hoc narrative articles (to avoid leakage per Key Focus Area §3)","heuristic based on trophy winners (UCL, World Cup, Euros, Copa) + club prestige tier list operationalized from UEFA coefficient / revenue"
1983,1983,Felix Magath,Hamburger SV,West Germany,2,2,2,0,,"{""tier"": 2, ""score"": 2, ""matched"": ""Hamburger SV"", ""raw"": ""Hamburger SV""}","club_prestige_tier, market_size_proxy, signature_moment_flag are agent-inferred proxies per Requirements A.4, not sourced from post-hoc narrative articles (to avoid leakage per Key Focus Area §3)","heuristic based on trophy winners (UCL, World Cup, Euros, Copa) + club prestige tier list operationalized from UEFA coefficient / revenue"
1983,1983,Jean-Marie Pfaff,Bayern Munich,Belgium,1,3,3,0,,"{""tier"": 1, ""score"": 3, ""matched"": ""Bayern Munich"", ""raw"": ""Bayern Munich""}","club_prestige_tier, market_size_proxy, signature_moment_flag are agent-inferred proxies per Requirements A.4, not sourced from post-hoc narrative articles (to avoid leakage per Key Focus Area §3)","heuristic based on trophy winners (UCL, World Cup, Euros, Copa) + club prestige tier list operationalized from UEFA coefficient / revenue"
1983,1983,Rinat Dasayev,Spartak Moscow,Soviet Union,3,1,1,0,,"{""tier"": 3, ""score"": 1, ""matched"": ""other"", ""raw"": ""Spartak Moscow""}","club_prestige_tier, market_size_proxy, signature_moment_flag are agent-inferred proxies per Requirements A.4, not sourced from post-hoc narrative articles (to avoid leakage per Key Focus Area §3)","heuristic based on trophy winners (UCL, World Cup, Euros, Copa) + club prestige tier list operationalized from UEFA coefficient / revenue"
1983,1983,Karl-Heinz Rummenigge,Bayern Munich,West Germany,1,3,3,0,,"{""tier"": 1, ""score"": 3, ""matched"": ""Bayern Munich"", ""raw"": ""Bayern Munich""}","club_prestige_tier, market_size_proxy, signature_moment_flag are agent-inferred proxies per Requirements A.4, not sourced from post-hoc narrative articles (to avoid leakage per Key Focus Area §3)","heuristic based on trophy winners (UCL, World Cup, Euros, Copa) + club prestige tier list operationalized from UEFA coefficient / revenue"
1983,1983,Jesper Olsen,Ajax,Denmark,2,2,2,0,,"{""tier"": 2, ""score"": 2, ""matched"": ""Ajax"", ""raw"": ""Ajax""}","club_prestige_tier, market_size_proxy, signature_moment_flag are agent-inferred proxies per Requirements A.4, not sourced from post-hoc narrative articles (to avoid leakage per Key Focus Area §3)","heuristic based on trophy winners (UCL, World Cup, Euros, Copa) + club prestige tier list operationalized from UEFA coefficient / revenue"
1983,1983,Bryan Robson,Manchester United,England,1,3,3,0,,"{""tier"": 1, ""score"": 3, ""matched"": ""Manchester United"", ""raw"": ""Manchester United""}","club_prestige_tier, market_size_proxy, signature_moment_flag are agent-inferred proxies per Requirements A.4, not sourced from post-hoc narrative articles (to avoid leakage per Key Focus Area §3)","heuristic based on trophy winners (UCL, World Cup, Euros, Copa) + club prestige tier list operationalized from UEFA coefficient / revenue"
1983,1983,Fernando Gomes,Porto,Portugal,2,2,2,0,,"{""tier"": 2, ""score"": 2, ""matched"": ""Porto"", ""raw"": ""Porto""}","club_prestige_tier, market_size_proxy, signature_moment_flag are agent-inferred proxies per Requirements A.4, not sourced from post-hoc narrative articles (to avoid leakage per Key Focus Area §3)","heuristic based on trophy winners (UCL, World Cup, Euros, Copa) + club prestige tier list operationalized from UEFA coefficient / revenue"
1983,1983,Bernd Schuster,Barcelona,West Germany,1,3,3,0,,"{""tier"": 1, ""score"": 3, ""matched"": ""Barcelona"", ""raw"": ""Barcelona""}","club_prestige_tier, market_size_proxy, signature_moment_flag are agent-inferred proxies per Requirements A.4, not sourced from post-hoc narrative articles (to avoid leakage per Key Focus Area §3)","heuristic based on trophy winners (UCL, World Cup, Euros, Copa) + club prestige tier list operationalized from UEFA coefficient / revenue"
1983,1983,Franky Vercauteren,Anderlecht,Belgium,3,1,1,0,,"{""tier"": 3, ""score"": 1, ""matched"": ""other"", ""raw"": ""Anderlecht""}","club_prestige_tier, market_size_proxy, signature_moment_flag are agent-inferred proxies per Requirements A.4, not sourced from post-hoc narrative articles (to avoid leakage per Key Focus Area §3)","heuristic based on trophy winners (UCL, World Cup, Euros, Copa) + club prestige tier list operationalized from UEFA coefficient / revenue"
1983,1983,Alain Giresse,Bordeaux,France,3,1,1,0,,"{""tier"": 3, ""score"": 1, ""matched"": ""other"", ""raw"": ""Bordeaux""}","club_prestige_tier, market_size_proxy, signature_moment_flag are agent-inferred proxies per Requirements A.4, not sourced from post-hoc narrative articles (to avoid leakage per Key Focus Area §3)","heuristic based on trophy winners (UCL, World Cup, Euros, Copa) + club prestige tier list operationalized from UEFA coefficient / revenue"
1983,1983,Safet Sušić,Paris Saint-Germain,Yugoslavia,1,3,3,0,,"{""tier"": 1, ""score"": 3, ""matched"": ""Paris Saint-Germain"", ""raw"": ""Paris Saint-Germain""}","club_prestige_tier, market_size_proxy, signature_moment_flag are agent-inferred proxies per Requirements A.4, not sourced from post-hoc narrative articles (to avoid leakage per Key Focus Area §3)","heuristic based on trophy winners (UCL, World Cup, Euros, Copa) + club prestige tier list operationalized from UEFA coefficient / revenue"
1983,1983,Ian Rush,Liverpool,Wales,1,3,3,1,UCL winner 1983 club Liverpool matches player's club Liverpool,"{""tier"": 1, ""score"": 3, ""matched"": ""Liverpool"", ""raw"": ""Liverpool""}","club_prestige_tier, market_size_proxy, signature_moment_flag are agent-inferred proxies per Requirements A.4, not sourced from post-hoc narrative articles (to avoid leakage per Key Focus Area §3)","heuristic based on trophy winners (UCL, World Cup, Euros, Copa) + club prestige tier list operationalized from UEFA coefficient / revenue"
1983,1983,Morten Olsen,Anderlecht,Denmark,3,1,1,0,,"{""tier"": 3, ""score"": 1, ""matched"": ""other"", ""raw"": ""Anderlecht""}","club_prestige_tier, market_size_proxy, signature_moment_flag are agent-inferred proxies per Requirements A.4, not sourced from post-hoc narrative articles (to avoid leakage per Key Focus Area §3)","heuristic based on trophy winners (UCL, World Cup, Euros, Copa) + club prestige tier list operationalized from UEFA coefficient / revenue"
1983,1983,Norman Whiteside,Manchester United,Northern Ireland,1,3,3,0,,"{""tier"": 1, ""score"": 3, ""matched"": ""Manchester United"", ""raw"": ""Manchester United""}","club_prestige_tier, market_size_proxy, signature_moment_flag are agent-inferred proxies per Requirements A.4, not sourced from post-hoc narrative articles (to avoid leakage per Key Focus Area §3)","heuristic based on trophy winners (UCL, World Cup, Euros, Copa) + club prestige tier list operationalized from UEFA coefficient / revenue"
1983,1983,Bruno Conti,Roma,Italy,2,2,2,0,,"{""tier"": 2, ""score"": 2, ""matched"": ""Roma"", ""raw"": ""Roma""}","club_prestige_tier, market_size_proxy, signature_moment_flag are agent-inferred proxies per Requirements A.4, not sourced from post-hoc narrative articles (to avoid leakage per Key Focus Area §3)","heuristic based on trophy winners (UCL, World Cup, Euros, Copa) + club prestige tier list operationalized from UEFA coefficient / revenue"
1983,1983,Eric Gerets,Milan,Belgium,1,3,3,0,,"{""tier"": 1, ""score"": 3, ""matched"": ""Milan"", ""raw"": ""Milan""}","club_prestige_tier, market_size_proxy, signature_moment_flag are agent-inferred proxies per Requirements A.4, not sourced from post-hoc narrative articles (to avoid leakage per Key Focus Area §3)","heuristic based on trophy winners (UCL, World Cup, Euros, Copa) + club prestige tier list operationalized from UEFA coefficient / revenue"
1983,1983,Erwin Vandenbergh,Anderlecht,Belgium,3,1,1,0,,"{""tier"": 3, ""score"": 1, ""matched"": ""other"", ""raw"": ""Anderlecht""}","club_prestige_tier, market_size_proxy, signature_moment_flag are agent-inferred proxies per Requirements A.4, not sourced from post-hoc narrative articles (to avoid leakage per Key Focus Area §3)","heuristic based on trophy winners (UCL, World Cup, Euros, Copa) + club prestige tier list operationalized from UEFA coefficient / revenue"
1983,1983,Michael Laudrup,Lazio,Denmark,2,2,2,0,,"{""tier"": 2, ""score"": 2, ""matched"": ""Lazio"", ""raw"": ""Lazio""}","club_prestige_tier, market_size_proxy, signature_moment_flag are agent-inferred proxies per Requirements A.4, not sourced from post-hoc narrative articles (to avoid leakage per Key Focus Area §3)","heuristic based on trophy winners (UCL, World Cup, Euros, Copa) + club prestige tier list operationalized from UEFA coefficient / revenue"
1983,1983,Liam Brady,Sampdoria,Republic of Ireland,3,1,1,0,,"{""tier"": 3, ""score"": 1, ""matched"": ""other"", ""raw"": ""Sampdoria""}","club_prestige_tier, market_size_proxy, signature_moment_flag are agent-inferred proxies per Requirements A.4, not sourced from post-hoc narrative articles (to avoid leakage per Key Focus Area §3)","heuristic based on trophy winners (UCL, World Cup, Euros, Copa) + club prestige tier list operationalized from UEFA coefficient / revenue"
1983,1983,Antonio Cabrini,Juventus,Italy,1,3,3,0,,"{""tier"": 1, ""score"": 3, ""matched"": ""Juventus"", ""raw"": ""Juventus""}","club_prestige_tier, market_size_proxy, signature_moment_flag are agent-inferred proxies per Requirements A.4, not sourced from post-hoc narrative articles (to avoid leakage per Key Focus Area §3)","heuristic based on trophy winners (UCL, World Cup, Euros, Copa) + club prestige tier list operationalized from UEFA coefficient / revenue"
1983,1983,Carlos Manuel,Benfica,Portugal,2,2,2,0,,"{""tier"": 2, ""score"": 2, ""matched"": ""Benfica"", ""raw"": ""Benfica""}","club_prestige_tier, market_size_proxy, signature_moment_flag are agent-inferred proxies per Requirements A.4, not sourced from post-hoc narrative articles (to avoid leakage per Key Focus Area §3)","heuristic based on trophy winners (UCL, World Cup, Euros, Copa) + club prestige tier list operationalized from UEFA coefficient / revenue"
1983,1983,Vasilis Hatzipanagis,Iraklis,Greece,3,1,1,0,,"{""tier"": 3, ""score"": 1, ""matched"": ""other"", ""raw"": ""Iraklis""}","club_prestige_tier, market_size_proxy, signature_moment_flag are agent-inferred proxies per Requirements A.4, not sourced from post-hoc narrative articles (to avoid leakage per Key Focus Area §3)","heuristic based on trophy winners (UCL, World Cup, Euros, Copa) + club prestige tier list operationalized from UEFA coefficient / revenue"
1983,1983,Glenn Hysén,IFK Göteborg,Sweden,3,1,1,0,,"{""tier"": 3, ""score"": 1, ""matched"": ""other"", ""raw"": ""IFK G\u00f6teborg""}","club_prestige_tier, market_size_proxy, signature_moment_flag are agent-inferred proxies per Requirements A.4, not sourced from post-hoc narrative articles (to avoid leakage per Key Focus Area §3)","heuristic based on trophy winners (UCL, World Cup, Euros, Copa) + club prestige tier list operationalized from UEFA coefficient / revenue"
1983,1983,Paolo Rossi,Juventus,Italy,1,3,3,0,,"{""tier"": 1, ""score"": 3, ""matched"": ""Juventus"", ""raw"": ""Juventus""}","club_prestige_tier, market_size_proxy, signature_moment_flag are agent-inferred proxies per Requirements A.4, not sourced from post-hoc narrative articles (to avoid leakage per Key Focus Area §3)","heuristic based on trophy winners (UCL, World Cup, Euros, Copa) + club prestige tier list operationalized from UEFA coefficient / revenue"
1983,1983,Costică Ștefănescu,Universitatea Craiova,Romania,3,1,1,0,,"{""tier"": 3, ""score"": 1, ""matched"": ""other"", ""raw"": ""Universitatea Craiova""}","club_prestige_tier, market_size_proxy, signature_moment_flag are agent-inferred proxies per Requirements A.4, not sourced from post-hoc narrative articles (to avoid leakage per Key Focus Area §3)","heuristic based on trophy winners (UCL, World Cup, Euros, Copa) + club prestige tier list operationalized from UEFA coefficient / revenue"
1983,1983,Zbigniew Boniek,Juventus,Poland,1,3,3,0,,"{""tier"": 1, ""score"": 3, ""matched"": ""Juventus"", ""raw"": ""Juventus""}","club_prestige_tier, market_size_proxy, signature_moment_flag are agent-inferred proxies per Requirements A.4, not sourced from post-hoc narrative articles (to avoid leakage per Key Focus Area §3)","heuristic based on trophy winners (UCL, World Cup, Euros, Copa) + club prestige tier list operationalized from UEFA coefficient / revenue"
1983,1983,Fedor Cherenkov,Spartak Moscow,Soviet Union,3,1,1,0,,"{""tier"": 3, ""score"": 1, ""matched"": ""other"", ""raw"": ""Spartak Moscow""}","club_prestige_tier, market_size_proxy, signature_moment_flag are agent-inferred proxies per Requirements A.4, not sourced from post-hoc narrative articles (to avoid leakage per Key Focus Area §3)","heuristic based on trophy winners (UCL, World Cup, Euros, Copa) + club prestige tier list operationalized from UEFA coefficient / revenue"
1983,1983,Ruud Gullit,Feyenoord,Netherlands,3,1,1,0,,"{""tier"": 3, ""score"": 1, ""matched"": ""other"", ""raw"": ""Feyenoord""}","club_prestige_tier, market_size_proxy, signature_moment_flag are agent-inferred proxies per Requirements A.4, not sourced from post-hoc narrative articles (to avoid leakage per Key Focus Area §3)","heuristic based on trophy winners (UCL, World Cup, Euros, Copa) + club prestige tier list operationalized from UEFA coefficient / revenue"
1983,1983,Søren Lerby,Bayern Munich,Denmark,1,3,3,0,,"{""tier"": 1, ""score"": 3, ""matched"": ""Bayern Munich"", ""raw"": ""Bayern Munich""}","club_prestige_tier, market_size_proxy, signature_moment_flag are agent-inferred proxies per Requirements A.4, not sourced from post-hoc narrative articles (to avoid leakage per Key Focus Area §3)","heuristic based on trophy winners (UCL, World Cup, Euros, Copa) + club prestige tier list operationalized from UEFA coefficient / revenue"
1983,1983,Stoycho Mladenov,CSKA Sofia,Bulgaria,3,1,1,0,,"{""tier"": 3, ""score"": 1, ""matched"": ""other"", ""raw"": ""CSKA Sofia""}","club_prestige_tier, market_size_proxy, signature_moment_flag are agent-inferred proxies per Requirements A.4, not sourced from post-hoc narrative articles (to avoid leakage per Key Focus Area §3)","heuristic based on trophy winners (UCL, World Cup, Euros, Copa) + club prestige tier list operationalized from UEFA coefficient / revenue"
1983,1983,Tibor Nyilasi,Austria Wien,Hungary,3,1,1,0,,"{""tier"": 3, ""score"": 1, ""matched"": ""other"", ""raw"": ""Austria Wien""}","club_prestige_tier, market_size_proxy, signature_moment_flag are agent-inferred proxies per Requirements A.4, not sourced from post-hoc narrative articles (to avoid leakage per Key Focus Area §3)","heuristic based on trophy winners (UCL, World Cup, Euros, Copa) + club prestige tier list operationalized from UEFA coefficient / revenue"
1983,1983,Rudi Völler,Werder Bremen,West Germany,3,1,1,0,,"{""tier"": 3, ""score"": 1, ""matched"": ""other"", ""raw"": ""Werder Bremen""}","club_prestige_tier, market_size_proxy, signature_moment_flag are agent-inferred proxies per Requirements A.4, not sourced from post-hoc narrative articles (to avoid leakage per Key Focus Area §3)","heuristic based on trophy winners (UCL, World Cup, Euros, Copa) + club prestige tier list operationalized from UEFA coefficient / revenue"
1984,1984,Michel Platini,Juventus,France,1,3,3,1,UCL winner 1984 club Juventus matches player's club Juventus; Euros winner 1984 country France matches player's nation France,"{""tier"": 1, ""score"": 3, ""matched"": ""Juventus"", ""raw"": ""Juventus""}","club_prestige_tier, market_size_proxy, signature_moment_flag are agent-inferred proxies per Requirements A.4, not sourced from post-hoc narrative articles (to avoid leakage per Key Focus Area §3)","heuristic based on trophy winners (UCL, World Cup, Euros, Copa) + club prestige tier list operationalized from UEFA coefficient / revenue"
1984,1984,Jean Tigana,Bordeaux,France,3,1,1,1,Euros winner 1984 country France matches player's nation France,"{""tier"": 3, ""score"": 1, ""matched"": ""other"", ""raw"": ""Bordeaux""}","club_prestige_tier, market_size_proxy, signature_moment_flag are agent-inferred proxies per Requirements A.4, not sourced from post-hoc narrative articles (to avoid leakage per Key Focus Area §3)","heuristic based on trophy winners (UCL, World Cup, Euros, Copa) + club prestige tier list operationalized from UEFA coefficient / revenue"
1984,1984,Preben Elkjær,Hellas Verona,Denmark,3,1,1,0,,"{""tier"": 3, ""score"": 1, ""matched"": ""other"", ""raw"": ""Hellas Verona""}","club_prestige_tier, market_size_proxy, signature_moment_flag are agent-inferred proxies per Requirements A.4, not sourced from post-hoc narrative articles (to avoid leakage per Key Focus Area §3)","heuristic based on trophy winners (UCL, World Cup, Euros, Copa) + club prestige tier list operationalized from UEFA coefficient / revenue"
1984,1984,Ian Rush,Liverpool,Wales,1,3,3,0,,"{""tier"": 1, ""score"": 3, ""matched"": ""Liverpool"", ""raw"": ""Liverpool""}","club_prestige_tier, market_size_proxy, signature_moment_flag are agent-inferred proxies per Requirements A.4, not sourced from post-hoc narrative articles (to avoid leakage per Key Focus Area §3)","heuristic based on trophy winners (UCL, World Cup, Euros, Copa) + club prestige tier list operationalized from UEFA coefficient / revenue"
1984,1984,Fernando Chalana,Bordeaux,Portugal,3,1,1,0,,"{""tier"": 3, ""score"": 1, ""matched"": ""other"", ""raw"": ""Bordeaux""}","club_prestige_tier, market_size_proxy, signature_moment_flag are agent-inferred proxies per Requirements A.4, not sourced from post-hoc narrative articles (to avoid leakage per Key Focus Area §3)","heuristic based on trophy winners (UCL, World Cup, Euros, Copa) + club prestige tier list operationalized from UEFA coefficient / revenue"
1984,1984,Graeme Souness,Sampdoria,Scotland,3,1,1,0,,"{""tier"": 3, ""score"": 1, ""matched"": ""other"", ""raw"": ""Sampdoria""}","club_prestige_tier, market_size_proxy, signature_moment_flag are agent-inferred proxies per Requirements A.4, not sourced from post-hoc narrative articles (to avoid leakage per Key Focus Area §3)","heuristic based on trophy winners (UCL, World Cup, Euros, Copa) + club prestige tier list operationalized from UEFA coefficient / revenue"
1984,1984,Harald Schumacher,1. FC Köln,West Germany,3,1,1,0,,"{""tier"": 3, ""score"": 1, ""matched"": ""other"", ""raw"": ""1. FC K\u00f6ln""}","club_prestige_tier, market_size_proxy, signature_moment_flag are agent-inferred proxies per Requirements A.4, not sourced from post-hoc narrative articles (to avoid leakage per Key Focus Area §3)","heuristic based on trophy winners (UCL, World Cup, Euros, Copa) + club prestige tier list operationalized from UEFA coefficient / revenue"
1984,1984,Karl-Heinz Rummenigge,Internazionale,West Germany,1,3,3,0,,"{""tier"": 1, ""score"": 3, ""matched"": ""Internazionale"", ""raw"": ""Internazionale""}","club_prestige_tier, market_size_proxy, signature_moment_flag are agent-inferred proxies per Requirements A.4, not sourced from post-hoc narrative articles (to avoid leakage per Key Focus Area §3)","heuristic based on trophy winners (UCL, World Cup, Euros, Copa) + club prestige tier list operationalized from UEFA coefficient / revenue"
1984,1984,Alain Giresse,Bordeaux,France,3,1,1,1,Euros winner 1984 country France matches player's nation France,"{""tier"": 3, ""score"": 1, ""matched"": ""other"", ""raw"": ""Bordeaux""}","club_prestige_tier, market_size_proxy, signature_moment_flag are agent-inferred proxies per Requirements A.4, not sourced from post-hoc narrative articles (to avoid leakage per Key Focus Area §3)","heuristic based on trophy winners (UCL, World Cup, Euros, Copa) + club prestige tier list operationalized from UEFA coefficient / revenue"
1984,1984,Bryan Robson,Manchester United,England,1,3,3,0,,"{""tier"": 1, ""score"": 3, ""matched"": ""Manchester United"", ""raw"": ""Manchester United""}","club_prestige_tier, market_size_proxy, signature_moment_flag are agent-inferred proxies per Requirements A.4, not sourced from post-hoc narrative articles (to avoid leakage per Key Focus Area §3)","heuristic based on trophy winners (UCL, World Cup, Euros, Copa) + club prestige tier list operationalized from UEFA coefficient / revenue"
1984,1984,Bernd Schuster,Barcelona,West Germany,1,3,3,0,,"{""tier"": 1, ""score"": 3, ""matched"": ""Barcelona"", ""raw"": ""Barcelona""}","club_prestige_tier, market_size_proxy, signature_moment_flag are agent-inferred proxies per Requirements A.4, not sourced from post-hoc narrative articles (to avoid leakage per Key Focus Area §3)","heuristic based on trophy winners (UCL, World Cup, Euros, Copa) + club prestige tier list operationalized from UEFA coefficient / revenue"
1984,1984,Enzo Scifo,Anderlecht,Belgium,3,1,1,0,,"{""tier"": 3, ""score"": 1, ""matched"": ""other"", ""raw"": ""Anderlecht""}","club_prestige_tier, market_size_proxy, signature_moment_flag are agent-inferred proxies per Requirements A.4, not sourced from post-hoc narrative articles (to avoid leakage per Key Focus Area §3)","heuristic based on trophy winners (UCL, World Cup, Euros, Copa) + club prestige tier list operationalized from UEFA coefficient / revenue"
1984,1984,Maxime Bossis,Nantes,France,3,1,1,1,Euros winner 1984 country France matches player's nation France,"{""tier"": 3, ""score"": 1, ""matched"": ""other"", ""raw"": ""Nantes""}","club_prestige_tier, market_size_proxy, signature_moment_flag are agent-inferred proxies per Requirements A.4, not sourced from post-hoc narrative articles (to avoid leakage per Key Focus Area §3)","heuristic based on trophy winners (UCL, World Cup, Euros, Copa) + club prestige tier list operationalized from UEFA coefficient / revenue"
1984,1984,Klaus Allofs,1. FC Köln,West Germany,3,1,1,0,,"{""tier"": 3, ""score"": 1, ""matched"": ""other"", ""raw"": ""1. FC K\u00f6ln""}","club_prestige_tier, market_size_proxy, signature_moment_flag are agent-inferred proxies per Requirements A.4, not sourced from post-hoc narrative articles (to avoid leakage per Key Focus Area §3)","heuristic based on trophy winners (UCL, World Cup, Euros, Copa) + club prestige tier list operationalized from UEFA coefficient / revenue"
1984,1984,Antonio Cabrini,Juventus,Italy,1,3,3,1,UCL winner 1984 club Juventus matches player's club Juventus,"{""tier"": 1, ""score"": 3, ""matched"": ""Juventus"", ""raw"": ""Juventus""}","club_prestige_tier, market_size_proxy, signature_moment_flag are agent-inferred proxies per Requirements A.4, not sourced from post-hoc narrative articles (to avoid leakage per Key Focus Area §3)","heuristic based on trophy winners (UCL, World Cup, Euros, Copa) + club prestige tier list operationalized from UEFA coefficient / revenue"
1984,1984,Hans-Peter Briegel,Hellas Verona,West Germany,3,1,1,0,,"{""tier"": 3, ""score"": 1, ""matched"": ""other"", ""raw"": ""Hellas Verona""}","club_prestige_tier, market_size_proxy, signature_moment_flag are agent-inferred proxies per Requirements A.4, not sourced from post-hoc narrative articles (to avoid leakage per Key Focus Area §3)","heuristic based on trophy winners (UCL, World Cup, Euros, Copa) + club prestige tier list operationalized from UEFA coefficient / revenue"
1984,1984,Rui Jordão,Sporting CP,Portugal,2,2,2,0,,"{""tier"": 2, ""score"": 2, ""matched"": ""Sporting"", ""raw"": ""Sporting CP""}","club_prestige_tier, market_size_proxy, signature_moment_flag are agent-inferred proxies per Requirements A.4, not sourced from post-hoc narrative articles (to avoid leakage per Key Focus Area §3)","heuristic based on trophy winners (UCL, World Cup, Euros, Copa) + club prestige tier list operationalized from UEFA coefficient / revenue"
1984,1984,Paul McStay,Celtic,Scotland,3,1,1,0,,"{""tier"": 3, ""score"": 1, ""matched"": ""other"", ""raw"": ""Celtic""}","club_prestige_tier, market_size_proxy, signature_moment_flag are agent-inferred proxies per Requirements A.4, not sourced from post-hoc narrative articles (to avoid leakage per Key Focus Area §3)","heuristic based on trophy winners (UCL, World Cup, Euros, Copa) + club prestige tier list operationalized from UEFA coefficient / revenue"
1984,1984,Jesper Olsen,Manchester United,Denmark,1,3,3,0,,"{""tier"": 1, ""score"": 3, ""matched"": ""Manchester United"", ""raw"": ""Manchester United""}","club_prestige_tier, market_size_proxy, signature_moment_flag are agent-inferred proxies per Requirements A.4, not sourced from post-hoc narrative articles (to avoid leakage per Key Focus Area §3)","heuristic based on trophy winners (UCL, World Cup, Euros, Copa) + club prestige tier list operationalized from UEFA coefficient / revenue"
1984,1984,Morten Olsen,Anderlecht,Denmark,3,1,1,0,,"{""tier"": 3, ""score"": 1, ""matched"": ""other"", ""raw"": ""Anderlecht""}","club_prestige_tier, market_size_proxy, signature_moment_flag are agent-inferred proxies per Requirements A.4, not sourced from post-hoc narrative articles (to avoid leakage per Key Focus Area §3)","heuristic based on trophy winners (UCL, World Cup, Euros, Copa) + club prestige tier list operationalized from UEFA coefficient / revenue"
1984,1984,Gordon Strachan,Manchester United,Scotland,1,3,3,0,,"{""tier"": 1, ""score"": 3, ""matched"": ""Manchester United"", ""raw"": ""Manchester United""}","club_prestige_tier, market_size_proxy, signature_moment_flag are agent-inferred proxies per Requirements A.4, not sourced from post-hoc narrative articles (to avoid leakage per Key Focus Area §3)","heuristic based on trophy winners (UCL, World Cup, Euros, Copa) + club prestige tier list operationalized from UEFA coefficient / revenue"
1984,1984,Rinat Dasayev,Spartak Moscow,Soviet Union,3,1,1,0,,"{""tier"": 3, ""score"": 1, ""matched"": ""other"", ""raw"": ""Spartak Moscow""}","club_prestige_tier, market_size_proxy, signature_moment_flag are agent-inferred proxies per Requirements A.4, not sourced from post-hoc narrative articles (to avoid leakage per Key Focus Area §3)","heuristic based on trophy winners (UCL, World Cup, Euros, Copa) + club prestige tier list operationalized from UEFA coefficient / revenue"
1984,1984,Mark Hateley,Milan,England,1,3,3,0,,"{""tier"": 1, ""score"": 3, ""matched"": ""Milan"", ""raw"": ""Milan""}","club_prestige_tier, market_size_proxy, signature_moment_flag are agent-inferred proxies per Requirements A.4, not sourced from post-hoc narrative articles (to avoid leakage per Key Focus Area §3)","heuristic based on trophy winners (UCL, World Cup, Euros, Copa) + club prestige tier list operationalized from UEFA coefficient / revenue"
1984,1984,Silviu Lung,Universitatea Craiova,Romania,3,1,1,0,,"{""tier"": 3, ""score"": 1, ""matched"": ""other"", ""raw"": ""Universitatea Craiova""}","club_prestige_tier, market_size_proxy, signature_moment_flag are agent-inferred proxies per Requirements A.4, not sourced from post-hoc narrative articles (to avoid leakage per Key Focus Area §3)","heuristic based on trophy winners (UCL, World Cup, Euros, Copa) + club prestige tier list operationalized from UEFA coefficient / revenue"
1984,1984,Antonio Maceda,Sporting Gijón,Spain,2,2,2,0,,"{""tier"": 2, ""score"": 2, ""matched"": ""Sporting"", ""raw"": ""Sporting Gij\u00f3n""}","club_prestige_tier, market_size_proxy, signature_moment_flag are agent-inferred proxies per Requirements A.4, not sourced from post-hoc narrative articles (to avoid leakage per Key Focus Area §3)","heuristic based on trophy winners (UCL, World Cup, Euros, Copa) + club prestige tier list operationalized from UEFA coefficient / revenue"
1984,1984,Torbjörn Nilsson,IFK Göteborg,Sweden,3,1,1,0,,"{""tier"": 3, ""score"": 1, ""matched"": ""other"", ""raw"": ""IFK G\u00f6teborg""}","club_prestige_tier, market_size_proxy, signature_moment_flag are agent-inferred proxies per Requirements A.4, not sourced from post-hoc narrative articles (to avoid leakage per Key Focus Area §3)","heuristic based on trophy winners (UCL, World Cup, Euros, Copa) + club prestige tier list operationalized from UEFA coefficient / revenue"
1985,1985,Michel Platini,Juventus,France,1,3,3,0,,"{""tier"": 1, ""score"": 3, ""matched"": ""Juventus"", ""raw"": ""Juventus""}","club_prestige_tier, market_size_proxy, signature_moment_flag are agent-inferred proxies per Requirements A.4, not sourced from post-hoc narrative articles (to avoid leakage per Key Focus Area §3)","heuristic based on trophy winners (UCL, World Cup, Euros, Copa) + club prestige tier list operationalized from UEFA coefficient / revenue"
1985,1985,Preben Elkjær,Hellas Verona,Denmark,3,1,1,0,,"{""tier"": 3, ""score"": 1, ""matched"": ""other"", ""raw"": ""Hellas Verona""}","club_prestige_tier, market_size_proxy, signature_moment_flag are agent-inferred proxies per Requirements A.4, not sourced from post-hoc narrative articles (to avoid leakage per Key Focus Area §3)","heuristic based on trophy winners (UCL, World Cup, Euros, Copa) + club prestige tier list operationalized from UEFA coefficient / revenue"
1985,1985,Bernd Schuster,Barcelona,West Germany,1,3,3,0,,"{""tier"": 1, ""score"": 3, ""matched"": ""Barcelona"", ""raw"": ""Barcelona""}","club_prestige_tier, market_size_proxy, signature_moment_flag are agent-inferred proxies per Requirements A.4, not sourced from post-hoc narrative articles (to avoid leakage per Key Focus Area §3)","heuristic based on trophy winners (UCL, World Cup, Euros, Copa) + club prestige tier list operationalized from UEFA coefficient / revenue"
1985,1985,Michael Laudrup,Juventus,Denmark,1,3,3,0,,"{""tier"": 1, ""score"": 3, ""matched"": ""Juventus"", ""raw"": ""Juventus""}","club_prestige_tier, market_size_proxy, signature_moment_flag are agent-inferred proxies per Requirements A.4, not sourced from post-hoc narrative articles (to avoid leakage per Key Focus Area §3)","heuristic based on trophy winners (UCL, World Cup, Euros, Copa) + club prestige tier list operationalized from UEFA coefficient / revenue"
1985,1985,Karl-Heinz Rummenigge,Internazionale,West Germany,1,3,3,0,,"{""tier"": 1, ""score"": 3, ""matched"": ""Internazionale"", ""raw"": ""Internazionale""}","club_prestige_tier, market_size_proxy, signature_moment_flag are agent-inferred proxies per Requirements A.4, not sourced from post-hoc narrative articles (to avoid leakage per Key Focus Area §3)","heuristic based on trophy winners (UCL, World Cup, Euros, Copa) + club prestige tier list operationalized from UEFA coefficient / revenue"
1985,1985,Zbigniew Boniek,Roma,Poland,2,2,2,0,,"{""tier"": 2, ""score"": 2, ""matched"": ""Roma"", ""raw"": ""Roma""}","club_prestige_tier, market_size_proxy, signature_moment_flag are agent-inferred proxies per Requirements A.4, not sourced from post-hoc narrative articles (to avoid leakage per Key Focus Area §3)","heuristic based on trophy winners (UCL, World Cup, Euros, Copa) + club prestige tier list operationalized from UEFA coefficient / revenue"
1985,1985,Oleh Protasov,Dnepr Dnepropetrovsk,Soviet Union,3,1,1,0,,"{""tier"": 3, ""score"": 1, ""matched"": ""other"", ""raw"": ""Dnepr Dnepropetrovsk""}","club_prestige_tier, market_size_proxy, signature_moment_flag are agent-inferred proxies per Requirements A.4, not sourced from post-hoc narrative articles (to avoid leakage per Key Focus Area §3)","heuristic based on trophy winners (UCL, World Cup, Euros, Copa) + club prestige tier list operationalized from UEFA coefficient / revenue"
1985,1985,Hans-Peter Briegel,Hellas Verona,West Germany,3,1,1,0,,"{""tier"": 3, ""score"": 1, ""matched"": ""other"", ""raw"": ""Hellas Verona""}","club_prestige_tier, market_size_proxy, signature_moment_flag are agent-inferred proxies per Requirements A.4, not sourced from post-hoc narrative articles (to avoid leakage per Key Focus Area §3)","heuristic based on trophy winners (UCL, World Cup, Euros, Copa) + club prestige tier list operationalized from UEFA coefficient / revenue"
1985,1985,Bryan Robson,Manchester United,England,1,3,3,0,,"{""tier"": 1, ""score"": 3, ""matched"": ""Manchester United"", ""raw"": ""Manchester United""}","club_prestige_tier, market_size_proxy, signature_moment_flag are agent-inferred proxies per Requirements A.4, not sourced from post-hoc narrative articles (to avoid leakage per Key Focus Area §3)","heuristic based on trophy winners (UCL, World Cup, Euros, Copa) + club prestige tier list operationalized from UEFA coefficient / revenue"
1985,1985,Rinat Dasayev,Spartak Moscow,Soviet Union,3,1,1,0,,"{""tier"": 3, ""score"": 1, ""matched"": ""other"", ""raw"": ""Spartak Moscow""}","club_prestige_tier, market_size_proxy, signature_moment_flag are agent-inferred proxies per Requirements A.4, not sourced from post-hoc narrative articles (to avoid leakage per Key Focus Area §3)","heuristic based on trophy winners (UCL, World Cup, Euros, Copa) + club prestige tier list operationalized from UEFA coefficient / revenue"
1985,1985,Rudi Völler,Werder Bremen,West Germany,3,1,1,0,,"{""tier"": 3, ""score"": 1, ""matched"": ""other"", ""raw"": ""Werder Bremen""}","club_prestige_tier, market_size_proxy, signature_moment_flag are agent-inferred proxies per Requirements A.4, not sourced from post-hoc narrative articles (to avoid leakage per Key Focus Area §3)","heuristic based on trophy winners (UCL, World Cup, Euros, Copa) + club prestige tier list operationalized from UEFA coefficient / revenue"
1985,1985,Luis Fernández,Paris Saint-Germain,France,1,3,3,0,,"{""tier"": 1, ""score"": 3, ""matched"": ""Paris Saint-Germain"", ""raw"": ""Paris Saint-Germain""}","club_prestige_tier, market_size_proxy, signature_moment_flag are agent-inferred proxies per Requirements A.4, not sourced from post-hoc narrative articles (to avoid leakage per Key Focus Area §3)","heuristic based on trophy winners (UCL, World Cup, Euros, Copa) + club prestige tier list operationalized from UEFA coefficient / revenue"
1985,1985,Søren Lerby,Bayern Munich,Denmark,1,3,3,0,,"{""tier"": 1, ""score"": 3, ""matched"": ""Bayern Munich"", ""raw"": ""Bayern Munich""}","club_prestige_tier, market_size_proxy, signature_moment_flag are agent-inferred proxies per Requirements A.4, not sourced from post-hoc narrative articles (to avoid leakage per Key Focus Area §3)","heuristic based on trophy winners (UCL, World Cup, Euros, Copa) + club prestige tier list operationalized from UEFA coefficient / revenue"
1985,1985,Rafael Gordillo,Real Madrid,Spain,1,3,3,0,,"{""tier"": 1, ""score"": 3, ""matched"": ""Real Madrid"", ""raw"": ""Real Madrid""}","club_prestige_tier, market_size_proxy, signature_moment_flag are agent-inferred proxies per Requirements A.4, not sourced from post-hoc narrative articles (to avoid leakage per Key Focus Area §3)","heuristic based on trophy winners (UCL, World Cup, Euros, Copa) + club prestige tier list operationalized from UEFA coefficient / revenue"
1985,1985,Ian Rush,Liverpool,Wales,1,3,3,0,,"{""tier"": 1, ""score"": 3, ""matched"": ""Liverpool"", ""raw"": ""Liverpool""}","club_prestige_tier, market_size_proxy, signature_moment_flag are agent-inferred proxies per Requirements A.4, not sourced from post-hoc narrative articles (to avoid leakage per Key Focus Area §3)","heuristic based on trophy winners (UCL, World Cup, Euros, Copa) + club prestige tier list operationalized from UEFA coefficient / revenue"
1985,1985,Emilio Butragueño,Real Madrid,Spain,1,3,3,0,,"{""tier"": 1, ""score"": 3, ""matched"": ""Real Madrid"", ""raw"": ""Real Madrid""}","club_prestige_tier, market_size_proxy, signature_moment_flag are agent-inferred proxies per Requirements A.4, not sourced from post-hoc narrative articles (to avoid leakage per Key Focus Area §3)","heuristic based on trophy winners (UCL, World Cup, Euros, Copa) + club prestige tier list operationalized from UEFA coefficient / revenue"
1985,1985,Fernando Gomes,Porto,Portugal,2,2,2,0,,"{""tier"": 2, ""score"": 2, ""matched"": ""Porto"", ""raw"": ""Porto""}","club_prestige_tier, market_size_proxy, signature_moment_flag are agent-inferred proxies per Requirements A.4, not sourced from post-hoc narrative articles (to avoid leakage per Key Focus Area §3)","heuristic based on trophy winners (UCL, World Cup, Euros, Copa) + club prestige tier list operationalized from UEFA coefficient / revenue"
1985,1985,Harald Schumacher,1. FC Köln,West Germany,3,1,1,0,,"{""tier"": 3, ""score"": 1, ""matched"": ""other"", ""raw"": ""1. FC K\u00f6ln""}","club_prestige_tier, market_size_proxy, signature_moment_flag are agent-inferred proxies per Requirements A.4, not sourced from post-hoc narrative articles (to avoid leakage per Key Focus Area §3)","heuristic based on trophy winners (UCL, World Cup, Euros, Copa) + club prestige tier list operationalized from UEFA coefficient / revenue"
1985,1985,John Sivebæk,Vejle,Denmark,3,1,1,0,,"{""tier"": 3, ""score"": 1, ""matched"": ""other"", ""raw"": ""Vejle""}","club_prestige_tier, market_size_proxy, signature_moment_flag are agent-inferred proxies per Requirements A.4, not sourced from post-hoc narrative articles (to avoid leakage per Key Focus Area §3)","heuristic based on trophy winners (UCL, World Cup, Euros, Copa) + club prestige tier list operationalized from UEFA coefficient / revenue"
1985,1985,Neville Southall,Everton,Wales,2,2,2,0,,"{""tier"": 2, ""score"": 2, ""matched"": ""Everton"", ""raw"": ""Everton""}","club_prestige_tier, market_size_proxy, signature_moment_flag are agent-inferred proxies per Requirements A.4, not sourced from post-hoc narrative articles (to avoid leakage per Key Focus Area §3)","heuristic based on trophy winners (UCL, World Cup, Euros, Copa) + club prestige tier list operationalized from UEFA coefficient / revenue"
1985,1985,Lajos Détári,Budapest Honvéd,Hungary,3,1,1,0,,"{""tier"": 3, ""score"": 1, ""matched"": ""other"", ""raw"": ""Budapest Honv\u00e9d""}","club_prestige_tier, market_size_proxy, signature_moment_flag are agent-inferred proxies per Requirements A.4, not sourced from post-hoc narrative articles (to avoid leakage per Key Focus Area §3)","heuristic based on trophy winners (UCL, World Cup, Euros, Copa) + club prestige tier list operationalized from UEFA coefficient / revenue"
1985,1985,Alain Giresse,Bordeaux,France,3,1,1,0,,"{""tier"": 3, ""score"": 1, ""matched"": ""other"", ""raw"": ""Bordeaux""}","club_prestige_tier, market_size_proxy, signature_moment_flag are agent-inferred proxies per Requirements A.4, not sourced from post-hoc narrative articles (to avoid leakage per Key Focus Area §3)","heuristic based on trophy winners (UCL, World Cup, Euros, Copa) + club prestige tier list operationalized from UEFA coefficient / revenue"
1985,1985,Vahid Halilhodžić,Nantes,Yugoslavia,3,1,1,0,,"{""tier"": 3, ""score"": 1, ""matched"": ""other"", ""raw"": ""Nantes""}","club_prestige_tier, market_size_proxy, signature_moment_flag are agent-inferred proxies per Requirements A.4, not sourced from post-hoc narrative articles (to avoid leakage per Key Focus Area §3)","heuristic based on trophy winners (UCL, World Cup, Euros, Copa) + club prestige tier list operationalized from UEFA coefficient / revenue"
1985,1985,Tibor Nyilasi,Austria Wien,Hungary,3,1,1,0,,"{""tier"": 3, ""score"": 1, ""matched"": ""other"", ""raw"": ""Austria Wien""}","club_prestige_tier, market_size_proxy, signature_moment_flag are agent-inferred proxies per Requirements A.4, not sourced from post-hoc narrative articles (to avoid leakage per Key Focus Area §3)","heuristic based on trophy winners (UCL, World Cup, Euros, Copa) + club prestige tier list operationalized from UEFA coefficient / revenue"
1985,1985,Peter Reid,Everton,England,2,2,2,0,,"{""tier"": 2, ""score"": 2, ""matched"": ""Everton"", ""raw"": ""Everton""}","club_prestige_tier, market_size_proxy, signature_moment_flag are agent-inferred proxies per Requirements A.4, not sourced from post-hoc narrative articles (to avoid leakage per Key Focus Area §3)","heuristic based on trophy winners (UCL, World Cup, Euros, Copa) + club prestige tier list operationalized from UEFA coefficient / revenue"
1985,1985,Peter Shilton,Southampton,England,3,1,1,0,,"{""tier"": 3, ""score"": 1, ""matched"": ""other"", ""raw"": ""Southampton""}","club_prestige_tier, market_size_proxy, signature_moment_flag are agent-inferred proxies per Requirements A.4, not sourced from post-hoc narrative articles (to avoid leakage per Key Focus Area §3)","heuristic based on trophy winners (UCL, World Cup, Euros, Copa) + club prestige tier list operationalized from UEFA coefficient / revenue"
1985,1985,Graeme Souness,Sampdoria,Scotland,3,1,1,0,,"{""tier"": 3, ""score"": 1, ""matched"": ""other"", ""raw"": ""Sampdoria""}","club_prestige_tier, market_size_proxy, signature_moment_flag are agent-inferred proxies per Requirements A.4, not sourced from post-hoc narrative articles (to avoid leakage per Key Focus Area §3)","heuristic based on trophy winners (UCL, World Cup, Euros, Copa) + club prestige tier list operationalized from UEFA coefficient / revenue"
1985,1985,Pat Jennings,Tottenham Hotspur,Northern Ireland,2,2,2,0,,"{""tier"": 2, ""score"": 2, ""matched"": ""Tottenham Hotspur"", ""raw"": ""Tottenham Hotspur""}","club_prestige_tier, market_size_proxy, signature_moment_flag are agent-inferred proxies per Requirements A.4, not sourced from post-hoc narrative articles (to avoid leakage per Key Focus Area §3)","heuristic based on trophy winners (UCL, World Cup, Euros, Copa) + club prestige tier list operationalized from UEFA coefficient / revenue"
1985,1985,Steve Archibald,Barcelona,Scotland,1,3,3,0,,"{""tier"": 1, ""score"": 3, ""matched"": ""Barcelona"", ""raw"": ""Barcelona""}","club_prestige_tier, market_size_proxy, signature_moment_flag are agent-inferred proxies per Requirements A.4, not sourced from post-hoc narrative articles (to avoid leakage per Key Focus Area §3)","heuristic based on trophy winners (UCL, World Cup, Euros, Copa) + club prestige tier list operationalized from UEFA coefficient / revenue"
1985,1985,Jan Ceulemans,Club Brugge,Belgium,3,1,1,0,,"{""tier"": 3, ""score"": 1, ""matched"": ""other"", ""raw"": ""Club Brugge""}","club_prestige_tier, market_size_proxy, signature_moment_flag are agent-inferred proxies per Requirements A.4, not sourced from post-hoc narrative articles (to avoid leakage per Key Focus Area §3)","heuristic based on trophy winners (UCL, World Cup, Euros, Copa) + club prestige tier list operationalized from UEFA coefficient / revenue"
1985,1985,Anatoliy Demyanenko,Dinamo Kyiv,Soviet Union,3,1,1,0,,"{""tier"": 3, ""score"": 1, ""matched"": ""other"", ""raw"": ""Dinamo Kyiv""}","club_prestige_tier, market_size_proxy, signature_moment_flag are agent-inferred proxies per Requirements A.4, not sourced from post-hoc narrative articles (to avoid leakage per Key Focus Area §3)","heuristic based on trophy winners (UCL, World Cup, Euros, Copa) + club prestige tier list operationalized from UEFA coefficient / revenue"
1985,1985,Georgi Dimitrov,CSKA Sofia,Bulgaria,3,1,1,0,,"{""tier"": 3, ""score"": 1, ""matched"": ""other"", ""raw"": ""CSKA Sofia""}","club_prestige_tier, market_size_proxy, signature_moment_flag are agent-inferred proxies per Requirements A.4, not sourced from post-hoc narrative articles (to avoid leakage per Key Focus Area §3)","heuristic based on trophy winners (UCL, World Cup, Euros, Copa) + club prestige tier list operationalized from UEFA coefficient / revenue"
1985,1985,Gheorghe Hagi,Sportul Studențesc,Romania,3,1,1,0,,"{""tier"": 3, ""score"": 1, ""matched"": ""other"", ""raw"": ""Sportul Studen\u021besc""}","club_prestige_tier, market_size_proxy, signature_moment_flag are agent-inferred proxies per Requirements A.4, not sourced from post-hoc narrative articles (to avoid leakage per Key Focus Area §3)","heuristic based on trophy winners (UCL, World Cup, Euros, Copa) + club prestige tier list operationalized from UEFA coefficient / revenue"
1985,1985,Mark Hateley,Milan,England,1,3,3,0,,"{""tier"": 1, ""score"": 3, ""matched"": ""Milan"", ""raw"": ""Milan""}","club_prestige_tier, market_size_proxy, signature_moment_flag are agent-inferred proxies per Requirements A.4, not sourced from post-hoc narrative articles (to avoid leakage per Key Focus Area §3)","heuristic based on trophy winners (UCL, World Cup, Euros, Copa) + club prestige tier list operationalized from UEFA coefficient / revenue"
1985,1985,Herbert Prohaska,Austria Wien,Austria,3,1,1,0,,"{""tier"": 3, ""score"": 1, ""matched"": ""other"", ""raw"": ""Austria Wien""}","club_prestige_tier, market_size_proxy, signature_moment_flag are agent-inferred proxies per Requirements A.4, not sourced from post-hoc narrative articles (to avoid leakage per Key Focus Area §3)","heuristic based on trophy winners (UCL, World Cup, Euros, Copa) + club prestige tier list operationalized from UEFA coefficient / revenue"
1985,1985,Gary Stevens,Everton,England,2,2,2,0,,"{""tier"": 2, ""score"": 2, ""matched"": ""Everton"", ""raw"": ""Everton""}","club_prestige_tier, market_size_proxy, signature_moment_flag are agent-inferred proxies per Requirements A.4, not sourced from post-hoc narrative articles (to avoid leakage per Key Focus Area §3)","heuristic based on trophy winners (UCL, World Cup, Euros, Copa) + club prestige tier list operationalized from UEFA coefficient / revenue"
1985,1985,Andreas Thom,Dynamo Berlin,East Germany,3,1,1,0,,"{""tier"": 3, ""score"": 1, ""matched"": ""other"", ""raw"": ""Dynamo Berlin""}","club_prestige_tier, market_size_proxy, signature_moment_flag are agent-inferred proxies per Requirements A.4, not sourced from post-hoc narrative articles (to avoid leakage per Key Focus Area §3)","heuristic based on trophy winners (UCL, World Cup, Euros, Copa) + club prestige tier list operationalized from UEFA coefficient / revenue"
1985,1985,Ladislav Vízek,Dukla Prague,Czechoslovakia,3,1,1,0,,"{""tier"": 3, ""score"": 1, ""matched"": ""other"", ""raw"": ""Dukla Prague""}","club_prestige_tier, market_size_proxy, signature_moment_flag are agent-inferred proxies per Requirements A.4, not sourced from post-hoc narrative articles (to avoid leakage per Key Focus Area §3)","heuristic based on trophy winners (UCL, World Cup, Euros, Copa) + club prestige tier list operationalized from UEFA coefficient / revenue"
1986,1986,Igor Belanov,Dynamo Kyiv,Soviet Union,2,2,2,0,,"{""tier"": 2, ""score"": 2, ""matched"": ""Dynamo Kyiv"", ""raw"": ""Dynamo Kyiv""}","club_prestige_tier, market_size_proxy, signature_moment_flag are agent-inferred proxies per Requirements A.4, not sourced from post-hoc narrative articles (to avoid leakage per Key Focus Area §3)","heuristic based on trophy winners (UCL, World Cup, Euros, Copa) + club prestige tier list operationalized from UEFA coefficient / revenue"
1986,1986,Gary Lineker,Everton Barcelona,England,1,3,3,0,,"{""tier"": 1, ""score"": 3, ""matched"": ""Barcelona"", ""raw"": ""Everton Barcelona""}","club_prestige_tier, market_size_proxy, signature_moment_flag are agent-inferred proxies per Requirements A.4, not sourced from post-hoc narrative articles (to avoid leakage per Key Focus Area §3)","heuristic based on trophy winners (UCL, World Cup, Euros, Copa) + club prestige tier list operationalized from UEFA coefficient / revenue"
1986,1986,Emilio Butragueño,Real Madrid,Spain,1,3,3,0,,"{""tier"": 1, ""score"": 3, ""matched"": ""Real Madrid"", ""raw"": ""Real Madrid""}","club_prestige_tier, market_size_proxy, signature_moment_flag are agent-inferred proxies per Requirements A.4, not sourced from post-hoc narrative articles (to avoid leakage per Key Focus Area §3)","heuristic based on trophy winners (UCL, World Cup, Euros, Copa) + club prestige tier list operationalized from UEFA coefficient / revenue"
1986,1986,Manuel Amoros,Monaco,France,2,2,2,0,,"{""tier"": 2, ""score"": 2, ""matched"": ""Monaco"", ""raw"": ""Monaco""}","club_prestige_tier, market_size_proxy, signature_moment_flag are agent-inferred proxies per Requirements A.4, not sourced from post-hoc narrative articles (to avoid leakage per Key Focus Area §3)","heuristic based on trophy winners (UCL, World Cup, Euros, Copa) + club prestige tier list operationalized from UEFA coefficient / revenue"
1986,1986,Preben Elkjær,Hellas Verona,Denmark,3,1,1,0,,"{""tier"": 3, ""score"": 1, ""matched"": ""other"", ""raw"": ""Hellas Verona""}","club_prestige_tier, market_size_proxy, signature_moment_flag are agent-inferred proxies per Requirements A.4, not sourced from post-hoc narrative articles (to avoid leakage per Key Focus Area §3)","heuristic based on trophy winners (UCL, World Cup, Euros, Copa) + club prestige tier list operationalized from UEFA coefficient / revenue"
1986,1986,Ian Rush,Liverpool,Wales,1,3,3,0,,"{""tier"": 1, ""score"": 3, ""matched"": ""Liverpool"", ""raw"": ""Liverpool""}","club_prestige_tier, market_size_proxy, signature_moment_flag are agent-inferred proxies per Requirements A.4, not sourced from post-hoc narrative articles (to avoid leakage per Key Focus Area §3)","heuristic based on trophy winners (UCL, World Cup, Euros, Copa) + club prestige tier list operationalized from UEFA coefficient / revenue"
1986,1986,Oleksandr Zavarov,Dynamo Kyiv,Soviet Union,2,2,2,0,,"{""tier"": 2, ""score"": 2, ""matched"": ""Dynamo Kyiv"", ""raw"": ""Dynamo Kyiv""}","club_prestige_tier, market_size_proxy, signature_moment_flag are agent-inferred proxies per Requirements A.4, not sourced from post-hoc narrative articles (to avoid leakage per Key Focus Area §3)","heuristic based on trophy winners (UCL, World Cup, Euros, Copa) + club prestige tier list operationalized from UEFA coefficient / revenue"
1986,1986,Helmut Duckadam,Steaua București,Romania,3,1,1,0,,"{""tier"": 3, ""score"": 1, ""matched"": ""other"", ""raw"": ""Steaua Bucure\u0219ti""}","club_prestige_tier, market_size_proxy, signature_moment_flag are agent-inferred proxies per Requirements A.4, not sourced from post-hoc narrative articles (to avoid leakage per Key Focus Area §3)","heuristic based on trophy winners (UCL, World Cup, Euros, Copa) + club prestige tier list operationalized from UEFA coefficient / revenue"
1986,1986,Marco van Basten,Ajax,Netherlands,2,2,2,0,,"{""tier"": 2, ""score"": 2, ""matched"": ""Ajax"", ""raw"": ""Ajax""}","club_prestige_tier, market_size_proxy, signature_moment_flag are agent-inferred proxies per Requirements A.4, not sourced from post-hoc narrative articles (to avoid leakage per Key Focus Area §3)","heuristic based on trophy winners (UCL, World Cup, Euros, Copa) + club prestige tier list operationalized from UEFA coefficient / revenue"
1986,1986,Alessandro Altobelli,Internazionale,Italy,1,3,3,0,,"{""tier"": 1, ""score"": 3, ""matched"": ""Internazionale"", ""raw"": ""Internazionale""}","club_prestige_tier, market_size_proxy, signature_moment_flag are agent-inferred proxies per Requirements A.4, not sourced from post-hoc narrative articles (to avoid leakage per Key Focus Area §3)","heuristic based on trophy winners (UCL, World Cup, Euros, Copa) + club prestige tier list operationalized from UEFA coefficient / revenue"
1986,1986,Jean-Marie Pfaff,Bayern Munich,Belgium,1,3,3,0,,"{""tier"": 1, ""score"": 3, ""matched"": ""Bayern Munich"", ""raw"": ""Bayern Munich""}","club_prestige_tier, market_size_proxy, signature_moment_flag are agent-inferred proxies per Requirements A.4, not sourced from post-hoc narrative articles (to avoid leakage per Key Focus Area §3)","heuristic based on trophy winners (UCL, World Cup, Euros, Copa) + club prestige tier list operationalized from UEFA coefficient / revenue"
1986,1986,Michel Platini,Juventus,France,1,3,3,0,,"{""tier"": 1, ""score"": 3, ""matched"": ""Juventus"", ""raw"": ""Juventus""}","club_prestige_tier, market_size_proxy, signature_moment_flag are agent-inferred proxies per Requirements A.4, not sourced from post-hoc narrative articles (to avoid leakage per Key Focus Area §3)","heuristic based on trophy winners (UCL, World Cup, Euros, Copa) + club prestige tier list operationalized from UEFA coefficient / revenue"
1986,1986,Jan Ceulemans,Club Brugge,Belgium,3,1,1,0,,"{""tier"": 3, ""score"": 1, ""matched"": ""other"", ""raw"": ""Club Brugge""}","club_prestige_tier, market_size_proxy, signature_moment_flag are agent-inferred proxies per Requirements A.4, not sourced from post-hoc narrative articles (to avoid leakage per Key Focus Area §3)","heuristic based on trophy winners (UCL, World Cup, Euros, Copa) + club prestige tier list operationalized from UEFA coefficient / revenue"
1986,1986,Søren Lerby,Monaco,Denmark,2,2,2,0,,"{""tier"": 2, ""score"": 2, ""matched"": ""Monaco"", ""raw"": ""Monaco""}","club_prestige_tier, market_size_proxy, signature_moment_flag are agent-inferred proxies per Requirements A.4, not sourced from post-hoc narrative articles (to avoid leakage per Key Focus Area §3)","heuristic based on trophy winners (UCL, World Cup, Euros, Copa) + club prestige tier list operationalized from UEFA coefficient / revenue"
1986,1986,Morten Olsen,Anderlecht 1. FC Köln,Denmark,3,1,1,0,,"{""tier"": 3, ""score"": 1, ""matched"": ""other"", ""raw"": ""Anderlecht 1. FC K\u00f6ln""}","club_prestige_tier, market_size_proxy, signature_moment_flag are agent-inferred proxies per Requirements A.4, not sourced from post-hoc narrative articles (to avoid leakage per Key Focus Area §3)","heuristic based on trophy winners (UCL, World Cup, Euros, Copa) + club prestige tier list operationalized from UEFA coefficient / revenue"
1986,1986,Rinat Dasayev,Spartak Moscow,Soviet Union,3,1,1,0,,"{""tier"": 3, ""score"": 1, ""matched"": ""other"", ""raw"": ""Spartak Moscow""}","club_prestige_tier, market_size_proxy, signature_moment_flag are agent-inferred proxies per Requirements A.4, not sourced from post-hoc narrative articles (to avoid leakage per Key Focus Area §3)","heuristic based on trophy winners (UCL, World Cup, Euros, Copa) + club prestige tier list operationalized from UEFA coefficient / revenue"
1986,1986,Luis Fernández,Paris Saint-Germain RC Paris,France,1,3,3,0,,"{""tier"": 1, ""score"": 3, ""matched"": ""Paris Saint-Germain"", ""raw"": ""Paris Saint-Germain RC Paris""}","club_prestige_tier, market_size_proxy, signature_moment_flag are agent-inferred proxies per Requirements A.4, not sourced from post-hoc narrative articles (to avoid leakage per Key Focus Area §3)","heuristic based on trophy winners (UCL, World Cup, Euros, Copa) + club prestige tier list operationalized from UEFA coefficient / revenue"
1986,1986,Paulo Futre,Porto,Portugal,2,2,2,1,UCL winner 1986 club Porto matches player's club Porto,"{""tier"": 2, ""score"": 2, ""matched"": ""Porto"", ""raw"": ""Porto""}","club_prestige_tier, market_size_proxy, signature_moment_flag are agent-inferred proxies per Requirements A.4, not sourced from post-hoc narrative articles (to avoid leakage per Key Focus Area §3)","heuristic based on trophy winners (UCL, World Cup, Euros, Copa) + club prestige tier list operationalized from UEFA coefficient / revenue"
1986,1986,Ruud Gullit,PSV Eindhoven,Netherlands,3,1,1,0,,"{""tier"": 3, ""score"": 1, ""matched"": ""other"", ""raw"": ""PSV Eindhoven""}","club_prestige_tier, market_size_proxy, signature_moment_flag are agent-inferred proxies per Requirements A.4, not sourced from post-hoc narrative articles (to avoid leakage per Key Focus Area §3)","heuristic based on trophy winners (UCL, World Cup, Euros, Copa) + club prestige tier list operationalized from UEFA coefficient / revenue"
1986,1986,Harald Schumacher,1. FC Köln,West Germany,3,1,1,0,,"{""tier"": 3, ""score"": 1, ""matched"": ""other"", ""raw"": ""1. FC K\u00f6ln""}","club_prestige_tier, market_size_proxy, signature_moment_flag are agent-inferred proxies per Requirements A.4, not sourced from post-hoc narrative articles (to avoid leakage per Key Focus Area §3)","heuristic based on trophy winners (UCL, World Cup, Euros, Copa) + club prestige tier list operationalized from UEFA coefficient / revenue"
1986,1986,Kenny Dalglish,Liverpool,Scotland,1,3,3,0,,"{""tier"": 1, ""score"": 3, ""matched"": ""Liverpool"", ""raw"": ""Liverpool""}","club_prestige_tier, market_size_proxy, signature_moment_flag are agent-inferred proxies per Requirements A.4, not sourced from post-hoc narrative articles (to avoid leakage per Key Focus Area §3)","heuristic based on trophy winners (UCL, World Cup, Euros, Copa) + club prestige tier list operationalized from UEFA coefficient / revenue"
1986,1986,Jean Tigana,Bordeaux,France,3,1,1,0,,"{""tier"": 3, ""score"": 1, ""matched"": ""other"", ""raw"": ""Bordeaux""}","club_prestige_tier, market_size_proxy, signature_moment_flag are agent-inferred proxies per Requirements A.4, not sourced from post-hoc narrative articles (to avoid leakage per Key Focus Area §3)","heuristic based on trophy winners (UCL, World Cup, Euros, Copa) + club prestige tier list operationalized from UEFA coefficient / revenue"
1986,1986,Pavlo Yakovenko,Dynamo Kyiv,Soviet Union,2,2,2,0,,"{""tier"": 2, ""score"": 2, ""matched"": ""Dynamo Kyiv"", ""raw"": ""Dynamo Kyiv""}","club_prestige_tier, market_size_proxy, signature_moment_flag are agent-inferred proxies per Requirements A.4, not sourced from post-hoc narrative articles (to avoid leakage per Key Focus Area §3)","heuristic based on trophy winners (UCL, World Cup, Euros, Copa) + club prestige tier list operationalized from UEFA coefficient / revenue"
1986,1986,Karlheinz Förster,VfB Stuttgart Marseille,West Germany,2,2,2,0,,"{""tier"": 2, ""score"": 2, ""matched"": ""Marseille"", ""raw"": ""VfB Stuttgart Marseille""}","club_prestige_tier, market_size_proxy, signature_moment_flag are agent-inferred proxies per Requirements A.4, not sourced from post-hoc narrative articles (to avoid leakage per Key Focus Area §3)","heuristic based on trophy winners (UCL, World Cup, Euros, Copa) + club prestige tier list operationalized from UEFA coefficient / revenue"
1986,1986,Lothar Matthäus,Bayern Munich,West Germany,1,3,3,0,,"{""tier"": 1, ""score"": 3, ""matched"": ""Bayern Munich"", ""raw"": ""Bayern Munich""}","club_prestige_tier, market_size_proxy, signature_moment_flag are agent-inferred proxies per Requirements A.4, not sourced from post-hoc narrative articles (to avoid leakage per Key Focus Area §3)","heuristic based on trophy winners (UCL, World Cup, Euros, Copa) + club prestige tier list operationalized from UEFA coefficient / revenue"
1986,1986,Michael Laudrup,Juventus,Denmark,1,3,3,0,,"{""tier"": 1, ""score"": 3, ""matched"": ""Juventus"", ""raw"": ""Juventus""}","club_prestige_tier, market_size_proxy, signature_moment_flag are agent-inferred proxies per Requirements A.4, not sourced from post-hoc narrative articles (to avoid leakage per Key Focus Area §3)","heuristic based on trophy winners (UCL, World Cup, Euros, Copa) + club prestige tier list operationalized from UEFA coefficient / revenue"
1986,1986,Rudi Völler,Werder Bremen,West Germany,3,1,1,0,,"{""tier"": 3, ""score"": 1, ""matched"": ""other"", ""raw"": ""Werder Bremen""}","club_prestige_tier, market_size_proxy, signature_moment_flag are agent-inferred proxies per Requirements A.4, not sourced from post-hoc narrative articles (to avoid leakage per Key Focus Area §3)","heuristic based on trophy winners (UCL, World Cup, Euros, Copa) + club prestige tier list operationalized from UEFA coefficient / revenue"
1987,1987,Ruud Gullit,Milan,Netherlands,1,3,3,0,,"{""tier"": 1, ""score"": 3, ""matched"": ""Milan"", ""raw"": ""Milan""}","club_prestige_tier, market_size_proxy, signature_moment_flag are agent-inferred proxies per Requirements A.4, not sourced from post-hoc narrative articles (to avoid leakage per Key Focus Area §3)","heuristic based on trophy winners (UCL, World Cup, Euros, Copa) + club prestige tier list operationalized from UEFA coefficient / revenue"
1987,1987,Paulo Futre,Porto Atlético Madrid,Portugal,2,2,2,0,,"{""tier"": 2, ""score"": 2, ""matched"": ""Porto"", ""raw"": ""Porto Atl\u00e9tico Madrid""}","club_prestige_tier, market_size_proxy, signature_moment_flag are agent-inferred proxies per Requirements A.4, not sourced from post-hoc narrative articles (to avoid leakage per Key Focus Area §3)","heuristic based on trophy winners (UCL, World Cup, Euros, Copa) + club prestige tier list operationalized from UEFA coefficient / revenue"
1987,1987,Emilio Butragueño,Real Madrid,Spain,1,3,3,0,,"{""tier"": 1, ""score"": 3, ""matched"": ""Real Madrid"", ""raw"": ""Real Madrid""}","club_prestige_tier, market_size_proxy, signature_moment_flag are agent-inferred proxies per Requirements A.4, not sourced from post-hoc narrative articles (to avoid leakage per Key Focus Area §3)","heuristic based on trophy winners (UCL, World Cup, Euros, Copa) + club prestige tier list operationalized from UEFA coefficient / revenue"
1987,1987,Míchel,Real Madrid,Spain,1,3,3,0,,"{""tier"": 1, ""score"": 3, ""matched"": ""Real Madrid"", ""raw"": ""Real Madrid""}","club_prestige_tier, market_size_proxy, signature_moment_flag are agent-inferred proxies per Requirements A.4, not sourced from post-hoc narrative articles (to avoid leakage per Key Focus Area §3)","heuristic based on trophy winners (UCL, World Cup, Euros, Copa) + club prestige tier list operationalized from UEFA coefficient / revenue"
1987,1987,Gary Lineker,Barcelona,England,1,3,3,0,,"{""tier"": 1, ""score"": 3, ""matched"": ""Barcelona"", ""raw"": ""Barcelona""}","club_prestige_tier, market_size_proxy, signature_moment_flag are agent-inferred proxies per Requirements A.4, not sourced from post-hoc narrative articles (to avoid leakage per Key Focus Area §3)","heuristic based on trophy winners (UCL, World Cup, Euros, Copa) + club prestige tier list operationalized from UEFA coefficient / revenue"
1987,1987,John Barnes,Liverpool,England,1,3,3,0,,"{""tier"": 1, ""score"": 3, ""matched"": ""Liverpool"", ""raw"": ""Liverpool""}","club_prestige_tier, market_size_proxy, signature_moment_flag are agent-inferred proxies per Requirements A.4, not sourced from post-hoc narrative articles (to avoid leakage per Key Focus Area §3)","heuristic based on trophy winners (UCL, World Cup, Euros, Copa) + club prestige tier list operationalized from UEFA coefficient / revenue"
1987,1987,Marco van Basten,Milan,Netherlands,1,3,3,0,,"{""tier"": 1, ""score"": 3, ""matched"": ""Milan"", ""raw"": ""Milan""}","club_prestige_tier, market_size_proxy, signature_moment_flag are agent-inferred proxies per Requirements A.4, not sourced from post-hoc narrative articles (to avoid leakage per Key Focus Area §3)","heuristic based on trophy winners (UCL, World Cup, Euros, Copa) + club prestige tier list operationalized from UEFA coefficient / revenue"
1987,1987,Gianluca Vialli,Sampdoria,Italy,3,1,1,0,,"{""tier"": 3, ""score"": 1, ""matched"": ""other"", ""raw"": ""Sampdoria""}","club_prestige_tier, market_size_proxy, signature_moment_flag are agent-inferred proxies per Requirements A.4, not sourced from post-hoc narrative articles (to avoid leakage per Key Focus Area §3)","heuristic based on trophy winners (UCL, World Cup, Euros, Copa) + club prestige tier list operationalized from UEFA coefficient / revenue"
1987,1987,Bryan Robson,Manchester United,England,1,3,3,0,,"{""tier"": 1, ""score"": 3, ""matched"": ""Manchester United"", ""raw"": ""Manchester United""}","club_prestige_tier, market_size_proxy, signature_moment_flag are agent-inferred proxies per Requirements A.4, not sourced from post-hoc narrative articles (to avoid leakage per Key Focus Area §3)","heuristic based on trophy winners (UCL, World Cup, Euros, Copa) + club prestige tier list operationalized from UEFA coefficient / revenue"
1987,1987,Klaus Allofs,Marseille,West Germany,2,2,2,0,,"{""tier"": 2, ""score"": 2, ""matched"": ""Marseille"", ""raw"": ""Marseille""}","club_prestige_tier, market_size_proxy, signature_moment_flag are agent-inferred proxies per Requirements A.4, not sourced from post-hoc narrative articles (to avoid leakage per Key Focus Area §3)","heuristic based on trophy winners (UCL, World Cup, Euros, Copa) + club prestige tier list operationalized from UEFA coefficient / revenue"
1987,1987,Glenn Hysén,Fiorentina,Sweden,2,2,2,0,,"{""tier"": 2, ""score"": 2, ""matched"": ""Fiorentina"", ""raw"": ""Fiorentina""}","club_prestige_tier, market_size_proxy, signature_moment_flag are agent-inferred proxies per Requirements A.4, not sourced from post-hoc narrative articles (to avoid leakage per Key Focus Area §3)","heuristic based on trophy winners (UCL, World Cup, Euros, Copa) + club prestige tier list operationalized from UEFA coefficient / revenue"
1987,1987,Manuel Amoros,Monaco,France,2,2,2,0,,"{""tier"": 2, ""score"": 2, ""matched"": ""Monaco"", ""raw"": ""Monaco""}","club_prestige_tier, market_size_proxy, signature_moment_flag are agent-inferred proxies per Requirements A.4, not sourced from post-hoc narrative articles (to avoid leakage per Key Focus Area §3)","heuristic based on trophy winners (UCL, World Cup, Euros, Copa) + club prestige tier list operationalized from UEFA coefficient / revenue"
1987,1987,Lothar Matthäus,Bayern Munich,West Germany,1,3,3,0,,"{""tier"": 1, ""score"": 3, ""matched"": ""Bayern Munich"", ""raw"": ""Bayern Munich""}","club_prestige_tier, market_size_proxy, signature_moment_flag are agent-inferred proxies per Requirements A.4, not sourced from post-hoc narrative articles (to avoid leakage per Key Focus Area §3)","heuristic based on trophy winners (UCL, World Cup, Euros, Copa) + club prestige tier list operationalized from UEFA coefficient / revenue"
1987,1987,Mark Hateley,Monaco,England,2,2,2,0,,"{""tier"": 2, ""score"": 2, ""matched"": ""Monaco"", ""raw"": ""Monaco""}","club_prestige_tier, market_size_proxy, signature_moment_flag are agent-inferred proxies per Requirements A.4, not sourced from post-hoc narrative articles (to avoid leakage per Key Focus Area §3)","heuristic based on trophy winners (UCL, World Cup, Euros, Copa) + club prestige tier list operationalized from UEFA coefficient / revenue"
1987,1987,Toni Polster,Torino,Austria,3,1,1,0,,"{""tier"": 3, ""score"": 1, ""matched"": ""other"", ""raw"": ""Torino""}","club_prestige_tier, market_size_proxy, signature_moment_flag are agent-inferred proxies per Requirements A.4, not sourced from post-hoc narrative articles (to avoid leakage per Key Focus Area §3)","heuristic based on trophy winners (UCL, World Cup, Euros, Copa) + club prestige tier list operationalized from UEFA coefficient / revenue"
1987,1987,Ian Rush,Juventus,Wales,1,3,3,0,,"{""tier"": 1, ""score"": 3, ""matched"": ""Juventus"", ""raw"": ""Juventus""}","club_prestige_tier, market_size_proxy, signature_moment_flag are agent-inferred proxies per Requirements A.4, not sourced from post-hoc narrative articles (to avoid leakage per Key Focus Area §3)","heuristic based on trophy winners (UCL, World Cup, Euros, Copa) + club prestige tier list operationalized from UEFA coefficient / revenue"
1987,1987,Pierre Littbarski,1. FC Köln,West Germany,3,1,1,0,,"{""tier"": 3, ""score"": 1, ""matched"": ""other"", ""raw"": ""1. FC K\u00f6ln""}","club_prestige_tier, market_size_proxy, signature_moment_flag are agent-inferred proxies per Requirements A.4, not sourced from post-hoc narrative articles (to avoid leakage per Key Focus Area §3)","heuristic based on trophy winners (UCL, World Cup, Euros, Copa) + club prestige tier list operationalized from UEFA coefficient / revenue"
1987,1987,Paul McGrath,Manchester United,Republic of Ireland,1,3,3,0,,"{""tier"": 1, ""score"": 3, ""matched"": ""Manchester United"", ""raw"": ""Manchester United""}","club_prestige_tier, market_size_proxy, signature_moment_flag are agent-inferred proxies per Requirements A.4, not sourced from post-hoc narrative articles (to avoid leakage per Key Focus Area §3)","heuristic based on trophy winners (UCL, World Cup, Euros, Copa) + club prestige tier list operationalized from UEFA coefficient / revenue"
1987,1987,Jean-Marie Pfaff,Bayern Munich,Belgium,1,3,3,0,,"{""tier"": 1, ""score"": 3, ""matched"": ""Bayern Munich"", ""raw"": ""Bayern Munich""}","club_prestige_tier, market_size_proxy, signature_moment_flag are agent-inferred proxies per Requirements A.4, not sourced from post-hoc narrative articles (to avoid leakage per Key Focus Area §3)","heuristic based on trophy winners (UCL, World Cup, Euros, Copa) + club prestige tier list operationalized from UEFA coefficient / revenue"
1987,1987,Oleksandr Zavarov,Dynamo Kyiv,Soviet Union,2,2,2,0,,"{""tier"": 2, ""score"": 2, ""matched"": ""Dynamo Kyiv"", ""raw"": ""Dynamo Kyiv""}","club_prestige_tier, market_size_proxy, signature_moment_flag are agent-inferred proxies per Requirements A.4, not sourced from post-hoc narrative articles (to avoid leakage per Key Focus Area §3)","heuristic based on trophy winners (UCL, World Cup, Euros, Copa) + club prestige tier list operationalized from UEFA coefficient / revenue"
1987,1987,Peter Beardsley,Liverpool,England,1,3,3,0,,"{""tier"": 1, ""score"": 3, ""matched"": ""Liverpool"", ""raw"": ""Liverpool""}","club_prestige_tier, market_size_proxy, signature_moment_flag are agent-inferred proxies per Requirements A.4, not sourced from post-hoc narrative articles (to avoid leakage per Key Focus Area §3)","heuristic based on trophy winners (UCL, World Cup, Euros, Copa) + club prestige tier list operationalized from UEFA coefficient / revenue"
1987,1987,Józef Młynarczyk,Porto,Poland,2,2,2,0,,"{""tier"": 2, ""score"": 2, ""matched"": ""Porto"", ""raw"": ""Porto""}","club_prestige_tier, market_size_proxy, signature_moment_flag are agent-inferred proxies per Requirements A.4, not sourced from post-hoc narrative articles (to avoid leakage per Key Focus Area §3)","heuristic based on trophy winners (UCL, World Cup, Euros, Copa) + club prestige tier list operationalized from UEFA coefficient / revenue"
1987,1987,Rinat Dasayev,Spartak Moscow,Soviet Union,3,1,1,0,,"{""tier"": 3, ""score"": 1, ""matched"": ""other"", ""raw"": ""Spartak Moscow""}","club_prestige_tier, market_size_proxy, signature_moment_flag are agent-inferred proxies per Requirements A.4, not sourced from post-hoc narrative articles (to avoid leakage per Key Focus Area §3)","heuristic based on trophy winners (UCL, World Cup, Euros, Copa) + club prestige tier list operationalized from UEFA coefficient / revenue"
1987,1987,Preben Elkjær,Hellas Verona,Denmark,3,1,1,0,,"{""tier"": 3, ""score"": 1, ""matched"": ""other"", ""raw"": ""Hellas Verona""}","club_prestige_tier, market_size_proxy, signature_moment_flag are agent-inferred proxies per Requirements A.4, not sourced from post-hoc narrative articles (to avoid leakage per Key Focus Area §3)","heuristic based on trophy winners (UCL, World Cup, Euros, Copa) + club prestige tier list operationalized from UEFA coefficient / revenue"
1987,1987,Gheorghe Hagi,Steaua București,Romania,3,1,1,0,,"{""tier"": 3, ""score"": 1, ""matched"": ""other"", ""raw"": ""Steaua Bucure\u0219ti""}","club_prestige_tier, market_size_proxy, signature_moment_flag are agent-inferred proxies per Requirements A.4, not sourced from post-hoc narrative articles (to avoid leakage per Key Focus Area §3)","heuristic based on trophy winners (UCL, World Cup, Euros, Copa) + club prestige tier list operationalized from UEFA coefficient / revenue"
1987,1987,Heinz Hermann,Neuchâtel Xamax,Switzerland,3,1,1,0,,"{""tier"": 3, ""score"": 1, ""matched"": ""other"", ""raw"": ""Neuch\u00e2tel Xamax""}","club_prestige_tier, market_size_proxy, signature_moment_flag are agent-inferred proxies per Requirements A.4, not sourced from post-hoc narrative articles (to avoid leakage per Key Focus Area §3)","heuristic based on trophy winners (UCL, World Cup, Euros, Copa) + club prestige tier list operationalized from UEFA coefficient / revenue"
1987,1987,Ally McCoist,Rangers,Scotland,3,1,1,0,,"{""tier"": 3, ""score"": 1, ""matched"": ""other"", ""raw"": ""Rangers""}","club_prestige_tier, market_size_proxy, signature_moment_flag are agent-inferred proxies per Requirements A.4, not sourced from post-hoc narrative articles (to avoid leakage per Key Focus Area §3)","heuristic based on trophy winners (UCL, World Cup, Euros, Copa) + club prestige tier list operationalized from UEFA coefficient / revenue"
1987,1987,Rodion Cămătaru,Dinamo București,Romania,3,1,1,0,,"{""tier"": 3, ""score"": 1, ""matched"": ""other"", ""raw"": ""Dinamo Bucure\u0219ti""}","club_prestige_tier, market_size_proxy, signature_moment_flag are agent-inferred proxies per Requirements A.4, not sourced from post-hoc narrative articles (to avoid leakage per Key Focus Area §3)","heuristic based on trophy winners (UCL, World Cup, Euros, Copa) + club prestige tier list operationalized from UEFA coefficient / revenue"
1987,1987,Peter Shilton,Derby County,England,3,1,1,0,,"{""tier"": 3, ""score"": 1, ""matched"": ""other"", ""raw"": ""Derby County""}","club_prestige_tier, market_size_proxy, signature_moment_flag are agent-inferred proxies per Requirements A.4, not sourced from post-hoc narrative articles (to avoid leakage per Key Focus Area §3)","heuristic based on trophy winners (UCL, World Cup, Euros, Copa) + club prestige tier list operationalized from UEFA coefficient / revenue"
1987,1987,Alessandro Altobelli,Internazionale,Italy,1,3,3,0,,"{""tier"": 1, ""score"": 3, ""matched"": ""Internazionale"", ""raw"": ""Internazionale""}","club_prestige_tier, market_size_proxy, signature_moment_flag are agent-inferred proxies per Requirements A.4, not sourced from post-hoc narrative articles (to avoid leakage per Key Focus Area §3)","heuristic based on trophy winners (UCL, World Cup, Euros, Copa) + club prestige tier list operationalized from UEFA coefficient / revenue"
1987,1987,Glenn Hoddle,Monaco,England,2,2,2,0,,"{""tier"": 2, ""score"": 2, ""matched"": ""Monaco"", ""raw"": ""Monaco""}","club_prestige_tier, market_size_proxy, signature_moment_flag are agent-inferred proxies per Requirements A.4, not sourced from post-hoc narrative articles (to avoid leakage per Key Focus Area §3)","heuristic based on trophy winners (UCL, World Cup, Euros, Copa) + club prestige tier list operationalized from UEFA coefficient / revenue"
1987,1987,Sokol Kushta,Flamurtari,Albania,3,1,1,0,,"{""tier"": 3, ""score"": 1, ""matched"": ""other"", ""raw"": ""Flamurtari""}","club_prestige_tier, market_size_proxy, signature_moment_flag are agent-inferred proxies per Requirements A.4, not sourced from post-hoc narrative articles (to avoid leakage per Key Focus Area §3)","heuristic based on trophy winners (UCL, World Cup, Euros, Copa) + club prestige tier list operationalized from UEFA coefficient / revenue"
1987,1987,Dimitris Saravakos,Panathinaikos,Greece,3,1,1,0,,"{""tier"": 3, ""score"": 1, ""matched"": ""other"", ""raw"": ""Panathinaikos""}","club_prestige_tier, market_size_proxy, signature_moment_flag are agent-inferred proxies per Requirements A.4, not sourced from post-hoc narrative articles (to avoid leakage per Key Focus Area §3)","heuristic based on trophy winners (UCL, World Cup, Euros, Copa) + club prestige tier list operationalized from UEFA coefficient / revenue"
1987,1987,Rudi Völler,Roma,West Germany,2,2,2,0,,"{""tier"": 2, ""score"": 2, ""matched"": ""Roma"", ""raw"": ""Roma""}","club_prestige_tier, market_size_proxy, signature_moment_flag are agent-inferred proxies per Requirements A.4, not sourced from post-hoc narrative articles (to avoid leakage per Key Focus Area §3)","heuristic based on trophy winners (UCL, World Cup, Euros, Copa) + club prestige tier list operationalized from UEFA coefficient / revenue"
1988,1988,Marco van Basten,Milan,Netherlands,1,3,3,1,UCL winner 1988 club Milan matches player's club Milan; Euros winner 1988 country Netherlands matches player's nation Netherlands,"{""tier"": 1, ""score"": 3, ""matched"": ""Milan"", ""raw"": ""Milan""}","club_prestige_tier, market_size_proxy, signature_moment_flag are agent-inferred proxies per Requirements A.4, not sourced from post-hoc narrative articles (to avoid leakage per Key Focus Area §3)","heuristic based on trophy winners (UCL, World Cup, Euros, Copa) + club prestige tier list operationalized from UEFA coefficient / revenue"
1988,1988,Ruud Gullit,Milan,Netherlands,1,3,3,1,UCL winner 1988 club Milan matches player's club Milan; Euros winner 1988 country Netherlands matches player's nation Netherlands,"{""tier"": 1, ""score"": 3, ""matched"": ""Milan"", ""raw"": ""Milan""}","club_prestige_tier, market_size_proxy, signature_moment_flag are agent-inferred proxies per Requirements A.4, not sourced from post-hoc narrative articles (to avoid leakage per Key Focus Area §3)","heuristic based on trophy winners (UCL, World Cup, Euros, Copa) + club prestige tier list operationalized from UEFA coefficient / revenue"
1988,1988,Frank Rijkaard,Milan,Netherlands,1,3,3,1,UCL winner 1988 club Milan matches player's club Milan; Euros winner 1988 country Netherlands matches player's nation Netherlands,"{""tier"": 1, ""score"": 3, ""matched"": ""Milan"", ""raw"": ""Milan""}","club_prestige_tier, market_size_proxy, signature_moment_flag are agent-inferred proxies per Requirements A.4, not sourced from post-hoc narrative articles (to avoid leakage per Key Focus Area §3)","heuristic based on trophy winners (UCL, World Cup, Euros, Copa) + club prestige tier list operationalized from UEFA coefficient / revenue"
1988,1988,Oleksiy Mykhaylychenko,Dynamo Kyiv,Soviet Union,2,2,2,0,,"{""tier"": 2, ""score"": 2, ""matched"": ""Dynamo Kyiv"", ""raw"": ""Dynamo Kyiv""}","club_prestige_tier, market_size_proxy, signature_moment_flag are agent-inferred proxies per Requirements A.4, not sourced from post-hoc narrative articles (to avoid leakage per Key Focus Area §3)","heuristic based on trophy winners (UCL, World Cup, Euros, Copa) + club prestige tier list operationalized from UEFA coefficient / revenue"
1988,1988,Ronald Koeman,PSV Eindhoven,Netherlands,3,1,1,1,Euros winner 1988 country Netherlands matches player's nation Netherlands,"{""tier"": 3, ""score"": 1, ""matched"": ""other"", ""raw"": ""PSV Eindhoven""}","club_prestige_tier, market_size_proxy, signature_moment_flag are agent-inferred proxies per Requirements A.4, not sourced from post-hoc narrative articles (to avoid leakage per Key Focus Area §3)","heuristic based on trophy winners (UCL, World Cup, Euros, Copa) + club prestige tier list operationalized from UEFA coefficient / revenue"
1988,1988,Lothar Matthäus,Internazionale,West Germany,1,3,3,0,,"{""tier"": 1, ""score"": 3, ""matched"": ""Internazionale"", ""raw"": ""Internazionale""}","club_prestige_tier, market_size_proxy, signature_moment_flag are agent-inferred proxies per Requirements A.4, not sourced from post-hoc narrative articles (to avoid leakage per Key Focus Area §3)","heuristic based on trophy winners (UCL, World Cup, Euros, Copa) + club prestige tier list operationalized from UEFA coefficient / revenue"
1988,1988,Gianluca Vialli,Sampdoria,Italy,3,1,1,0,,"{""tier"": 3, ""score"": 1, ""matched"": ""other"", ""raw"": ""Sampdoria""}","club_prestige_tier, market_size_proxy, signature_moment_flag are agent-inferred proxies per Requirements A.4, not sourced from post-hoc narrative articles (to avoid leakage per Key Focus Area §3)","heuristic based on trophy winners (UCL, World Cup, Euros, Copa) + club prestige tier list operationalized from UEFA coefficient / revenue"
1988,1988,Franco Baresi,Milan,Italy,1,3,3,1,UCL winner 1988 club Milan matches player's club Milan,"{""tier"": 1, ""score"": 3, ""matched"": ""Milan"", ""raw"": ""Milan""}","club_prestige_tier, market_size_proxy, signature_moment_flag are agent-inferred proxies per Requirements A.4, not sourced from post-hoc narrative articles (to avoid leakage per Key Focus Area §3)","heuristic based on trophy winners (UCL, World Cup, Euros, Copa) + club prestige tier list operationalized from UEFA coefficient / revenue"
1988,1988,Jürgen Klinsmann,VfB Stuttgart,West Germany,3,1,1,0,,"{""tier"": 3, ""score"": 1, ""matched"": ""other"", ""raw"": ""VfB Stuttgart""}","club_prestige_tier, market_size_proxy, signature_moment_flag are agent-inferred proxies per Requirements A.4, not sourced from post-hoc narrative articles (to avoid leakage per Key Focus Area §3)","heuristic based on trophy winners (UCL, World Cup, Euros, Copa) + club prestige tier list operationalized from UEFA coefficient / revenue"
1988,1988,Oleksandr Zavarov,Juventus,Soviet Union,1,3,3,0,,"{""tier"": 1, ""score"": 3, ""matched"": ""Juventus"", ""raw"": ""Juventus""}","club_prestige_tier, market_size_proxy, signature_moment_flag are agent-inferred proxies per Requirements A.4, not sourced from post-hoc narrative articles (to avoid leakage per Key Focus Area §3)","heuristic based on trophy winners (UCL, World Cup, Euros, Copa) + club prestige tier list operationalized from UEFA coefficient / revenue"
1988,1988,Tanju Çolak,Galatasaray,Turkey,3,1,1,0,,"{""tier"": 3, ""score"": 1, ""matched"": ""other"", ""raw"": ""Galatasaray""}","club_prestige_tier, market_size_proxy, signature_moment_flag are agent-inferred proxies per Requirements A.4, not sourced from post-hoc narrative articles (to avoid leakage per Key Focus Area §3)","heuristic based on trophy winners (UCL, World Cup, Euros, Copa) + club prestige tier list operationalized from UEFA coefficient / revenue"
1988,1988,Oleh Kuznetsov,Dynamo Kyiv,Soviet Union,2,2,2,0,,"{""tier"": 2, ""score"": 2, ""matched"": ""Dynamo Kyiv"", ""raw"": ""Dynamo Kyiv""}","club_prestige_tier, market_size_proxy, signature_moment_flag are agent-inferred proxies per Requirements A.4, not sourced from post-hoc narrative articles (to avoid leakage per Key Focus Area §3)","heuristic based on trophy winners (UCL, World Cup, Euros, Copa) + club prestige tier list operationalized from UEFA coefficient / revenue"
1988,1988,Rinat Dasayev,Sevilla,Soviet Union,2,2,2,0,,"{""tier"": 2, ""score"": 2, ""matched"": ""Sevilla"", ""raw"": ""Sevilla""}","club_prestige_tier, market_size_proxy, signature_moment_flag are agent-inferred proxies per Requirements A.4, not sourced from post-hoc narrative articles (to avoid leakage per Key Focus Area §3)","heuristic based on trophy winners (UCL, World Cup, Euros, Copa) + club prestige tier list operationalized from UEFA coefficient / revenue"
1988,1988,Anatoliy Demyanenko,Dynamo Kyiv,Soviet Union,2,2,2,0,,"{""tier"": 2, ""score"": 2, ""matched"": ""Dynamo Kyiv"", ""raw"": ""Dynamo Kyiv""}","club_prestige_tier, market_size_proxy, signature_moment_flag are agent-inferred proxies per Requirements A.4, not sourced from post-hoc narrative articles (to avoid leakage per Key Focus Area §3)","heuristic based on trophy winners (UCL, World Cup, Euros, Copa) + club prestige tier list operationalized from UEFA coefficient / revenue"
1988,1988,Glenn Hysén,Fiorentina,Sweden,2,2,2,0,,"{""tier"": 2, ""score"": 2, ""matched"": ""Fiorentina"", ""raw"": ""Fiorentina""}","club_prestige_tier, market_size_proxy, signature_moment_flag are agent-inferred proxies per Requirements A.4, not sourced from post-hoc narrative articles (to avoid leakage per Key Focus Area §3)","heuristic based on trophy winners (UCL, World Cup, Euros, Copa) + club prestige tier list operationalized from UEFA coefficient / revenue"
1988,1988,Míchel,Real Madrid,Spain,1,3,3,0,,"{""tier"": 1, ""score"": 3, ""matched"": ""Real Madrid"", ""raw"": ""Real Madrid""}","club_prestige_tier, market_size_proxy, signature_moment_flag are agent-inferred proxies per Requirements A.4, not sourced from post-hoc narrative articles (to avoid leakage per Key Focus Area §3)","heuristic based on trophy winners (UCL, World Cup, Euros, Copa) + club prestige tier list operationalized from UEFA coefficient / revenue"
1988,1988,Flemming Povlsen,1. FC Köln,Denmark,3,1,1,0,,"{""tier"": 3, ""score"": 1, ""matched"": ""other"", ""raw"": ""1. FC K\u00f6ln""}","club_prestige_tier, market_size_proxy, signature_moment_flag are agent-inferred proxies per Requirements A.4, not sourced from post-hoc narrative articles (to avoid leakage per Key Focus Area §3)","heuristic based on trophy winners (UCL, World Cup, Euros, Copa) + club prestige tier list operationalized from UEFA coefficient / revenue"
1988,1988,Michel Preud'homme,Mechelen,Belgium,3,1,1,0,,"{""tier"": 3, ""score"": 1, ""matched"": ""other"", ""raw"": ""Mechelen""}","club_prestige_tier, market_size_proxy, signature_moment_flag are agent-inferred proxies per Requirements A.4, not sourced from post-hoc narrative articles (to avoid leakage per Key Focus Area §3)","heuristic based on trophy winners (UCL, World Cup, Euros, Copa) + club prestige tier list operationalized from UEFA coefficient / revenue"
1988,1988,Walter Zenga,Internazionale,Italy,1,3,3,0,,"{""tier"": 1, ""score"": 3, ""matched"": ""Internazionale"", ""raw"": ""Internazionale""}","club_prestige_tier, market_size_proxy, signature_moment_flag are agent-inferred proxies per Requirements A.4, not sourced from post-hoc narrative articles (to avoid leakage per Key Focus Area §3)","heuristic based on trophy winners (UCL, World Cup, Euros, Copa) + club prestige tier list operationalized from UEFA coefficient / revenue"
1988,1988,Gheorghe Hagi,Steaua București,Romania,3,1,1,0,,"{""tier"": 3, ""score"": 1, ""matched"": ""other"", ""raw"": ""Steaua Bucure\u0219ti""}","club_prestige_tier, market_size_proxy, signature_moment_flag are agent-inferred proxies per Requirements A.4, not sourced from post-hoc narrative articles (to avoid leakage per Key Focus Area §3)","heuristic based on trophy winners (UCL, World Cup, Euros, Copa) + club prestige tier list operationalized from UEFA coefficient / revenue"
1988,1988,Roberto Mancini,Sampdoria,Italy,3,1,1,0,,"{""tier"": 3, ""score"": 1, ""matched"": ""other"", ""raw"": ""Sampdoria""}","club_prestige_tier, market_size_proxy, signature_moment_flag are agent-inferred proxies per Requirements A.4, not sourced from post-hoc narrative articles (to avoid leakage per Key Focus Area §3)","heuristic based on trophy winners (UCL, World Cup, Euros, Copa) + club prestige tier list operationalized from UEFA coefficient / revenue"
1988,1988,Dejan Savićević,Red Star Belgrade,Yugoslavia,3,1,1,0,,"{""tier"": 3, ""score"": 1, ""matched"": ""other"", ""raw"": ""Red Star Belgrade""}","club_prestige_tier, market_size_proxy, signature_moment_flag are agent-inferred proxies per Requirements A.4, not sourced from post-hoc narrative articles (to avoid leakage per Key Focus Area §3)","heuristic based on trophy winners (UCL, World Cup, Euros, Copa) + club prestige tier list operationalized from UEFA coefficient / revenue"
1988,1988,Neville Southall,Everton,Wales,2,2,2,0,,"{""tier"": 2, ""score"": 2, ""matched"": ""Everton"", ""raw"": ""Everton""}","club_prestige_tier, market_size_proxy, signature_moment_flag are agent-inferred proxies per Requirements A.4, not sourced from post-hoc narrative articles (to avoid leakage per Key Focus Area §3)","heuristic based on trophy winners (UCL, World Cup, Euros, Copa) + club prestige tier list operationalized from UEFA coefficient / revenue"
1988,1988,Dragan Stojković,Red Star Belgrade,Yugoslavia,3,1,1,0,,"{""tier"": 3, ""score"": 1, ""matched"": ""other"", ""raw"": ""Red Star Belgrade""}","club_prestige_tier, market_size_proxy, signature_moment_flag are agent-inferred proxies per Requirements A.4, not sourced from post-hoc narrative articles (to avoid leakage per Key Focus Area §3)","heuristic based on trophy winners (UCL, World Cup, Euros, Copa) + club prestige tier list operationalized from UEFA coefficient / revenue"
1989,1989,Marco van Basten,Milan,Netherlands,1,3,3,1,UCL winner 1989 club Milan matches player's club Milan,"{""tier"": 1, ""score"": 3, ""matched"": ""Milan"", ""raw"": ""Milan""}","club_prestige_tier, market_size_proxy, signature_moment_flag are agent-inferred proxies per Requirements A.4, not sourced from post-hoc narrative articles (to avoid leakage per Key Focus Area §3)","heuristic based on trophy winners (UCL, World Cup, Euros, Copa) + club prestige tier list operationalized from UEFA coefficient / revenue"
1989,1989,Franco Baresi,Milan,Italy,1,3,3,1,UCL winner 1989 club Milan matches player's club Milan,"{""tier"": 1, ""score"": 3, ""matched"": ""Milan"", ""raw"": ""Milan""}","club_prestige_tier, market_size_proxy, signature_moment_flag are agent-inferred proxies per Requirements A.4, not sourced from post-hoc narrative articles (to avoid leakage per Key Focus Area §3)","heuristic based on trophy winners (UCL, World Cup, Euros, Copa) + club prestige tier list operationalized from UEFA coefficient / revenue"
1989,1989,Frank Rijkaard,Milan,Netherlands,1,3,3,1,UCL winner 1989 club Milan matches player's club Milan,"{""tier"": 1, ""score"": 3, ""matched"": ""Milan"", ""raw"": ""Milan""}","club_prestige_tier, market_size_proxy, signature_moment_flag are agent-inferred proxies per Requirements A.4, not sourced from post-hoc narrative articles (to avoid leakage per Key Focus Area §3)","heuristic based on trophy winners (UCL, World Cup, Euros, Copa) + club prestige tier list operationalized from UEFA coefficient / revenue"
1989,1989,Lothar Matthäus,Internazionale,West Germany,1,3,3,0,,"{""tier"": 1, ""score"": 3, ""matched"": ""Internazionale"", ""raw"": ""Internazionale""}","club_prestige_tier, market_size_proxy, signature_moment_flag are agent-inferred proxies per Requirements A.4, not sourced from post-hoc narrative articles (to avoid leakage per Key Focus Area §3)","heuristic based on trophy winners (UCL, World Cup, Euros, Copa) + club prestige tier list operationalized from UEFA coefficient / revenue"
1989,1989,Peter Shilton,Derby County,England,3,1,1,0,,"{""tier"": 3, ""score"": 1, ""matched"": ""other"", ""raw"": ""Derby County""}","club_prestige_tier, market_size_proxy, signature_moment_flag are agent-inferred proxies per Requirements A.4, not sourced from post-hoc narrative articles (to avoid leakage per Key Focus Area §3)","heuristic based on trophy winners (UCL, World Cup, Euros, Copa) + club prestige tier list operationalized from UEFA coefficient / revenue"
1989,1989,Dragan Stojković,Red Star Belgrade,Yugoslavia,3,1,1,0,,"{""tier"": 3, ""score"": 1, ""matched"": ""other"", ""raw"": ""Red Star Belgrade""}","club_prestige_tier, market_size_proxy, signature_moment_flag are agent-inferred proxies per Requirements A.4, not sourced from post-hoc narrative articles (to avoid leakage per Key Focus Area §3)","heuristic based on trophy winners (UCL, World Cup, Euros, Copa) + club prestige tier list operationalized from UEFA coefficient / revenue"
1989,1989,Ruud Gullit,Milan,Netherlands,1,3,3,1,UCL winner 1989 club Milan matches player's club Milan,"{""tier"": 1, ""score"": 3, ""matched"": ""Milan"", ""raw"": ""Milan""}","club_prestige_tier, market_size_proxy, signature_moment_flag are agent-inferred proxies per Requirements A.4, not sourced from post-hoc narrative articles (to avoid leakage per Key Focus Area §3)","heuristic based on trophy winners (UCL, World Cup, Euros, Copa) + club prestige tier list operationalized from UEFA coefficient / revenue"
1989,1989,Gheorghe Hagi,Steaua București,Romania,3,1,1,0,,"{""tier"": 3, ""score"": 1, ""matched"": ""other"", ""raw"": ""Steaua Bucure\u0219ti""}","club_prestige_tier, market_size_proxy, signature_moment_flag are agent-inferred proxies per Requirements A.4, not sourced from post-hoc narrative articles (to avoid leakage per Key Focus Area §3)","heuristic based on trophy winners (UCL, World Cup, Euros, Copa) + club prestige tier list operationalized from UEFA coefficient / revenue"
1989,1989,Jürgen Klinsmann,Internazionale,West Germany,1,3,3,0,,"{""tier"": 1, ""score"": 3, ""matched"": ""Internazionale"", ""raw"": ""Internazionale""}","club_prestige_tier, market_size_proxy, signature_moment_flag are agent-inferred proxies per Requirements A.4, not sourced from post-hoc narrative articles (to avoid leakage per Key Focus Area §3)","heuristic based on trophy winners (UCL, World Cup, Euros, Copa) + club prestige tier list operationalized from UEFA coefficient / revenue"
1989,1989,Jean-Pierre Papin,Marseille,France,2,2,2,0,,"{""tier"": 2, ""score"": 2, ""matched"": ""Marseille"", ""raw"": ""Marseille""}","club_prestige_tier, market_size_proxy, signature_moment_flag are agent-inferred proxies per Requirements A.4, not sourced from post-hoc narrative articles (to avoid leakage per Key Focus Area §3)","heuristic based on trophy winners (UCL, World Cup, Euros, Copa) + club prestige tier list operationalized from UEFA coefficient / revenue"
1989,1989,Michel Preud'homme,Mechelen,Belgium,3,1,1,0,,"{""tier"": 3, ""score"": 1, ""matched"": ""other"", ""raw"": ""Mechelen""}","club_prestige_tier, market_size_proxy, signature_moment_flag are agent-inferred proxies per Requirements A.4, not sourced from post-hoc narrative articles (to avoid leakage per Key Focus Area §3)","heuristic based on trophy winners (UCL, World Cup, Euros, Copa) + club prestige tier list operationalized from UEFA coefficient / revenue"
1989,1989,Oleksiy Mykhaylychenko,Dynamo Kyiv,Soviet Union,2,2,2,0,,"{""tier"": 2, ""score"": 2, ""matched"": ""Dynamo Kyiv"", ""raw"": ""Dynamo Kyiv""}","club_prestige_tier, market_size_proxy, signature_moment_flag are agent-inferred proxies per Requirements A.4, not sourced from post-hoc narrative articles (to avoid leakage per Key Focus Area §3)","heuristic based on trophy winners (UCL, World Cup, Euros, Copa) + club prestige tier list operationalized from UEFA coefficient / revenue"
1989,1989,Míchel,Real Madrid,Spain,1,3,3,0,,"{""tier"": 1, ""score"": 3, ""matched"": ""Real Madrid"", ""raw"": ""Real Madrid""}","club_prestige_tier, market_size_proxy, signature_moment_flag are agent-inferred proxies per Requirements A.4, not sourced from post-hoc narrative articles (to avoid leakage per Key Focus Area §3)","heuristic based on trophy winners (UCL, World Cup, Euros, Copa) + club prestige tier list operationalized from UEFA coefficient / revenue"
1989,1989,Andreas Brehme,Internazionale,West Germany,1,3,3,0,,"{""tier"": 1, ""score"": 3, ""matched"": ""Internazionale"", ""raw"": ""Internazionale""}","club_prestige_tier, market_size_proxy, signature_moment_flag are agent-inferred proxies per Requirements A.4, not sourced from post-hoc narrative articles (to avoid leakage per Key Focus Area §3)","heuristic based on trophy winners (UCL, World Cup, Euros, Copa) + club prestige tier list operationalized from UEFA coefficient / revenue"
1989,1989,Paulo Futre,Atlético Madrid,Portugal,2,2,2,0,,"{""tier"": 2, ""score"": 2, ""matched"": ""Atl\u00e9tico Madrid"", ""raw"": ""Atl\u00e9tico Madrid""}","club_prestige_tier, market_size_proxy, signature_moment_flag are agent-inferred proxies per Requirements A.4, not sourced from post-hoc narrative articles (to avoid leakage per Key Focus Area §3)","heuristic based on trophy winners (UCL, World Cup, Euros, Copa) + club prestige tier list operationalized from UEFA coefficient / revenue"
1989,1989,Karl-Heinz Riedle,Werder Bremen,West Germany,3,1,1,0,,"{""tier"": 3, ""score"": 1, ""matched"": ""other"", ""raw"": ""Werder Bremen""}","club_prestige_tier, market_size_proxy, signature_moment_flag are agent-inferred proxies per Requirements A.4, not sourced from post-hoc narrative articles (to avoid leakage per Key Focus Area §3)","heuristic based on trophy winners (UCL, World Cup, Euros, Copa) + club prestige tier list operationalized from UEFA coefficient / revenue"
1989,1989,John Barnes,Liverpool,England,1,3,3,0,,"{""tier"": 1, ""score"": 3, ""matched"": ""Liverpool"", ""raw"": ""Liverpool""}","club_prestige_tier, market_size_proxy, signature_moment_flag are agent-inferred proxies per Requirements A.4, not sourced from post-hoc narrative articles (to avoid leakage per Key Focus Area §3)","heuristic based on trophy winners (UCL, World Cup, Euros, Copa) + club prestige tier list operationalized from UEFA coefficient / revenue"
1989,1989,Packie Bonner,Celtic,Republic of Ireland,3,1,1,0,,"{""tier"": 3, ""score"": 1, ""matched"": ""other"", ""raw"": ""Celtic""}","club_prestige_tier, market_size_proxy, signature_moment_flag are agent-inferred proxies per Requirements A.4, not sourced from post-hoc narrative articles (to avoid leakage per Key Focus Area §3)","heuristic based on trophy winners (UCL, World Cup, Euros, Copa) + club prestige tier list operationalized from UEFA coefficient / revenue"
1989,1989,Glenn Hysén,Liverpool,Sweden,1,3,3,0,,"{""tier"": 1, ""score"": 3, ""matched"": ""Liverpool"", ""raw"": ""Liverpool""}","club_prestige_tier, market_size_proxy, signature_moment_flag are agent-inferred proxies per Requirements A.4, not sourced from post-hoc narrative articles (to avoid leakage per Key Focus Area §3)","heuristic based on trophy winners (UCL, World Cup, Euros, Copa) + club prestige tier list operationalized from UEFA coefficient / revenue"
1989,1989,Oleh Kuznetsov,Dynamo Kyiv,Soviet Union,2,2,2,0,,"{""tier"": 2, ""score"": 2, ""matched"": ""Dynamo Kyiv"", ""raw"": ""Dynamo Kyiv""}","club_prestige_tier, market_size_proxy, signature_moment_flag are agent-inferred proxies per Requirements A.4, not sourced from post-hoc narrative articles (to avoid leakage per Key Focus Area §3)","heuristic based on trophy winners (UCL, World Cup, Euros, Copa) + club prestige tier list operationalized from UEFA coefficient / revenue"
1989,1989,Andreas Möller,Borussia Dortmund,West Germany,2,2,2,0,,"{""tier"": 2, ""score"": 2, ""matched"": ""Dortmund"", ""raw"": ""Borussia Dortmund""}","club_prestige_tier, market_size_proxy, signature_moment_flag are agent-inferred proxies per Requirements A.4, not sourced from post-hoc narrative articles (to avoid leakage per Key Focus Area §3)","heuristic based on trophy winners (UCL, World Cup, Euros, Copa) + club prestige tier list operationalized from UEFA coefficient / revenue"
1989,1989,Julio Salinas,Barcelona,Spain,1,3,3,0,,"{""tier"": 1, ""score"": 3, ""matched"": ""Barcelona"", ""raw"": ""Barcelona""}","club_prestige_tier, market_size_proxy, signature_moment_flag are agent-inferred proxies per Requirements A.4, not sourced from post-hoc narrative articles (to avoid leakage per Key Focus Area §3)","heuristic based on trophy winners (UCL, World Cup, Euros, Copa) + club prestige tier list operationalized from UEFA coefficient / revenue"
1989,1989,Thomas Häßler,1. FC Köln,West Germany,3,1,1,0,,"{""tier"": 3, ""score"": 1, ""matched"": ""other"", ""raw"": ""1. FC K\u00f6ln""}","club_prestige_tier, market_size_proxy, signature_moment_flag are agent-inferred proxies per Requirements A.4, not sourced from post-hoc narrative articles (to avoid leakage per Key Focus Area §3)","heuristic based on trophy winners (UCL, World Cup, Euros, Copa) + club prestige tier list operationalized from UEFA coefficient / revenue"
1989,1989,Ronald Koeman,Barcelona,Netherlands,1,3,3,0,,"{""tier"": 1, ""score"": 3, ""matched"": ""Barcelona"", ""raw"": ""Barcelona""}","club_prestige_tier, market_size_proxy, signature_moment_flag are agent-inferred proxies per Requirements A.4, not sourced from post-hoc narrative articles (to avoid leakage per Key Focus Area §3)","heuristic based on trophy winners (UCL, World Cup, Euros, Copa) + club prestige tier list operationalized from UEFA coefficient / revenue"
1989,1989,Robby Langers,Nice,Luxembourg,3,1,1,0,,"{""tier"": 3, ""score"": 1, ""matched"": ""other"", ""raw"": ""Nice""}","club_prestige_tier, market_size_proxy, signature_moment_flag are agent-inferred proxies per Requirements A.4, not sourced from post-hoc narrative articles (to avoid leakage per Key Focus Area §3)","heuristic based on trophy winners (UCL, World Cup, Euros, Copa) + club prestige tier list operationalized from UEFA coefficient / revenue"
1989,1989,Gary Lineker,Tottenham Hotspur,England,2,2,2,0,,"{""tier"": 2, ""score"": 2, ""matched"": ""Tottenham Hotspur"", ""raw"": ""Tottenham Hotspur""}","club_prestige_tier, market_size_proxy, signature_moment_flag are agent-inferred proxies per Requirements A.4, not sourced from post-hoc narrative articles (to avoid leakage per Key Focus Area §3)","heuristic based on trophy winners (UCL, World Cup, Euros, Copa) + club prestige tier list operationalized from UEFA coefficient / revenue"
1989,1989,Paolo Maldini,Milan,Italy,1,3,3,1,UCL winner 1989 club Milan matches player's club Milan,"{""tier"": 1, ""score"": 3, ""matched"": ""Milan"", ""raw"": ""Milan""}","club_prestige_tier, market_size_proxy, signature_moment_flag are agent-inferred proxies per Requirements A.4, not sourced from post-hoc narrative articles (to avoid leakage per Key Focus Area §3)","heuristic based on trophy winners (UCL, World Cup, Euros, Copa) + club prestige tier list operationalized from UEFA coefficient / revenue"
1989,1989,Theo Snelders,Aberdeen,Netherlands,3,1,1,0,,"{""tier"": 3, ""score"": 1, ""matched"": ""other"", ""raw"": ""Aberdeen""}","club_prestige_tier, market_size_proxy, signature_moment_flag are agent-inferred proxies per Requirements A.4, not sourced from post-hoc narrative articles (to avoid leakage per Key Focus Area §3)","heuristic based on trophy winners (UCL, World Cup, Euros, Copa) + club prestige tier list operationalized from UEFA coefficient / revenue"
1989,1989,Gianluca Vialli,Sampdoria,Italy,3,1,1,0,,"{""tier"": 3, ""score"": 1, ""matched"": ""other"", ""raw"": ""Sampdoria""}","club_prestige_tier, market_size_proxy, signature_moment_flag are agent-inferred proxies per Requirements A.4, not sourced from post-hoc narrative articles (to avoid leakage per Key Focus Area §3)","heuristic based on trophy winners (UCL, World Cup, Euros, Copa) + club prestige tier list operationalized from UEFA coefficient / revenue"
1989,1989,Oleksandr Zavarov,Juventus,Soviet Union,1,3,3,0,,"{""tier"": 1, ""score"": 3, ""matched"": ""Juventus"", ""raw"": ""Juventus""}","club_prestige_tier, market_size_proxy, signature_moment_flag are agent-inferred proxies per Requirements A.4, not sourced from post-hoc narrative articles (to avoid leakage per Key Focus Area §3)","heuristic based on trophy winners (UCL, World Cup, Euros, Copa) + club prestige tier list operationalized from UEFA coefficient / revenue"
1990,1990,Lothar Matthäus,Internazionale,Germany,1,3,3,1,WorldCup winner 1990 country West Germany matches player's nation Germany,"{""tier"": 1, ""score"": 3, ""matched"": ""Internazionale"", ""raw"": ""Internazionale""}","club_prestige_tier, market_size_proxy, signature_moment_flag are agent-inferred proxies per Requirements A.4, not sourced from post-hoc narrative articles (to avoid leakage per Key Focus Area §3)","heuristic based on trophy winners (UCL, World Cup, Euros, Copa) + club prestige tier list operationalized from UEFA coefficient / revenue"
1990,1990,Salvatore Schillaci,Juventus,Italy,1,3,3,0,,"{""tier"": 1, ""score"": 3, ""matched"": ""Juventus"", ""raw"": ""Juventus""}","club_prestige_tier, market_size_proxy, signature_moment_flag are agent-inferred proxies per Requirements A.4, not sourced from post-hoc narrative articles (to avoid leakage per Key Focus Area §3)","heuristic based on trophy winners (UCL, World Cup, Euros, Copa) + club prestige tier list operationalized from UEFA coefficient / revenue"
1990,1990,Andreas Brehme,Internazionale,Germany,1,3,3,1,WorldCup winner 1990 country West Germany matches player's nation Germany,"{""tier"": 1, ""score"": 3, ""matched"": ""Internazionale"", ""raw"": ""Internazionale""}","club_prestige_tier, market_size_proxy, signature_moment_flag are agent-inferred proxies per Requirements A.4, not sourced from post-hoc narrative articles (to avoid leakage per Key Focus Area §3)","heuristic based on trophy winners (UCL, World Cup, Euros, Copa) + club prestige tier list operationalized from UEFA coefficient / revenue"
1990,1990,Paul Gascoigne,Tottenham Hotspur,England,2,2,2,0,,"{""tier"": 2, ""score"": 2, ""matched"": ""Tottenham Hotspur"", ""raw"": ""Tottenham Hotspur""}","club_prestige_tier, market_size_proxy, signature_moment_flag are agent-inferred proxies per Requirements A.4, not sourced from post-hoc narrative articles (to avoid leakage per Key Focus Area §3)","heuristic based on trophy winners (UCL, World Cup, Euros, Copa) + club prestige tier list operationalized from UEFA coefficient / revenue"
1990,1990,Franco Baresi,Milan,Italy,1,3,3,0,,"{""tier"": 1, ""score"": 3, ""matched"": ""Milan"", ""raw"": ""Milan""}","club_prestige_tier, market_size_proxy, signature_moment_flag are agent-inferred proxies per Requirements A.4, not sourced from post-hoc narrative articles (to avoid leakage per Key Focus Area §3)","heuristic based on trophy winners (UCL, World Cup, Euros, Copa) + club prestige tier list operationalized from UEFA coefficient / revenue"
1990,1990,Enzo Scifo,Auxerre,Belgium,3,1,1,0,,"{""tier"": 3, ""score"": 1, ""matched"": ""other"", ""raw"": ""Auxerre""}","club_prestige_tier, market_size_proxy, signature_moment_flag are agent-inferred proxies per Requirements A.4, not sourced from post-hoc narrative articles (to avoid leakage per Key Focus Area §3)","heuristic based on trophy winners (UCL, World Cup, Euros, Copa) + club prestige tier list operationalized from UEFA coefficient / revenue"
1990,1990,Jürgen Klinsmann,Internazionale,Germany,1,3,3,1,WorldCup winner 1990 country West Germany matches player's nation Germany,"{""tier"": 1, ""score"": 3, ""matched"": ""Internazionale"", ""raw"": ""Internazionale""}","club_prestige_tier, market_size_proxy, signature_moment_flag are agent-inferred proxies per Requirements A.4, not sourced from post-hoc narrative articles (to avoid leakage per Key Focus Area §3)","heuristic based on trophy winners (UCL, World Cup, Euros, Copa) + club prestige tier list operationalized from UEFA coefficient / revenue"
1990,1990,Roberto Baggio,Fiorentina Juventus,Italy,1,3,3,0,,"{""tier"": 1, ""score"": 3, ""matched"": ""Juventus"", ""raw"": ""Fiorentina Juventus""}","club_prestige_tier, market_size_proxy, signature_moment_flag are agent-inferred proxies per Requirements A.4, not sourced from post-hoc narrative articles (to avoid leakage per Key Focus Area §3)","heuristic based on trophy winners (UCL, World Cup, Euros, Copa) + club prestige tier list operationalized from UEFA coefficient / revenue"
1990,1990,Frank Rijkaard,Milan,Netherlands,1,3,3,0,,"{""tier"": 1, ""score"": 3, ""matched"": ""Milan"", ""raw"": ""Milan""}","club_prestige_tier, market_size_proxy, signature_moment_flag are agent-inferred proxies per Requirements A.4, not sourced from post-hoc narrative articles (to avoid leakage per Key Focus Area §3)","heuristic based on trophy winners (UCL, World Cup, Euros, Copa) + club prestige tier list operationalized from UEFA coefficient / revenue"
1990,1990,Guido Buchwald,VfB Stuttgart,Germany,3,1,1,1,WorldCup winner 1990 country West Germany matches player's nation Germany,"{""tier"": 3, ""score"": 1, ""matched"": ""other"", ""raw"": ""VfB Stuttgart""}","club_prestige_tier, market_size_proxy, signature_moment_flag are agent-inferred proxies per Requirements A.4, not sourced from post-hoc narrative articles (to avoid leakage per Key Focus Area §3)","heuristic based on trophy winners (UCL, World Cup, Euros, Copa) + club prestige tier list operationalized from UEFA coefficient / revenue"
1990,1990,Jean-Pierre Papin,Marseille,France,2,2,2,0,,"{""tier"": 2, ""score"": 2, ""matched"": ""Marseille"", ""raw"": ""Marseille""}","club_prestige_tier, market_size_proxy, signature_moment_flag are agent-inferred proxies per Requirements A.4, not sourced from post-hoc narrative articles (to avoid leakage per Key Focus Area §3)","heuristic based on trophy winners (UCL, World Cup, Euros, Copa) + club prestige tier list operationalized from UEFA coefficient / revenue"
1990,1990,Rafael Martín Vázquez,Real Madrid Torino,Spain,1,3,3,0,,"{""tier"": 1, ""score"": 3, ""matched"": ""Real Madrid"", ""raw"": ""Real Madrid Torino""}","club_prestige_tier, market_size_proxy, signature_moment_flag are agent-inferred proxies per Requirements A.4, not sourced from post-hoc narrative articles (to avoid leakage per Key Focus Area §3)","heuristic based on trophy winners (UCL, World Cup, Euros, Copa) + club prestige tier list operationalized from UEFA coefficient / revenue"
1990,1990,Paul McGrath,Aston Villa,Republic of Ireland,2,2,2,0,,"{""tier"": 2, ""score"": 2, ""matched"": ""Aston Villa"", ""raw"": ""Aston Villa""}","club_prestige_tier, market_size_proxy, signature_moment_flag are agent-inferred proxies per Requirements A.4, not sourced from post-hoc narrative articles (to avoid leakage per Key Focus Area §3)","heuristic based on trophy winners (UCL, World Cup, Euros, Copa) + club prestige tier list operationalized from UEFA coefficient / revenue"
1990,1990,Robert Prosinečki,Red Star Belgrade,Yugoslavia,3,1,1,1,UCL winner 1990 club Red Star Belgrade matches player's club Red Star Belgrade,"{""tier"": 3, ""score"": 1, ""matched"": ""other"", ""raw"": ""Red Star Belgrade""}","club_prestige_tier, market_size_proxy, signature_moment_flag are agent-inferred proxies per Requirements A.4, not sourced from post-hoc narrative articles (to avoid leakage per Key Focus Area §3)","heuristic based on trophy winners (UCL, World Cup, Euros, Copa) + club prestige tier list operationalized from UEFA coefficient / revenue"
1990,1990,Des Walker,Nottingham Forest,England,2,2,2,0,,"{""tier"": 2, ""score"": 2, ""matched"": ""Nottingham Forest"", ""raw"": ""Nottingham Forest""}","club_prestige_tier, market_size_proxy, signature_moment_flag are agent-inferred proxies per Requirements A.4, not sourced from post-hoc narrative articles (to avoid leakage per Key Focus Area §3)","heuristic based on trophy winners (UCL, World Cup, Euros, Copa) + club prestige tier list operationalized from UEFA coefficient / revenue"
1990,1990,Walter Zenga,Internazionale,Italy,1,3,3,0,,"{""tier"": 1, ""score"": 3, ""matched"": ""Internazionale"", ""raw"": ""Internazionale""}","club_prestige_tier, market_size_proxy, signature_moment_flag are agent-inferred proxies per Requirements A.4, not sourced from post-hoc narrative articles (to avoid leakage per Key Focus Area §3)","heuristic based on trophy winners (UCL, World Cup, Euros, Copa) + club prestige tier list operationalized from UEFA coefficient / revenue"
1990,1990,Dragan Stojković,Red Star Belgrade Marseille,Yugoslavia,2,2,2,1,UCL winner 1990 club Red Star Belgrade matches player's club Red Star Belgrade Marseille,"{""tier"": 2, ""score"": 2, ""matched"": ""Marseille"", ""raw"": ""Red Star Belgrade Marseille""}","club_prestige_tier, market_size_proxy, signature_moment_flag are agent-inferred proxies per Requirements A.4, not sourced from post-hoc narrative articles (to avoid leakage per Key Focus Area §3)","heuristic based on trophy winners (UCL, World Cup, Euros, Copa) + club prestige tier list operationalized from UEFA coefficient / revenue"
1990,1990,John Barnes,Liverpool,England,1,3,3,0,,"{""tier"": 1, ""score"": 3, ""matched"": ""Liverpool"", ""raw"": ""Liverpool""}","club_prestige_tier, market_size_proxy, signature_moment_flag are agent-inferred proxies per Requirements A.4, not sourced from post-hoc narrative articles (to avoid leakage per Key Focus Area §3)","heuristic based on trophy winners (UCL, World Cup, Euros, Copa) + club prestige tier list operationalized from UEFA coefficient / revenue"
1990,1990,Michael Laudrup,Barcelona,Denmark,1,3,3,0,,"{""tier"": 1, ""score"": 3, ""matched"": ""Barcelona"", ""raw"": ""Barcelona""}","club_prestige_tier, market_size_proxy, signature_moment_flag are agent-inferred proxies per Requirements A.4, not sourced from post-hoc narrative articles (to avoid leakage per Key Focus Area §3)","heuristic based on trophy winners (UCL, World Cup, Euros, Copa) + club prestige tier list operationalized from UEFA coefficient / revenue"
1990,1990,Gary Lineker,Tottenham Hotspur,England,2,2,2,0,,"{""tier"": 2, ""score"": 2, ""matched"": ""Tottenham Hotspur"", ""raw"": ""Tottenham Hotspur""}","club_prestige_tier, market_size_proxy, signature_moment_flag are agent-inferred proxies per Requirements A.4, not sourced from post-hoc narrative articles (to avoid leakage per Key Focus Area §3)","heuristic based on trophy winners (UCL, World Cup, Euros, Copa) + club prestige tier list operationalized from UEFA coefficient / revenue"
1990,1990,David Platt,Aston Villa,England,2,2,2,0,,"{""tier"": 2, ""score"": 2, ""matched"": ""Aston Villa"", ""raw"": ""Aston Villa""}","club_prestige_tier, market_size_proxy, signature_moment_flag are agent-inferred proxies per Requirements A.4, not sourced from post-hoc narrative articles (to avoid leakage per Key Focus Area §3)","heuristic based on trophy winners (UCL, World Cup, Euros, Copa) + club prestige tier list operationalized from UEFA coefficient / revenue"
1990,1990,Rudi Völler,Roma,Germany,2,2,2,1,WorldCup winner 1990 country West Germany matches player's nation Germany,"{""tier"": 2, ""score"": 2, ""matched"": ""Roma"", ""raw"": ""Roma""}","club_prestige_tier, market_size_proxy, signature_moment_flag are agent-inferred proxies per Requirements A.4, not sourced from post-hoc narrative articles (to avoid leakage per Key Focus Area §3)","heuristic based on trophy winners (UCL, World Cup, Euros, Copa) + club prestige tier list operationalized from UEFA coefficient / revenue"
1990,1990,Chris Waddle,Marseille,England,2,2,2,0,,"{""tier"": 2, ""score"": 2, ""matched"": ""Marseille"", ""raw"": ""Marseille""}","club_prestige_tier, market_size_proxy, signature_moment_flag are agent-inferred proxies per Requirements A.4, not sourced from post-hoc narrative articles (to avoid leakage per Key Focus Area §3)","heuristic based on trophy winners (UCL, World Cup, Euros, Copa) + club prestige tier list operationalized from UEFA coefficient / revenue"
1991,1991,Jean-Pierre Papin,Marseille,France,2,2,2,0,,"{""tier"": 2, ""score"": 2, ""matched"": ""Marseille"", ""raw"": ""Marseille""}","club_prestige_tier, market_size_proxy, signature_moment_flag are agent-inferred proxies per Requirements A.4, not sourced from post-hoc narrative articles (to avoid leakage per Key Focus Area §3)","heuristic based on trophy winners (UCL, World Cup, Euros, Copa) + club prestige tier list operationalized from UEFA coefficient / revenue"
1991,1991,Dejan Savićević,Red Star Belgrade,Yugoslavia,3,1,1,0,,"{""tier"": 3, ""score"": 1, ""matched"": ""other"", ""raw"": ""Red Star Belgrade""}","club_prestige_tier, market_size_proxy, signature_moment_flag are agent-inferred proxies per Requirements A.4, not sourced from post-hoc narrative articles (to avoid leakage per Key Focus Area §3)","heuristic based on trophy winners (UCL, World Cup, Euros, Copa) + club prestige tier list operationalized from UEFA coefficient / revenue"
1991,1991,Darko Pančev,Red Star Belgrade,Yugoslavia,3,1,1,0,,"{""tier"": 3, ""score"": 1, ""matched"": ""other"", ""raw"": ""Red Star Belgrade""}","club_prestige_tier, market_size_proxy, signature_moment_flag are agent-inferred proxies per Requirements A.4, not sourced from post-hoc narrative articles (to avoid leakage per Key Focus Area §3)","heuristic based on trophy winners (UCL, World Cup, Euros, Copa) + club prestige tier list operationalized from UEFA coefficient / revenue"
1991,1991,Lothar Matthäus,Internazionale,Germany,1,3,3,0,,"{""tier"": 1, ""score"": 3, ""matched"": ""Internazionale"", ""raw"": ""Internazionale""}","club_prestige_tier, market_size_proxy, signature_moment_flag are agent-inferred proxies per Requirements A.4, not sourced from post-hoc narrative articles (to avoid leakage per Key Focus Area §3)","heuristic based on trophy winners (UCL, World Cup, Euros, Copa) + club prestige tier list operationalized from UEFA coefficient / revenue"
1991,1991,Robert Prosinečki,Red Star Belgrade Real Madrid,Yugoslavia,1,3,3,0,,"{""tier"": 1, ""score"": 3, ""matched"": ""Real Madrid"", ""raw"": ""Red Star Belgrade Real Madrid""}","club_prestige_tier, market_size_proxy, signature_moment_flag are agent-inferred proxies per Requirements A.4, not sourced from post-hoc narrative articles (to avoid leakage per Key Focus Area §3)","heuristic based on trophy winners (UCL, World Cup, Euros, Copa) + club prestige tier list operationalized from UEFA coefficient / revenue"
1991,1991,Gary Lineker,Tottenham Hotspur,England,2,2,2,0,,"{""tier"": 2, ""score"": 2, ""matched"": ""Tottenham Hotspur"", ""raw"": ""Tottenham Hotspur""}","club_prestige_tier, market_size_proxy, signature_moment_flag are agent-inferred proxies per Requirements A.4, not sourced from post-hoc narrative articles (to avoid leakage per Key Focus Area §3)","heuristic based on trophy winners (UCL, World Cup, Euros, Copa) + club prestige tier list operationalized from UEFA coefficient / revenue"
1991,1991,Gianluca Vialli,Sampdoria,Italy,3,1,1,0,,"{""tier"": 3, ""score"": 1, ""matched"": ""other"", ""raw"": ""Sampdoria""}","club_prestige_tier, market_size_proxy, signature_moment_flag are agent-inferred proxies per Requirements A.4, not sourced from post-hoc narrative articles (to avoid leakage per Key Focus Area §3)","heuristic based on trophy winners (UCL, World Cup, Euros, Copa) + club prestige tier list operationalized from UEFA coefficient / revenue"
1991,1991,Miodrag Belodedici,Red Star Belgrade,Romania,3,1,1,0,,"{""tier"": 3, ""score"": 1, ""matched"": ""other"", ""raw"": ""Red Star Belgrade""}","club_prestige_tier, market_size_proxy, signature_moment_flag are agent-inferred proxies per Requirements A.4, not sourced from post-hoc narrative articles (to avoid leakage per Key Focus Area §3)","heuristic based on trophy winners (UCL, World Cup, Euros, Copa) + club prestige tier list operationalized from UEFA coefficient / revenue"
1991,1991,Mark Hughes,Manchester United,Wales,1,3,3,0,,"{""tier"": 1, ""score"": 3, ""matched"": ""Manchester United"", ""raw"": ""Manchester United""}","club_prestige_tier, market_size_proxy, signature_moment_flag are agent-inferred proxies per Requirements A.4, not sourced from post-hoc narrative articles (to avoid leakage per Key Focus Area §3)","heuristic based on trophy winners (UCL, World Cup, Euros, Copa) + club prestige tier list operationalized from UEFA coefficient / revenue"
1991,1991,Chris Waddle,Marseille,England,2,2,2,0,,"{""tier"": 2, ""score"": 2, ""matched"": ""Marseille"", ""raw"": ""Marseille""}","club_prestige_tier, market_size_proxy, signature_moment_flag are agent-inferred proxies per Requirements A.4, not sourced from post-hoc narrative articles (to avoid leakage per Key Focus Area §3)","heuristic based on trophy winners (UCL, World Cup, Euros, Copa) + club prestige tier list operationalized from UEFA coefficient / revenue"
1991,1991,Michael Laudrup,Barcelona,Denmark,1,3,3,1,UCL winner 1991 club Barcelona matches player's club Barcelona,"{""tier"": 1, ""score"": 3, ""matched"": ""Barcelona"", ""raw"": ""Barcelona""}","club_prestige_tier, market_size_proxy, signature_moment_flag are agent-inferred proxies per Requirements A.4, not sourced from post-hoc narrative articles (to avoid leakage per Key Focus Area §3)","heuristic based on trophy winners (UCL, World Cup, Euros, Copa) + club prestige tier list operationalized from UEFA coefficient / revenue"
1991,1991,Rudi Völler,Roma,Germany,2,2,2,0,,"{""tier"": 2, ""score"": 2, ""matched"": ""Roma"", ""raw"": ""Roma""}","club_prestige_tier, market_size_proxy, signature_moment_flag are agent-inferred proxies per Requirements A.4, not sourced from post-hoc narrative articles (to avoid leakage per Key Focus Area §3)","heuristic based on trophy winners (UCL, World Cup, Euros, Copa) + club prestige tier list operationalized from UEFA coefficient / revenue"
1991,1991,Txiki Begiristain,Barcelona,Spain,1,3,3,1,UCL winner 1991 club Barcelona matches player's club Barcelona,"{""tier"": 1, ""score"": 3, ""matched"": ""Barcelona"", ""raw"": ""Barcelona""}","club_prestige_tier, market_size_proxy, signature_moment_flag are agent-inferred proxies per Requirements A.4, not sourced from post-hoc narrative articles (to avoid leakage per Key Focus Area §3)","heuristic based on trophy winners (UCL, World Cup, Euros, Copa) + club prestige tier list operationalized from UEFA coefficient / revenue"
1991,1991,Stéphane Chapuisat,Borussia Dortmund,Switzerland,2,2,2,0,,"{""tier"": 2, ""score"": 2, ""matched"": ""Dortmund"", ""raw"": ""Borussia Dortmund""}","club_prestige_tier, market_size_proxy, signature_moment_flag are agent-inferred proxies per Requirements A.4, not sourced from post-hoc narrative articles (to avoid leakage per Key Focus Area §3)","heuristic based on trophy winners (UCL, World Cup, Euros, Copa) + club prestige tier list operationalized from UEFA coefficient / revenue"
1991,1991,Bruno Martini,Auxerre,France,3,1,1,0,,"{""tier"": 3, ""score"": 1, ""matched"": ""other"", ""raw"": ""Auxerre""}","club_prestige_tier, market_size_proxy, signature_moment_flag are agent-inferred proxies per Requirements A.4, not sourced from post-hoc narrative articles (to avoid leakage per Key Focus Area §3)","heuristic based on trophy winners (UCL, World Cup, Euros, Copa) + club prestige tier list operationalized from UEFA coefficient / revenue"
1991,1991,Paul McGrath,Aston Villa,Republic of Ireland,2,2,2,0,,"{""tier"": 2, ""score"": 2, ""matched"": ""Aston Villa"", ""raw"": ""Aston Villa""}","club_prestige_tier, market_size_proxy, signature_moment_flag are agent-inferred proxies per Requirements A.4, not sourced from post-hoc narrative articles (to avoid leakage per Key Focus Area §3)","heuristic based on trophy winners (UCL, World Cup, Euros, Copa) + club prestige tier list operationalized from UEFA coefficient / revenue"
1991,1991,Dean Saunders,Derby County Liverpool,Wales,1,3,3,0,,"{""tier"": 1, ""score"": 3, ""matched"": ""Liverpool"", ""raw"": ""Derby County Liverpool""}","club_prestige_tier, market_size_proxy, signature_moment_flag are agent-inferred proxies per Requirements A.4, not sourced from post-hoc narrative articles (to avoid leakage per Key Focus Area §3)","heuristic based on trophy winners (UCL, World Cup, Euros, Copa) + club prestige tier list operationalized from UEFA coefficient / revenue"
1991,1991,Hristo Stoichkov,Barcelona,Bulgaria,1,3,3,1,UCL winner 1991 club Barcelona matches player's club Barcelona,"{""tier"": 1, ""score"": 3, ""matched"": ""Barcelona"", ""raw"": ""Barcelona""}","club_prestige_tier, market_size_proxy, signature_moment_flag are agent-inferred proxies per Requirements A.4, not sourced from post-hoc narrative articles (to avoid leakage per Key Focus Area §3)","heuristic based on trophy winners (UCL, World Cup, Euros, Copa) + club prestige tier list operationalized from UEFA coefficient / revenue"
1991,1991,Roberto Mancini,Sampdoria,Italy,3,1,1,0,,"{""tier"": 3, ""score"": 1, ""matched"": ""other"", ""raw"": ""Sampdoria""}","club_prestige_tier, market_size_proxy, signature_moment_flag are agent-inferred proxies per Requirements A.4, not sourced from post-hoc narrative articles (to avoid leakage per Key Focus Area §3)","heuristic based on trophy winners (UCL, World Cup, Euros, Copa) + club prestige tier list operationalized from UEFA coefficient / revenue"
1991,1991,Marco van Basten,Milan,Netherlands,1,3,3,0,,"{""tier"": 1, ""score"": 3, ""matched"": ""Milan"", ""raw"": ""Milan""}","club_prestige_tier, market_size_proxy, signature_moment_flag are agent-inferred proxies per Requirements A.4, not sourced from post-hoc narrative articles (to avoid leakage per Key Focus Area §3)","heuristic based on trophy winners (UCL, World Cup, Euros, Copa) + club prestige tier list operationalized from UEFA coefficient / revenue"
1991,1991,Guido Buchwald,VfB Stuttgart,Germany,3,1,1,0,,"{""tier"": 3, ""score"": 1, ""matched"": ""other"", ""raw"": ""VfB Stuttgart""}","club_prestige_tier, market_size_proxy, signature_moment_flag are agent-inferred proxies per Requirements A.4, not sourced from post-hoc narrative articles (to avoid leakage per Key Focus Area §3)","heuristic based on trophy winners (UCL, World Cup, Euros, Copa) + club prestige tier list operationalized from UEFA coefficient / revenue"
1991,1991,Thomas Doll,Lazio,Germany,2,2,2,0,,"{""tier"": 2, ""score"": 2, ""matched"": ""Lazio"", ""raw"": ""Lazio""}","club_prestige_tier, market_size_proxy, signature_moment_flag are agent-inferred proxies per Requirements A.4, not sourced from post-hoc narrative articles (to avoid leakage per Key Focus Area §3)","heuristic based on trophy winners (UCL, World Cup, Euros, Copa) + club prestige tier list operationalized from UEFA coefficient / revenue"
1991,1991,Stefan Effenberg,Bayern Munich,Germany,1,3,3,0,,"{""tier"": 1, ""score"": 3, ""matched"": ""Bayern Munich"", ""raw"": ""Bayern Munich""}","club_prestige_tier, market_size_proxy, signature_moment_flag are agent-inferred proxies per Requirements A.4, not sourced from post-hoc narrative articles (to avoid leakage per Key Focus Area §3)","heuristic based on trophy winners (UCL, World Cup, Euros, Copa) + club prestige tier list operationalized from UEFA coefficient / revenue"
1991,1991,Ruud Gullit,Milan,Netherlands,1,3,3,0,,"{""tier"": 1, ""score"": 3, ""matched"": ""Milan"", ""raw"": ""Milan""}","club_prestige_tier, market_size_proxy, signature_moment_flag are agent-inferred proxies per Requirements A.4, not sourced from post-hoc narrative articles (to avoid leakage per Key Focus Area §3)","heuristic based on trophy winners (UCL, World Cup, Euros, Copa) + club prestige tier list operationalized from UEFA coefficient / revenue"
1991,1991,Gheorghe Hagi,Real Madrid,Romania,1,3,3,0,,"{""tier"": 1, ""score"": 3, ""matched"": ""Real Madrid"", ""raw"": ""Real Madrid""}","club_prestige_tier, market_size_proxy, signature_moment_flag are agent-inferred proxies per Requirements A.4, not sourced from post-hoc narrative articles (to avoid leakage per Key Focus Area §3)","heuristic based on trophy winners (UCL, World Cup, Euros, Copa) + club prestige tier list operationalized from UEFA coefficient / revenue"
1991,1991,Oleksiy Mykhaylychenko,Rangers,Soviet Union,3,1,1,0,,"{""tier"": 3, ""score"": 1, ""matched"": ""other"", ""raw"": ""Rangers""}","club_prestige_tier, market_size_proxy, signature_moment_flag are agent-inferred proxies per Requirements A.4, not sourced from post-hoc narrative articles (to avoid leakage per Key Focus Area §3)","heuristic based on trophy winners (UCL, World Cup, Euros, Copa) + club prestige tier list operationalized from UEFA coefficient / revenue"
1991,1991,Gary Pallister,Manchester United,England,1,3,3,0,,"{""tier"": 1, ""score"": 3, ""matched"": ""Manchester United"", ""raw"": ""Manchester United""}","club_prestige_tier, market_size_proxy, signature_moment_flag are agent-inferred proxies per Requirements A.4, not sourced from post-hoc narrative articles (to avoid leakage per Key Focus Area §3)","heuristic based on trophy winners (UCL, World Cup, Euros, Copa) + club prestige tier list operationalized from UEFA coefficient / revenue"
1991,1991,Dimitris Saravakos,Panathinaikos,Greece,3,1,1,0,,"{""tier"": 3, ""score"": 1, ""matched"": ""other"", ""raw"": ""Panathinaikos""}","club_prestige_tier, market_size_proxy, signature_moment_flag are agent-inferred proxies per Requirements A.4, not sourced from post-hoc narrative articles (to avoid leakage per Key Focus Area §3)","heuristic based on trophy winners (UCL, World Cup, Euros, Copa) + club prestige tier list operationalized from UEFA coefficient / revenue"
1991,1991,Gianluca Pagliuca,Sampdoria,Italy,3,1,1,0,,"{""tier"": 3, ""score"": 1, ""matched"": ""other"", ""raw"": ""Sampdoria""}","club_prestige_tier, market_size_proxy, signature_moment_flag are agent-inferred proxies per Requirements A.4, not sourced from post-hoc narrative articles (to avoid leakage per Key Focus Area §3)","heuristic based on trophy winners (UCL, World Cup, Euros, Copa) + club prestige tier list operationalized from UEFA coefficient / revenue"
1991,1991,Guy Hellers,Standard Liège,Luxembourg,3,1,1,0,,"{""tier"": 3, ""score"": 1, ""matched"": ""other"", ""raw"": ""Standard Li\u00e8ge""}","club_prestige_tier, market_size_proxy, signature_moment_flag are agent-inferred proxies per Requirements A.4, not sourced from post-hoc narrative articles (to avoid leakage per Key Focus Area §3)","heuristic based on trophy winners (UCL, World Cup, Euros, Copa) + club prestige tier list operationalized from UEFA coefficient / revenue"
1991,1991,Laurent Blanc,Napoli,France,2,2,2,0,,"{""tier"": 2, ""score"": 2, ""matched"": ""Napoli"", ""raw"": ""Napoli""}","club_prestige_tier, market_size_proxy, signature_moment_flag are agent-inferred proxies per Requirements A.4, not sourced from post-hoc narrative articles (to avoid leakage per Key Focus Area §3)","heuristic based on trophy winners (UCL, World Cup, Euros, Copa) + club prestige tier list operationalized from UEFA coefficient / revenue"
1992,1992,Marco van Basten,Milan,Netherlands,1,3,3,0,,"{""tier"": 1, ""score"": 3, ""matched"": ""Milan"", ""raw"": ""Milan""}","club_prestige_tier, market_size_proxy, signature_moment_flag are agent-inferred proxies per Requirements A.4, not sourced from post-hoc narrative articles (to avoid leakage per Key Focus Area §3)","heuristic based on trophy winners (UCL, World Cup, Euros, Copa) + club prestige tier list operationalized from UEFA coefficient / revenue"
1992,1992,Hristo Stoichkov,Barcelona,Bulgaria,1,3,3,0,,"{""tier"": 1, ""score"": 3, ""matched"": ""Barcelona"", ""raw"": ""Barcelona""}","club_prestige_tier, market_size_proxy, signature_moment_flag are agent-inferred proxies per Requirements A.4, not sourced from post-hoc narrative articles (to avoid leakage per Key Focus Area §3)","heuristic based on trophy winners (UCL, World Cup, Euros, Copa) + club prestige tier list operationalized from UEFA coefficient / revenue"
1992,1992,Dennis Bergkamp,Ajax,Netherlands,2,2,2,0,,"{""tier"": 2, ""score"": 2, ""matched"": ""Ajax"", ""raw"": ""Ajax""}","club_prestige_tier, market_size_proxy, signature_moment_flag are agent-inferred proxies per Requirements A.4, not sourced from post-hoc narrative articles (to avoid leakage per Key Focus Area §3)","heuristic based on trophy winners (UCL, World Cup, Euros, Copa) + club prestige tier list operationalized from UEFA coefficient / revenue"
1992,1992,Thomas Häßler,Roma,Germany,2,2,2,0,,"{""tier"": 2, ""score"": 2, ""matched"": ""Roma"", ""raw"": ""Roma""}","club_prestige_tier, market_size_proxy, signature_moment_flag are agent-inferred proxies per Requirements A.4, not sourced from post-hoc narrative articles (to avoid leakage per Key Focus Area §3)","heuristic based on trophy winners (UCL, World Cup, Euros, Copa) + club prestige tier list operationalized from UEFA coefficient / revenue"
1992,1992,Peter Schmeichel,Manchester United,Denmark,1,3,3,1,Euros winner 1992 country Denmark matches player's nation Denmark,"{""tier"": 1, ""score"": 3, ""matched"": ""Manchester United"", ""raw"": ""Manchester United""}","club_prestige_tier, market_size_proxy, signature_moment_flag are agent-inferred proxies per Requirements A.4, not sourced from post-hoc narrative articles (to avoid leakage per Key Focus Area §3)","heuristic based on trophy winners (UCL, World Cup, Euros, Copa) + club prestige tier list operationalized from UEFA coefficient / revenue"
1992,1992,Brian Laudrup,Fiorentina,Denmark,2,2,2,1,Euros winner 1992 country Denmark matches player's nation Denmark,"{""tier"": 2, ""score"": 2, ""matched"": ""Fiorentina"", ""raw"": ""Fiorentina""}","club_prestige_tier, market_size_proxy, signature_moment_flag are agent-inferred proxies per Requirements A.4, not sourced from post-hoc narrative articles (to avoid leakage per Key Focus Area §3)","heuristic based on trophy winners (UCL, World Cup, Euros, Copa) + club prestige tier list operationalized from UEFA coefficient / revenue"
1992,1992,Michael Laudrup,Barcelona,Denmark,1,3,3,1,Euros winner 1992 country Denmark matches player's nation Denmark,"{""tier"": 1, ""score"": 3, ""matched"": ""Barcelona"", ""raw"": ""Barcelona""}","club_prestige_tier, market_size_proxy, signature_moment_flag are agent-inferred proxies per Requirements A.4, not sourced from post-hoc narrative articles (to avoid leakage per Key Focus Area §3)","heuristic based on trophy winners (UCL, World Cup, Euros, Copa) + club prestige tier list operationalized from UEFA coefficient / revenue"
1992,1992,Ronald Koeman,Barcelona,Netherlands,1,3,3,0,,"{""tier"": 1, ""score"": 3, ""matched"": ""Barcelona"", ""raw"": ""Barcelona""}","club_prestige_tier, market_size_proxy, signature_moment_flag are agent-inferred proxies per Requirements A.4, not sourced from post-hoc narrative articles (to avoid leakage per Key Focus Area §3)","heuristic based on trophy winners (UCL, World Cup, Euros, Copa) + club prestige tier list operationalized from UEFA coefficient / revenue"
1992,1992,Stéphane Chapuisat,Borussia Dortmund,Switzerland,2,2,2,0,,"{""tier"": 2, ""score"": 2, ""matched"": ""Dortmund"", ""raw"": ""Borussia Dortmund""}","club_prestige_tier, market_size_proxy, signature_moment_flag are agent-inferred proxies per Requirements A.4, not sourced from post-hoc narrative articles (to avoid leakage per Key Focus Area §3)","heuristic based on trophy winners (UCL, World Cup, Euros, Copa) + club prestige tier list operationalized from UEFA coefficient / revenue"
1992,1992,Frank Rijkaard,Milan,Netherlands,1,3,3,0,,"{""tier"": 1, ""score"": 3, ""matched"": ""Milan"", ""raw"": ""Milan""}","club_prestige_tier, market_size_proxy, signature_moment_flag are agent-inferred proxies per Requirements A.4, not sourced from post-hoc narrative articles (to avoid leakage per Key Focus Area §3)","heuristic based on trophy winners (UCL, World Cup, Euros, Copa) + club prestige tier list operationalized from UEFA coefficient / revenue"
1992,1992,Enzo Scifo,Torino,Belgium,3,1,1,0,,"{""tier"": 3, ""score"": 1, ""matched"": ""other"", ""raw"": ""Torino""}","club_prestige_tier, market_size_proxy, signature_moment_flag are agent-inferred proxies per Requirements A.4, not sourced from post-hoc narrative articles (to avoid leakage per Key Focus Area §3)","heuristic based on trophy winners (UCL, World Cup, Euros, Copa) + club prestige tier list operationalized from UEFA coefficient / revenue"
1992,1992,Flemming Povlsen,Borussia Dortmund,Denmark,2,2,2,1,Euros winner 1992 country Denmark matches player's nation Denmark,"{""tier"": 2, ""score"": 2, ""matched"": ""Dortmund"", ""raw"": ""Borussia Dortmund""}","club_prestige_tier, market_size_proxy, signature_moment_flag are agent-inferred proxies per Requirements A.4, not sourced from post-hoc narrative articles (to avoid leakage per Key Focus Area §3)","heuristic based on trophy winners (UCL, World Cup, Euros, Copa) + club prestige tier list operationalized from UEFA coefficient / revenue"
1992,1992,Henrik Larsen,Pisa,Denmark,3,1,1,1,Euros winner 1992 country Denmark matches player's nation Denmark,"{""tier"": 3, ""score"": 1, ""matched"": ""other"", ""raw"": ""Pisa""}","club_prestige_tier, market_size_proxy, signature_moment_flag are agent-inferred proxies per Requirements A.4, not sourced from post-hoc narrative articles (to avoid leakage per Key Focus Area §3)","heuristic based on trophy winners (UCL, World Cup, Euros, Copa) + club prestige tier list operationalized from UEFA coefficient / revenue"
1992,1992,John Jensen,Arsenal,Denmark,2,2,2,1,Euros winner 1992 country Denmark matches player's nation Denmark,"{""tier"": 2, ""score"": 2, ""matched"": ""Arsenal"", ""raw"": ""Arsenal""}","club_prestige_tier, market_size_proxy, signature_moment_flag are agent-inferred proxies per Requirements A.4, not sourced from post-hoc narrative articles (to avoid leakage per Key Focus Area §3)","heuristic based on trophy winners (UCL, World Cup, Euros, Copa) + club prestige tier list operationalized from UEFA coefficient / revenue"
1992,1992,Paolo Maldini,Milan,Italy,1,3,3,0,,"{""tier"": 1, ""score"": 3, ""matched"": ""Milan"", ""raw"": ""Milan""}","club_prestige_tier, market_size_proxy, signature_moment_flag are agent-inferred proxies per Requirements A.4, not sourced from post-hoc narrative articles (to avoid leakage per Key Focus Area §3)","heuristic based on trophy winners (UCL, World Cup, Euros, Copa) + club prestige tier list operationalized from UEFA coefficient / revenue"
1992,1992,Henrik Andersen,1. FC Köln,Denmark,3,1,1,1,Euros winner 1992 country Denmark matches player's nation Denmark,"{""tier"": 3, ""score"": 1, ""matched"": ""other"", ""raw"": ""1. FC K\u00f6ln""}","club_prestige_tier, market_size_proxy, signature_moment_flag are agent-inferred proxies per Requirements A.4, not sourced from post-hoc narrative articles (to avoid leakage per Key Focus Area §3)","heuristic based on trophy winners (UCL, World Cup, Euros, Copa) + club prestige tier list operationalized from UEFA coefficient / revenue"
1992,1992,David Platt,Juventus,England,1,3,3,0,,"{""tier"": 1, ""score"": 3, ""matched"": ""Juventus"", ""raw"": ""Juventus""}","club_prestige_tier, market_size_proxy, signature_moment_flag are agent-inferred proxies per Requirements A.4, not sourced from post-hoc narrative articles (to avoid leakage per Key Focus Area §3)","heuristic based on trophy winners (UCL, World Cup, Euros, Copa) + club prestige tier list operationalized from UEFA coefficient / revenue"
1992,1992,Tomas Brolin,Parma,Sweden,3,1,1,0,,"{""tier"": 3, ""score"": 1, ""matched"": ""other"", ""raw"": ""Parma""}","club_prestige_tier, market_size_proxy, signature_moment_flag are agent-inferred proxies per Requirements A.4, not sourced from post-hoc narrative articles (to avoid leakage per Key Focus Area §3)","heuristic based on trophy winners (UCL, World Cup, Euros, Copa) + club prestige tier list operationalized from UEFA coefficient / revenue"
1992,1992,Jean-Pierre Papin,Milan,France,1,3,3,0,,"{""tier"": 1, ""score"": 3, ""matched"": ""Milan"", ""raw"": ""Milan""}","club_prestige_tier, market_size_proxy, signature_moment_flag are agent-inferred proxies per Requirements A.4, not sourced from post-hoc narrative articles (to avoid leakage per Key Focus Area §3)","heuristic based on trophy winners (UCL, World Cup, Euros, Copa) + club prestige tier list operationalized from UEFA coefficient / revenue"
1992,1992,Franco Baresi,Milan,Italy,1,3,3,0,,"{""tier"": 1, ""score"": 3, ""matched"": ""Milan"", ""raw"": ""Milan""}","club_prestige_tier, market_size_proxy, signature_moment_flag are agent-inferred proxies per Requirements A.4, not sourced from post-hoc narrative articles (to avoid leakage per Key Focus Area §3)","heuristic based on trophy winners (UCL, World Cup, Euros, Copa) + club prestige tier list operationalized from UEFA coefficient / revenue"
1992,1992,Rune Bratseth,Werder Bremen,Norway,3,1,1,0,,"{""tier"": 3, ""score"": 1, ""matched"": ""other"", ""raw"": ""Werder Bremen""}","club_prestige_tier, market_size_proxy, signature_moment_flag are agent-inferred proxies per Requirements A.4, not sourced from post-hoc narrative articles (to avoid leakage per Key Focus Area §3)","heuristic based on trophy winners (UCL, World Cup, Euros, Copa) + club prestige tier list operationalized from UEFA coefficient / revenue"
1992,1992,Andreas Herzog,Werder Bremen,Austria,3,1,1,0,,"{""tier"": 3, ""score"": 1, ""matched"": ""other"", ""raw"": ""Werder Bremen""}","club_prestige_tier, market_size_proxy, signature_moment_flag are agent-inferred proxies per Requirements A.4, not sourced from post-hoc narrative articles (to avoid leakage per Key Focus Area §3)","heuristic based on trophy winners (UCL, World Cup, Euros, Copa) + club prestige tier list operationalized from UEFA coefficient / revenue"
1993,1993,Roberto Baggio,Juventus,Italy,1,3,3,0,,"{""tier"": 1, ""score"": 3, ""matched"": ""Juventus"", ""raw"": ""Juventus""}","club_prestige_tier, market_size_proxy, signature_moment_flag are agent-inferred proxies per Requirements A.4, not sourced from post-hoc narrative articles (to avoid leakage per Key Focus Area §3)","heuristic based on trophy winners (UCL, World Cup, Euros, Copa) + club prestige tier list operationalized from UEFA coefficient / revenue"
1993,1993,Dennis Bergkamp,Internazionale,Netherlands,1,3,3,0,,"{""tier"": 1, ""score"": 3, ""matched"": ""Internazionale"", ""raw"": ""Internazionale""}","club_prestige_tier, market_size_proxy, signature_moment_flag are agent-inferred proxies per Requirements A.4, not sourced from post-hoc narrative articles (to avoid leakage per Key Focus Area §3)","heuristic based on trophy winners (UCL, World Cup, Euros, Copa) + club prestige tier list operationalized from UEFA coefficient / revenue"
1993,1993,Eric Cantona,Manchester United,France,1,3,3,0,,"{""tier"": 1, ""score"": 3, ""matched"": ""Manchester United"", ""raw"": ""Manchester United""}","club_prestige_tier, market_size_proxy, signature_moment_flag are agent-inferred proxies per Requirements A.4, not sourced from post-hoc narrative articles (to avoid leakage per Key Focus Area §3)","heuristic based on trophy winners (UCL, World Cup, Euros, Copa) + club prestige tier list operationalized from UEFA coefficient / revenue"
1993,1993,Alen Bokšić,Lazio,Croatia,2,2,2,0,,"{""tier"": 2, ""score"": 2, ""matched"": ""Lazio"", ""raw"": ""Lazio""}","club_prestige_tier, market_size_proxy, signature_moment_flag are agent-inferred proxies per Requirements A.4, not sourced from post-hoc narrative articles (to avoid leakage per Key Focus Area §3)","heuristic based on trophy winners (UCL, World Cup, Euros, Copa) + club prestige tier list operationalized from UEFA coefficient / revenue"
1993,1993,Michael Laudrup,Barcelona,Denmark,1,3,3,0,,"{""tier"": 1, ""score"": 3, ""matched"": ""Barcelona"", ""raw"": ""Barcelona""}","club_prestige_tier, market_size_proxy, signature_moment_flag are agent-inferred proxies per Requirements A.4, not sourced from post-hoc narrative articles (to avoid leakage per Key Focus Area §3)","heuristic based on trophy winners (UCL, World Cup, Euros, Copa) + club prestige tier list operationalized from UEFA coefficient / revenue"
1993,1993,Franco Baresi,Milan,Italy,1,3,3,1,UCL winner 1993 club Milan matches player's club Milan,"{""tier"": 1, ""score"": 3, ""matched"": ""Milan"", ""raw"": ""Milan""}","club_prestige_tier, market_size_proxy, signature_moment_flag are agent-inferred proxies per Requirements A.4, not sourced from post-hoc narrative articles (to avoid leakage per Key Focus Area §3)","heuristic based on trophy winners (UCL, World Cup, Euros, Copa) + club prestige tier list operationalized from UEFA coefficient / revenue"
1993,1993,Paolo Maldini,Milan,Italy,1,3,3,1,UCL winner 1993 club Milan matches player's club Milan,"{""tier"": 1, ""score"": 3, ""matched"": ""Milan"", ""raw"": ""Milan""}","club_prestige_tier, market_size_proxy, signature_moment_flag are agent-inferred proxies per Requirements A.4, not sourced from post-hoc narrative articles (to avoid leakage per Key Focus Area §3)","heuristic based on trophy winners (UCL, World Cup, Euros, Copa) + club prestige tier list operationalized from UEFA coefficient / revenue"
1993,1993,Emil Kostadinov,Porto,Bulgaria,2,2,2,0,,"{""tier"": 2, ""score"": 2, ""matched"": ""Porto"", ""raw"": ""Porto""}","club_prestige_tier, market_size_proxy, signature_moment_flag are agent-inferred proxies per Requirements A.4, not sourced from post-hoc narrative articles (to avoid leakage per Key Focus Area §3)","heuristic based on trophy winners (UCL, World Cup, Euros, Copa) + club prestige tier list operationalized from UEFA coefficient / revenue"
1993,1993,Stéphane Chapuisat,Borussia Dortmund,Switzerland,2,2,2,0,,"{""tier"": 2, ""score"": 2, ""matched"": ""Dortmund"", ""raw"": ""Borussia Dortmund""}","club_prestige_tier, market_size_proxy, signature_moment_flag are agent-inferred proxies per Requirements A.4, not sourced from post-hoc narrative articles (to avoid leakage per Key Focus Area §3)","heuristic based on trophy winners (UCL, World Cup, Euros, Copa) + club prestige tier list operationalized from UEFA coefficient / revenue"
1993,1993,Ryan Giggs,Manchester United,Wales,1,3,3,0,,"{""tier"": 1, ""score"": 3, ""matched"": ""Manchester United"", ""raw"": ""Manchester United""}","club_prestige_tier, market_size_proxy, signature_moment_flag are agent-inferred proxies per Requirements A.4, not sourced from post-hoc narrative articles (to avoid leakage per Key Focus Area §3)","heuristic based on trophy winners (UCL, World Cup, Euros, Copa) + club prestige tier list operationalized from UEFA coefficient / revenue"
1993,1993,Andreas Möller,Juventus,Germany,1,3,3,0,,"{""tier"": 1, ""score"": 3, ""matched"": ""Juventus"", ""raw"": ""Juventus""}","club_prestige_tier, market_size_proxy, signature_moment_flag are agent-inferred proxies per Requirements A.4, not sourced from post-hoc narrative articles (to avoid leakage per Key Focus Area §3)","heuristic based on trophy winners (UCL, World Cup, Euros, Copa) + club prestige tier list operationalized from UEFA coefficient / revenue"
1993,1993,Ruud Gullit,Sampdoria,Netherlands,3,1,1,0,,"{""tier"": 3, ""score"": 1, ""matched"": ""other"", ""raw"": ""Sampdoria""}","club_prestige_tier, market_size_proxy, signature_moment_flag are agent-inferred proxies per Requirements A.4, not sourced from post-hoc narrative articles (to avoid leakage per Key Focus Area §3)","heuristic based on trophy winners (UCL, World Cup, Euros, Copa) + club prestige tier list operationalized from UEFA coefficient / revenue"
1993,1993,Peter Schmeichel,Manchester United,Denmark,1,3,3,0,,"{""tier"": 1, ""score"": 3, ""matched"": ""Manchester United"", ""raw"": ""Manchester United""}","club_prestige_tier, market_size_proxy, signature_moment_flag are agent-inferred proxies per Requirements A.4, not sourced from post-hoc narrative articles (to avoid leakage per Key Focus Area §3)","heuristic based on trophy winners (UCL, World Cup, Euros, Copa) + club prestige tier list operationalized from UEFA coefficient / revenue"
1993,1993,Hristo Stoichkov,Barcelona,Bulgaria,1,3,3,0,,"{""tier"": 1, ""score"": 3, ""matched"": ""Barcelona"", ""raw"": ""Barcelona""}","club_prestige_tier, market_size_proxy, signature_moment_flag are agent-inferred proxies per Requirements A.4, not sourced from post-hoc narrative articles (to avoid leakage per Key Focus Area §3)","heuristic based on trophy winners (UCL, World Cup, Euros, Copa) + club prestige tier list operationalized from UEFA coefficient / revenue"
1993,1993,Basile Boli,Marseille,France,2,2,2,0,,"{""tier"": 2, ""score"": 2, ""matched"": ""Marseille"", ""raw"": ""Marseille""}","club_prestige_tier, market_size_proxy, signature_moment_flag are agent-inferred proxies per Requirements A.4, not sourced from post-hoc narrative articles (to avoid leakage per Key Focus Area §3)","heuristic based on trophy winners (UCL, World Cup, Euros, Copa) + club prestige tier list operationalized from UEFA coefficient / revenue"
1993,1993,Rune Bratseth,Werder Bremen,Norway,3,1,1,0,,"{""tier"": 3, ""score"": 1, ""matched"": ""other"", ""raw"": ""Werder Bremen""}","club_prestige_tier, market_size_proxy, signature_moment_flag are agent-inferred proxies per Requirements A.4, not sourced from post-hoc narrative articles (to avoid leakage per Key Focus Area §3)","heuristic based on trophy winners (UCL, World Cup, Euros, Copa) + club prestige tier list operationalized from UEFA coefficient / revenue"
1993,1993,Enzo Scifo,Monaco,Belgium,2,2,2,0,,"{""tier"": 2, ""score"": 2, ""matched"": ""Monaco"", ""raw"": ""Monaco""}","club_prestige_tier, market_size_proxy, signature_moment_flag are agent-inferred proxies per Requirements A.4, not sourced from post-hoc narrative articles (to avoid leakage per Key Focus Area §3)","heuristic based on trophy winners (UCL, World Cup, Euros, Copa) + club prestige tier list operationalized from UEFA coefficient / revenue"
1993,1993,Andreas Herzog,Werder Bremen,Austria,3,1,1,0,,"{""tier"": 3, ""score"": 1, ""matched"": ""other"", ""raw"": ""Werder Bremen""}","club_prestige_tier, market_size_proxy, signature_moment_flag are agent-inferred proxies per Requirements A.4, not sourced from post-hoc narrative articles (to avoid leakage per Key Focus Area §3)","heuristic based on trophy winners (UCL, World Cup, Euros, Copa) + club prestige tier list operationalized from UEFA coefficient / revenue"
1993,1993,Ronald Koeman,Barcelona,Netherlands,1,3,3,0,,"{""tier"": 1, ""score"": 3, ""matched"": ""Barcelona"", ""raw"": ""Barcelona""}","club_prestige_tier, market_size_proxy, signature_moment_flag are agent-inferred proxies per Requirements A.4, not sourced from post-hoc narrative articles (to avoid leakage per Key Focus Area §3)","heuristic based on trophy winners (UCL, World Cup, Euros, Copa) + club prestige tier list operationalized from UEFA coefficient / revenue"
1993,1993,Jari Litmanen,Ajax,Finland,2,2,2,0,,"{""tier"": 2, ""score"": 2, ""matched"": ""Ajax"", ""raw"": ""Ajax""}","club_prestige_tier, market_size_proxy, signature_moment_flag are agent-inferred proxies per Requirements A.4, not sourced from post-hoc narrative articles (to avoid leakage per Key Focus Area §3)","heuristic based on trophy winners (UCL, World Cup, Euros, Copa) + club prestige tier list operationalized from UEFA coefficient / revenue"
1993,1993,Dino Baggio,Juventus,Italy,1,3,3,0,,"{""tier"": 1, ""score"": 3, ""matched"": ""Juventus"", ""raw"": ""Juventus""}","club_prestige_tier, market_size_proxy, signature_moment_flag are agent-inferred proxies per Requirements A.4, not sourced from post-hoc narrative articles (to avoid leakage per Key Focus Area §3)","heuristic based on trophy winners (UCL, World Cup, Euros, Copa) + club prestige tier list operationalized from UEFA coefficient / revenue"
1993,1993,Sergei Kiriakov,Karlsruher SC,Russia,3,1,1,0,,"{""tier"": 3, ""score"": 1, ""matched"": ""other"", ""raw"": ""Karlsruher SC""}","club_prestige_tier, market_size_proxy, signature_moment_flag are agent-inferred proxies per Requirements A.4, not sourced from post-hoc narrative articles (to avoid leakage per Key Focus Area §3)","heuristic based on trophy winners (UCL, World Cup, Euros, Copa) + club prestige tier list operationalized from UEFA coefficient / revenue"
1993,1993,David Platt,Sampdoria,England,3,1,1,0,,"{""tier"": 3, ""score"": 1, ""matched"": ""other"", ""raw"": ""Sampdoria""}","club_prestige_tier, market_size_proxy, signature_moment_flag are agent-inferred proxies per Requirements A.4, not sourced from post-hoc narrative articles (to avoid leakage per Key Focus Area §3)","heuristic based on trophy winners (UCL, World Cup, Euros, Copa) + club prestige tier list operationalized from UEFA coefficient / revenue"
1993,1993,Franck Sauzée,Atalanta,France,2,2,2,0,,"{""tier"": 2, ""score"": 2, ""matched"": ""Atalanta"", ""raw"": ""Atalanta""}","club_prestige_tier, market_size_proxy, signature_moment_flag are agent-inferred proxies per Requirements A.4, not sourced from post-hoc narrative articles (to avoid leakage per Key Focus Area §3)","heuristic based on trophy winners (UCL, World Cup, Euros, Copa) + club prestige tier list operationalized from UEFA coefficient / revenue"
1993,1993,Giuseppe Signori,Lazio,Italy,2,2,2,0,,"{""tier"": 2, ""score"": 2, ""matched"": ""Lazio"", ""raw"": ""Lazio""}","club_prestige_tier, market_size_proxy, signature_moment_flag are agent-inferred proxies per Requirements A.4, not sourced from post-hoc narrative articles (to avoid leakage per Key Focus Area §3)","heuristic based on trophy winners (UCL, World Cup, Euros, Copa) + club prestige tier list operationalized from UEFA coefficient / revenue"
1993,1993,Tomas Brolin,Parma,Sweden,3,1,1,0,,"{""tier"": 3, ""score"": 1, ""matched"": ""other"", ""raw"": ""Parma""}","club_prestige_tier, market_size_proxy, signature_moment_flag are agent-inferred proxies per Requirements A.4, not sourced from post-hoc narrative articles (to avoid leakage per Key Focus Area §3)","heuristic based on trophy winners (UCL, World Cup, Euros, Copa) + club prestige tier list operationalized from UEFA coefficient / revenue"
1993,1993,Martin Dahlin,Borussia Mönchengladbach,Sweden,2,2,2,0,,"{""tier"": 2, ""score"": 2, ""matched"": ""Borussia M\u00f6nchengladbach"", ""raw"": ""Borussia M\u00f6nchengladbach""}","club_prestige_tier, market_size_proxy, signature_moment_flag are agent-inferred proxies per Requirements A.4, not sourced from post-hoc narrative articles (to avoid leakage per Key Focus Area §3)","heuristic based on trophy winners (UCL, World Cup, Euros, Copa) + club prestige tier list operationalized from UEFA coefficient / revenue"
1993,1993,Georges Grün,Parma,Belgium,3,1,1,0,,"{""tier"": 3, ""score"": 1, ""matched"": ""other"", ""raw"": ""Parma""}","club_prestige_tier, market_size_proxy, signature_moment_flag are agent-inferred proxies per Requirements A.4, not sourced from post-hoc narrative articles (to avoid leakage per Key Focus Area §3)","heuristic based on trophy winners (UCL, World Cup, Euros, Copa) + club prestige tier list operationalized from UEFA coefficient / revenue"
1993,1993,Stelios Manolas,AEK Athens,Greece,3,1,1,0,,"{""tier"": 3, ""score"": 1, ""matched"": ""other"", ""raw"": ""AEK Athens""}","club_prestige_tier, market_size_proxy, signature_moment_flag are agent-inferred proxies per Requirements A.4, not sourced from post-hoc narrative articles (to avoid leakage per Key Focus Area §3)","heuristic based on trophy winners (UCL, World Cup, Euros, Copa) + club prestige tier list operationalized from UEFA coefficient / revenue"
1993,1993,Paul McGrath,Aston Villa,Republic of Ireland,2,2,2,0,,"{""tier"": 2, ""score"": 2, ""matched"": ""Aston Villa"", ""raw"": ""Aston Villa""}","club_prestige_tier, market_size_proxy, signature_moment_flag are agent-inferred proxies per Requirements A.4, not sourced from post-hoc narrative articles (to avoid leakage per Key Focus Area §3)","heuristic based on trophy winners (UCL, World Cup, Euros, Copa) + club prestige tier list operationalized from UEFA coefficient / revenue"
1994,1994,Hristo Stoichkov,Barcelona,Bulgaria,1,3,3,0,,"{""tier"": 1, ""score"": 3, ""matched"": ""Barcelona"", ""raw"": ""Barcelona""}","club_prestige_tier, market_size_proxy, signature_moment_flag are agent-inferred proxies per Requirements A.4, not sourced from post-hoc narrative articles (to avoid leakage per Key Focus Area §3)","heuristic based on trophy winners (UCL, World Cup, Euros, Copa) + club prestige tier list operationalized from UEFA coefficient / revenue"
1994,1994,Roberto Baggio,Juventus,Italy,1,3,3,0,,"{""tier"": 1, ""score"": 3, ""matched"": ""Juventus"", ""raw"": ""Juventus""}","club_prestige_tier, market_size_proxy, signature_moment_flag are agent-inferred proxies per Requirements A.4, not sourced from post-hoc narrative articles (to avoid leakage per Key Focus Area §3)","heuristic based on trophy winners (UCL, World Cup, Euros, Copa) + club prestige tier list operationalized from UEFA coefficient / revenue"
1994,1994,Paolo Maldini,Milan,Italy,1,3,3,0,,"{""tier"": 1, ""score"": 3, ""matched"": ""Milan"", ""raw"": ""Milan""}","club_prestige_tier, market_size_proxy, signature_moment_flag are agent-inferred proxies per Requirements A.4, not sourced from post-hoc narrative articles (to avoid leakage per Key Focus Area §3)","heuristic based on trophy winners (UCL, World Cup, Euros, Copa) + club prestige tier list operationalized from UEFA coefficient / revenue"
1994,1994,Gheorghe Hagi,Barcelona,Romania,1,3,3,0,,"{""tier"": 1, ""score"": 3, ""matched"": ""Barcelona"", ""raw"": ""Barcelona""}","club_prestige_tier, market_size_proxy, signature_moment_flag are agent-inferred proxies per Requirements A.4, not sourced from post-hoc narrative articles (to avoid leakage per Key Focus Area §3)","heuristic based on trophy winners (UCL, World Cup, Euros, Copa) + club prestige tier list operationalized from UEFA coefficient / revenue"
1994,1994,Tomas Brolin,Parma,Sweden,3,1,1,0,,"{""tier"": 3, ""score"": 1, ""matched"": ""other"", ""raw"": ""Parma""}","club_prestige_tier, market_size_proxy, signature_moment_flag are agent-inferred proxies per Requirements A.4, not sourced from post-hoc narrative articles (to avoid leakage per Key Focus Area §3)","heuristic based on trophy winners (UCL, World Cup, Euros, Copa) + club prestige tier list operationalized from UEFA coefficient / revenue"
1994,1994,Jürgen Klinsmann,Tottenham Hotspur,Germany,2,2,2,0,,"{""tier"": 2, ""score"": 2, ""matched"": ""Tottenham Hotspur"", ""raw"": ""Tottenham Hotspur""}","club_prestige_tier, market_size_proxy, signature_moment_flag are agent-inferred proxies per Requirements A.4, not sourced from post-hoc narrative articles (to avoid leakage per Key Focus Area §3)","heuristic based on trophy winners (UCL, World Cup, Euros, Copa) + club prestige tier list operationalized from UEFA coefficient / revenue"
1994,1994,Thomas Ravelli,IFK Göteborg,Sweden,3,1,1,0,,"{""tier"": 3, ""score"": 1, ""matched"": ""other"", ""raw"": ""IFK G\u00f6teborg""}","club_prestige_tier, market_size_proxy, signature_moment_flag are agent-inferred proxies per Requirements A.4, not sourced from post-hoc narrative articles (to avoid leakage per Key Focus Area §3)","heuristic based on trophy winners (UCL, World Cup, Euros, Copa) + club prestige tier list operationalized from UEFA coefficient / revenue"
1994,1994,Jari Litmanen,Ajax,Finland,2,2,2,1,UCL winner 1994 club Ajax matches player's club Ajax,"{""tier"": 2, ""score"": 2, ""matched"": ""Ajax"", ""raw"": ""Ajax""}","club_prestige_tier, market_size_proxy, signature_moment_flag are agent-inferred proxies per Requirements A.4, not sourced from post-hoc narrative articles (to avoid leakage per Key Focus Area §3)","heuristic based on trophy winners (UCL, World Cup, Euros, Copa) + club prestige tier list operationalized from UEFA coefficient / revenue"
1994,1994,Marcel Desailly,Milan,France,1,3,3,0,,"{""tier"": 1, ""score"": 3, ""matched"": ""Milan"", ""raw"": ""Milan""}","club_prestige_tier, market_size_proxy, signature_moment_flag are agent-inferred proxies per Requirements A.4, not sourced from post-hoc narrative articles (to avoid leakage per Key Focus Area §3)","heuristic based on trophy winners (UCL, World Cup, Euros, Copa) + club prestige tier list operationalized from UEFA coefficient / revenue"
1994,1994,Dejan Savićević,Milan,FR Yugoslavia,1,3,3,0,,"{""tier"": 1, ""score"": 3, ""matched"": ""Milan"", ""raw"": ""Milan""}","club_prestige_tier, market_size_proxy, signature_moment_flag are agent-inferred proxies per Requirements A.4, not sourced from post-hoc narrative articles (to avoid leakage per Key Focus Area §3)","heuristic based on trophy winners (UCL, World Cup, Euros, Copa) + club prestige tier list operationalized from UEFA coefficient / revenue"
1994,1994,Franco Baresi,Milan,Italy,1,3,3,0,,"{""tier"": 1, ""score"": 3, ""matched"": ""Milan"", ""raw"": ""Milan""}","club_prestige_tier, market_size_proxy, signature_moment_flag are agent-inferred proxies per Requirements A.4, not sourced from post-hoc narrative articles (to avoid leakage per Key Focus Area §3)","heuristic based on trophy winners (UCL, World Cup, Euros, Copa) + club prestige tier list operationalized from UEFA coefficient / revenue"
1994,1994,Michel Preud'homme,Benfica,Belgium,2,2,2,0,,"{""tier"": 2, ""score"": 2, ""matched"": ""Benfica"", ""raw"": ""Benfica""}","club_prestige_tier, market_size_proxy, signature_moment_flag are agent-inferred proxies per Requirements A.4, not sourced from post-hoc narrative articles (to avoid leakage per Key Focus Area §3)","heuristic based on trophy winners (UCL, World Cup, Euros, Copa) + club prestige tier list operationalized from UEFA coefficient / revenue"
1994,1994,Michael Laudrup,Real Madrid,Denmark,1,3,3,0,,"{""tier"": 1, ""score"": 3, ""matched"": ""Real Madrid"", ""raw"": ""Real Madrid""}","club_prestige_tier, market_size_proxy, signature_moment_flag are agent-inferred proxies per Requirements A.4, not sourced from post-hoc narrative articles (to avoid leakage per Key Focus Area §3)","heuristic based on trophy winners (UCL, World Cup, Euros, Copa) + club prestige tier list operationalized from UEFA coefficient / revenue"
1994,1994,Yordan Letchkov,Hamburger SV,Bulgaria,2,2,2,0,,"{""tier"": 2, ""score"": 2, ""matched"": ""Hamburger SV"", ""raw"": ""Hamburger SV""}","club_prestige_tier, market_size_proxy, signature_moment_flag are agent-inferred proxies per Requirements A.4, not sourced from post-hoc narrative articles (to avoid leakage per Key Focus Area §3)","heuristic based on trophy winners (UCL, World Cup, Euros, Copa) + club prestige tier list operationalized from UEFA coefficient / revenue"
1994,1994,Eric Cantona,Manchester United,France,1,3,3,0,,"{""tier"": 1, ""score"": 3, ""matched"": ""Manchester United"", ""raw"": ""Manchester United""}","club_prestige_tier, market_size_proxy, signature_moment_flag are agent-inferred proxies per Requirements A.4, not sourced from post-hoc narrative articles (to avoid leakage per Key Focus Area §3)","heuristic based on trophy winners (UCL, World Cup, Euros, Copa) + club prestige tier list operationalized from UEFA coefficient / revenue"
1994,1994,Krasimir Balakov,Sporting CP,Bulgaria,2,2,2,0,,"{""tier"": 2, ""score"": 2, ""matched"": ""Sporting"", ""raw"": ""Sporting CP""}","club_prestige_tier, market_size_proxy, signature_moment_flag are agent-inferred proxies per Requirements A.4, not sourced from post-hoc narrative articles (to avoid leakage per Key Focus Area §3)","heuristic based on trophy winners (UCL, World Cup, Euros, Copa) + club prestige tier list operationalized from UEFA coefficient / revenue"
1994,1994,José Luis Caminero,Atlético Madrid,Spain,2,2,2,0,,"{""tier"": 2, ""score"": 2, ""matched"": ""Atl\u00e9tico Madrid"", ""raw"": ""Atl\u00e9tico Madrid""}","club_prestige_tier, market_size_proxy, signature_moment_flag are agent-inferred proxies per Requirements A.4, not sourced from post-hoc narrative articles (to avoid leakage per Key Focus Area §3)","heuristic based on trophy winners (UCL, World Cup, Euros, Copa) + club prestige tier list operationalized from UEFA coefficient / revenue"
1994,1994,Jean-Pierre Papin,Bayern Munich,France,1,3,3,0,,"{""tier"": 1, ""score"": 3, ""matched"": ""Bayern Munich"", ""raw"": ""Bayern Munich""}","club_prestige_tier, market_size_proxy, signature_moment_flag are agent-inferred proxies per Requirements A.4, not sourced from post-hoc narrative articles (to avoid leakage per Key Focus Area §3)","heuristic based on trophy winners (UCL, World Cup, Euros, Copa) + club prestige tier list operationalized from UEFA coefficient / revenue"
1994,1994,Giuseppe Signori,Lazio,Italy,2,2,2,0,,"{""tier"": 2, ""score"": 2, ""matched"": ""Lazio"", ""raw"": ""Lazio""}","club_prestige_tier, market_size_proxy, signature_moment_flag are agent-inferred proxies per Requirements A.4, not sourced from post-hoc narrative articles (to avoid leakage per Key Focus Area §3)","heuristic based on trophy winners (UCL, World Cup, Euros, Copa) + club prestige tier list operationalized from UEFA coefficient / revenue"
1994,1994,Lothar Matthäus,Bayern Munich,Germany,1,3,3,0,,"{""tier"": 1, ""score"": 3, ""matched"": ""Bayern Munich"", ""raw"": ""Bayern Munich""}","club_prestige_tier, market_size_proxy, signature_moment_flag are agent-inferred proxies per Requirements A.4, not sourced from post-hoc narrative articles (to avoid leakage per Key Focus Area §3)","heuristic based on trophy winners (UCL, World Cup, Euros, Copa) + club prestige tier list operationalized from UEFA coefficient / revenue"
1994,1994,Philippe Albert,Newcastle United,Belgium,2,2,2,0,,"{""tier"": 2, ""score"": 2, ""matched"": ""Newcastle"", ""raw"": ""Newcastle United""}","club_prestige_tier, market_size_proxy, signature_moment_flag are agent-inferred proxies per Requirements A.4, not sourced from post-hoc narrative articles (to avoid leakage per Key Focus Area §3)","heuristic based on trophy winners (UCL, World Cup, Euros, Copa) + club prestige tier list operationalized from UEFA coefficient / revenue"
1994,1994,Otto Konrad,Austria Salzburg,Austria,3,1,1,0,,"{""tier"": 3, ""score"": 1, ""matched"": ""other"", ""raw"": ""Austria Salzburg""}","club_prestige_tier, market_size_proxy, signature_moment_flag are agent-inferred proxies per Requirements A.4, not sourced from post-hoc narrative articles (to avoid leakage per Key Focus Area §3)","heuristic based on trophy winners (UCL, World Cup, Euros, Copa) + club prestige tier list operationalized from UEFA coefficient / revenue"
1994,1994,Ciriaco Sforza,Kaiserslautern,Switzerland,3,1,1,0,,"{""tier"": 3, ""score"": 1, ""matched"": ""other"", ""raw"": ""Kaiserslautern""}","club_prestige_tier, market_size_proxy, signature_moment_flag are agent-inferred proxies per Requirements A.4, not sourced from post-hoc narrative articles (to avoid leakage per Key Focus Area §3)","heuristic based on trophy winners (UCL, World Cup, Euros, Copa) + club prestige tier list operationalized from UEFA coefficient / revenue"
1994,1994,Kennet Andersson,Caen,Sweden,3,1,1,0,,"{""tier"": 3, ""score"": 1, ""matched"": ""other"", ""raw"": ""Caen""}","club_prestige_tier, market_size_proxy, signature_moment_flag are agent-inferred proxies per Requirements A.4, not sourced from post-hoc narrative articles (to avoid leakage per Key Focus Area §3)","heuristic based on trophy winners (UCL, World Cup, Euros, Copa) + club prestige tier list operationalized from UEFA coefficient / revenue"
1994,1994,Zvonimir Boban,Milan,Croatia,1,3,3,0,,"{""tier"": 1, ""score"": 3, ""matched"": ""Milan"", ""raw"": ""Milan""}","club_prestige_tier, market_size_proxy, signature_moment_flag are agent-inferred proxies per Requirements A.4, not sourced from post-hoc narrative articles (to avoid leakage per Key Focus Area §3)","heuristic based on trophy winners (UCL, World Cup, Euros, Copa) + club prestige tier list operationalized from UEFA coefficient / revenue"
1994,1994,Martin Dahlin,Borussia Mönchengladbach,Sweden,2,2,2,0,,"{""tier"": 2, ""score"": 2, ""matched"": ""Borussia M\u00f6nchengladbach"", ""raw"": ""Borussia M\u00f6nchengladbach""}","club_prestige_tier, market_size_proxy, signature_moment_flag are agent-inferred proxies per Requirements A.4, not sourced from post-hoc narrative articles (to avoid leakage per Key Focus Area §3)","heuristic based on trophy winners (UCL, World Cup, Euros, Copa) + club prestige tier list operationalized from UEFA coefficient / revenue"
1994,1994,Pep Guardiola,Barcelona,Spain,1,3,3,0,,"{""tier"": 1, ""score"": 3, ""matched"": ""Barcelona"", ""raw"": ""Barcelona""}","club_prestige_tier, market_size_proxy, signature_moment_flag are agent-inferred proxies per Requirements A.4, not sourced from post-hoc narrative articles (to avoid leakage per Key Focus Area §3)","heuristic based on trophy winners (UCL, World Cup, Euros, Copa) + club prestige tier list operationalized from UEFA coefficient / revenue"
1994,1994,Andreas Möller,Borussia Dortmund,Germany,2,2,2,0,,"{""tier"": 2, ""score"": 2, ""matched"": ""Dortmund"", ""raw"": ""Borussia Dortmund""}","club_prestige_tier, market_size_proxy, signature_moment_flag are agent-inferred proxies per Requirements A.4, not sourced from post-hoc narrative articles (to avoid leakage per Key Focus Area §3)","heuristic based on trophy winners (UCL, World Cup, Euros, Copa) + club prestige tier list operationalized from UEFA coefficient / revenue"
1995,1995,George Weah,Paris Saint-Germain Milan,Liberia,1,3,3,0,,"{""tier"": 1, ""score"": 3, ""matched"": ""Paris Saint-Germain"", ""raw"": ""Paris Saint-Germain Milan""}","club_prestige_tier, market_size_proxy, signature_moment_flag are agent-inferred proxies per Requirements A.4, not sourced from post-hoc narrative articles (to avoid leakage per Key Focus Area §3)","heuristic based on trophy winners (UCL, World Cup, Euros, Copa) + club prestige tier list operationalized from UEFA coefficient / revenue"
1995,1995,Jürgen Klinsmann,Tottenham Hotspur Bayern Munich,Germany,1,3,3,0,,"{""tier"": 1, ""score"": 3, ""matched"": ""Bayern Munich"", ""raw"": ""Tottenham Hotspur Bayern Munich""}","club_prestige_tier, market_size_proxy, signature_moment_flag are agent-inferred proxies per Requirements A.4, not sourced from post-hoc narrative articles (to avoid leakage per Key Focus Area §3)","heuristic based on trophy winners (UCL, World Cup, Euros, Copa) + club prestige tier list operationalized from UEFA coefficient / revenue"
1995,1995,Jari Litmanen,Ajax,Finland,2,2,2,0,,"{""tier"": 2, ""score"": 2, ""matched"": ""Ajax"", ""raw"": ""Ajax""}","club_prestige_tier, market_size_proxy, signature_moment_flag are agent-inferred proxies per Requirements A.4, not sourced from post-hoc narrative articles (to avoid leakage per Key Focus Area §3)","heuristic based on trophy winners (UCL, World Cup, Euros, Copa) + club prestige tier list operationalized from UEFA coefficient / revenue"
1995,1995,Alessandro Del Piero,Juventus,Italy,1,3,3,1,UCL winner 1995 club Juventus matches player's club Juventus,"{""tier"": 1, ""score"": 3, ""matched"": ""Juventus"", ""raw"": ""Juventus""}","club_prestige_tier, market_size_proxy, signature_moment_flag are agent-inferred proxies per Requirements A.4, not sourced from post-hoc narrative articles (to avoid leakage per Key Focus Area §3)","heuristic based on trophy winners (UCL, World Cup, Euros, Copa) + club prestige tier list operationalized from UEFA coefficient / revenue"
1995,1995,Patrick Kluivert,Ajax,Netherlands,2,2,2,0,,"{""tier"": 2, ""score"": 2, ""matched"": ""Ajax"", ""raw"": ""Ajax""}","club_prestige_tier, market_size_proxy, signature_moment_flag are agent-inferred proxies per Requirements A.4, not sourced from post-hoc narrative articles (to avoid leakage per Key Focus Area §3)","heuristic based on trophy winners (UCL, World Cup, Euros, Copa) + club prestige tier list operationalized from UEFA coefficient / revenue"
1995,1995,Gianfranco Zola,Parma,Italy,3,1,1,0,,"{""tier"": 3, ""score"": 1, ""matched"": ""other"", ""raw"": ""Parma""}","club_prestige_tier, market_size_proxy, signature_moment_flag are agent-inferred proxies per Requirements A.4, not sourced from post-hoc narrative articles (to avoid leakage per Key Focus Area §3)","heuristic based on trophy winners (UCL, World Cup, Euros, Copa) + club prestige tier list operationalized from UEFA coefficient / revenue"
1995,1995,Paolo Maldini,Milan,Italy,1,3,3,0,,"{""tier"": 1, ""score"": 3, ""matched"": ""Milan"", ""raw"": ""Milan""}","club_prestige_tier, market_size_proxy, signature_moment_flag are agent-inferred proxies per Requirements A.4, not sourced from post-hoc narrative articles (to avoid leakage per Key Focus Area §3)","heuristic based on trophy winners (UCL, World Cup, Euros, Copa) + club prestige tier list operationalized from UEFA coefficient / revenue"
1995,1995,Marc Overmars,Ajax,Netherlands,2,2,2,0,,"{""tier"": 2, ""score"": 2, ""matched"": ""Ajax"", ""raw"": ""Ajax""}","club_prestige_tier, market_size_proxy, signature_moment_flag are agent-inferred proxies per Requirements A.4, not sourced from post-hoc narrative articles (to avoid leakage per Key Focus Area §3)","heuristic based on trophy winners (UCL, World Cup, Euros, Copa) + club prestige tier list operationalized from UEFA coefficient / revenue"
1995,1995,Matthias Sammer,Borussia Dortmund,Germany,2,2,2,0,,"{""tier"": 2, ""score"": 2, ""matched"": ""Dortmund"", ""raw"": ""Borussia Dortmund""}","club_prestige_tier, market_size_proxy, signature_moment_flag are agent-inferred proxies per Requirements A.4, not sourced from post-hoc narrative articles (to avoid leakage per Key Focus Area §3)","heuristic based on trophy winners (UCL, World Cup, Euros, Copa) + club prestige tier list operationalized from UEFA coefficient / revenue"
1995,1995,Michael Laudrup,Real Madrid,Denmark,1,3,3,0,,"{""tier"": 1, ""score"": 3, ""matched"": ""Real Madrid"", ""raw"": ""Real Madrid""}","club_prestige_tier, market_size_proxy, signature_moment_flag are agent-inferred proxies per Requirements A.4, not sourced from post-hoc narrative articles (to avoid leakage per Key Focus Area §3)","heuristic based on trophy winners (UCL, World Cup, Euros, Copa) + club prestige tier list operationalized from UEFA coefficient / revenue"
1995,1995,Marcel Desailly,Milan,France,1,3,3,0,,"{""tier"": 1, ""score"": 3, ""matched"": ""Milan"", ""raw"": ""Milan""}","club_prestige_tier, market_size_proxy, signature_moment_flag are agent-inferred proxies per Requirements A.4, not sourced from post-hoc narrative articles (to avoid leakage per Key Focus Area §3)","heuristic based on trophy winners (UCL, World Cup, Euros, Copa) + club prestige tier list operationalized from UEFA coefficient / revenue"
1995,1995,Frank Rijkaard,Ajax,Netherlands,2,2,2,0,,"{""tier"": 2, ""score"": 2, ""matched"": ""Ajax"", ""raw"": ""Ajax""}","club_prestige_tier, market_size_proxy, signature_moment_flag are agent-inferred proxies per Requirements A.4, not sourced from post-hoc narrative articles (to avoid leakage per Key Focus Area §3)","heuristic based on trophy winners (UCL, World Cup, Euros, Copa) + club prestige tier list operationalized from UEFA coefficient / revenue"
1995,1995,Fabrizio Ravanelli,Juventus,Italy,1,3,3,1,UCL winner 1995 club Juventus matches player's club Juventus,"{""tier"": 1, ""score"": 3, ""matched"": ""Juventus"", ""raw"": ""Juventus""}","club_prestige_tier, market_size_proxy, signature_moment_flag are agent-inferred proxies per Requirements A.4, not sourced from post-hoc narrative articles (to avoid leakage per Key Focus Area §3)","heuristic based on trophy winners (UCL, World Cup, Euros, Copa) + club prestige tier list operationalized from UEFA coefficient / revenue"
1995,1995,Paulo Sousa,Juventus,Portugal,1,3,3,1,UCL winner 1995 club Juventus matches player's club Juventus,"{""tier"": 1, ""score"": 3, ""matched"": ""Juventus"", ""raw"": ""Juventus""}","club_prestige_tier, market_size_proxy, signature_moment_flag are agent-inferred proxies per Requirements A.4, not sourced from post-hoc narrative articles (to avoid leakage per Key Focus Area §3)","heuristic based on trophy winners (UCL, World Cup, Euros, Copa) + club prestige tier list operationalized from UEFA coefficient / revenue"
1995,1995,Hristo Stoichkov,Parma,Bulgaria,3,1,1,0,,"{""tier"": 3, ""score"": 1, ""matched"": ""other"", ""raw"": ""Parma""}","club_prestige_tier, market_size_proxy, signature_moment_flag are agent-inferred proxies per Requirements A.4, not sourced from post-hoc narrative articles (to avoid leakage per Key Focus Area §3)","heuristic based on trophy winners (UCL, World Cup, Euros, Copa) + club prestige tier list operationalized from UEFA coefficient / revenue"
1995,1995,Dejan Savićević,Milan,Yugoslavia,1,3,3,0,,"{""tier"": 1, ""score"": 3, ""matched"": ""Milan"", ""raw"": ""Milan""}","club_prestige_tier, market_size_proxy, signature_moment_flag are agent-inferred proxies per Requirements A.4, not sourced from post-hoc narrative articles (to avoid leakage per Key Focus Area §3)","heuristic based on trophy winners (UCL, World Cup, Euros, Copa) + club prestige tier list operationalized from UEFA coefficient / revenue"
1995,1995,Davor Šuker,Sevilla,Croatia,2,2,2,0,,"{""tier"": 2, ""score"": 2, ""matched"": ""Sevilla"", ""raw"": ""Sevilla""}","club_prestige_tier, market_size_proxy, signature_moment_flag are agent-inferred proxies per Requirements A.4, not sourced from post-hoc narrative articles (to avoid leakage per Key Focus Area §3)","heuristic based on trophy winners (UCL, World Cup, Euros, Copa) + club prestige tier list operationalized from UEFA coefficient / revenue"
1995,1995,Fernando Hierro,Real Madrid,Spain,1,3,3,0,,"{""tier"": 1, ""score"": 3, ""matched"": ""Real Madrid"", ""raw"": ""Real Madrid""}","club_prestige_tier, market_size_proxy, signature_moment_flag are agent-inferred proxies per Requirements A.4, not sourced from post-hoc narrative articles (to avoid leakage per Key Focus Area §3)","heuristic based on trophy winners (UCL, World Cup, Euros, Copa) + club prestige tier list operationalized from UEFA coefficient / revenue"
1995,1995,Gianluca Vialli,Juventus,Italy,1,3,3,1,UCL winner 1995 club Juventus matches player's club Juventus,"{""tier"": 1, ""score"": 3, ""matched"": ""Juventus"", ""raw"": ""Juventus""}","club_prestige_tier, market_size_proxy, signature_moment_flag are agent-inferred proxies per Requirements A.4, not sourced from post-hoc narrative articles (to avoid leakage per Key Focus Area §3)","heuristic based on trophy winners (UCL, World Cup, Euros, Copa) + club prestige tier list operationalized from UEFA coefficient / revenue"
1995,1995,Gabriel Batistuta,Fiorentina,Argentina,2,2,2,0,,"{""tier"": 2, ""score"": 2, ""matched"": ""Fiorentina"", ""raw"": ""Fiorentina""}","club_prestige_tier, market_size_proxy, signature_moment_flag are agent-inferred proxies per Requirements A.4, not sourced from post-hoc narrative articles (to avoid leakage per Key Focus Area §3)","heuristic based on trophy winners (UCL, World Cup, Euros, Copa) + club prestige tier list operationalized from UEFA coefficient / revenue"
1995,1995,Franco Baresi,Milan,Italy,1,3,3,0,,"{""tier"": 1, ""score"": 3, ""matched"": ""Milan"", ""raw"": ""Milan""}","club_prestige_tier, market_size_proxy, signature_moment_flag are agent-inferred proxies per Requirements A.4, not sourced from post-hoc narrative articles (to avoid leakage per Key Focus Area §3)","heuristic based on trophy winners (UCL, World Cup, Euros, Copa) + club prestige tier list operationalized from UEFA coefficient / revenue"
1995,1995,Finidi George,Ajax,Nigeria,2,2,2,0,,"{""tier"": 2, ""score"": 2, ""matched"": ""Ajax"", ""raw"": ""Ajax""}","club_prestige_tier, market_size_proxy, signature_moment_flag are agent-inferred proxies per Requirements A.4, not sourced from post-hoc narrative articles (to avoid leakage per Key Focus Area §3)","heuristic based on trophy winners (UCL, World Cup, Euros, Copa) + club prestige tier list operationalized from UEFA coefficient / revenue"
1995,1995,Roberto Baggio,Juventus,Italy,1,3,3,1,UCL winner 1995 club Juventus matches player's club Juventus,"{""tier"": 1, ""score"": 3, ""matched"": ""Juventus"", ""raw"": ""Juventus""}","club_prestige_tier, market_size_proxy, signature_moment_flag are agent-inferred proxies per Requirements A.4, not sourced from post-hoc narrative articles (to avoid leakage per Key Focus Area §3)","heuristic based on trophy winners (UCL, World Cup, Euros, Copa) + club prestige tier list operationalized from UEFA coefficient / revenue"
1995,1995,Tony Yeboah,Leeds United,Ghana,2,2,2,0,,"{""tier"": 2, ""score"": 2, ""matched"": ""Leeds United"", ""raw"": ""Leeds United""}","club_prestige_tier, market_size_proxy, signature_moment_flag are agent-inferred proxies per Requirements A.4, not sourced from post-hoc narrative articles (to avoid leakage per Key Focus Area §3)","heuristic based on trophy winners (UCL, World Cup, Euros, Copa) + club prestige tier list operationalized from UEFA coefficient / revenue"
1995,1995,Zvonimir Boban,Milan,Croatia,1,3,3,0,,"{""tier"": 1, ""score"": 3, ""matched"": ""Milan"", ""raw"": ""Milan""}","club_prestige_tier, market_size_proxy, signature_moment_flag are agent-inferred proxies per Requirements A.4, not sourced from post-hoc narrative articles (to avoid leakage per Key Focus Area §3)","heuristic based on trophy winners (UCL, World Cup, Euros, Copa) + club prestige tier list operationalized from UEFA coefficient / revenue"
1995,1995,Ronaldo,PSV Eindhoven,Brazil,3,1,1,0,,"{""tier"": 3, ""score"": 1, ""matched"": ""other"", ""raw"": ""PSV Eindhoven""}","club_prestige_tier, market_size_proxy, signature_moment_flag are agent-inferred proxies per Requirements A.4, not sourced from post-hoc narrative articles (to avoid leakage per Key Focus Area §3)","heuristic based on trophy winners (UCL, World Cup, Euros, Copa) + club prestige tier list operationalized from UEFA coefficient / revenue"
1995,1995,Juan Esnáider,Zaragoza Real Madrid,Argentina,1,3,3,0,,"{""tier"": 1, ""score"": 3, ""matched"": ""Real Madrid"", ""raw"": ""Zaragoza Real Madrid""}","club_prestige_tier, market_size_proxy, signature_moment_flag are agent-inferred proxies per Requirements A.4, not sourced from post-hoc narrative articles (to avoid leakage per Key Focus Area §3)","heuristic based on trophy winners (UCL, World Cup, Euros, Copa) + club prestige tier list operationalized from UEFA coefficient / revenue"
1995,1995,Iván Zamorano,Real Madrid,Chile,1,3,3,0,,"{""tier"": 1, ""score"": 3, ""matched"": ""Real Madrid"", ""raw"": ""Real Madrid""}","club_prestige_tier, market_size_proxy, signature_moment_flag are agent-inferred proxies per Requirements A.4, not sourced from post-hoc narrative articles (to avoid leakage per Key Focus Area §3)","heuristic based on trophy winners (UCL, World Cup, Euros, Copa) + club prestige tier list operationalized from UEFA coefficient / revenue"
1995,1995,Andreas Möller,Borussia Dortmund,Germany,2,2,2,0,,"{""tier"": 2, ""score"": 2, ""matched"": ""Dortmund"", ""raw"": ""Borussia Dortmund""}","club_prestige_tier, market_size_proxy, signature_moment_flag are agent-inferred proxies per Requirements A.4, not sourced from post-hoc narrative articles (to avoid leakage per Key Focus Area §3)","heuristic based on trophy winners (UCL, World Cup, Euros, Copa) + club prestige tier list operationalized from UEFA coefficient / revenue"
1995,1995,Vítor Baía,Porto,Portugal,2,2,2,0,,"{""tier"": 2, ""score"": 2, ""matched"": ""Porto"", ""raw"": ""Porto""}","club_prestige_tier, market_size_proxy, signature_moment_flag are agent-inferred proxies per Requirements A.4, not sourced from post-hoc narrative articles (to avoid leakage per Key Focus Area §3)","heuristic based on trophy winners (UCL, World Cup, Euros, Copa) + club prestige tier list operationalized from UEFA coefficient / revenue"
1995,1995,Bebeto,Deportivo La Coruña,Brazil,3,1,1,0,,"{""tier"": 3, ""score"": 1, ""matched"": ""other"", ""raw"": ""Deportivo La Coru\u00f1a""}","club_prestige_tier, market_size_proxy, signature_moment_flag are agent-inferred proxies per Requirements A.4, not sourced from post-hoc narrative articles (to avoid leakage per Key Focus Area §3)","heuristic based on trophy winners (UCL, World Cup, Euros, Copa) + club prestige tier list operationalized from UEFA coefficient / revenue"
1995,1995,Alan Shearer,Blackburn Rovers,England,3,1,1,0,,"{""tier"": 3, ""score"": 1, ""matched"": ""other"", ""raw"": ""Blackburn Rovers""}","club_prestige_tier, market_size_proxy, signature_moment_flag are agent-inferred proxies per Requirements A.4, not sourced from post-hoc narrative articles (to avoid leakage per Key Focus Area §3)","heuristic based on trophy winners (UCL, World Cup, Euros, Copa) + club prestige tier list operationalized from UEFA coefficient / revenue"
1995,1995,Luís Figo,Barcelona,Portugal,1,3,3,0,,"{""tier"": 1, ""score"": 3, ""matched"": ""Barcelona"", ""raw"": ""Barcelona""}","club_prestige_tier, market_size_proxy, signature_moment_flag are agent-inferred proxies per Requirements A.4, not sourced from post-hoc narrative articles (to avoid leakage per Key Focus Area §3)","heuristic based on trophy winners (UCL, World Cup, Euros, Copa) + club prestige tier list operationalized from UEFA coefficient / revenue"
1995,1995,Ian Wright,Arsenal,England,2,2,2,0,,"{""tier"": 2, ""score"": 2, ""matched"": ""Arsenal"", ""raw"": ""Arsenal""}","club_prestige_tier, market_size_proxy, signature_moment_flag are agent-inferred proxies per Requirements A.4, not sourced from post-hoc narrative articles (to avoid leakage per Key Focus Area §3)","heuristic based on trophy winners (UCL, World Cup, Euros, Copa) + club prestige tier list operationalized from UEFA coefficient / revenue"
1996,1996,Matthias Sammer,Borussia Dortmund,Germany,2,2,2,1,UCL winner 1996 club Borussia Dortmund matches player's club Borussia Dortmund; Euros winner 1996 country Germany matches player's nation Germany,"{""tier"": 2, ""score"": 2, ""matched"": ""Dortmund"", ""raw"": ""Borussia Dortmund""}","club_prestige_tier, market_size_proxy, signature_moment_flag are agent-inferred proxies per Requirements A.4, not sourced from post-hoc narrative articles (to avoid leakage per Key Focus Area §3)","heuristic based on trophy winners (UCL, World Cup, Euros, Copa) + club prestige tier list operationalized from UEFA coefficient / revenue"
1996,1996,Ronaldo,PSV Eindhoven Barcelona,Brazil,1,3,3,0,,"{""tier"": 1, ""score"": 3, ""matched"": ""Barcelona"", ""raw"": ""PSV Eindhoven Barcelona""}","club_prestige_tier, market_size_proxy, signature_moment_flag are agent-inferred proxies per Requirements A.4, not sourced from post-hoc narrative articles (to avoid leakage per Key Focus Area §3)","heuristic based on trophy winners (UCL, World Cup, Euros, Copa) + club prestige tier list operationalized from UEFA coefficient / revenue"
1996,1996,Alan Shearer,Blackburn Rovers Newcastle United,England,2,2,2,0,,"{""tier"": 2, ""score"": 2, ""matched"": ""Newcastle"", ""raw"": ""Blackburn Rovers Newcastle United""}","club_prestige_tier, market_size_proxy, signature_moment_flag are agent-inferred proxies per Requirements A.4, not sourced from post-hoc narrative articles (to avoid leakage per Key Focus Area §3)","heuristic based on trophy winners (UCL, World Cup, Euros, Copa) + club prestige tier list operationalized from UEFA coefficient / revenue"
1996,1996,Alessandro Del Piero,Juventus,Italy,1,3,3,0,,"{""tier"": 1, ""score"": 3, ""matched"": ""Juventus"", ""raw"": ""Juventus""}","club_prestige_tier, market_size_proxy, signature_moment_flag are agent-inferred proxies per Requirements A.4, not sourced from post-hoc narrative articles (to avoid leakage per Key Focus Area §3)","heuristic based on trophy winners (UCL, World Cup, Euros, Copa) + club prestige tier list operationalized from UEFA coefficient / revenue"
1996,1996,Jürgen Klinsmann,Bayern Munich,Germany,1,3,3,1,Euros winner 1996 country Germany matches player's nation Germany,"{""tier"": 1, ""score"": 3, ""matched"": ""Bayern Munich"", ""raw"": ""Bayern Munich""}","club_prestige_tier, market_size_proxy, signature_moment_flag are agent-inferred proxies per Requirements A.4, not sourced from post-hoc narrative articles (to avoid leakage per Key Focus Area §3)","heuristic based on trophy winners (UCL, World Cup, Euros, Copa) + club prestige tier list operationalized from UEFA coefficient / revenue"
1996,1996,Davor Šuker,Real Madrid,Croatia,1,3,3,0,,"{""tier"": 1, ""score"": 3, ""matched"": ""Real Madrid"", ""raw"": ""Real Madrid""}","club_prestige_tier, market_size_proxy, signature_moment_flag are agent-inferred proxies per Requirements A.4, not sourced from post-hoc narrative articles (to avoid leakage per Key Focus Area §3)","heuristic based on trophy winners (UCL, World Cup, Euros, Copa) + club prestige tier list operationalized from UEFA coefficient / revenue"
1996,1996,Eric Cantona,Manchester United,France,1,3,3,0,,"{""tier"": 1, ""score"": 3, ""matched"": ""Manchester United"", ""raw"": ""Manchester United""}","club_prestige_tier, market_size_proxy, signature_moment_flag are agent-inferred proxies per Requirements A.4, not sourced from post-hoc narrative articles (to avoid leakage per Key Focus Area §3)","heuristic based on trophy winners (UCL, World Cup, Euros, Copa) + club prestige tier list operationalized from UEFA coefficient / revenue"
1996,1996,Marcel Desailly,Milan,France,1,3,3,0,,"{""tier"": 1, ""score"": 3, ""matched"": ""Milan"", ""raw"": ""Milan""}","club_prestige_tier, market_size_proxy, signature_moment_flag are agent-inferred proxies per Requirements A.4, not sourced from post-hoc narrative articles (to avoid leakage per Key Focus Area §3)","heuristic based on trophy winners (UCL, World Cup, Euros, Copa) + club prestige tier list operationalized from UEFA coefficient / revenue"
1996,1996,Youri Djorkaeff,Internazionale,France,1,3,3,0,,"{""tier"": 1, ""score"": 3, ""matched"": ""Internazionale"", ""raw"": ""Internazionale""}","club_prestige_tier, market_size_proxy, signature_moment_flag are agent-inferred proxies per Requirements A.4, not sourced from post-hoc narrative articles (to avoid leakage per Key Focus Area §3)","heuristic based on trophy winners (UCL, World Cup, Euros, Copa) + club prestige tier list operationalized from UEFA coefficient / revenue"
1996,1996,Karel Poborský,Slavia Prague Manchester United,Czech Republic,1,3,3,0,,"{""tier"": 1, ""score"": 3, ""matched"": ""Manchester United"", ""raw"": ""Slavia Prague Manchester United""}","club_prestige_tier, market_size_proxy, signature_moment_flag are agent-inferred proxies per Requirements A.4, not sourced from post-hoc narrative articles (to avoid leakage per Key Focus Area §3)","heuristic based on trophy winners (UCL, World Cup, Euros, Copa) + club prestige tier list operationalized from UEFA coefficient / revenue"
1996,1996,Nwankwo Kanu,Ajax Internazionale,Nigeria,1,3,3,0,,"{""tier"": 1, ""score"": 3, ""matched"": ""Internazionale"", ""raw"": ""Ajax Internazionale""}","club_prestige_tier, market_size_proxy, signature_moment_flag are agent-inferred proxies per Requirements A.4, not sourced from post-hoc narrative articles (to avoid leakage per Key Focus Area §3)","heuristic based on trophy winners (UCL, World Cup, Euros, Copa) + club prestige tier list operationalized from UEFA coefficient / revenue"
1996,1996,George Weah,Milan,Liberia,1,3,3,0,,"{""tier"": 1, ""score"": 3, ""matched"": ""Milan"", ""raw"": ""Milan""}","club_prestige_tier, market_size_proxy, signature_moment_flag are agent-inferred proxies per Requirements A.4, not sourced from post-hoc narrative articles (to avoid leakage per Key Focus Area §3)","heuristic based on trophy winners (UCL, World Cup, Euros, Copa) + club prestige tier list operationalized from UEFA coefficient / revenue"
1996,1996,Alen Bokšić,Juventus,Croatia,1,3,3,0,,"{""tier"": 1, ""score"": 3, ""matched"": ""Juventus"", ""raw"": ""Juventus""}","club_prestige_tier, market_size_proxy, signature_moment_flag are agent-inferred proxies per Requirements A.4, not sourced from post-hoc narrative articles (to avoid leakage per Key Focus Area §3)","heuristic based on trophy winners (UCL, World Cup, Euros, Copa) + club prestige tier list operationalized from UEFA coefficient / revenue"
1996,1996,Gabriel Batistuta,Fiorentina,Argentina,2,2,2,0,,"{""tier"": 2, ""score"": 2, ""matched"": ""Fiorentina"", ""raw"": ""Fiorentina""}","club_prestige_tier, market_size_proxy, signature_moment_flag are agent-inferred proxies per Requirements A.4, not sourced from post-hoc narrative articles (to avoid leakage per Key Focus Area §3)","heuristic based on trophy winners (UCL, World Cup, Euros, Copa) + club prestige tier list operationalized from UEFA coefficient / revenue"
1996,1996,Andreas Köpke,Marseille,Germany,2,2,2,1,Euros winner 1996 country Germany matches player's nation Germany,"{""tier"": 2, ""score"": 2, ""matched"": ""Marseille"", ""raw"": ""Marseille""}","club_prestige_tier, market_size_proxy, signature_moment_flag are agent-inferred proxies per Requirements A.4, not sourced from post-hoc narrative articles (to avoid leakage per Key Focus Area §3)","heuristic based on trophy winners (UCL, World Cup, Euros, Copa) + club prestige tier list operationalized from UEFA coefficient / revenue"
1996,1996,Fabrizio Ravanelli,Middlesbrough,Italy,3,1,1,0,,"{""tier"": 3, ""score"": 1, ""matched"": ""other"", ""raw"": ""Middlesbrough""}","club_prestige_tier, market_size_proxy, signature_moment_flag are agent-inferred proxies per Requirements A.4, not sourced from post-hoc narrative articles (to avoid leakage per Key Focus Area §3)","heuristic based on trophy winners (UCL, World Cup, Euros, Copa) + club prestige tier list operationalized from UEFA coefficient / revenue"
1996,1996,Predrag Mijatović,Real Madrid,Yugoslavia,1,3,3,0,,"{""tier"": 1, ""score"": 3, ""matched"": ""Real Madrid"", ""raw"": ""Real Madrid""}","club_prestige_tier, market_size_proxy, signature_moment_flag are agent-inferred proxies per Requirements A.4, not sourced from post-hoc narrative articles (to avoid leakage per Key Focus Area §3)","heuristic based on trophy winners (UCL, World Cup, Euros, Copa) + club prestige tier list operationalized from UEFA coefficient / revenue"
1996,1996,Didier Deschamps,Juventus,France,1,3,3,0,,"{""tier"": 1, ""score"": 3, ""matched"": ""Juventus"", ""raw"": ""Juventus""}","club_prestige_tier, market_size_proxy, signature_moment_flag are agent-inferred proxies per Requirements A.4, not sourced from post-hoc narrative articles (to avoid leakage per Key Focus Area §3)","heuristic based on trophy winners (UCL, World Cup, Euros, Copa) + club prestige tier list operationalized from UEFA coefficient / revenue"
1996,1996,Kubilay Türkyilmaz,Grasshopper,Switzerland,3,1,1,0,,"{""tier"": 3, ""score"": 1, ""matched"": ""other"", ""raw"": ""Grasshopper""}","club_prestige_tier, market_size_proxy, signature_moment_flag are agent-inferred proxies per Requirements A.4, not sourced from post-hoc narrative articles (to avoid leakage per Key Focus Area §3)","heuristic based on trophy winners (UCL, World Cup, Euros, Copa) + club prestige tier list operationalized from UEFA coefficient / revenue"
1996,1996,David Seaman,Arsenal,England,2,2,2,0,,"{""tier"": 2, ""score"": 2, ""matched"": ""Arsenal"", ""raw"": ""Arsenal""}","club_prestige_tier, market_size_proxy, signature_moment_flag are agent-inferred proxies per Requirements A.4, not sourced from post-hoc narrative articles (to avoid leakage per Key Focus Area §3)","heuristic based on trophy winners (UCL, World Cup, Euros, Copa) + club prestige tier list operationalized from UEFA coefficient / revenue"
1996,1996,Raúl,Real Madrid,Spain,1,3,3,0,,"{""tier"": 1, ""score"": 3, ""matched"": ""Real Madrid"", ""raw"": ""Real Madrid""}","club_prestige_tier, market_size_proxy, signature_moment_flag are agent-inferred proxies per Requirements A.4, not sourced from post-hoc narrative articles (to avoid leakage per Key Focus Area §3)","heuristic based on trophy winners (UCL, World Cup, Euros, Copa) + club prestige tier list operationalized from UEFA coefficient / revenue"
1996,1996,Paolo Maldini,Milan,Italy,1,3,3,0,,"{""tier"": 1, ""score"": 3, ""matched"": ""Milan"", ""raw"": ""Milan""}","club_prestige_tier, market_size_proxy, signature_moment_flag are agent-inferred proxies per Requirements A.4, not sourced from post-hoc narrative articles (to avoid leakage per Key Focus Area §3)","heuristic based on trophy winners (UCL, World Cup, Euros, Copa) + club prestige tier list operationalized from UEFA coefficient / revenue"
1996,1996,Christian Ziege,Bayern Munich,Germany,1,3,3,1,Euros winner 1996 country Germany matches player's nation Germany,"{""tier"": 1, ""score"": 3, ""matched"": ""Bayern Munich"", ""raw"": ""Bayern Munich""}","club_prestige_tier, market_size_proxy, signature_moment_flag are agent-inferred proxies per Requirements A.4, not sourced from post-hoc narrative articles (to avoid leakage per Key Focus Area §3)","heuristic based on trophy winners (UCL, World Cup, Euros, Copa) + club prestige tier list operationalized from UEFA coefficient / revenue"
1996,1996,Patrik Berger,Borussia Dortmund Liverpool,Czech Republic,1,3,3,1,UCL winner 1996 club Borussia Dortmund matches player's club Borussia Dortmund Liverpool,"{""tier"": 1, ""score"": 3, ""matched"": ""Liverpool"", ""raw"": ""Borussia Dortmund Liverpool""}","club_prestige_tier, market_size_proxy, signature_moment_flag are agent-inferred proxies per Requirements A.4, not sourced from post-hoc narrative articles (to avoid leakage per Key Focus Area §3)","heuristic based on trophy winners (UCL, World Cup, Euros, Copa) + club prestige tier list operationalized from UEFA coefficient / revenue"
1996,1996,Trifon Ivanov,Rapid Wien,Bulgaria,3,1,1,0,,"{""tier"": 3, ""score"": 1, ""matched"": ""other"", ""raw"": ""Rapid Wien""}","club_prestige_tier, market_size_proxy, signature_moment_flag are agent-inferred proxies per Requirements A.4, not sourced from post-hoc narrative articles (to avoid leakage per Key Focus Area §3)","heuristic based on trophy winners (UCL, World Cup, Euros, Copa) + club prestige tier list operationalized from UEFA coefficient / revenue"
1996,1996,Radek Bejbl,Slavia Prague Atlético Madrid,Czech Republic,2,2,2,0,,"{""tier"": 2, ""score"": 2, ""matched"": ""Atl\u00e9tico Madrid"", ""raw"": ""Slavia Prague Atl\u00e9tico Madrid""}","club_prestige_tier, market_size_proxy, signature_moment_flag are agent-inferred proxies per Requirements A.4, not sourced from post-hoc narrative articles (to avoid leakage per Key Focus Area §3)","heuristic based on trophy winners (UCL, World Cup, Euros, Copa) + club prestige tier list operationalized from UEFA coefficient / revenue"
1996,1996,Rui Costa,Fiorentina,Portugal,2,2,2,0,,"{""tier"": 2, ""score"": 2, ""matched"": ""Fiorentina"", ""raw"": ""Fiorentina""}","club_prestige_tier, market_size_proxy, signature_moment_flag are agent-inferred proxies per Requirements A.4, not sourced from post-hoc narrative articles (to avoid leakage per Key Focus Area §3)","heuristic based on trophy winners (UCL, World Cup, Euros, Copa) + club prestige tier list operationalized from UEFA coefficient / revenue"
1996,1996,Ronald de Boer,Ajax,Netherlands,2,2,2,0,,"{""tier"": 2, ""score"": 2, ""matched"": ""Ajax"", ""raw"": ""Ajax""}","club_prestige_tier, market_size_proxy, signature_moment_flag are agent-inferred proxies per Requirements A.4, not sourced from post-hoc narrative articles (to avoid leakage per Key Focus Area §3)","heuristic based on trophy winners (UCL, World Cup, Euros, Copa) + club prestige tier list operationalized from UEFA coefficient / revenue"
1996,1996,Luís Figo,Barcelona,Portugal,1,3,3,0,,"{""tier"": 1, ""score"": 3, ""matched"": ""Barcelona"", ""raw"": ""Barcelona""}","club_prestige_tier, market_size_proxy, signature_moment_flag are agent-inferred proxies per Requirements A.4, not sourced from post-hoc narrative articles (to avoid leakage per Key Focus Area §3)","heuristic based on trophy winners (UCL, World Cup, Euros, Copa) + club prestige tier list operationalized from UEFA coefficient / revenue"
1996,1996,Brian Laudrup,Rangers,Denmark,3,1,1,0,,"{""tier"": 3, ""score"": 1, ""matched"": ""other"", ""raw"": ""Rangers""}","club_prestige_tier, market_size_proxy, signature_moment_flag are agent-inferred proxies per Requirements A.4, not sourced from post-hoc narrative articles (to avoid leakage per Key Focus Area §3)","heuristic based on trophy winners (UCL, World Cup, Euros, Copa) + club prestige tier list operationalized from UEFA coefficient / revenue"
1996,1996,Sergi,Barcelona,Spain,1,3,3,0,,"{""tier"": 1, ""score"": 3, ""matched"": ""Barcelona"", ""raw"": ""Barcelona""}","club_prestige_tier, market_size_proxy, signature_moment_flag are agent-inferred proxies per Requirements A.4, not sourced from post-hoc narrative articles (to avoid leakage per Key Focus Area §3)","heuristic based on trophy winners (UCL, World Cup, Euros, Copa) + club prestige tier list operationalized from UEFA coefficient / revenue"
1996,1996,Zinedine Zidane,Juventus,France,1,3,3,0,,"{""tier"": 1, ""score"": 3, ""matched"": ""Juventus"", ""raw"": ""Juventus""}","club_prestige_tier, market_size_proxy, signature_moment_flag are agent-inferred proxies per Requirements A.4, not sourced from post-hoc narrative articles (to avoid leakage per Key Focus Area §3)","heuristic based on trophy winners (UCL, World Cup, Euros, Copa) + club prestige tier list operationalized from UEFA coefficient / revenue"
1997,1997,Ronaldo,Barcelona Internazionale,Brazil,1,3,3,1,CopaAmerica winner 1997 country Brazil matches player's nation Brazil,"{""tier"": 1, ""score"": 3, ""matched"": ""Internazionale"", ""raw"": ""Barcelona Internazionale""}","club_prestige_tier, market_size_proxy, signature_moment_flag are agent-inferred proxies per Requirements A.4, not sourced from post-hoc narrative articles (to avoid leakage per Key Focus Area §3)","heuristic based on trophy winners (UCL, World Cup, Euros, Copa) + club prestige tier list operationalized from UEFA coefficient / revenue"
1997,1997,Predrag Mijatović,Real Madrid,FR Yugoslavia,1,3,3,1,UCL winner 1997 club Real Madrid matches player's club Real Madrid,"{""tier"": 1, ""score"": 3, ""matched"": ""Real Madrid"", ""raw"": ""Real Madrid""}","club_prestige_tier, market_size_proxy, signature_moment_flag are agent-inferred proxies per Requirements A.4, not sourced from post-hoc narrative articles (to avoid leakage per Key Focus Area §3)","heuristic based on trophy winners (UCL, World Cup, Euros, Copa) + club prestige tier list operationalized from UEFA coefficient / revenue"
1997,1997,Zinedine Zidane,Juventus,France,1,3,3,0,,"{""tier"": 1, ""score"": 3, ""matched"": ""Juventus"", ""raw"": ""Juventus""}","club_prestige_tier, market_size_proxy, signature_moment_flag are agent-inferred proxies per Requirements A.4, not sourced from post-hoc narrative articles (to avoid leakage per Key Focus Area §3)","heuristic based on trophy winners (UCL, World Cup, Euros, Copa) + club prestige tier list operationalized from UEFA coefficient / revenue"
1997,1997,Dennis Bergkamp,Arsenal,Netherlands,2,2,2,0,,"{""tier"": 2, ""score"": 2, ""matched"": ""Arsenal"", ""raw"": ""Arsenal""}","club_prestige_tier, market_size_proxy, signature_moment_flag are agent-inferred proxies per Requirements A.4, not sourced from post-hoc narrative articles (to avoid leakage per Key Focus Area §3)","heuristic based on trophy winners (UCL, World Cup, Euros, Copa) + club prestige tier list operationalized from UEFA coefficient / revenue"
1997,1997,Roberto Carlos,Real Madrid,Brazil,1,3,3,1,UCL winner 1997 club Real Madrid matches player's club Real Madrid; CopaAmerica winner 1997 country Brazil matches player's nation Brazil,"{""tier"": 1, ""score"": 3, ""matched"": ""Real Madrid"", ""raw"": ""Real Madrid""}","club_prestige_tier, market_size_proxy, signature_moment_flag are agent-inferred proxies per Requirements A.4, not sourced from post-hoc narrative articles (to avoid leakage per Key Focus Area §3)","heuristic based on trophy winners (UCL, World Cup, Euros, Copa) + club prestige tier list operationalized from UEFA coefficient / revenue"
1997,1997,Andreas Möller,Borussia Dortmund,Germany,2,2,2,0,,"{""tier"": 2, ""score"": 2, ""matched"": ""Dortmund"", ""raw"": ""Borussia Dortmund""}","club_prestige_tier, market_size_proxy, signature_moment_flag are agent-inferred proxies per Requirements A.4, not sourced from post-hoc narrative articles (to avoid leakage per Key Focus Area §3)","heuristic based on trophy winners (UCL, World Cup, Euros, Copa) + club prestige tier list operationalized from UEFA coefficient / revenue"
1997,1997,Raúl,Real Madrid,Spain,1,3,3,1,UCL winner 1997 club Real Madrid matches player's club Real Madrid,"{""tier"": 1, ""score"": 3, ""matched"": ""Real Madrid"", ""raw"": ""Real Madrid""}","club_prestige_tier, market_size_proxy, signature_moment_flag are agent-inferred proxies per Requirements A.4, not sourced from post-hoc narrative articles (to avoid leakage per Key Focus Area §3)","heuristic based on trophy winners (UCL, World Cup, Euros, Copa) + club prestige tier list operationalized from UEFA coefficient / revenue"
1997,1997,Peter Schmeichel,Manchester United,Denmark,1,3,3,0,,"{""tier"": 1, ""score"": 3, ""matched"": ""Manchester United"", ""raw"": ""Manchester United""}","club_prestige_tier, market_size_proxy, signature_moment_flag are agent-inferred proxies per Requirements A.4, not sourced from post-hoc narrative articles (to avoid leakage per Key Focus Area §3)","heuristic based on trophy winners (UCL, World Cup, Euros, Copa) + club prestige tier list operationalized from UEFA coefficient / revenue"
1997,1997,Jürgen Kohler,Borussia Dortmund,Germany,2,2,2,0,,"{""tier"": 2, ""score"": 2, ""matched"": ""Dortmund"", ""raw"": ""Borussia Dortmund""}","club_prestige_tier, market_size_proxy, signature_moment_flag are agent-inferred proxies per Requirements A.4, not sourced from post-hoc narrative articles (to avoid leakage per Key Focus Area §3)","heuristic based on trophy winners (UCL, World Cup, Euros, Copa) + club prestige tier list operationalized from UEFA coefficient / revenue"
1997,1997,Matthias Sammer,Borussia Dortmund,Germany,2,2,2,0,,"{""tier"": 2, ""score"": 2, ""matched"": ""Dortmund"", ""raw"": ""Borussia Dortmund""}","club_prestige_tier, market_size_proxy, signature_moment_flag are agent-inferred proxies per Requirements A.4, not sourced from post-hoc narrative articles (to avoid leakage per Key Focus Area §3)","heuristic based on trophy winners (UCL, World Cup, Euros, Copa) + club prestige tier list operationalized from UEFA coefficient / revenue"
1997,1997,Christian Vieri,Atlético Madrid,Italy,2,2,2,0,,"{""tier"": 2, ""score"": 2, ""matched"": ""Atl\u00e9tico Madrid"", ""raw"": ""Atl\u00e9tico Madrid""}","club_prestige_tier, market_size_proxy, signature_moment_flag are agent-inferred proxies per Requirements A.4, not sourced from post-hoc narrative articles (to avoid leakage per Key Focus Area §3)","heuristic based on trophy winners (UCL, World Cup, Euros, Copa) + club prestige tier list operationalized from UEFA coefficient / revenue"
1997,1997,Youri Djorkaeff,Internazionale,France,1,3,3,0,,"{""tier"": 1, ""score"": 3, ""matched"": ""Internazionale"", ""raw"": ""Internazionale""}","club_prestige_tier, market_size_proxy, signature_moment_flag are agent-inferred proxies per Requirements A.4, not sourced from post-hoc narrative articles (to avoid leakage per Key Focus Area §3)","heuristic based on trophy winners (UCL, World Cup, Euros, Copa) + club prestige tier list operationalized from UEFA coefficient / revenue"
1997,1997,Luis Enrique,Barcelona,Spain,1,3,3,0,,"{""tier"": 1, ""score"": 3, ""matched"": ""Barcelona"", ""raw"": ""Barcelona""}","club_prestige_tier, market_size_proxy, signature_moment_flag are agent-inferred proxies per Requirements A.4, not sourced from post-hoc narrative articles (to avoid leakage per Key Focus Area §3)","heuristic based on trophy winners (UCL, World Cup, Euros, Copa) + club prestige tier list operationalized from UEFA coefficient / revenue"
1997,1997,Luís Figo,Barcelona,Portugal,1,3,3,0,,"{""tier"": 1, ""score"": 3, ""matched"": ""Barcelona"", ""raw"": ""Barcelona""}","club_prestige_tier, market_size_proxy, signature_moment_flag are agent-inferred proxies per Requirements A.4, not sourced from post-hoc narrative articles (to avoid leakage per Key Focus Area §3)","heuristic based on trophy winners (UCL, World Cup, Euros, Copa) + club prestige tier list operationalized from UEFA coefficient / revenue"
1997,1997,Gianfranco Zola,Chelsea,Italy,1,3,3,0,,"{""tier"": 1, ""score"": 3, ""matched"": ""Chelsea"", ""raw"": ""Chelsea""}","club_prestige_tier, market_size_proxy, signature_moment_flag are agent-inferred proxies per Requirements A.4, not sourced from post-hoc narrative articles (to avoid leakage per Key Focus Area §3)","heuristic based on trophy winners (UCL, World Cup, Euros, Copa) + club prestige tier list operationalized from UEFA coefficient / revenue"
1997,1997,Krasimir Balakov,VfB Stuttgart,Bulgaria,3,1,1,0,,"{""tier"": 3, ""score"": 1, ""matched"": ""other"", ""raw"": ""VfB Stuttgart""}","club_prestige_tier, market_size_proxy, signature_moment_flag are agent-inferred proxies per Requirements A.4, not sourced from post-hoc narrative articles (to avoid leakage per Key Focus Area §3)","heuristic based on trophy winners (UCL, World Cup, Euros, Copa) + club prestige tier list operationalized from UEFA coefficient / revenue"
1997,1997,Didier Deschamps,Juventus,France,1,3,3,0,,"{""tier"": 1, ""score"": 3, ""matched"": ""Juventus"", ""raw"": ""Juventus""}","club_prestige_tier, market_size_proxy, signature_moment_flag are agent-inferred proxies per Requirements A.4, not sourced from post-hoc narrative articles (to avoid leakage per Key Focus Area §3)","heuristic based on trophy winners (UCL, World Cup, Euros, Copa) + club prestige tier list operationalized from UEFA coefficient / revenue"
1997,1997,Clarence Seedorf,Real Madrid,Netherlands,1,3,3,1,UCL winner 1997 club Real Madrid matches player's club Real Madrid,"{""tier"": 1, ""score"": 3, ""matched"": ""Real Madrid"", ""raw"": ""Real Madrid""}","club_prestige_tier, market_size_proxy, signature_moment_flag are agent-inferred proxies per Requirements A.4, not sourced from post-hoc narrative articles (to avoid leakage per Key Focus Area §3)","heuristic based on trophy winners (UCL, World Cup, Euros, Copa) + club prestige tier list operationalized from UEFA coefficient / revenue"
1997,1997,Alessandro Del Piero,Juventus,Italy,1,3,3,0,,"{""tier"": 1, ""score"": 3, ""matched"": ""Juventus"", ""raw"": ""Juventus""}","club_prestige_tier, market_size_proxy, signature_moment_flag are agent-inferred proxies per Requirements A.4, not sourced from post-hoc narrative articles (to avoid leakage per Key Focus Area §3)","heuristic based on trophy winners (UCL, World Cup, Euros, Copa) + club prestige tier list operationalized from UEFA coefficient / revenue"
1997,1997,Alan Shearer,Newcastle United,England,2,2,2,0,,"{""tier"": 2, ""score"": 2, ""matched"": ""Newcastle"", ""raw"": ""Newcastle United""}","club_prestige_tier, market_size_proxy, signature_moment_flag are agent-inferred proxies per Requirements A.4, not sourced from post-hoc narrative articles (to avoid leakage per Key Focus Area §3)","heuristic based on trophy winners (UCL, World Cup, Euros, Copa) + club prestige tier list operationalized from UEFA coefficient / revenue"
1997,1997,David Beckham,Manchester United,England,1,3,3,0,,"{""tier"": 1, ""score"": 3, ""matched"": ""Manchester United"", ""raw"": ""Manchester United""}","club_prestige_tier, market_size_proxy, signature_moment_flag are agent-inferred proxies per Requirements A.4, not sourced from post-hoc narrative articles (to avoid leakage per Key Focus Area §3)","heuristic based on trophy winners (UCL, World Cup, Euros, Copa) + club prestige tier list operationalized from UEFA coefficient / revenue"
1997,1997,Fernando Hierro,Real Madrid,Spain,1,3,3,1,UCL winner 1997 club Real Madrid matches player's club Real Madrid,"{""tier"": 1, ""score"": 3, ""matched"": ""Real Madrid"", ""raw"": ""Real Madrid""}","club_prestige_tier, market_size_proxy, signature_moment_flag are agent-inferred proxies per Requirements A.4, not sourced from post-hoc narrative articles (to avoid leakage per Key Focus Area §3)","heuristic based on trophy winners (UCL, World Cup, Euros, Copa) + club prestige tier list operationalized from UEFA coefficient / revenue"
1997,1997,Gabriel Batistuta,Fiorentina,Argentina,2,2,2,0,,"{""tier"": 2, ""score"": 2, ""matched"": ""Fiorentina"", ""raw"": ""Fiorentina""}","club_prestige_tier, market_size_proxy, signature_moment_flag are agent-inferred proxies per Requirements A.4, not sourced from post-hoc narrative articles (to avoid leakage per Key Focus Area §3)","heuristic based on trophy winners (UCL, World Cup, Euros, Copa) + club prestige tier list operationalized from UEFA coefficient / revenue"
1997,1997,Olaf Thon,Schalke 04,Germany,2,2,2,0,,"{""tier"": 2, ""score"": 2, ""matched"": ""Schalke"", ""raw"": ""Schalke 04""}","club_prestige_tier, market_size_proxy, signature_moment_flag are agent-inferred proxies per Requirements A.4, not sourced from post-hoc narrative articles (to avoid leakage per Key Focus Area §3)","heuristic based on trophy winners (UCL, World Cup, Euros, Copa) + club prestige tier list operationalized from UEFA coefficient / revenue"
1997,1997,Juninho,Atlético Madrid,Brazil,2,2,2,1,CopaAmerica winner 1997 country Brazil matches player's nation Brazil,"{""tier"": 2, ""score"": 2, ""matched"": ""Atl\u00e9tico Madrid"", ""raw"": ""Atl\u00e9tico Madrid""}","club_prestige_tier, market_size_proxy, signature_moment_flag are agent-inferred proxies per Requirements A.4, not sourced from post-hoc narrative articles (to avoid leakage per Key Focus Area §3)","heuristic based on trophy winners (UCL, World Cup, Euros, Copa) + club prestige tier list operationalized from UEFA coefficient / revenue"
1997,1997,Paulo Sousa,Borussia Dortmund,Portugal,2,2,2,0,,"{""tier"": 2, ""score"": 2, ""matched"": ""Dortmund"", ""raw"": ""Borussia Dortmund""}","club_prestige_tier, market_size_proxy, signature_moment_flag are agent-inferred proxies per Requirements A.4, not sourced from post-hoc narrative articles (to avoid leakage per Key Focus Area §3)","heuristic based on trophy winners (UCL, World Cup, Euros, Copa) + club prestige tier list operationalized from UEFA coefficient / revenue"
1997,1997,Lilian Thuram,Parma,France,3,1,1,0,,"{""tier"": 3, ""score"": 1, ""matched"": ""other"", ""raw"": ""Parma""}","club_prestige_tier, market_size_proxy, signature_moment_flag are agent-inferred proxies per Requirements A.4, not sourced from post-hoc narrative articles (to avoid leakage per Key Focus Area §3)","heuristic based on trophy winners (UCL, World Cup, Euros, Copa) + club prestige tier list operationalized from UEFA coefficient / revenue"
1997,1997,Ryan Giggs,Manchester United,Wales,1,3,3,0,,"{""tier"": 1, ""score"": 3, ""matched"": ""Manchester United"", ""raw"": ""Manchester United""}","club_prestige_tier, market_size_proxy, signature_moment_flag are agent-inferred proxies per Requirements A.4, not sourced from post-hoc narrative articles (to avoid leakage per Key Focus Area §3)","heuristic based on trophy winners (UCL, World Cup, Euros, Copa) + club prestige tier list operationalized from UEFA coefficient / revenue"
1997,1997,Oliver Bierhoff,Udinese,Germany,3,1,1,0,,"{""tier"": 3, ""score"": 1, ""matched"": ""other"", ""raw"": ""Udinese""}","club_prestige_tier, market_size_proxy, signature_moment_flag are agent-inferred proxies per Requirements A.4, not sourced from post-hoc narrative articles (to avoid leakage per Key Focus Area §3)","heuristic based on trophy winners (UCL, World Cup, Euros, Copa) + club prestige tier list operationalized from UEFA coefficient / revenue"
1997,1997,Angelo Peruzzi,Juventus,Italy,1,3,3,0,,"{""tier"": 1, ""score"": 3, ""matched"": ""Juventus"", ""raw"": ""Juventus""}","club_prestige_tier, market_size_proxy, signature_moment_flag are agent-inferred proxies per Requirements A.4, not sourced from post-hoc narrative articles (to avoid leakage per Key Focus Area §3)","heuristic based on trophy winners (UCL, World Cup, Euros, Copa) + club prestige tier list operationalized from UEFA coefficient / revenue"
1997,1997,Raí,Paris Saint-Germain,Brazil,1,3,3,1,CopaAmerica winner 1997 country Brazil matches player's nation Brazil,"{""tier"": 1, ""score"": 3, ""matched"": ""Paris Saint-Germain"", ""raw"": ""Paris Saint-Germain""}","club_prestige_tier, market_size_proxy, signature_moment_flag are agent-inferred proxies per Requirements A.4, not sourced from post-hoc narrative articles (to avoid leakage per Key Focus Area §3)","heuristic based on trophy winners (UCL, World Cup, Euros, Copa) + club prestige tier list operationalized from UEFA coefficient / revenue"
1997,1997,Victor Ikpeba,Monaco,Nigeria,2,2,2,0,,"{""tier"": 2, ""score"": 2, ""matched"": ""Monaco"", ""raw"": ""Monaco""}","club_prestige_tier, market_size_proxy, signature_moment_flag are agent-inferred proxies per Requirements A.4, not sourced from post-hoc narrative articles (to avoid leakage per Key Focus Area §3)","heuristic based on trophy winners (UCL, World Cup, Euros, Copa) + club prestige tier list operationalized from UEFA coefficient / revenue"
1997,1997,Laurent Blanc,Marseille,France,2,2,2,0,,"{""tier"": 2, ""score"": 2, ""matched"": ""Marseille"", ""raw"": ""Marseille""}","club_prestige_tier, market_size_proxy, signature_moment_flag are agent-inferred proxies per Requirements A.4, not sourced from post-hoc narrative articles (to avoid leakage per Key Focus Area §3)","heuristic based on trophy winners (UCL, World Cup, Euros, Copa) + club prestige tier list operationalized from UEFA coefficient / revenue"
1997,1997,Ciro Ferrara,Juventus,Italy,1,3,3,0,,"{""tier"": 1, ""score"": 3, ""matched"": ""Juventus"", ""raw"": ""Juventus""}","club_prestige_tier, market_size_proxy, signature_moment_flag are agent-inferred proxies per Requirements A.4, not sourced from post-hoc narrative articles (to avoid leakage per Key Focus Area §3)","heuristic based on trophy winners (UCL, World Cup, Euros, Copa) + club prestige tier list operationalized from UEFA coefficient / revenue"
1997,1997,Rivaldo,Barcelona,Brazil,1,3,3,1,CopaAmerica winner 1997 country Brazil matches player's nation Brazil,"{""tier"": 1, ""score"": 3, ""matched"": ""Barcelona"", ""raw"": ""Barcelona""}","club_prestige_tier, market_size_proxy, signature_moment_flag are agent-inferred proxies per Requirements A.4, not sourced from post-hoc narrative articles (to avoid leakage per Key Focus Area §3)","heuristic based on trophy winners (UCL, World Cup, Euros, Copa) + club prestige tier list operationalized from UEFA coefficient / revenue"
1997,1997,Bent Skammelsrud,Rosenborg,Norway,3,1,1,0,,"{""tier"": 3, ""score"": 1, ""matched"": ""other"", ""raw"": ""Rosenborg""}","club_prestige_tier, market_size_proxy, signature_moment_flag are agent-inferred proxies per Requirements A.4, not sourced from post-hoc narrative articles (to avoid leakage per Key Focus Area §3)","heuristic based on trophy winners (UCL, World Cup, Euros, Copa) + club prestige tier list operationalized from UEFA coefficient / revenue"
1998,1998,Zinedine Zidane,Juventus,France,1,3,3,1,WorldCup winner 1998 country France matches player's nation France,"{""tier"": 1, ""score"": 3, ""matched"": ""Juventus"", ""raw"": ""Juventus""}","club_prestige_tier, market_size_proxy, signature_moment_flag are agent-inferred proxies per Requirements A.4, not sourced from post-hoc narrative articles (to avoid leakage per Key Focus Area §3)","heuristic based on trophy winners (UCL, World Cup, Euros, Copa) + club prestige tier list operationalized from UEFA coefficient / revenue"
1998,1998,Davor Šuker,Real Madrid,Croatia,1,3,3,0,,"{""tier"": 1, ""score"": 3, ""matched"": ""Real Madrid"", ""raw"": ""Real Madrid""}","club_prestige_tier, market_size_proxy, signature_moment_flag are agent-inferred proxies per Requirements A.4, not sourced from post-hoc narrative articles (to avoid leakage per Key Focus Area §3)","heuristic based on trophy winners (UCL, World Cup, Euros, Copa) + club prestige tier list operationalized from UEFA coefficient / revenue"
1998,1998,Ronaldo,Internazionale,Brazil,1,3,3,0,,"{""tier"": 1, ""score"": 3, ""matched"": ""Internazionale"", ""raw"": ""Internazionale""}","club_prestige_tier, market_size_proxy, signature_moment_flag are agent-inferred proxies per Requirements A.4, not sourced from post-hoc narrative articles (to avoid leakage per Key Focus Area §3)","heuristic based on trophy winners (UCL, World Cup, Euros, Copa) + club prestige tier list operationalized from UEFA coefficient / revenue"
1998,1998,Michael Owen,Liverpool,England,1,3,3,0,,"{""tier"": 1, ""score"": 3, ""matched"": ""Liverpool"", ""raw"": ""Liverpool""}","club_prestige_tier, market_size_proxy, signature_moment_flag are agent-inferred proxies per Requirements A.4, not sourced from post-hoc narrative articles (to avoid leakage per Key Focus Area §3)","heuristic based on trophy winners (UCL, World Cup, Euros, Copa) + club prestige tier list operationalized from UEFA coefficient / revenue"
1998,1998,Rivaldo,Barcelona,Brazil,1,3,3,0,,"{""tier"": 1, ""score"": 3, ""matched"": ""Barcelona"", ""raw"": ""Barcelona""}","club_prestige_tier, market_size_proxy, signature_moment_flag are agent-inferred proxies per Requirements A.4, not sourced from post-hoc narrative articles (to avoid leakage per Key Focus Area §3)","heuristic based on trophy winners (UCL, World Cup, Euros, Copa) + club prestige tier list operationalized from UEFA coefficient / revenue"
1998,1998,Gabriel Batistuta,Fiorentina,Argentina,2,2,2,0,,"{""tier"": 2, ""score"": 2, ""matched"": ""Fiorentina"", ""raw"": ""Fiorentina""}","club_prestige_tier, market_size_proxy, signature_moment_flag are agent-inferred proxies per Requirements A.4, not sourced from post-hoc narrative articles (to avoid leakage per Key Focus Area §3)","heuristic based on trophy winners (UCL, World Cup, Euros, Copa) + club prestige tier list operationalized from UEFA coefficient / revenue"
1998,1998,Lilian Thuram,Parma,France,3,1,1,1,WorldCup winner 1998 country France matches player's nation France,"{""tier"": 3, ""score"": 1, ""matched"": ""other"", ""raw"": ""Parma""}","club_prestige_tier, market_size_proxy, signature_moment_flag are agent-inferred proxies per Requirements A.4, not sourced from post-hoc narrative articles (to avoid leakage per Key Focus Area §3)","heuristic based on trophy winners (UCL, World Cup, Euros, Copa) + club prestige tier list operationalized from UEFA coefficient / revenue"
1998,1998,Edgar Davids,Juventus,Netherlands,1,3,3,0,,"{""tier"": 1, ""score"": 3, ""matched"": ""Juventus"", ""raw"": ""Juventus""}","club_prestige_tier, market_size_proxy, signature_moment_flag are agent-inferred proxies per Requirements A.4, not sourced from post-hoc narrative articles (to avoid leakage per Key Focus Area §3)","heuristic based on trophy winners (UCL, World Cup, Euros, Copa) + club prestige tier list operationalized from UEFA coefficient / revenue"
1998,1998,Dennis Bergkamp,Arsenal,Netherlands,2,2,2,0,,"{""tier"": 2, ""score"": 2, ""matched"": ""Arsenal"", ""raw"": ""Arsenal""}","club_prestige_tier, market_size_proxy, signature_moment_flag are agent-inferred proxies per Requirements A.4, not sourced from post-hoc narrative articles (to avoid leakage per Key Focus Area §3)","heuristic based on trophy winners (UCL, World Cup, Euros, Copa) + club prestige tier list operationalized from UEFA coefficient / revenue"
1998,1998,Marcel Desailly,Chelsea,France,1,3,3,1,WorldCup winner 1998 country France matches player's nation France,"{""tier"": 1, ""score"": 3, ""matched"": ""Chelsea"", ""raw"": ""Chelsea""}","club_prestige_tier, market_size_proxy, signature_moment_flag are agent-inferred proxies per Requirements A.4, not sourced from post-hoc narrative articles (to avoid leakage per Key Focus Area §3)","heuristic based on trophy winners (UCL, World Cup, Euros, Copa) + club prestige tier list operationalized from UEFA coefficient / revenue"
1998,1998,Frank de Boer,Ajax,Netherlands,2,2,2,0,,"{""tier"": 2, ""score"": 2, ""matched"": ""Ajax"", ""raw"": ""Ajax""}","club_prestige_tier, market_size_proxy, signature_moment_flag are agent-inferred proxies per Requirements A.4, not sourced from post-hoc narrative articles (to avoid leakage per Key Focus Area §3)","heuristic based on trophy winners (UCL, World Cup, Euros, Copa) + club prestige tier list operationalized from UEFA coefficient / revenue"
1998,1998,Emmanuel Petit,Arsenal,France,2,2,2,1,WorldCup winner 1998 country France matches player's nation France,"{""tier"": 2, ""score"": 2, ""matched"": ""Arsenal"", ""raw"": ""Arsenal""}","club_prestige_tier, market_size_proxy, signature_moment_flag are agent-inferred proxies per Requirements A.4, not sourced from post-hoc narrative articles (to avoid leakage per Key Focus Area §3)","heuristic based on trophy winners (UCL, World Cup, Euros, Copa) + club prestige tier list operationalized from UEFA coefficient / revenue"
1998,1998,Roberto Carlos,Real Madrid,Brazil,1,3,3,0,,"{""tier"": 1, ""score"": 3, ""matched"": ""Real Madrid"", ""raw"": ""Real Madrid""}","club_prestige_tier, market_size_proxy, signature_moment_flag are agent-inferred proxies per Requirements A.4, not sourced from post-hoc narrative articles (to avoid leakage per Key Focus Area §3)","heuristic based on trophy winners (UCL, World Cup, Euros, Copa) + club prestige tier list operationalized from UEFA coefficient / revenue"
1998,1998,Laurent Blanc,Marseille,France,2,2,2,1,WorldCup winner 1998 country France matches player's nation France,"{""tier"": 2, ""score"": 2, ""matched"": ""Marseille"", ""raw"": ""Marseille""}","club_prestige_tier, market_size_proxy, signature_moment_flag are agent-inferred proxies per Requirements A.4, not sourced from post-hoc narrative articles (to avoid leakage per Key Focus Area §3)","heuristic based on trophy winners (UCL, World Cup, Euros, Copa) + club prestige tier list operationalized from UEFA coefficient / revenue"
1998,1998,Fabien Barthez,Monaco,France,2,2,2,1,WorldCup winner 1998 country France matches player's nation France,"{""tier"": 2, ""score"": 2, ""matched"": ""Monaco"", ""raw"": ""Monaco""}","club_prestige_tier, market_size_proxy, signature_moment_flag are agent-inferred proxies per Requirements A.4, not sourced from post-hoc narrative articles (to avoid leakage per Key Focus Area §3)","heuristic based on trophy winners (UCL, World Cup, Euros, Copa) + club prestige tier list operationalized from UEFA coefficient / revenue"
1998,1998,Alessandro Del Piero,Juventus,Italy,1,3,3,0,,"{""tier"": 1, ""score"": 3, ""matched"": ""Juventus"", ""raw"": ""Juventus""}","club_prestige_tier, market_size_proxy, signature_moment_flag are agent-inferred proxies per Requirements A.4, not sourced from post-hoc narrative articles (to avoid leakage per Key Focus Area §3)","heuristic based on trophy winners (UCL, World Cup, Euros, Copa) + club prestige tier list operationalized from UEFA coefficient / revenue"
1998,1998,Predrag Mijatović,Real Madrid,Yugoslavia,1,3,3,0,,"{""tier"": 1, ""score"": 3, ""matched"": ""Real Madrid"", ""raw"": ""Real Madrid""}","club_prestige_tier, market_size_proxy, signature_moment_flag are agent-inferred proxies per Requirements A.4, not sourced from post-hoc narrative articles (to avoid leakage per Key Focus Area §3)","heuristic based on trophy winners (UCL, World Cup, Euros, Copa) + club prestige tier list operationalized from UEFA coefficient / revenue"
1998,1998,Didier Deschamps,Juventus,France,1,3,3,1,WorldCup winner 1998 country France matches player's nation France,"{""tier"": 1, ""score"": 3, ""matched"": ""Juventus"", ""raw"": ""Juventus""}","club_prestige_tier, market_size_proxy, signature_moment_flag are agent-inferred proxies per Requirements A.4, not sourced from post-hoc narrative articles (to avoid leakage per Key Focus Area §3)","heuristic based on trophy winners (UCL, World Cup, Euros, Copa) + club prestige tier list operationalized from UEFA coefficient / revenue"
1998,1998,Oliver Bierhoff,Milan,Germany,1,3,3,0,,"{""tier"": 1, ""score"": 3, ""matched"": ""Milan"", ""raw"": ""Milan""}","club_prestige_tier, market_size_proxy, signature_moment_flag are agent-inferred proxies per Requirements A.4, not sourced from post-hoc narrative articles (to avoid leakage per Key Focus Area §3)","heuristic based on trophy winners (UCL, World Cup, Euros, Copa) + club prestige tier list operationalized from UEFA coefficient / revenue"
1998,1998,Michael Laudrup,Ajax,Denmark,2,2,2,0,,"{""tier"": 2, ""score"": 2, ""matched"": ""Ajax"", ""raw"": ""Ajax""}","club_prestige_tier, market_size_proxy, signature_moment_flag are agent-inferred proxies per Requirements A.4, not sourced from post-hoc narrative articles (to avoid leakage per Key Focus Area §3)","heuristic based on trophy winners (UCL, World Cup, Euros, Copa) + club prestige tier list operationalized from UEFA coefficient / revenue"
1998,1998,Ronald de Boer,Ajax,Netherlands,2,2,2,0,,"{""tier"": 2, ""score"": 2, ""matched"": ""Ajax"", ""raw"": ""Ajax""}","club_prestige_tier, market_size_proxy, signature_moment_flag are agent-inferred proxies per Requirements A.4, not sourced from post-hoc narrative articles (to avoid leakage per Key Focus Area §3)","heuristic based on trophy winners (UCL, World Cup, Euros, Copa) + club prestige tier list operationalized from UEFA coefficient / revenue"
1998,1998,Raúl,Real Madrid,Spain,1,3,3,0,,"{""tier"": 1, ""score"": 3, ""matched"": ""Real Madrid"", ""raw"": ""Real Madrid""}","club_prestige_tier, market_size_proxy, signature_moment_flag are agent-inferred proxies per Requirements A.4, not sourced from post-hoc narrative articles (to avoid leakage per Key Focus Area §3)","heuristic based on trophy winners (UCL, World Cup, Euros, Copa) + club prestige tier list operationalized from UEFA coefficient / revenue"
1998,1998,Brian Laudrup,Chelsea,Denmark,1,3,3,0,,"{""tier"": 1, ""score"": 3, ""matched"": ""Chelsea"", ""raw"": ""Chelsea""}","club_prestige_tier, market_size_proxy, signature_moment_flag are agent-inferred proxies per Requirements A.4, not sourced from post-hoc narrative articles (to avoid leakage per Key Focus Area §3)","heuristic based on trophy winners (UCL, World Cup, Euros, Copa) + club prestige tier list operationalized from UEFA coefficient / revenue"
1998,1998,Clarence Seedorf,Real Madrid,Netherlands,1,3,3,0,,"{""tier"": 1, ""score"": 3, ""matched"": ""Real Madrid"", ""raw"": ""Real Madrid""}","club_prestige_tier, market_size_proxy, signature_moment_flag are agent-inferred proxies per Requirements A.4, not sourced from post-hoc narrative articles (to avoid leakage per Key Focus Area §3)","heuristic based on trophy winners (UCL, World Cup, Euros, Copa) + club prestige tier list operationalized from UEFA coefficient / revenue"
1998,1998,Marc Overmars,Arsenal,Netherlands,2,2,2,0,,"{""tier"": 2, ""score"": 2, ""matched"": ""Arsenal"", ""raw"": ""Arsenal""}","club_prestige_tier, market_size_proxy, signature_moment_flag are agent-inferred proxies per Requirements A.4, not sourced from post-hoc narrative articles (to avoid leakage per Key Focus Area §3)","heuristic based on trophy winners (UCL, World Cup, Euros, Copa) + club prestige tier list operationalized from UEFA coefficient / revenue"
1998,1998,Christian Vieri,Lazio,Italy,2,2,2,0,,"{""tier"": 2, ""score"": 2, ""matched"": ""Lazio"", ""raw"": ""Lazio""}","club_prestige_tier, market_size_proxy, signature_moment_flag are agent-inferred proxies per Requirements A.4, not sourced from post-hoc narrative articles (to avoid leakage per Key Focus Area §3)","heuristic based on trophy winners (UCL, World Cup, Euros, Copa) + club prestige tier list operationalized from UEFA coefficient / revenue"
1998,1998,Fernando Hierro,Real Madrid,Spain,1,3,3,0,,"{""tier"": 1, ""score"": 3, ""matched"": ""Real Madrid"", ""raw"": ""Real Madrid""}","club_prestige_tier, market_size_proxy, signature_moment_flag are agent-inferred proxies per Requirements A.4, not sourced from post-hoc narrative articles (to avoid leakage per Key Focus Area §3)","heuristic based on trophy winners (UCL, World Cup, Euros, Copa) + club prestige tier list operationalized from UEFA coefficient / revenue"
1998,1998,David Beckham,Manchester United,England,1,3,3,1,UCL winner 1998 club Manchester United matches player's club Manchester United,"{""tier"": 1, ""score"": 3, ""matched"": ""Manchester United"", ""raw"": ""Manchester United""}","club_prestige_tier, market_size_proxy, signature_moment_flag are agent-inferred proxies per Requirements A.4, not sourced from post-hoc narrative articles (to avoid leakage per Key Focus Area §3)","heuristic based on trophy winners (UCL, World Cup, Euros, Copa) + club prestige tier list operationalized from UEFA coefficient / revenue"
1998,1998,Luis Enrique,Barcelona,Spain,1,3,3,0,,"{""tier"": 1, ""score"": 3, ""matched"": ""Barcelona"", ""raw"": ""Barcelona""}","club_prestige_tier, market_size_proxy, signature_moment_flag are agent-inferred proxies per Requirements A.4, not sourced from post-hoc narrative articles (to avoid leakage per Key Focus Area §3)","heuristic based on trophy winners (UCL, World Cup, Euros, Copa) + club prestige tier list operationalized from UEFA coefficient / revenue"
1998,1998,Bixente Lizarazu,Bayern Munich,France,1,3,3,1,WorldCup winner 1998 country France matches player's nation France,"{""tier"": 1, ""score"": 3, ""matched"": ""Bayern Munich"", ""raw"": ""Bayern Munich""}","club_prestige_tier, market_size_proxy, signature_moment_flag are agent-inferred proxies per Requirements A.4, not sourced from post-hoc narrative articles (to avoid leakage per Key Focus Area §3)","heuristic based on trophy winners (UCL, World Cup, Euros, Copa) + club prestige tier list operationalized from UEFA coefficient / revenue"
1998,1998,Nikos Machlas,Vitesse,Greece,3,1,1,0,,"{""tier"": 3, ""score"": 1, ""matched"": ""other"", ""raw"": ""Vitesse""}","club_prestige_tier, market_size_proxy, signature_moment_flag are agent-inferred proxies per Requirements A.4, not sourced from post-hoc narrative articles (to avoid leakage per Key Focus Area §3)","heuristic based on trophy winners (UCL, World Cup, Euros, Copa) + club prestige tier list operationalized from UEFA coefficient / revenue"
1999,1999,Rivaldo,Barcelona,Brazil,1,3,3,1,CopaAmerica winner 1999 country Brazil matches player's nation Brazil,"{""tier"": 1, ""score"": 3, ""matched"": ""Barcelona"", ""raw"": ""Barcelona""}","club_prestige_tier, market_size_proxy, signature_moment_flag are agent-inferred proxies per Requirements A.4, not sourced from post-hoc narrative articles (to avoid leakage per Key Focus Area §3)","heuristic based on trophy winners (UCL, World Cup, Euros, Copa) + club prestige tier list operationalized from UEFA coefficient / revenue"
1999,1999,David Beckham,Manchester United,England,1,3,3,0,,"{""tier"": 1, ""score"": 3, ""matched"": ""Manchester United"", ""raw"": ""Manchester United""}","club_prestige_tier, market_size_proxy, signature_moment_flag are agent-inferred proxies per Requirements A.4, not sourced from post-hoc narrative articles (to avoid leakage per Key Focus Area §3)","heuristic based on trophy winners (UCL, World Cup, Euros, Copa) + club prestige tier list operationalized from UEFA coefficient / revenue"
1999,1999,Andriy Shevchenko,Dynamo Kyiv Milan,Ukraine,1,3,3,0,,"{""tier"": 1, ""score"": 3, ""matched"": ""Milan"", ""raw"": ""Dynamo Kyiv Milan""}","club_prestige_tier, market_size_proxy, signature_moment_flag are agent-inferred proxies per Requirements A.4, not sourced from post-hoc narrative articles (to avoid leakage per Key Focus Area §3)","heuristic based on trophy winners (UCL, World Cup, Euros, Copa) + club prestige tier list operationalized from UEFA coefficient / revenue"
1999,1999,Gabriel Batistuta,Fiorentina,Argentina,2,2,2,0,,"{""tier"": 2, ""score"": 2, ""matched"": ""Fiorentina"", ""raw"": ""Fiorentina""}","club_prestige_tier, market_size_proxy, signature_moment_flag are agent-inferred proxies per Requirements A.4, not sourced from post-hoc narrative articles (to avoid leakage per Key Focus Area §3)","heuristic based on trophy winners (UCL, World Cup, Euros, Copa) + club prestige tier list operationalized from UEFA coefficient / revenue"
1999,1999,Luís Figo,Barcelona,Portugal,1,3,3,0,,"{""tier"": 1, ""score"": 3, ""matched"": ""Barcelona"", ""raw"": ""Barcelona""}","club_prestige_tier, market_size_proxy, signature_moment_flag are agent-inferred proxies per Requirements A.4, not sourced from post-hoc narrative articles (to avoid leakage per Key Focus Area §3)","heuristic based on trophy winners (UCL, World Cup, Euros, Copa) + club prestige tier list operationalized from UEFA coefficient / revenue"
1999,1999,Roy Keane,Manchester United,Republic of Ireland,1,3,3,0,,"{""tier"": 1, ""score"": 3, ""matched"": ""Manchester United"", ""raw"": ""Manchester United""}","club_prestige_tier, market_size_proxy, signature_moment_flag are agent-inferred proxies per Requirements A.4, not sourced from post-hoc narrative articles (to avoid leakage per Key Focus Area §3)","heuristic based on trophy winners (UCL, World Cup, Euros, Copa) + club prestige tier list operationalized from UEFA coefficient / revenue"
1999,1999,Christian Vieri,Lazio,Italy Australia,2,2,2,0,,"{""tier"": 2, ""score"": 2, ""matched"": ""Lazio"", ""raw"": ""Lazio""}","club_prestige_tier, market_size_proxy, signature_moment_flag are agent-inferred proxies per Requirements A.4, not sourced from post-hoc narrative articles (to avoid leakage per Key Focus Area §3)","heuristic based on trophy winners (UCL, World Cup, Euros, Copa) + club prestige tier list operationalized from UEFA coefficient / revenue"
1999,1999,Juan Sebastián Verón,Lazio,Argentina,2,2,2,0,,"{""tier"": 2, ""score"": 2, ""matched"": ""Lazio"", ""raw"": ""Lazio""}","club_prestige_tier, market_size_proxy, signature_moment_flag are agent-inferred proxies per Requirements A.4, not sourced from post-hoc narrative articles (to avoid leakage per Key Focus Area §3)","heuristic based on trophy winners (UCL, World Cup, Euros, Copa) + club prestige tier list operationalized from UEFA coefficient / revenue"
1999,1999,Raúl,Real Madrid,Spain,1,3,3,0,,"{""tier"": 1, ""score"": 3, ""matched"": ""Real Madrid"", ""raw"": ""Real Madrid""}","club_prestige_tier, market_size_proxy, signature_moment_flag are agent-inferred proxies per Requirements A.4, not sourced from post-hoc narrative articles (to avoid leakage per Key Focus Area §3)","heuristic based on trophy winners (UCL, World Cup, Euros, Copa) + club prestige tier list operationalized from UEFA coefficient / revenue"
1999,1999,Lothar Matthäus,Bayern Munich,Germany,1,3,3,0,,"{""tier"": 1, ""score"": 3, ""matched"": ""Bayern Munich"", ""raw"": ""Bayern Munich""}","club_prestige_tier, market_size_proxy, signature_moment_flag are agent-inferred proxies per Requirements A.4, not sourced from post-hoc narrative articles (to avoid leakage per Key Focus Area §3)","heuristic based on trophy winners (UCL, World Cup, Euros, Copa) + club prestige tier list operationalized from UEFA coefficient / revenue"
1999,1999,Dwight Yorke,Manchester United,Trinidad and Tobago,1,3,3,0,,"{""tier"": 1, ""score"": 3, ""matched"": ""Manchester United"", ""raw"": ""Manchester United""}","club_prestige_tier, market_size_proxy, signature_moment_flag are agent-inferred proxies per Requirements A.4, not sourced from post-hoc narrative articles (to avoid leakage per Key Focus Area §3)","heuristic based on trophy winners (UCL, World Cup, Euros, Copa) + club prestige tier list operationalized from UEFA coefficient / revenue"
1999,1999,Jaap Stam,Manchester United,Netherlands,1,3,3,0,,"{""tier"": 1, ""score"": 3, ""matched"": ""Manchester United"", ""raw"": ""Manchester United""}","club_prestige_tier, market_size_proxy, signature_moment_flag are agent-inferred proxies per Requirements A.4, not sourced from post-hoc narrative articles (to avoid leakage per Key Focus Area §3)","heuristic based on trophy winners (UCL, World Cup, Euros, Copa) + club prestige tier list operationalized from UEFA coefficient / revenue"
1999,1999,Siniša Mihajlović,Lazio,FR Yugoslavia,2,2,2,0,,"{""tier"": 2, ""score"": 2, ""matched"": ""Lazio"", ""raw"": ""Lazio""}","club_prestige_tier, market_size_proxy, signature_moment_flag are agent-inferred proxies per Requirements A.4, not sourced from post-hoc narrative articles (to avoid leakage per Key Focus Area §3)","heuristic based on trophy winners (UCL, World Cup, Euros, Copa) + club prestige tier list operationalized from UEFA coefficient / revenue"
1999,1999,Zlatko Zahovič,Olympiacos,Slovenia,3,1,1,0,,"{""tier"": 3, ""score"": 1, ""matched"": ""other"", ""raw"": ""Olympiacos""}","club_prestige_tier, market_size_proxy, signature_moment_flag are agent-inferred proxies per Requirements A.4, not sourced from post-hoc narrative articles (to avoid leakage per Key Focus Area §3)","heuristic based on trophy winners (UCL, World Cup, Euros, Copa) + club prestige tier list operationalized from UEFA coefficient / revenue"
1999,1999,Pavel Nedvěd,Lazio,Czech Republic,2,2,2,0,,"{""tier"": 2, ""score"": 2, ""matched"": ""Lazio"", ""raw"": ""Lazio""}","club_prestige_tier, market_size_proxy, signature_moment_flag are agent-inferred proxies per Requirements A.4, not sourced from post-hoc narrative articles (to avoid leakage per Key Focus Area §3)","heuristic based on trophy winners (UCL, World Cup, Euros, Copa) + club prestige tier list operationalized from UEFA coefficient / revenue"
1999,1999,Mário Jardel,Porto,Brazil,2,2,2,1,CopaAmerica winner 1999 country Brazil matches player's nation Brazil,"{""tier"": 2, ""score"": 2, ""matched"": ""Porto"", ""raw"": ""Porto""}","club_prestige_tier, market_size_proxy, signature_moment_flag are agent-inferred proxies per Requirements A.4, not sourced from post-hoc narrative articles (to avoid leakage per Key Focus Area §3)","heuristic based on trophy winners (UCL, World Cup, Euros, Copa) + club prestige tier list operationalized from UEFA coefficient / revenue"
1999,1999,Peter Schmeichel,Manchester United,Denmark,1,3,3,0,,"{""tier"": 1, ""score"": 3, ""matched"": ""Manchester United"", ""raw"": ""Manchester United""}","club_prestige_tier, market_size_proxy, signature_moment_flag are agent-inferred proxies per Requirements A.4, not sourced from post-hoc narrative articles (to avoid leakage per Key Focus Area §3)","heuristic based on trophy winners (UCL, World Cup, Euros, Copa) + club prestige tier list operationalized from UEFA coefficient / revenue"
1999,1999,Stefan Effenberg,Bayern Munich,Germany,1,3,3,0,,"{""tier"": 1, ""score"": 3, ""matched"": ""Bayern Munich"", ""raw"": ""Bayern Munich""}","club_prestige_tier, market_size_proxy, signature_moment_flag are agent-inferred proxies per Requirements A.4, not sourced from post-hoc narrative articles (to avoid leakage per Key Focus Area §3)","heuristic based on trophy winners (UCL, World Cup, Euros, Copa) + club prestige tier list operationalized from UEFA coefficient / revenue"
1999,1999,Zinedine Zidane,Juventus,France,1,3,3,0,,"{""tier"": 1, ""score"": 3, ""matched"": ""Juventus"", ""raw"": ""Juventus""}","club_prestige_tier, market_size_proxy, signature_moment_flag are agent-inferred proxies per Requirements A.4, not sourced from post-hoc narrative articles (to avoid leakage per Key Focus Area §3)","heuristic based on trophy winners (UCL, World Cup, Euros, Copa) + club prestige tier list operationalized from UEFA coefficient / revenue"
1999,1999,Oliver Bierhoff,Milan,Germany,1,3,3,0,,"{""tier"": 1, ""score"": 3, ""matched"": ""Milan"", ""raw"": ""Milan""}","club_prestige_tier, market_size_proxy, signature_moment_flag are agent-inferred proxies per Requirements A.4, not sourced from post-hoc narrative articles (to avoid leakage per Key Focus Area §3)","heuristic based on trophy winners (UCL, World Cup, Euros, Copa) + club prestige tier list operationalized from UEFA coefficient / revenue"
1999,1999,Mario Basler,Bayern Munich,Germany,1,3,3,0,,"{""tier"": 1, ""score"": 3, ""matched"": ""Bayern Munich"", ""raw"": ""Bayern Munich""}","club_prestige_tier, market_size_proxy, signature_moment_flag are agent-inferred proxies per Requirements A.4, not sourced from post-hoc narrative articles (to avoid leakage per Key Focus Area §3)","heuristic based on trophy winners (UCL, World Cup, Euros, Copa) + club prestige tier list operationalized from UEFA coefficient / revenue"
1999,1999,Ryan Giggs,Manchester United,Wales,1,3,3,0,,"{""tier"": 1, ""score"": 3, ""matched"": ""Manchester United"", ""raw"": ""Manchester United""}","club_prestige_tier, market_size_proxy, signature_moment_flag are agent-inferred proxies per Requirements A.4, not sourced from post-hoc narrative articles (to avoid leakage per Key Focus Area §3)","heuristic based on trophy winners (UCL, World Cup, Euros, Copa) + club prestige tier list operationalized from UEFA coefficient / revenue"
1999,1999,Hernán Crespo,Parma,Argentina,3,1,1,0,,"{""tier"": 3, ""score"": 1, ""matched"": ""other"", ""raw"": ""Parma""}","club_prestige_tier, market_size_proxy, signature_moment_flag are agent-inferred proxies per Requirements A.4, not sourced from post-hoc narrative articles (to avoid leakage per Key Focus Area §3)","heuristic based on trophy winners (UCL, World Cup, Euros, Copa) + club prestige tier list operationalized from UEFA coefficient / revenue"
1999,1999,Nwankwo Kanu,Arsenal,Nigeria,2,2,2,0,,"{""tier"": 2, ""score"": 2, ""matched"": ""Arsenal"", ""raw"": ""Arsenal""}","club_prestige_tier, market_size_proxy, signature_moment_flag are agent-inferred proxies per Requirements A.4, not sourced from post-hoc narrative articles (to avoid leakage per Key Focus Area §3)","heuristic based on trophy winners (UCL, World Cup, Euros, Copa) + club prestige tier list operationalized from UEFA coefficient / revenue"
1999,1999,Ronaldo,Internazionale,Brazil,1,3,3,1,CopaAmerica winner 1999 country Brazil matches player's nation Brazil,"{""tier"": 1, ""score"": 3, ""matched"": ""Internazionale"", ""raw"": ""Internazionale""}","club_prestige_tier, market_size_proxy, signature_moment_flag are agent-inferred proxies per Requirements A.4, not sourced from post-hoc narrative articles (to avoid leakage per Key Focus Area §3)","heuristic based on trophy winners (UCL, World Cup, Euros, Copa) + club prestige tier list operationalized from UEFA coefficient / revenue"
1999,1999,Andy Cole,Manchester United,England,1,3,3,0,,"{""tier"": 1, ""score"": 3, ""matched"": ""Manchester United"", ""raw"": ""Manchester United""}","club_prestige_tier, market_size_proxy, signature_moment_flag are agent-inferred proxies per Requirements A.4, not sourced from post-hoc narrative articles (to avoid leakage per Key Focus Area §3)","heuristic based on trophy winners (UCL, World Cup, Euros, Copa) + club prestige tier list operationalized from UEFA coefficient / revenue"
1999,1999,Edgar Davids,Juventus,Netherlands Suriname,1,3,3,0,,"{""tier"": 1, ""score"": 3, ""matched"": ""Juventus"", ""raw"": ""Juventus""}","club_prestige_tier, market_size_proxy, signature_moment_flag are agent-inferred proxies per Requirements A.4, not sourced from post-hoc narrative articles (to avoid leakage per Key Focus Area §3)","heuristic based on trophy winners (UCL, World Cup, Euros, Copa) + club prestige tier list operationalized from UEFA coefficient / revenue"
1999,1999,David Ginola,Tottenham Hotspur,France,2,2,2,0,,"{""tier"": 2, ""score"": 2, ""matched"": ""Tottenham Hotspur"", ""raw"": ""Tottenham Hotspur""}","club_prestige_tier, market_size_proxy, signature_moment_flag are agent-inferred proxies per Requirements A.4, not sourced from post-hoc narrative articles (to avoid leakage per Key Focus Area §3)","heuristic based on trophy winners (UCL, World Cup, Euros, Copa) + club prestige tier list operationalized from UEFA coefficient / revenue"
1999,1999,Claudio López,Valencia,Argentina,2,2,2,0,,"{""tier"": 2, ""score"": 2, ""matched"": ""Valencia"", ""raw"": ""Valencia""}","club_prestige_tier, market_size_proxy, signature_moment_flag are agent-inferred proxies per Requirements A.4, not sourced from post-hoc narrative articles (to avoid leakage per Key Focus Area §3)","heuristic based on trophy winners (UCL, World Cup, Euros, Copa) + club prestige tier list operationalized from UEFA coefficient / revenue"
1999,1999,Roberto Carlos,Real Madrid,Brazil,1,3,3,1,CopaAmerica winner 1999 country Brazil matches player's nation Brazil,"{""tier"": 1, ""score"": 3, ""matched"": ""Real Madrid"", ""raw"": ""Real Madrid""}","club_prestige_tier, market_size_proxy, signature_moment_flag are agent-inferred proxies per Requirements A.4, not sourced from post-hoc narrative articles (to avoid leakage per Key Focus Area §3)","heuristic based on trophy winners (UCL, World Cup, Euros, Copa) + club prestige tier list operationalized from UEFA coefficient / revenue"
1999,1999,Marcelo Salas,Lazio,Chile,2,2,2,0,,"{""tier"": 2, ""score"": 2, ""matched"": ""Lazio"", ""raw"": ""Lazio""}","club_prestige_tier, market_size_proxy, signature_moment_flag are agent-inferred proxies per Requirements A.4, not sourced from post-hoc narrative articles (to avoid leakage per Key Focus Area §3)","heuristic based on trophy winners (UCL, World Cup, Euros, Copa) + club prestige tier list operationalized from UEFA coefficient / revenue"
2000,2000,Luís Figo,Barcelona Real Madrid,Portugal,1,3,3,0,,"{""tier"": 1, ""score"": 3, ""matched"": ""Barcelona"", ""raw"": ""Barcelona Real Madrid""}","club_prestige_tier, market_size_proxy, signature_moment_flag are agent-inferred proxies per Requirements A.4, not sourced from post-hoc narrative articles (to avoid leakage per Key Focus Area §3)","heuristic based on trophy winners (UCL, World Cup, Euros, Copa) + club prestige tier list operationalized from UEFA coefficient / revenue"
2000,2000,Zinedine Zidane,Juventus,France,1,3,3,1,Euros winner 2000 country France matches player's nation France,"{""tier"": 1, ""score"": 3, ""matched"": ""Juventus"", ""raw"": ""Juventus""}","club_prestige_tier, market_size_proxy, signature_moment_flag are agent-inferred proxies per Requirements A.4, not sourced from post-hoc narrative articles (to avoid leakage per Key Focus Area §3)","heuristic based on trophy winners (UCL, World Cup, Euros, Copa) + club prestige tier list operationalized from UEFA coefficient / revenue"
2000,2000,Andriy Shevchenko,Milan,Ukraine,1,3,3,0,,"{""tier"": 1, ""score"": 3, ""matched"": ""Milan"", ""raw"": ""Milan""}","club_prestige_tier, market_size_proxy, signature_moment_flag are agent-inferred proxies per Requirements A.4, not sourced from post-hoc narrative articles (to avoid leakage per Key Focus Area §3)","heuristic based on trophy winners (UCL, World Cup, Euros, Copa) + club prestige tier list operationalized from UEFA coefficient / revenue"
2000,2000,Thierry Henry,Arsenal,France,2,2,2,1,Euros winner 2000 country France matches player's nation France,"{""tier"": 2, ""score"": 2, ""matched"": ""Arsenal"", ""raw"": ""Arsenal""}","club_prestige_tier, market_size_proxy, signature_moment_flag are agent-inferred proxies per Requirements A.4, not sourced from post-hoc narrative articles (to avoid leakage per Key Focus Area §3)","heuristic based on trophy winners (UCL, World Cup, Euros, Copa) + club prestige tier list operationalized from UEFA coefficient / revenue"
2000,2000,Alessandro Nesta,Lazio,Italy,2,2,2,0,,"{""tier"": 2, ""score"": 2, ""matched"": ""Lazio"", ""raw"": ""Lazio""}","club_prestige_tier, market_size_proxy, signature_moment_flag are agent-inferred proxies per Requirements A.4, not sourced from post-hoc narrative articles (to avoid leakage per Key Focus Area §3)","heuristic based on trophy winners (UCL, World Cup, Euros, Copa) + club prestige tier list operationalized from UEFA coefficient / revenue"
2000,2000,Rivaldo,Barcelona,Brazil,1,3,3,0,,"{""tier"": 1, ""score"": 3, ""matched"": ""Barcelona"", ""raw"": ""Barcelona""}","club_prestige_tier, market_size_proxy, signature_moment_flag are agent-inferred proxies per Requirements A.4, not sourced from post-hoc narrative articles (to avoid leakage per Key Focus Area §3)","heuristic based on trophy winners (UCL, World Cup, Euros, Copa) + club prestige tier list operationalized from UEFA coefficient / revenue"
2000,2000,Gabriel Batistuta,Roma,Argentina,2,2,2,0,,"{""tier"": 2, ""score"": 2, ""matched"": ""Roma"", ""raw"": ""Roma""}","club_prestige_tier, market_size_proxy, signature_moment_flag are agent-inferred proxies per Requirements A.4, not sourced from post-hoc narrative articles (to avoid leakage per Key Focus Area §3)","heuristic based on trophy winners (UCL, World Cup, Euros, Copa) + club prestige tier list operationalized from UEFA coefficient / revenue"
2000,2000,Gaizka Mendieta,Valencia,Spain,2,2,2,0,,"{""tier"": 2, ""score"": 2, ""matched"": ""Valencia"", ""raw"": ""Valencia""}","club_prestige_tier, market_size_proxy, signature_moment_flag are agent-inferred proxies per Requirements A.4, not sourced from post-hoc narrative articles (to avoid leakage per Key Focus Area §3)","heuristic based on trophy winners (UCL, World Cup, Euros, Copa) + club prestige tier list operationalized from UEFA coefficient / revenue"
2000,2000,Raúl,Real Madrid,Spain,1,3,3,0,,"{""tier"": 1, ""score"": 3, ""matched"": ""Real Madrid"", ""raw"": ""Real Madrid""}","club_prestige_tier, market_size_proxy, signature_moment_flag are agent-inferred proxies per Requirements A.4, not sourced from post-hoc narrative articles (to avoid leakage per Key Focus Area §3)","heuristic based on trophy winners (UCL, World Cup, Euros, Copa) + club prestige tier list operationalized from UEFA coefficient / revenue"
2000,2000,Paolo Maldini,Milan,Italy,1,3,3,0,,"{""tier"": 1, ""score"": 3, ""matched"": ""Milan"", ""raw"": ""Milan""}","club_prestige_tier, market_size_proxy, signature_moment_flag are agent-inferred proxies per Requirements A.4, not sourced from post-hoc narrative articles (to avoid leakage per Key Focus Area §3)","heuristic based on trophy winners (UCL, World Cup, Euros, Copa) + club prestige tier list operationalized from UEFA coefficient / revenue"
2000,2000,David Beckham,Manchester United,England,1,3,3,0,,"{""tier"": 1, ""score"": 3, ""matched"": ""Manchester United"", ""raw"": ""Manchester United""}","club_prestige_tier, market_size_proxy, signature_moment_flag are agent-inferred proxies per Requirements A.4, not sourced from post-hoc narrative articles (to avoid leakage per Key Focus Area §3)","heuristic based on trophy winners (UCL, World Cup, Euros, Copa) + club prestige tier list operationalized from UEFA coefficient / revenue"
2000,2000,Zlatko Zahovič,Olympiacos Valencia,Slovenia,2,2,2,0,,"{""tier"": 2, ""score"": 2, ""matched"": ""Valencia"", ""raw"": ""Olympiacos Valencia""}","club_prestige_tier, market_size_proxy, signature_moment_flag are agent-inferred proxies per Requirements A.4, not sourced from post-hoc narrative articles (to avoid leakage per Key Focus Area §3)","heuristic based on trophy winners (UCL, World Cup, Euros, Copa) + club prestige tier list operationalized from UEFA coefficient / revenue"
2000,2000,Fabien Barthez,Manchester United,France,1,3,3,1,Euros winner 2000 country France matches player's nation France,"{""tier"": 1, ""score"": 3, ""matched"": ""Manchester United"", ""raw"": ""Manchester United""}","club_prestige_tier, market_size_proxy, signature_moment_flag are agent-inferred proxies per Requirements A.4, not sourced from post-hoc narrative articles (to avoid leakage per Key Focus Area §3)","heuristic based on trophy winners (UCL, World Cup, Euros, Copa) + club prestige tier list operationalized from UEFA coefficient / revenue"
2000,2000,Francesco Toldo,Fiorentina,Italy,2,2,2,0,,"{""tier"": 2, ""score"": 2, ""matched"": ""Fiorentina"", ""raw"": ""Fiorentina""}","club_prestige_tier, market_size_proxy, signature_moment_flag are agent-inferred proxies per Requirements A.4, not sourced from post-hoc narrative articles (to avoid leakage per Key Focus Area §3)","heuristic based on trophy winners (UCL, World Cup, Euros, Copa) + club prestige tier list operationalized from UEFA coefficient / revenue"
2000,2000,Francesco Totti,Roma,Italy,2,2,2,0,,"{""tier"": 2, ""score"": 2, ""matched"": ""Roma"", ""raw"": ""Roma""}","club_prestige_tier, market_size_proxy, signature_moment_flag are agent-inferred proxies per Requirements A.4, not sourced from post-hoc narrative articles (to avoid leakage per Key Focus Area §3)","heuristic based on trophy winners (UCL, World Cup, Euros, Copa) + club prestige tier list operationalized from UEFA coefficient / revenue"
2000,2000,Roberto Carlos,Real Madrid,Brazil,1,3,3,0,,"{""tier"": 1, ""score"": 3, ""matched"": ""Real Madrid"", ""raw"": ""Real Madrid""}","club_prestige_tier, market_size_proxy, signature_moment_flag are agent-inferred proxies per Requirements A.4, not sourced from post-hoc narrative articles (to avoid leakage per Key Focus Area §3)","heuristic based on trophy winners (UCL, World Cup, Euros, Copa) + club prestige tier list operationalized from UEFA coefficient / revenue"
2000,2000,Patrick Kluivert,Barcelona,Netherlands,1,3,3,0,,"{""tier"": 1, ""score"": 3, ""matched"": ""Barcelona"", ""raw"": ""Barcelona""}","club_prestige_tier, market_size_proxy, signature_moment_flag are agent-inferred proxies per Requirements A.4, not sourced from post-hoc narrative articles (to avoid leakage per Key Focus Area §3)","heuristic based on trophy winners (UCL, World Cup, Euros, Copa) + club prestige tier list operationalized from UEFA coefficient / revenue"
2000,2000,Edgar Davids,Juventus,Netherlands,1,3,3,0,,"{""tier"": 1, ""score"": 3, ""matched"": ""Juventus"", ""raw"": ""Juventus""}","club_prestige_tier, market_size_proxy, signature_moment_flag are agent-inferred proxies per Requirements A.4, not sourced from post-hoc narrative articles (to avoid leakage per Key Focus Area §3)","heuristic based on trophy winners (UCL, World Cup, Euros, Copa) + club prestige tier list operationalized from UEFA coefficient / revenue"
2000,2000,Hakan Şükür,Internazionale,Turkey,1,3,3,0,,"{""tier"": 1, ""score"": 3, ""matched"": ""Internazionale"", ""raw"": ""Internazionale""}","club_prestige_tier, market_size_proxy, signature_moment_flag are agent-inferred proxies per Requirements A.4, not sourced from post-hoc narrative articles (to avoid leakage per Key Focus Area §3)","heuristic based on trophy winners (UCL, World Cup, Euros, Copa) + club prestige tier list operationalized from UEFA coefficient / revenue"
2000,2000,Mário Jardel,Galatasaray,Brazil,3,1,1,0,,"{""tier"": 3, ""score"": 1, ""matched"": ""other"", ""raw"": ""Galatasaray""}","club_prestige_tier, market_size_proxy, signature_moment_flag are agent-inferred proxies per Requirements A.4, not sourced from post-hoc narrative articles (to avoid leakage per Key Focus Area §3)","heuristic based on trophy winners (UCL, World Cup, Euros, Copa) + club prestige tier list operationalized from UEFA coefficient / revenue"
2000,2000,Fernando Redondo,Real Madrid Milan,Argentina,1,3,3,0,,"{""tier"": 1, ""score"": 3, ""matched"": ""Milan"", ""raw"": ""Real Madrid Milan""}","club_prestige_tier, market_size_proxy, signature_moment_flag are agent-inferred proxies per Requirements A.4, not sourced from post-hoc narrative articles (to avoid leakage per Key Focus Area §3)","heuristic based on trophy winners (UCL, World Cup, Euros, Copa) + club prestige tier list operationalized from UEFA coefficient / revenue"
2000,2000,Pavel Nedvěd,Lazio,Czech Republic,2,2,2,0,,"{""tier"": 2, ""score"": 2, ""matched"": ""Lazio"", ""raw"": ""Lazio""}","club_prestige_tier, market_size_proxy, signature_moment_flag are agent-inferred proxies per Requirements A.4, not sourced from post-hoc narrative articles (to avoid leakage per Key Focus Area §3)","heuristic based on trophy winners (UCL, World Cup, Euros, Copa) + club prestige tier list operationalized from UEFA coefficient / revenue"
2000,2000,David Trezeguet,Juventus,France,1,3,3,1,Euros winner 2000 country France matches player's nation France,"{""tier"": 1, ""score"": 3, ""matched"": ""Juventus"", ""raw"": ""Juventus""}","club_prestige_tier, market_size_proxy, signature_moment_flag are agent-inferred proxies per Requirements A.4, not sourced from post-hoc narrative articles (to avoid leakage per Key Focus Area §3)","heuristic based on trophy winners (UCL, World Cup, Euros, Copa) + club prestige tier list operationalized from UEFA coefficient / revenue"
2000,2000,Marcel Desailly,Chelsea,France,1,3,3,1,Euros winner 2000 country France matches player's nation France,"{""tier"": 1, ""score"": 3, ""matched"": ""Chelsea"", ""raw"": ""Chelsea""}","club_prestige_tier, market_size_proxy, signature_moment_flag are agent-inferred proxies per Requirements A.4, not sourced from post-hoc narrative articles (to avoid leakage per Key Focus Area §3)","heuristic based on trophy winners (UCL, World Cup, Euros, Copa) + club prestige tier list operationalized from UEFA coefficient / revenue"
2000,2000,Oliver Kahn,Bayern Munich,Germany,1,3,3,1,UCL winner 2000 club Bayern Munich matches player's club Bayern Munich,"{""tier"": 1, ""score"": 3, ""matched"": ""Bayern Munich"", ""raw"": ""Bayern Munich""}","club_prestige_tier, market_size_proxy, signature_moment_flag are agent-inferred proxies per Requirements A.4, not sourced from post-hoc narrative articles (to avoid leakage per Key Focus Area §3)","heuristic based on trophy winners (UCL, World Cup, Euros, Copa) + club prestige tier list operationalized from UEFA coefficient / revenue"
2000,2000,Rui Costa,Fiorentina,Portugal,2,2,2,0,,"{""tier"": 2, ""score"": 2, ""matched"": ""Fiorentina"", ""raw"": ""Fiorentina""}","club_prestige_tier, market_size_proxy, signature_moment_flag are agent-inferred proxies per Requirements A.4, not sourced from post-hoc narrative articles (to avoid leakage per Key Focus Area §3)","heuristic based on trophy winners (UCL, World Cup, Euros, Copa) + club prestige tier list operationalized from UEFA coefficient / revenue"
2000,2000,Laurent Blanc,Internazionale,France,1,3,3,1,Euros winner 2000 country France matches player's nation France,"{""tier"": 1, ""score"": 3, ""matched"": ""Internazionale"", ""raw"": ""Internazionale""}","club_prestige_tier, market_size_proxy, signature_moment_flag are agent-inferred proxies per Requirements A.4, not sourced from post-hoc narrative articles (to avoid leakage per Key Focus Area §3)","heuristic based on trophy winners (UCL, World Cup, Euros, Copa) + club prestige tier list operationalized from UEFA coefficient / revenue"
2000,2000,Claudio López,Valencia Lazio,Argentina,2,2,2,0,,"{""tier"": 2, ""score"": 2, ""matched"": ""Lazio"", ""raw"": ""Valencia Lazio""}","club_prestige_tier, market_size_proxy, signature_moment_flag are agent-inferred proxies per Requirements A.4, not sourced from post-hoc narrative articles (to avoid leakage per Key Focus Area §3)","heuristic based on trophy winners (UCL, World Cup, Euros, Copa) + club prestige tier list operationalized from UEFA coefficient / revenue"
2000,2000,Roy Keane,Manchester United,Republic of Ireland,1,3,3,0,,"{""tier"": 1, ""score"": 3, ""matched"": ""Manchester United"", ""raw"": ""Manchester United""}","club_prestige_tier, market_size_proxy, signature_moment_flag are agent-inferred proxies per Requirements A.4, not sourced from post-hoc narrative articles (to avoid leakage per Key Focus Area §3)","heuristic based on trophy winners (UCL, World Cup, Euros, Copa) + club prestige tier list operationalized from UEFA coefficient / revenue"
2000,2000,Juan Sebastián Verón,Lazio,Argentina,2,2,2,0,,"{""tier"": 2, ""score"": 2, ""matched"": ""Lazio"", ""raw"": ""Lazio""}","club_prestige_tier, market_size_proxy, signature_moment_flag are agent-inferred proxies per Requirements A.4, not sourced from post-hoc narrative articles (to avoid leakage per Key Focus Area §3)","heuristic based on trophy winners (UCL, World Cup, Euros, Copa) + club prestige tier list operationalized from UEFA coefficient / revenue"
2001,2001,Michael Owen,Liverpool,England,1,3,3,0,,"{""tier"": 1, ""score"": 3, ""matched"": ""Liverpool"", ""raw"": ""Liverpool""}","club_prestige_tier, market_size_proxy, signature_moment_flag are agent-inferred proxies per Requirements A.4, not sourced from post-hoc narrative articles (to avoid leakage per Key Focus Area §3)","heuristic based on trophy winners (UCL, World Cup, Euros, Copa) + club prestige tier list operationalized from UEFA coefficient / revenue"
2001,2001,Raúl,Real Madrid,Spain,1,3,3,1,UCL winner 2001 club Real Madrid matches player's club Real Madrid,"{""tier"": 1, ""score"": 3, ""matched"": ""Real Madrid"", ""raw"": ""Real Madrid""}","club_prestige_tier, market_size_proxy, signature_moment_flag are agent-inferred proxies per Requirements A.4, not sourced from post-hoc narrative articles (to avoid leakage per Key Focus Area §3)","heuristic based on trophy winners (UCL, World Cup, Euros, Copa) + club prestige tier list operationalized from UEFA coefficient / revenue"
2001,2001,Oliver Kahn,Bayern Munich,Germany,1,3,3,0,,"{""tier"": 1, ""score"": 3, ""matched"": ""Bayern Munich"", ""raw"": ""Bayern Munich""}","club_prestige_tier, market_size_proxy, signature_moment_flag are agent-inferred proxies per Requirements A.4, not sourced from post-hoc narrative articles (to avoid leakage per Key Focus Area §3)","heuristic based on trophy winners (UCL, World Cup, Euros, Copa) + club prestige tier list operationalized from UEFA coefficient / revenue"
2001,2001,David Beckham,Manchester United,England,1,3,3,0,,"{""tier"": 1, ""score"": 3, ""matched"": ""Manchester United"", ""raw"": ""Manchester United""}","club_prestige_tier, market_size_proxy, signature_moment_flag are agent-inferred proxies per Requirements A.4, not sourced from post-hoc narrative articles (to avoid leakage per Key Focus Area §3)","heuristic based on trophy winners (UCL, World Cup, Euros, Copa) + club prestige tier list operationalized from UEFA coefficient / revenue"
2001,2001,Francesco Totti,Roma,Italy,2,2,2,0,,"{""tier"": 2, ""score"": 2, ""matched"": ""Roma"", ""raw"": ""Roma""}","club_prestige_tier, market_size_proxy, signature_moment_flag are agent-inferred proxies per Requirements A.4, not sourced from post-hoc narrative articles (to avoid leakage per Key Focus Area §3)","heuristic based on trophy winners (UCL, World Cup, Euros, Copa) + club prestige tier list operationalized from UEFA coefficient / revenue"
2001,2001,Luís Figo,Real Madrid,Portugal,1,3,3,1,UCL winner 2001 club Real Madrid matches player's club Real Madrid,"{""tier"": 1, ""score"": 3, ""matched"": ""Real Madrid"", ""raw"": ""Real Madrid""}","club_prestige_tier, market_size_proxy, signature_moment_flag are agent-inferred proxies per Requirements A.4, not sourced from post-hoc narrative articles (to avoid leakage per Key Focus Area §3)","heuristic based on trophy winners (UCL, World Cup, Euros, Copa) + club prestige tier list operationalized from UEFA coefficient / revenue"
2001,2001,Rivaldo,Barcelona,Brazil,1,3,3,0,,"{""tier"": 1, ""score"": 3, ""matched"": ""Barcelona"", ""raw"": ""Barcelona""}","club_prestige_tier, market_size_proxy, signature_moment_flag are agent-inferred proxies per Requirements A.4, not sourced from post-hoc narrative articles (to avoid leakage per Key Focus Area §3)","heuristic based on trophy winners (UCL, World Cup, Euros, Copa) + club prestige tier list operationalized from UEFA coefficient / revenue"
2001,2001,Andriy Shevchenko,Milan,Ukraine,1,3,3,0,,"{""tier"": 1, ""score"": 3, ""matched"": ""Milan"", ""raw"": ""Milan""}","club_prestige_tier, market_size_proxy, signature_moment_flag are agent-inferred proxies per Requirements A.4, not sourced from post-hoc narrative articles (to avoid leakage per Key Focus Area §3)","heuristic based on trophy winners (UCL, World Cup, Euros, Copa) + club prestige tier list operationalized from UEFA coefficient / revenue"
2001,2001,Thierry Henry,Arsenal,France,2,2,2,0,,"{""tier"": 2, ""score"": 2, ""matched"": ""Arsenal"", ""raw"": ""Arsenal""}","club_prestige_tier, market_size_proxy, signature_moment_flag are agent-inferred proxies per Requirements A.4, not sourced from post-hoc narrative articles (to avoid leakage per Key Focus Area §3)","heuristic based on trophy winners (UCL, World Cup, Euros, Copa) + club prestige tier list operationalized from UEFA coefficient / revenue"
2001,2001,Zinedine Zidane,Real Madrid,France,1,3,3,1,UCL winner 2001 club Real Madrid matches player's club Real Madrid,"{""tier"": 1, ""score"": 3, ""matched"": ""Real Madrid"", ""raw"": ""Real Madrid""}","club_prestige_tier, market_size_proxy, signature_moment_flag are agent-inferred proxies per Requirements A.4, not sourced from post-hoc narrative articles (to avoid leakage per Key Focus Area §3)","heuristic based on trophy winners (UCL, World Cup, Euros, Copa) + club prestige tier list operationalized from UEFA coefficient / revenue"
2001,2001,Bixente Lizarazu,Bayern Munich,France,1,3,3,0,,"{""tier"": 1, ""score"": 3, ""matched"": ""Bayern Munich"", ""raw"": ""Bayern Munich""}","club_prestige_tier, market_size_proxy, signature_moment_flag are agent-inferred proxies per Requirements A.4, not sourced from post-hoc narrative articles (to avoid leakage per Key Focus Area §3)","heuristic based on trophy winners (UCL, World Cup, Euros, Copa) + club prestige tier list operationalized from UEFA coefficient / revenue"
2001,2001,David Trezeguet,Juventus,France,1,3,3,0,,"{""tier"": 1, ""score"": 3, ""matched"": ""Juventus"", ""raw"": ""Juventus""}","club_prestige_tier, market_size_proxy, signature_moment_flag are agent-inferred proxies per Requirements A.4, not sourced from post-hoc narrative articles (to avoid leakage per Key Focus Area §3)","heuristic based on trophy winners (UCL, World Cup, Euros, Copa) + club prestige tier list operationalized from UEFA coefficient / revenue"
2001,2001,Stefan Effenberg,Bayern Munich,Germany,1,3,3,0,,"{""tier"": 1, ""score"": 3, ""matched"": ""Bayern Munich"", ""raw"": ""Bayern Munich""}","club_prestige_tier, market_size_proxy, signature_moment_flag are agent-inferred proxies per Requirements A.4, not sourced from post-hoc narrative articles (to avoid leakage per Key Focus Area §3)","heuristic based on trophy winners (UCL, World Cup, Euros, Copa) + club prestige tier list operationalized from UEFA coefficient / revenue"
2001,2001,Henrik Larsson,Celtic,Sweden,3,1,1,0,,"{""tier"": 3, ""score"": 1, ""matched"": ""other"", ""raw"": ""Celtic""}","club_prestige_tier, market_size_proxy, signature_moment_flag are agent-inferred proxies per Requirements A.4, not sourced from post-hoc narrative articles (to avoid leakage per Key Focus Area §3)","heuristic based on trophy winners (UCL, World Cup, Euros, Copa) + club prestige tier list operationalized from UEFA coefficient / revenue"
2001,2001,Alessandro Nesta,Lazio,Italy,2,2,2,0,,"{""tier"": 2, ""score"": 2, ""matched"": ""Lazio"", ""raw"": ""Lazio""}","club_prestige_tier, market_size_proxy, signature_moment_flag are agent-inferred proxies per Requirements A.4, not sourced from post-hoc narrative articles (to avoid leakage per Key Focus Area §3)","heuristic based on trophy winners (UCL, World Cup, Euros, Copa) + club prestige tier list operationalized from UEFA coefficient / revenue"
2001,2001,Juan Sebastián Verón,Lazio Manchester United,Argentina,1,3,3,0,,"{""tier"": 1, ""score"": 3, ""matched"": ""Manchester United"", ""raw"": ""Lazio Manchester United""}","club_prestige_tier, market_size_proxy, signature_moment_flag are agent-inferred proxies per Requirements A.4, not sourced from post-hoc narrative articles (to avoid leakage per Key Focus Area §3)","heuristic based on trophy winners (UCL, World Cup, Euros, Copa) + club prestige tier list operationalized from UEFA coefficient / revenue"
2001,2001,Hernán Crespo,Lazio,Argentina,2,2,2,0,,"{""tier"": 2, ""score"": 2, ""matched"": ""Lazio"", ""raw"": ""Lazio""}","club_prestige_tier, market_size_proxy, signature_moment_flag are agent-inferred proxies per Requirements A.4, not sourced from post-hoc narrative articles (to avoid leakage per Key Focus Area §3)","heuristic based on trophy winners (UCL, World Cup, Euros, Copa) + club prestige tier list operationalized from UEFA coefficient / revenue"
2001,2001,Giovane Élber,Bayern Munich,Brazil,1,3,3,0,,"{""tier"": 1, ""score"": 3, ""matched"": ""Bayern Munich"", ""raw"": ""Bayern Munich""}","club_prestige_tier, market_size_proxy, signature_moment_flag are agent-inferred proxies per Requirements A.4, not sourced from post-hoc narrative articles (to avoid leakage per Key Focus Area §3)","heuristic based on trophy winners (UCL, World Cup, Euros, Copa) + club prestige tier list operationalized from UEFA coefficient / revenue"
2001,2001,Gaizka Mendieta,Valencia Lazio,Spain,2,2,2,0,,"{""tier"": 2, ""score"": 2, ""matched"": ""Lazio"", ""raw"": ""Valencia Lazio""}","club_prestige_tier, market_size_proxy, signature_moment_flag are agent-inferred proxies per Requirements A.4, not sourced from post-hoc narrative articles (to avoid leakage per Key Focus Area §3)","heuristic based on trophy winners (UCL, World Cup, Euros, Copa) + club prestige tier list operationalized from UEFA coefficient / revenue"
2001,2001,Roberto Carlos,Real Madrid,Brazil,1,3,3,1,UCL winner 2001 club Real Madrid matches player's club Real Madrid,"{""tier"": 1, ""score"": 3, ""matched"": ""Real Madrid"", ""raw"": ""Real Madrid""}","club_prestige_tier, market_size_proxy, signature_moment_flag are agent-inferred proxies per Requirements A.4, not sourced from post-hoc narrative articles (to avoid leakage per Key Focus Area §3)","heuristic based on trophy winners (UCL, World Cup, Euros, Copa) + club prestige tier list operationalized from UEFA coefficient / revenue"
2001,2001,Damiano Tommasi,Roma,Italy,2,2,2,0,,"{""tier"": 2, ""score"": 2, ""matched"": ""Roma"", ""raw"": ""Roma""}","club_prestige_tier, market_size_proxy, signature_moment_flag are agent-inferred proxies per Requirements A.4, not sourced from post-hoc narrative articles (to avoid leakage per Key Focus Area §3)","heuristic based on trophy winners (UCL, World Cup, Euros, Copa) + club prestige tier list operationalized from UEFA coefficient / revenue"
2001,2001,Sami Hyypiä,Liverpool,Finland,1,3,3,0,,"{""tier"": 1, ""score"": 3, ""matched"": ""Liverpool"", ""raw"": ""Liverpool""}","club_prestige_tier, market_size_proxy, signature_moment_flag are agent-inferred proxies per Requirements A.4, not sourced from post-hoc narrative articles (to avoid leakage per Key Focus Area §3)","heuristic based on trophy winners (UCL, World Cup, Euros, Copa) + club prestige tier list operationalized from UEFA coefficient / revenue"
2001,2001,Emmanuel Olisadebe,Panathinaikos,Poland,3,1,1,0,,"{""tier"": 3, ""score"": 1, ""matched"": ""other"", ""raw"": ""Panathinaikos""}","club_prestige_tier, market_size_proxy, signature_moment_flag are agent-inferred proxies per Requirements A.4, not sourced from post-hoc narrative articles (to avoid leakage per Key Focus Area §3)","heuristic based on trophy winners (UCL, World Cup, Euros, Copa) + club prestige tier list operationalized from UEFA coefficient / revenue"
2001,2001,Ebbe Sand,Schalke 04,Denmark,2,2,2,0,,"{""tier"": 2, ""score"": 2, ""matched"": ""Schalke"", ""raw"": ""Schalke 04""}","club_prestige_tier, market_size_proxy, signature_moment_flag are agent-inferred proxies per Requirements A.4, not sourced from post-hoc narrative articles (to avoid leakage per Key Focus Area §3)","heuristic based on trophy winners (UCL, World Cup, Euros, Copa) + club prestige tier list operationalized from UEFA coefficient / revenue"
2001,2001,Roberto Baggio,Brescia,Italy,3,1,1,0,,"{""tier"": 3, ""score"": 1, ""matched"": ""other"", ""raw"": ""Brescia""}","club_prestige_tier, market_size_proxy, signature_moment_flag are agent-inferred proxies per Requirements A.4, not sourced from post-hoc narrative articles (to avoid leakage per Key Focus Area §3)","heuristic based on trophy winners (UCL, World Cup, Euros, Copa) + club prestige tier list operationalized from UEFA coefficient / revenue"
2001,2001,Steven Gerrard,Liverpool,England,1,3,3,0,,"{""tier"": 1, ""score"": 3, ""matched"": ""Liverpool"", ""raw"": ""Liverpool""}","club_prestige_tier, market_size_proxy, signature_moment_flag are agent-inferred proxies per Requirements A.4, not sourced from post-hoc narrative articles (to avoid leakage per Key Focus Area §3)","heuristic based on trophy winners (UCL, World Cup, Euros, Copa) + club prestige tier list operationalized from UEFA coefficient / revenue"
2001,2001,Rui Costa,Milan,Portugal,1,3,3,0,,"{""tier"": 1, ""score"": 3, ""matched"": ""Milan"", ""raw"": ""Milan""}","club_prestige_tier, market_size_proxy, signature_moment_flag are agent-inferred proxies per Requirements A.4, not sourced from post-hoc narrative articles (to avoid leakage per Key Focus Area §3)","heuristic based on trophy winners (UCL, World Cup, Euros, Copa) + club prestige tier list operationalized from UEFA coefficient / revenue"
2001,2001,Sonny Anderson,Lyon,Brazil,2,2,2,0,,"{""tier"": 2, ""score"": 2, ""matched"": ""Lyon"", ""raw"": ""Lyon""}","club_prestige_tier, market_size_proxy, signature_moment_flag are agent-inferred proxies per Requirements A.4, not sourced from post-hoc narrative articles (to avoid leakage per Key Focus Area §3)","heuristic based on trophy winners (UCL, World Cup, Euros, Copa) + club prestige tier list operationalized from UEFA coefficient / revenue"
2001,2001,Fabien Barthez,Manchester United,France,1,3,3,0,,"{""tier"": 1, ""score"": 3, ""matched"": ""Manchester United"", ""raw"": ""Manchester United""}","club_prestige_tier, market_size_proxy, signature_moment_flag are agent-inferred proxies per Requirements A.4, not sourced from post-hoc narrative articles (to avoid leakage per Key Focus Area §3)","heuristic based on trophy winners (UCL, World Cup, Euros, Copa) + club prestige tier list operationalized from UEFA coefficient / revenue"
2001,2001,Gabriel Batistuta,Roma,Argentina,2,2,2,0,,"{""tier"": 2, ""score"": 2, ""matched"": ""Roma"", ""raw"": ""Roma""}","club_prestige_tier, market_size_proxy, signature_moment_flag are agent-inferred proxies per Requirements A.4, not sourced from post-hoc narrative articles (to avoid leakage per Key Focus Area §3)","heuristic based on trophy winners (UCL, World Cup, Euros, Copa) + club prestige tier list operationalized from UEFA coefficient / revenue"
2001,2001,Gianluigi Buffon,Parma Juventus,Italy,1,3,3,0,,"{""tier"": 1, ""score"": 3, ""matched"": ""Juventus"", ""raw"": ""Parma Juventus""}","club_prestige_tier, market_size_proxy, signature_moment_flag are agent-inferred proxies per Requirements A.4, not sourced from post-hoc narrative articles (to avoid leakage per Key Focus Area §3)","heuristic based on trophy winners (UCL, World Cup, Euros, Copa) + club prestige tier list operationalized from UEFA coefficient / revenue"
2001,2001,Cafu,Roma,Brazil,2,2,2,0,,"{""tier"": 2, ""score"": 2, ""matched"": ""Roma"", ""raw"": ""Roma""}","club_prestige_tier, market_size_proxy, signature_moment_flag are agent-inferred proxies per Requirements A.4, not sourced from post-hoc narrative articles (to avoid leakage per Key Focus Area §3)","heuristic based on trophy winners (UCL, World Cup, Euros, Copa) + club prestige tier list operationalized from UEFA coefficient / revenue"
2001,2001,Vincent Candela,Roma,France,2,2,2,0,,"{""tier"": 2, ""score"": 2, ""matched"": ""Roma"", ""raw"": ""Roma""}","club_prestige_tier, market_size_proxy, signature_moment_flag are agent-inferred proxies per Requirements A.4, not sourced from post-hoc narrative articles (to avoid leakage per Key Focus Area §3)","heuristic based on trophy winners (UCL, World Cup, Euros, Copa) + club prestige tier list operationalized from UEFA coefficient / revenue"
2001,2001,Alessandro Del Piero,Juventus,Italy,1,3,3,0,,"{""tier"": 1, ""score"": 3, ""matched"": ""Juventus"", ""raw"": ""Juventus""}","club_prestige_tier, market_size_proxy, signature_moment_flag are agent-inferred proxies per Requirements A.4, not sourced from post-hoc narrative articles (to avoid leakage per Key Focus Area §3)","heuristic based on trophy winners (UCL, World Cup, Euros, Copa) + club prestige tier list operationalized from UEFA coefficient / revenue"
2001,2001,Marcel Desailly,Chelsea,France,1,3,3,0,,"{""tier"": 1, ""score"": 3, ""matched"": ""Chelsea"", ""raw"": ""Chelsea""}","club_prestige_tier, market_size_proxy, signature_moment_flag are agent-inferred proxies per Requirements A.4, not sourced from post-hoc narrative articles (to avoid leakage per Key Focus Area §3)","heuristic based on trophy winners (UCL, World Cup, Euros, Copa) + club prestige tier list operationalized from UEFA coefficient / revenue"
2001,2001,Rio Ferdinand,Leeds United,England,2,2,2,0,,"{""tier"": 2, ""score"": 2, ""matched"": ""Leeds United"", ""raw"": ""Leeds United""}","club_prestige_tier, market_size_proxy, signature_moment_flag are agent-inferred proxies per Requirements A.4, not sourced from post-hoc narrative articles (to avoid leakage per Key Focus Area §3)","heuristic based on trophy winners (UCL, World Cup, Euros, Copa) + club prestige tier list operationalized from UEFA coefficient / revenue"
2001,2001,Ryan Giggs,Manchester United,Wales,1,3,3,0,,"{""tier"": 1, ""score"": 3, ""matched"": ""Manchester United"", ""raw"": ""Manchester United""}","club_prestige_tier, market_size_proxy, signature_moment_flag are agent-inferred proxies per Requirements A.4, not sourced from post-hoc narrative articles (to avoid leakage per Key Focus Area §3)","heuristic based on trophy winners (UCL, World Cup, Euros, Copa) + club prestige tier list operationalized from UEFA coefficient / revenue"
2001,2001,Jimmy Floyd Hasselbaink,Chelsea,Netherlands,1,3,3,0,,"{""tier"": 1, ""score"": 3, ""matched"": ""Chelsea"", ""raw"": ""Chelsea""}","club_prestige_tier, market_size_proxy, signature_moment_flag are agent-inferred proxies per Requirements A.4, not sourced from post-hoc narrative articles (to avoid leakage per Key Focus Area §3)","heuristic based on trophy winners (UCL, World Cup, Euros, Copa) + club prestige tier list operationalized from UEFA coefficient / revenue"
2001,2001,Iván Helguera,Real Madrid,Spain,1,3,3,1,UCL winner 2001 club Real Madrid matches player's club Real Madrid,"{""tier"": 1, ""score"": 3, ""matched"": ""Real Madrid"", ""raw"": ""Real Madrid""}","club_prestige_tier, market_size_proxy, signature_moment_flag are agent-inferred proxies per Requirements A.4, not sourced from post-hoc narrative articles (to avoid leakage per Key Focus Area §3)","heuristic based on trophy winners (UCL, World Cup, Euros, Copa) + club prestige tier list operationalized from UEFA coefficient / revenue"
2001,2001,Harry Kewell,Leeds United,Australia,2,2,2,0,,"{""tier"": 2, ""score"": 2, ""matched"": ""Leeds United"", ""raw"": ""Leeds United""}","club_prestige_tier, market_size_proxy, signature_moment_flag are agent-inferred proxies per Requirements A.4, not sourced from post-hoc narrative articles (to avoid leakage per Key Focus Area §3)","heuristic based on trophy winners (UCL, World Cup, Euros, Copa) + club prestige tier list operationalized from UEFA coefficient / revenue"
2001,2001,Patrick Kluivert,Barcelona,Netherlands,1,3,3,0,,"{""tier"": 1, ""score"": 3, ""matched"": ""Barcelona"", ""raw"": ""Barcelona""}","club_prestige_tier, market_size_proxy, signature_moment_flag are agent-inferred proxies per Requirements A.4, not sourced from post-hoc narrative articles (to avoid leakage per Key Focus Area §3)","heuristic based on trophy winners (UCL, World Cup, Euros, Copa) + club prestige tier list operationalized from UEFA coefficient / revenue"
2001,2001,Samuel Kuffour,Bayern Munich,Ghana,1,3,3,0,,"{""tier"": 1, ""score"": 3, ""matched"": ""Bayern Munich"", ""raw"": ""Bayern Munich""}","club_prestige_tier, market_size_proxy, signature_moment_flag are agent-inferred proxies per Requirements A.4, not sourced from post-hoc narrative articles (to avoid leakage per Key Focus Area §3)","heuristic based on trophy winners (UCL, World Cup, Euros, Copa) + club prestige tier list operationalized from UEFA coefficient / revenue"
2001,2001,Hidetoshi Nakata,Roma Parma,Japan,2,2,2,0,,"{""tier"": 2, ""score"": 2, ""matched"": ""Roma"", ""raw"": ""Roma Parma""}","club_prestige_tier, market_size_proxy, signature_moment_flag are agent-inferred proxies per Requirements A.4, not sourced from post-hoc narrative articles (to avoid leakage per Key Focus Area §3)","heuristic based on trophy winners (UCL, World Cup, Euros, Copa) + club prestige tier list operationalized from UEFA coefficient / revenue"
2001,2001,Pavel Nedvěd,Lazio Juventus,Czech Republic,1,3,3,0,,"{""tier"": 1, ""score"": 3, ""matched"": ""Juventus"", ""raw"": ""Lazio Juventus""}","club_prestige_tier, market_size_proxy, signature_moment_flag are agent-inferred proxies per Requirements A.4, not sourced from post-hoc narrative articles (to avoid leakage per Key Focus Area §3)","heuristic based on trophy winners (UCL, World Cup, Euros, Copa) + club prestige tier list operationalized from UEFA coefficient / revenue"
2001,2001,Pauleta,Bordeaux,Portugal,3,1,1,0,,"{""tier"": 3, ""score"": 1, ""matched"": ""other"", ""raw"": ""Bordeaux""}","club_prestige_tier, market_size_proxy, signature_moment_flag are agent-inferred proxies per Requirements A.4, not sourced from post-hoc narrative articles (to avoid leakage per Key Focus Area §3)","heuristic based on trophy winners (UCL, World Cup, Euros, Copa) + club prestige tier list operationalized from UEFA coefficient / revenue"
2001,2001,Robert Pires,Arsenal,France,2,2,2,0,,"{""tier"": 2, ""score"": 2, ""matched"": ""Arsenal"", ""raw"": ""Arsenal""}","club_prestige_tier, market_size_proxy, signature_moment_flag are agent-inferred proxies per Requirements A.4, not sourced from post-hoc narrative articles (to avoid leakage per Key Focus Area §3)","heuristic based on trophy winners (UCL, World Cup, Euros, Copa) + club prestige tier list operationalized from UEFA coefficient / revenue"
2001,2001,Paul Scholes,Manchester United,England,1,3,3,0,,"{""tier"": 1, ""score"": 3, ""matched"": ""Manchester United"", ""raw"": ""Manchester United""}","club_prestige_tier, market_size_proxy, signature_moment_flag are agent-inferred proxies per Requirements A.4, not sourced from post-hoc narrative articles (to avoid leakage per Key Focus Area §3)","heuristic based on trophy winners (UCL, World Cup, Euros, Copa) + club prestige tier list operationalized from UEFA coefficient / revenue"
2001,2001,Lilian Thuram,Parma Juventus,France,1,3,3,0,,"{""tier"": 1, ""score"": 3, ""matched"": ""Juventus"", ""raw"": ""Parma Juventus""}","club_prestige_tier, market_size_proxy, signature_moment_flag are agent-inferred proxies per Requirements A.4, not sourced from post-hoc narrative articles (to avoid leakage per Key Focus Area §3)","heuristic based on trophy winners (UCL, World Cup, Euros, Copa) + club prestige tier list operationalized from UEFA coefficient / revenue"
2001,2001,Patrick Vieira,Arsenal,France,2,2,2,0,,"{""tier"": 2, ""score"": 2, ""matched"": ""Arsenal"", ""raw"": ""Arsenal""}","club_prestige_tier, market_size_proxy, signature_moment_flag are agent-inferred proxies per Requirements A.4, not sourced from post-hoc narrative articles (to avoid leakage per Key Focus Area §3)","heuristic based on trophy winners (UCL, World Cup, Euros, Copa) + club prestige tier list operationalized from UEFA coefficient / revenue"
2001,2001,Eric Carrière,Nantes,France,3,1,1,0,,"{""tier"": 3, ""score"": 1, ""matched"": ""other"", ""raw"": ""Nantes""}","club_prestige_tier, market_size_proxy, signature_moment_flag are agent-inferred proxies per Requirements A.4, not sourced from post-hoc narrative articles (to avoid leakage per Key Focus Area §3)","heuristic based on trophy winners (UCL, World Cup, Euros, Copa) + club prestige tier list operationalized from UEFA coefficient / revenue"
2002,2002,Ronaldo,Internazionale Real Madrid,Brazil,1,3,3,1,WorldCup winner 2002 country Brazil matches player's nation Brazil,"{""tier"": 1, ""score"": 3, ""matched"": ""Internazionale"", ""raw"": ""Internazionale Real Madrid""}","club_prestige_tier, market_size_proxy, signature_moment_flag are agent-inferred proxies per Requirements A.4, not sourced from post-hoc narrative articles (to avoid leakage per Key Focus Area §3)","heuristic based on trophy winners (UCL, World Cup, Euros, Copa) + club prestige tier list operationalized from UEFA coefficient / revenue"
2002,2002,Roberto Carlos,Real Madrid,Brazil,1,3,3,1,WorldCup winner 2002 country Brazil matches player's nation Brazil,"{""tier"": 1, ""score"": 3, ""matched"": ""Real Madrid"", ""raw"": ""Real Madrid""}","club_prestige_tier, market_size_proxy, signature_moment_flag are agent-inferred proxies per Requirements A.4, not sourced from post-hoc narrative articles (to avoid leakage per Key Focus Area §3)","heuristic based on trophy winners (UCL, World Cup, Euros, Copa) + club prestige tier list operationalized from UEFA coefficient / revenue"
2002,2002,Oliver Kahn,Bayern Munich,Germany,1,3,3,0,,"{""tier"": 1, ""score"": 3, ""matched"": ""Bayern Munich"", ""raw"": ""Bayern Munich""}","club_prestige_tier, market_size_proxy, signature_moment_flag are agent-inferred proxies per Requirements A.4, not sourced from post-hoc narrative articles (to avoid leakage per Key Focus Area §3)","heuristic based on trophy winners (UCL, World Cup, Euros, Copa) + club prestige tier list operationalized from UEFA coefficient / revenue"
2002,2002,Zinedine Zidane,Real Madrid,France,1,3,3,0,,"{""tier"": 1, ""score"": 3, ""matched"": ""Real Madrid"", ""raw"": ""Real Madrid""}","club_prestige_tier, market_size_proxy, signature_moment_flag are agent-inferred proxies per Requirements A.4, not sourced from post-hoc narrative articles (to avoid leakage per Key Focus Area §3)","heuristic based on trophy winners (UCL, World Cup, Euros, Copa) + club prestige tier list operationalized from UEFA coefficient / revenue"
2002,2002,Michael Ballack,Bayer Leverkusen Bayern Munich,Germany,1,3,3,0,,"{""tier"": 1, ""score"": 3, ""matched"": ""Bayern Munich"", ""raw"": ""Bayer Leverkusen Bayern Munich""}","club_prestige_tier, market_size_proxy, signature_moment_flag are agent-inferred proxies per Requirements A.4, not sourced from post-hoc narrative articles (to avoid leakage per Key Focus Area §3)","heuristic based on trophy winners (UCL, World Cup, Euros, Copa) + club prestige tier list operationalized from UEFA coefficient / revenue"
2002,2002,Thierry Henry,Arsenal,France,2,2,2,0,,"{""tier"": 2, ""score"": 2, ""matched"": ""Arsenal"", ""raw"": ""Arsenal""}","club_prestige_tier, market_size_proxy, signature_moment_flag are agent-inferred proxies per Requirements A.4, not sourced from post-hoc narrative articles (to avoid leakage per Key Focus Area §3)","heuristic based on trophy winners (UCL, World Cup, Euros, Copa) + club prestige tier list operationalized from UEFA coefficient / revenue"
2002,2002,Raúl,Real Madrid,Spain,1,3,3,0,,"{""tier"": 1, ""score"": 3, ""matched"": ""Real Madrid"", ""raw"": ""Real Madrid""}","club_prestige_tier, market_size_proxy, signature_moment_flag are agent-inferred proxies per Requirements A.4, not sourced from post-hoc narrative articles (to avoid leakage per Key Focus Area §3)","heuristic based on trophy winners (UCL, World Cup, Euros, Copa) + club prestige tier list operationalized from UEFA coefficient / revenue"
2002,2002,Rivaldo,Barcelona Milan,Brazil,1,3,3,1,UCL winner 2002 club Milan matches player's club Barcelona Milan; WorldCup winner 2002 country Brazil matches player's nation Brazil,"{""tier"": 1, ""score"": 3, ""matched"": ""Milan"", ""raw"": ""Barcelona Milan""}","club_prestige_tier, market_size_proxy, signature_moment_flag are agent-inferred proxies per Requirements A.4, not sourced from post-hoc narrative articles (to avoid leakage per Key Focus Area §3)","heuristic based on trophy winners (UCL, World Cup, Euros, Copa) + club prestige tier list operationalized from UEFA coefficient / revenue"
2002,2002,Yıldıray Baştürk,Bayer Leverkusen,Turkey,2,2,2,0,,"{""tier"": 2, ""score"": 2, ""matched"": ""Bayer Leverkusen"", ""raw"": ""Bayer Leverkusen""}","club_prestige_tier, market_size_proxy, signature_moment_flag are agent-inferred proxies per Requirements A.4, not sourced from post-hoc narrative articles (to avoid leakage per Key Focus Area §3)","heuristic based on trophy winners (UCL, World Cup, Euros, Copa) + club prestige tier list operationalized from UEFA coefficient / revenue"
2002,2002,Alessandro Del Piero,Juventus,Italy,1,3,3,0,,"{""tier"": 1, ""score"": 3, ""matched"": ""Juventus"", ""raw"": ""Juventus""}","club_prestige_tier, market_size_proxy, signature_moment_flag are agent-inferred proxies per Requirements A.4, not sourced from post-hoc narrative articles (to avoid leakage per Key Focus Area §3)","heuristic based on trophy winners (UCL, World Cup, Euros, Copa) + club prestige tier list operationalized from UEFA coefficient / revenue"
2002,2002,Hasan Şaş,Galatasaray,Turkey,3,1,1,0,,"{""tier"": 3, ""score"": 1, ""matched"": ""other"", ""raw"": ""Galatasaray""}","club_prestige_tier, market_size_proxy, signature_moment_flag are agent-inferred proxies per Requirements A.4, not sourced from post-hoc narrative articles (to avoid leakage per Key Focus Area §3)","heuristic based on trophy winners (UCL, World Cup, Euros, Copa) + club prestige tier list operationalized from UEFA coefficient / revenue"
2002,2002,Ronaldinho,Paris Saint-Germain,Brazil,1,3,3,1,WorldCup winner 2002 country Brazil matches player's nation Brazil,"{""tier"": 1, ""score"": 3, ""matched"": ""Paris Saint-Germain"", ""raw"": ""Paris Saint-Germain""}","club_prestige_tier, market_size_proxy, signature_moment_flag are agent-inferred proxies per Requirements A.4, not sourced from post-hoc narrative articles (to avoid leakage per Key Focus Area §3)","heuristic based on trophy winners (UCL, World Cup, Euros, Copa) + club prestige tier list operationalized from UEFA coefficient / revenue"
2002,2002,Michael Owen,Liverpool,England,1,3,3,0,,"{""tier"": 1, ""score"": 3, ""matched"": ""Liverpool"", ""raw"": ""Liverpool""}","club_prestige_tier, market_size_proxy, signature_moment_flag are agent-inferred proxies per Requirements A.4, not sourced from post-hoc narrative articles (to avoid leakage per Key Focus Area §3)","heuristic based on trophy winners (UCL, World Cup, Euros, Copa) + club prestige tier list operationalized from UEFA coefficient / revenue"
2002,2002,Ruud van Nistelrooy,Manchester United,Netherlands,1,3,3,0,,"{""tier"": 1, ""score"": 3, ""matched"": ""Manchester United"", ""raw"": ""Manchester United""}","club_prestige_tier, market_size_proxy, signature_moment_flag are agent-inferred proxies per Requirements A.4, not sourced from post-hoc narrative articles (to avoid leakage per Key Focus Area §3)","heuristic based on trophy winners (UCL, World Cup, Euros, Copa) + club prestige tier list operationalized from UEFA coefficient / revenue"
2002,2002,Bernd Schneider,Bayer Leverkusen,Germany,2,2,2,0,,"{""tier"": 2, ""score"": 2, ""matched"": ""Bayer Leverkusen"", ""raw"": ""Bayer Leverkusen""}","club_prestige_tier, market_size_proxy, signature_moment_flag are agent-inferred proxies per Requirements A.4, not sourced from post-hoc narrative articles (to avoid leakage per Key Focus Area §3)","heuristic based on trophy winners (UCL, World Cup, Euros, Copa) + club prestige tier list operationalized from UEFA coefficient / revenue"
2002,2002,Juan Carlos Valerón,Deportivo La Coruña,Spain,3,1,1,0,,"{""tier"": 3, ""score"": 1, ""matched"": ""other"", ""raw"": ""Deportivo La Coru\u00f1a""}","club_prestige_tier, market_size_proxy, signature_moment_flag are agent-inferred proxies per Requirements A.4, not sourced from post-hoc narrative articles (to avoid leakage per Key Focus Area §3)","heuristic based on trophy winners (UCL, World Cup, Euros, Copa) + club prestige tier list operationalized from UEFA coefficient / revenue"
2002,2002,Cafu,Roma,Brazil,2,2,2,1,WorldCup winner 2002 country Brazil matches player's nation Brazil,"{""tier"": 2, ""score"": 2, ""matched"": ""Roma"", ""raw"": ""Roma""}","club_prestige_tier, market_size_proxy, signature_moment_flag are agent-inferred proxies per Requirements A.4, not sourced from post-hoc narrative articles (to avoid leakage per Key Focus Area §3)","heuristic based on trophy winners (UCL, World Cup, Euros, Copa) + club prestige tier list operationalized from UEFA coefficient / revenue"
2002,2002,Patrick Vieira,Arsenal,France,2,2,2,0,,"{""tier"": 2, ""score"": 2, ""matched"": ""Arsenal"", ""raw"": ""Arsenal""}","club_prestige_tier, market_size_proxy, signature_moment_flag are agent-inferred proxies per Requirements A.4, not sourced from post-hoc narrative articles (to avoid leakage per Key Focus Area §3)","heuristic based on trophy winners (UCL, World Cup, Euros, Copa) + club prestige tier list operationalized from UEFA coefficient / revenue"
2002,2002,Lúcio,Bayer Leverkusen,Brazil,2,2,2,1,WorldCup winner 2002 country Brazil matches player's nation Brazil,"{""tier"": 2, ""score"": 2, ""matched"": ""Bayer Leverkusen"", ""raw"": ""Bayer Leverkusen""}","club_prestige_tier, market_size_proxy, signature_moment_flag are agent-inferred proxies per Requirements A.4, not sourced from post-hoc narrative articles (to avoid leakage per Key Focus Area §3)","heuristic based on trophy winners (UCL, World Cup, Euros, Copa) + club prestige tier list operationalized from UEFA coefficient / revenue"
2002,2002,Luís Figo,Real Madrid,Portugal,1,3,3,0,,"{""tier"": 1, ""score"": 3, ""matched"": ""Real Madrid"", ""raw"": ""Real Madrid""}","club_prestige_tier, market_size_proxy, signature_moment_flag are agent-inferred proxies per Requirements A.4, not sourced from post-hoc narrative articles (to avoid leakage per Key Focus Area §3)","heuristic based on trophy winners (UCL, World Cup, Euros, Copa) + club prestige tier list operationalized from UEFA coefficient / revenue"
2002,2002,Papa Bouba Diop,Lens,Senegal,3,1,1,0,,"{""tier"": 3, ""score"": 1, ""matched"": ""other"", ""raw"": ""Lens""}","club_prestige_tier, market_size_proxy, signature_moment_flag are agent-inferred proxies per Requirements A.4, not sourced from post-hoc narrative articles (to avoid leakage per Key Focus Area §3)","heuristic based on trophy winners (UCL, World Cup, Euros, Copa) + club prestige tier list operationalized from UEFA coefficient / revenue"
2002,2002,El Hadji Diouf,Lens Liverpool,Senegal,1,3,3,0,,"{""tier"": 1, ""score"": 3, ""matched"": ""Liverpool"", ""raw"": ""Lens Liverpool""}","club_prestige_tier, market_size_proxy, signature_moment_flag are agent-inferred proxies per Requirements A.4, not sourced from post-hoc narrative articles (to avoid leakage per Key Focus Area §3)","heuristic based on trophy winners (UCL, World Cup, Euros, Copa) + club prestige tier list operationalized from UEFA coefficient / revenue"
2002,2002,Rio Ferdinand,Leeds United Manchester United,England,1,3,3,0,,"{""tier"": 1, ""score"": 3, ""matched"": ""Manchester United"", ""raw"": ""Leeds United Manchester United""}","club_prestige_tier, market_size_proxy, signature_moment_flag are agent-inferred proxies per Requirements A.4, not sourced from post-hoc narrative articles (to avoid leakage per Key Focus Area §3)","heuristic based on trophy winners (UCL, World Cup, Euros, Copa) + club prestige tier list operationalized from UEFA coefficient / revenue"
2002,2002,Rubén Baraja,Valencia,Spain,2,2,2,0,,"{""tier"": 2, ""score"": 2, ""matched"": ""Valencia"", ""raw"": ""Valencia""}","club_prestige_tier, market_size_proxy, signature_moment_flag are agent-inferred proxies per Requirements A.4, not sourced from post-hoc narrative articles (to avoid leakage per Key Focus Area §3)","heuristic based on trophy winners (UCL, World Cup, Euros, Copa) + club prestige tier list operationalized from UEFA coefficient / revenue"
2002,2002,Filippo Inzaghi,Milan,Italy,1,3,3,1,UCL winner 2002 club Milan matches player's club Milan,"{""tier"": 1, ""score"": 3, ""matched"": ""Milan"", ""raw"": ""Milan""}","club_prestige_tier, market_size_proxy, signature_moment_flag are agent-inferred proxies per Requirements A.4, not sourced from post-hoc narrative articles (to avoid leakage per Key Focus Area §3)","heuristic based on trophy winners (UCL, World Cup, Euros, Copa) + club prestige tier list operationalized from UEFA coefficient / revenue"
2002,2002,Roy Makaay,Deportivo La Coruña,Netherlands,3,1,1,0,,"{""tier"": 3, ""score"": 1, ""matched"": ""other"", ""raw"": ""Deportivo La Coru\u00f1a""}","club_prestige_tier, market_size_proxy, signature_moment_flag are agent-inferred proxies per Requirements A.4, not sourced from post-hoc narrative articles (to avoid leakage per Key Focus Area §3)","heuristic based on trophy winners (UCL, World Cup, Euros, Copa) + club prestige tier list operationalized from UEFA coefficient / revenue"
2003,2003,Pavel Nedvěd,Juventus,Czech Republic,1,3,3,0,,"{""tier"": 1, ""score"": 3, ""matched"": ""Juventus"", ""raw"": ""Juventus""}","club_prestige_tier, market_size_proxy, signature_moment_flag are agent-inferred proxies per Requirements A.4, not sourced from post-hoc narrative articles (to avoid leakage per Key Focus Area §3)","heuristic based on trophy winners (UCL, World Cup, Euros, Copa) + club prestige tier list operationalized from UEFA coefficient / revenue"
2003,2003,Thierry Henry,Arsenal,France,2,2,2,0,,"{""tier"": 2, ""score"": 2, ""matched"": ""Arsenal"", ""raw"": ""Arsenal""}","club_prestige_tier, market_size_proxy, signature_moment_flag are agent-inferred proxies per Requirements A.4, not sourced from post-hoc narrative articles (to avoid leakage per Key Focus Area §3)","heuristic based on trophy winners (UCL, World Cup, Euros, Copa) + club prestige tier list operationalized from UEFA coefficient / revenue"
2003,2003,Paolo Maldini,Milan,Italy,1,3,3,0,,"{""tier"": 1, ""score"": 3, ""matched"": ""Milan"", ""raw"": ""Milan""}","club_prestige_tier, market_size_proxy, signature_moment_flag are agent-inferred proxies per Requirements A.4, not sourced from post-hoc narrative articles (to avoid leakage per Key Focus Area §3)","heuristic based on trophy winners (UCL, World Cup, Euros, Copa) + club prestige tier list operationalized from UEFA coefficient / revenue"
2003,2003,Andriy Shevchenko,Milan,Ukraine,1,3,3,0,,"{""tier"": 1, ""score"": 3, ""matched"": ""Milan"", ""raw"": ""Milan""}","club_prestige_tier, market_size_proxy, signature_moment_flag are agent-inferred proxies per Requirements A.4, not sourced from post-hoc narrative articles (to avoid leakage per Key Focus Area §3)","heuristic based on trophy winners (UCL, World Cup, Euros, Copa) + club prestige tier list operationalized from UEFA coefficient / revenue"
2003,2003,Zinedine Zidane,Real Madrid,France,1,3,3,0,,"{""tier"": 1, ""score"": 3, ""matched"": ""Real Madrid"", ""raw"": ""Real Madrid""}","club_prestige_tier, market_size_proxy, signature_moment_flag are agent-inferred proxies per Requirements A.4, not sourced from post-hoc narrative articles (to avoid leakage per Key Focus Area §3)","heuristic based on trophy winners (UCL, World Cup, Euros, Copa) + club prestige tier list operationalized from UEFA coefficient / revenue"
2003,2003,Ruud van Nistelrooy,Manchester United,Netherlands,1,3,3,0,,"{""tier"": 1, ""score"": 3, ""matched"": ""Manchester United"", ""raw"": ""Manchester United""}","club_prestige_tier, market_size_proxy, signature_moment_flag are agent-inferred proxies per Requirements A.4, not sourced from post-hoc narrative articles (to avoid leakage per Key Focus Area §3)","heuristic based on trophy winners (UCL, World Cup, Euros, Copa) + club prestige tier list operationalized from UEFA coefficient / revenue"
2003,2003,Raúl,Real Madrid,Spain,1,3,3,0,,"{""tier"": 1, ""score"": 3, ""matched"": ""Real Madrid"", ""raw"": ""Real Madrid""}","club_prestige_tier, market_size_proxy, signature_moment_flag are agent-inferred proxies per Requirements A.4, not sourced from post-hoc narrative articles (to avoid leakage per Key Focus Area §3)","heuristic based on trophy winners (UCL, World Cup, Euros, Copa) + club prestige tier list operationalized from UEFA coefficient / revenue"
2003,2003,Roberto Carlos,Real Madrid,Brazil,1,3,3,0,,"{""tier"": 1, ""score"": 3, ""matched"": ""Real Madrid"", ""raw"": ""Real Madrid""}","club_prestige_tier, market_size_proxy, signature_moment_flag are agent-inferred proxies per Requirements A.4, not sourced from post-hoc narrative articles (to avoid leakage per Key Focus Area §3)","heuristic based on trophy winners (UCL, World Cup, Euros, Copa) + club prestige tier list operationalized from UEFA coefficient / revenue"
2003,2003,Gianluigi Buffon,Juventus,Italy,1,3,3,0,,"{""tier"": 1, ""score"": 3, ""matched"": ""Juventus"", ""raw"": ""Juventus""}","club_prestige_tier, market_size_proxy, signature_moment_flag are agent-inferred proxies per Requirements A.4, not sourced from post-hoc narrative articles (to avoid leakage per Key Focus Area §3)","heuristic based on trophy winners (UCL, World Cup, Euros, Copa) + club prestige tier list operationalized from UEFA coefficient / revenue"
2003,2003,David Beckham,Manchester United Real Madrid,England,1,3,3,0,,"{""tier"": 1, ""score"": 3, ""matched"": ""Manchester United"", ""raw"": ""Manchester United Real Madrid""}","club_prestige_tier, market_size_proxy, signature_moment_flag are agent-inferred proxies per Requirements A.4, not sourced from post-hoc narrative articles (to avoid leakage per Key Focus Area §3)","heuristic based on trophy winners (UCL, World Cup, Euros, Copa) + club prestige tier list operationalized from UEFA coefficient / revenue"
2003,2003,Ronaldo,Real Madrid,Brazil,1,3,3,0,,"{""tier"": 1, ""score"": 3, ""matched"": ""Real Madrid"", ""raw"": ""Real Madrid""}","club_prestige_tier, market_size_proxy, signature_moment_flag are agent-inferred proxies per Requirements A.4, not sourced from post-hoc narrative articles (to avoid leakage per Key Focus Area §3)","heuristic based on trophy winners (UCL, World Cup, Euros, Copa) + club prestige tier list operationalized from UEFA coefficient / revenue"
2003,2003,Henrik Larsson,Celtic,Sweden,3,1,1,0,,"{""tier"": 3, ""score"": 1, ""matched"": ""other"", ""raw"": ""Celtic""}","club_prestige_tier, market_size_proxy, signature_moment_flag are agent-inferred proxies per Requirements A.4, not sourced from post-hoc narrative articles (to avoid leakage per Key Focus Area §3)","heuristic based on trophy winners (UCL, World Cup, Euros, Copa) + club prestige tier list operationalized from UEFA coefficient / revenue"
2003,2003,Alessandro Del Piero,Juventus,Italy,1,3,3,0,,"{""tier"": 1, ""score"": 3, ""matched"": ""Juventus"", ""raw"": ""Juventus""}","club_prestige_tier, market_size_proxy, signature_moment_flag are agent-inferred proxies per Requirements A.4, not sourced from post-hoc narrative articles (to avoid leakage per Key Focus Area §3)","heuristic based on trophy winners (UCL, World Cup, Euros, Copa) + club prestige tier list operationalized from UEFA coefficient / revenue"
2003,2003,Dida,Milan,Brazil,1,3,3,0,,"{""tier"": 1, ""score"": 3, ""matched"": ""Milan"", ""raw"": ""Milan""}","club_prestige_tier, market_size_proxy, signature_moment_flag are agent-inferred proxies per Requirements A.4, not sourced from post-hoc narrative articles (to avoid leakage per Key Focus Area §3)","heuristic based on trophy winners (UCL, World Cup, Euros, Copa) + club prestige tier list operationalized from UEFA coefficient / revenue"
2003,2003,Roy Makaay,Deportivo La Coruña Bayern Munich,Netherlands,1,3,3,0,,"{""tier"": 1, ""score"": 3, ""matched"": ""Bayern Munich"", ""raw"": ""Deportivo La Coru\u00f1a Bayern Munich""}","club_prestige_tier, market_size_proxy, signature_moment_flag are agent-inferred proxies per Requirements A.4, not sourced from post-hoc narrative articles (to avoid leakage per Key Focus Area §3)","heuristic based on trophy winners (UCL, World Cup, Euros, Copa) + club prestige tier list operationalized from UEFA coefficient / revenue"
2003,2003,Alessandro Nesta,Milan,Italy,1,3,3,0,,"{""tier"": 1, ""score"": 3, ""matched"": ""Milan"", ""raw"": ""Milan""}","club_prestige_tier, market_size_proxy, signature_moment_flag are agent-inferred proxies per Requirements A.4, not sourced from post-hoc narrative articles (to avoid leakage per Key Focus Area §3)","heuristic based on trophy winners (UCL, World Cup, Euros, Copa) + club prestige tier list operationalized from UEFA coefficient / revenue"
2003,2003,Deco,Porto,Portugal,2,2,2,1,UCL winner 2003 club Porto matches player's club Porto,"{""tier"": 2, ""score"": 2, ""matched"": ""Porto"", ""raw"": ""Porto""}","club_prestige_tier, market_size_proxy, signature_moment_flag are agent-inferred proxies per Requirements A.4, not sourced from post-hoc narrative articles (to avoid leakage per Key Focus Area §3)","heuristic based on trophy winners (UCL, World Cup, Euros, Copa) + club prestige tier list operationalized from UEFA coefficient / revenue"
2003,2003,Nihat Kahveci,Real Sociedad,Turkey,3,1,1,0,,"{""tier"": 3, ""score"": 1, ""matched"": ""other"", ""raw"": ""Real Sociedad""}","club_prestige_tier, market_size_proxy, signature_moment_flag are agent-inferred proxies per Requirements A.4, not sourced from post-hoc narrative articles (to avoid leakage per Key Focus Area §3)","heuristic based on trophy winners (UCL, World Cup, Euros, Copa) + club prestige tier list operationalized from UEFA coefficient / revenue"
2003,2003,Francesco Totti,Roma,Italy,2,2,2,0,,"{""tier"": 2, ""score"": 2, ""matched"": ""Roma"", ""raw"": ""Roma""}","club_prestige_tier, market_size_proxy, signature_moment_flag are agent-inferred proxies per Requirements A.4, not sourced from post-hoc narrative articles (to avoid leakage per Key Focus Area §3)","heuristic based on trophy winners (UCL, World Cup, Euros, Copa) + club prestige tier list operationalized from UEFA coefficient / revenue"
2003,2003,Michael Ballack,Bayern Munich,Germany,1,3,3,0,,"{""tier"": 1, ""score"": 3, ""matched"": ""Bayern Munich"", ""raw"": ""Bayern Munich""}","club_prestige_tier, market_size_proxy, signature_moment_flag are agent-inferred proxies per Requirements A.4, not sourced from post-hoc narrative articles (to avoid leakage per Key Focus Area §3)","heuristic based on trophy winners (UCL, World Cup, Euros, Copa) + club prestige tier list operationalized from UEFA coefficient / revenue"
2003,2003,Zlatan Ibrahimović,Ajax,Sweden,2,2,2,0,,"{""tier"": 2, ""score"": 2, ""matched"": ""Ajax"", ""raw"": ""Ajax""}","club_prestige_tier, market_size_proxy, signature_moment_flag are agent-inferred proxies per Requirements A.4, not sourced from post-hoc narrative articles (to avoid leakage per Key Focus Area §3)","heuristic based on trophy winners (UCL, World Cup, Euros, Copa) + club prestige tier list operationalized from UEFA coefficient / revenue"
2003,2003,Filippo Inzaghi,Milan,Italy,1,3,3,0,,"{""tier"": 1, ""score"": 3, ""matched"": ""Milan"", ""raw"": ""Milan""}","club_prestige_tier, market_size_proxy, signature_moment_flag are agent-inferred proxies per Requirements A.4, not sourced from post-hoc narrative articles (to avoid leakage per Key Focus Area §3)","heuristic based on trophy winners (UCL, World Cup, Euros, Copa) + club prestige tier list operationalized from UEFA coefficient / revenue"
2003,2003,Jan Koller,Borussia Dortmund,Czech Republic,2,2,2,0,,"{""tier"": 2, ""score"": 2, ""matched"": ""Dortmund"", ""raw"": ""Borussia Dortmund""}","club_prestige_tier, market_size_proxy, signature_moment_flag are agent-inferred proxies per Requirements A.4, not sourced from post-hoc narrative articles (to avoid leakage per Key Focus Area §3)","heuristic based on trophy winners (UCL, World Cup, Euros, Copa) + club prestige tier list operationalized from UEFA coefficient / revenue"
2003,2003,Adrian Mutu,Parma Chelsea,Romania,1,3,3,0,,"{""tier"": 1, ""score"": 3, ""matched"": ""Chelsea"", ""raw"": ""Parma Chelsea""}","club_prestige_tier, market_size_proxy, signature_moment_flag are agent-inferred proxies per Requirements A.4, not sourced from post-hoc narrative articles (to avoid leakage per Key Focus Area §3)","heuristic based on trophy winners (UCL, World Cup, Euros, Copa) + club prestige tier list operationalized from UEFA coefficient / revenue"
2003,2003,Ronaldinho,Paris Saint-Germain Barcelona,Brazil,1,3,3,0,,"{""tier"": 1, ""score"": 3, ""matched"": ""Paris Saint-Germain"", ""raw"": ""Paris Saint-Germain Barcelona""}","club_prestige_tier, market_size_proxy, signature_moment_flag are agent-inferred proxies per Requirements A.4, not sourced from post-hoc narrative articles (to avoid leakage per Key Focus Area §3)","heuristic based on trophy winners (UCL, World Cup, Euros, Copa) + club prestige tier list operationalized from UEFA coefficient / revenue"
2003,2003,Francesco Toldo,Internazionale,Italy,1,3,3,0,,"{""tier"": 1, ""score"": 3, ""matched"": ""Internazionale"", ""raw"": ""Internazionale""}","club_prestige_tier, market_size_proxy, signature_moment_flag are agent-inferred proxies per Requirements A.4, not sourced from post-hoc narrative articles (to avoid leakage per Key Focus Area §3)","heuristic based on trophy winners (UCL, World Cup, Euros, Copa) + club prestige tier list operationalized from UEFA coefficient / revenue"
2004,2004,Andriy Shevchenko,Milan,Ukraine,1,3,3,0,,"{""tier"": 1, ""score"": 3, ""matched"": ""Milan"", ""raw"": ""Milan""}","club_prestige_tier, market_size_proxy, signature_moment_flag are agent-inferred proxies per Requirements A.4, not sourced from post-hoc narrative articles (to avoid leakage per Key Focus Area §3)","heuristic based on trophy winners (UCL, World Cup, Euros, Copa) + club prestige tier list operationalized from UEFA coefficient / revenue"
2004,2004,Deco,Porto Barcelona,Portugal,1,3,3,0,,"{""tier"": 1, ""score"": 3, ""matched"": ""Barcelona"", ""raw"": ""Porto Barcelona""}","club_prestige_tier, market_size_proxy, signature_moment_flag are agent-inferred proxies per Requirements A.4, not sourced from post-hoc narrative articles (to avoid leakage per Key Focus Area §3)","heuristic based on trophy winners (UCL, World Cup, Euros, Copa) + club prestige tier list operationalized from UEFA coefficient / revenue"
2004,2004,Ronaldinho,Barcelona,Brazil,1,3,3,1,CopaAmerica winner 2004 country Brazil matches player's nation Brazil,"{""tier"": 1, ""score"": 3, ""matched"": ""Barcelona"", ""raw"": ""Barcelona""}","club_prestige_tier, market_size_proxy, signature_moment_flag are agent-inferred proxies per Requirements A.4, not sourced from post-hoc narrative articles (to avoid leakage per Key Focus Area §3)","heuristic based on trophy winners (UCL, World Cup, Euros, Copa) + club prestige tier list operationalized from UEFA coefficient / revenue"
2004,2004,Thierry Henry,Arsenal,France,2,2,2,0,,"{""tier"": 2, ""score"": 2, ""matched"": ""Arsenal"", ""raw"": ""Arsenal""}","club_prestige_tier, market_size_proxy, signature_moment_flag are agent-inferred proxies per Requirements A.4, not sourced from post-hoc narrative articles (to avoid leakage per Key Focus Area §3)","heuristic based on trophy winners (UCL, World Cup, Euros, Copa) + club prestige tier list operationalized from UEFA coefficient / revenue"
2004,2004,Theodoros Zagorakis,AEK Athens Bologna,Greece,3,1,1,1,Euros winner 2004 country Greece matches player's nation Greece,"{""tier"": 3, ""score"": 1, ""matched"": ""other"", ""raw"": ""AEK Athens Bologna""}","club_prestige_tier, market_size_proxy, signature_moment_flag are agent-inferred proxies per Requirements A.4, not sourced from post-hoc narrative articles (to avoid leakage per Key Focus Area §3)","heuristic based on trophy winners (UCL, World Cup, Euros, Copa) + club prestige tier list operationalized from UEFA coefficient / revenue"
2004,2004,Adriano,Parma Internazionale,Brazil,1,3,3,1,CopaAmerica winner 2004 country Brazil matches player's nation Brazil,"{""tier"": 1, ""score"": 3, ""matched"": ""Internazionale"", ""raw"": ""Parma Internazionale""}","club_prestige_tier, market_size_proxy, signature_moment_flag are agent-inferred proxies per Requirements A.4, not sourced from post-hoc narrative articles (to avoid leakage per Key Focus Area §3)","heuristic based on trophy winners (UCL, World Cup, Euros, Copa) + club prestige tier list operationalized from UEFA coefficient / revenue"
2004,2004,Pavel Nedvěd,Juventus,Czech Republic,1,3,3,0,,"{""tier"": 1, ""score"": 3, ""matched"": ""Juventus"", ""raw"": ""Juventus""}","club_prestige_tier, market_size_proxy, signature_moment_flag are agent-inferred proxies per Requirements A.4, not sourced from post-hoc narrative articles (to avoid leakage per Key Focus Area §3)","heuristic based on trophy winners (UCL, World Cup, Euros, Copa) + club prestige tier list operationalized from UEFA coefficient / revenue"
2004,2004,Wayne Rooney,Everton,England,2,2,2,0,,"{""tier"": 2, ""score"": 2, ""matched"": ""Everton"", ""raw"": ""Everton""}","club_prestige_tier, market_size_proxy, signature_moment_flag are agent-inferred proxies per Requirements A.4, not sourced from post-hoc narrative articles (to avoid leakage per Key Focus Area §3)","heuristic based on trophy winners (UCL, World Cup, Euros, Copa) + club prestige tier list operationalized from UEFA coefficient / revenue"
2004,2004,Ricardo Carvalho,Porto Chelsea,Portugal,1,3,3,0,,"{""tier"": 1, ""score"": 3, ""matched"": ""Chelsea"", ""raw"": ""Porto Chelsea""}","club_prestige_tier, market_size_proxy, signature_moment_flag are agent-inferred proxies per Requirements A.4, not sourced from post-hoc narrative articles (to avoid leakage per Key Focus Area §3)","heuristic based on trophy winners (UCL, World Cup, Euros, Copa) + club prestige tier list operationalized from UEFA coefficient / revenue"
2004,2004,Ruud van Nistelrooy,Manchester United,Netherlands,1,3,3,0,,"{""tier"": 1, ""score"": 3, ""matched"": ""Manchester United"", ""raw"": ""Manchester United""}","club_prestige_tier, market_size_proxy, signature_moment_flag are agent-inferred proxies per Requirements A.4, not sourced from post-hoc narrative articles (to avoid leakage per Key Focus Area §3)","heuristic based on trophy winners (UCL, World Cup, Euros, Copa) + club prestige tier list operationalized from UEFA coefficient / revenue"
2004,2004,Angelos Charisteas,Werder Bremen,Greece,3,1,1,1,Euros winner 2004 country Greece matches player's nation Greece,"{""tier"": 3, ""score"": 1, ""matched"": ""other"", ""raw"": ""Werder Bremen""}","club_prestige_tier, market_size_proxy, signature_moment_flag are agent-inferred proxies per Requirements A.4, not sourced from post-hoc narrative articles (to avoid leakage per Key Focus Area §3)","heuristic based on trophy winners (UCL, World Cup, Euros, Copa) + club prestige tier list operationalized from UEFA coefficient / revenue"
2004,2004,Cristiano Ronaldo,Manchester United,Portugal,1,3,3,0,,"{""tier"": 1, ""score"": 3, ""matched"": ""Manchester United"", ""raw"": ""Manchester United""}","club_prestige_tier, market_size_proxy, signature_moment_flag are agent-inferred proxies per Requirements A.4, not sourced from post-hoc narrative articles (to avoid leakage per Key Focus Area §3)","heuristic based on trophy winners (UCL, World Cup, Euros, Copa) + club prestige tier list operationalized from UEFA coefficient / revenue"
2004,2004,Milan Baroš,Liverpool,Czech Republic,1,3,3,1,UCL winner 2004 club Liverpool matches player's club Liverpool,"{""tier"": 1, ""score"": 3, ""matched"": ""Liverpool"", ""raw"": ""Liverpool""}","club_prestige_tier, market_size_proxy, signature_moment_flag are agent-inferred proxies per Requirements A.4, not sourced from post-hoc narrative articles (to avoid leakage per Key Focus Area §3)","heuristic based on trophy winners (UCL, World Cup, Euros, Copa) + club prestige tier list operationalized from UEFA coefficient / revenue"
2004,2004,Zlatan Ibrahimović,Ajax Juventus,Sweden,1,3,3,0,,"{""tier"": 1, ""score"": 3, ""matched"": ""Juventus"", ""raw"": ""Ajax Juventus""}","club_prestige_tier, market_size_proxy, signature_moment_flag are agent-inferred proxies per Requirements A.4, not sourced from post-hoc narrative articles (to avoid leakage per Key Focus Area §3)","heuristic based on trophy winners (UCL, World Cup, Euros, Copa) + club prestige tier list operationalized from UEFA coefficient / revenue"
2004,2004,Samuel Eto'o,Mallorca Barcelona,Cameroon,1,3,3,0,,"{""tier"": 1, ""score"": 3, ""matched"": ""Barcelona"", ""raw"": ""Mallorca Barcelona""}","club_prestige_tier, market_size_proxy, signature_moment_flag are agent-inferred proxies per Requirements A.4, not sourced from post-hoc narrative articles (to avoid leakage per Key Focus Area §3)","heuristic based on trophy winners (UCL, World Cup, Euros, Copa) + club prestige tier list operationalized from UEFA coefficient / revenue"
2004,2004,Kaká,Milan,Brazil,1,3,3,1,CopaAmerica winner 2004 country Brazil matches player's nation Brazil,"{""tier"": 1, ""score"": 3, ""matched"": ""Milan"", ""raw"": ""Milan""}","club_prestige_tier, market_size_proxy, signature_moment_flag are agent-inferred proxies per Requirements A.4, not sourced from post-hoc narrative articles (to avoid leakage per Key Focus Area §3)","heuristic based on trophy winners (UCL, World Cup, Euros, Copa) + club prestige tier list operationalized from UEFA coefficient / revenue"
2004,2004,Traianos Dellas,Roma,Greece,2,2,2,1,Euros winner 2004 country Greece matches player's nation Greece,"{""tier"": 2, ""score"": 2, ""matched"": ""Roma"", ""raw"": ""Roma""}","club_prestige_tier, market_size_proxy, signature_moment_flag are agent-inferred proxies per Requirements A.4, not sourced from post-hoc narrative articles (to avoid leakage per Key Focus Area §3)","heuristic based on trophy winners (UCL, World Cup, Euros, Copa) + club prestige tier list operationalized from UEFA coefficient / revenue"
2004,2004,Fernando Morientes,Monaco Real Madrid,Spain,1,3,3,0,,"{""tier"": 1, ""score"": 3, ""matched"": ""Real Madrid"", ""raw"": ""Monaco Real Madrid""}","club_prestige_tier, market_size_proxy, signature_moment_flag are agent-inferred proxies per Requirements A.4, not sourced from post-hoc narrative articles (to avoid leakage per Key Focus Area §3)","heuristic based on trophy winners (UCL, World Cup, Euros, Copa) + club prestige tier list operationalized from UEFA coefficient / revenue"
2004,2004,Frank Lampard,Chelsea,England,1,3,3,0,,"{""tier"": 1, ""score"": 3, ""matched"": ""Chelsea"", ""raw"": ""Chelsea""}","club_prestige_tier, market_size_proxy, signature_moment_flag are agent-inferred proxies per Requirements A.4, not sourced from post-hoc narrative articles (to avoid leakage per Key Focus Area §3)","heuristic based on trophy winners (UCL, World Cup, Euros, Copa) + club prestige tier list operationalized from UEFA coefficient / revenue"
2004,2004,Didier Drogba,Marseille Chelsea,Ivory Coast,1,3,3,0,,"{""tier"": 1, ""score"": 3, ""matched"": ""Chelsea"", ""raw"": ""Marseille Chelsea""}","club_prestige_tier, market_size_proxy, signature_moment_flag are agent-inferred proxies per Requirements A.4, not sourced from post-hoc narrative articles (to avoid leakage per Key Focus Area §3)","heuristic based on trophy winners (UCL, World Cup, Euros, Copa) + club prestige tier list operationalized from UEFA coefficient / revenue"
2004,2004,Gianluigi Buffon,Juventus,Italy,1,3,3,0,,"{""tier"": 1, ""score"": 3, ""matched"": ""Juventus"", ""raw"": ""Juventus""}","club_prestige_tier, market_size_proxy, signature_moment_flag are agent-inferred proxies per Requirements A.4, not sourced from post-hoc narrative articles (to avoid leakage per Key Focus Area §3)","heuristic based on trophy winners (UCL, World Cup, Euros, Copa) + club prestige tier list operationalized from UEFA coefficient / revenue"
2004,2004,Luís Figo,Real Madrid,Portugal,1,3,3,0,,"{""tier"": 1, ""score"": 3, ""matched"": ""Real Madrid"", ""raw"": ""Real Madrid""}","club_prestige_tier, market_size_proxy, signature_moment_flag are agent-inferred proxies per Requirements A.4, not sourced from post-hoc narrative articles (to avoid leakage per Key Focus Area §3)","heuristic based on trophy winners (UCL, World Cup, Euros, Copa) + club prestige tier list operationalized from UEFA coefficient / revenue"
2004,2004,Zinedine Zidane,Real Madrid,France,1,3,3,0,,"{""tier"": 1, ""score"": 3, ""matched"": ""Real Madrid"", ""raw"": ""Real Madrid""}","club_prestige_tier, market_size_proxy, signature_moment_flag are agent-inferred proxies per Requirements A.4, not sourced from post-hoc narrative articles (to avoid leakage per Key Focus Area §3)","heuristic based on trophy winners (UCL, World Cup, Euros, Copa) + club prestige tier list operationalized from UEFA coefficient / revenue"
2004,2004,Rubén Baraja,Valencia,Spain,2,2,2,0,,"{""tier"": 2, ""score"": 2, ""matched"": ""Valencia"", ""raw"": ""Valencia""}","club_prestige_tier, market_size_proxy, signature_moment_flag are agent-inferred proxies per Requirements A.4, not sourced from post-hoc narrative articles (to avoid leakage per Key Focus Area §3)","heuristic based on trophy winners (UCL, World Cup, Euros, Copa) + club prestige tier list operationalized from UEFA coefficient / revenue"
2004,2004,Ludovic Giuly,Monaco Barcelona,France,1,3,3,0,,"{""tier"": 1, ""score"": 3, ""matched"": ""Barcelona"", ""raw"": ""Monaco Barcelona""}","club_prestige_tier, market_size_proxy, signature_moment_flag are agent-inferred proxies per Requirements A.4, not sourced from post-hoc narrative articles (to avoid leakage per Key Focus Area §3)","heuristic based on trophy winners (UCL, World Cup, Euros, Copa) + club prestige tier list operationalized from UEFA coefficient / revenue"
2004,2004,Maniche,Porto,Portugal,2,2,2,0,,"{""tier"": 2, ""score"": 2, ""matched"": ""Porto"", ""raw"": ""Porto""}","club_prestige_tier, market_size_proxy, signature_moment_flag are agent-inferred proxies per Requirements A.4, not sourced from post-hoc narrative articles (to avoid leakage per Key Focus Area §3)","heuristic based on trophy winners (UCL, World Cup, Euros, Copa) + club prestige tier list operationalized from UEFA coefficient / revenue"
2004,2004,Antonios Nikopolidis,Panathinaikos Olympiacos,Greece,3,1,1,1,Euros winner 2004 country Greece matches player's nation Greece,"{""tier"": 3, ""score"": 1, ""matched"": ""other"", ""raw"": ""Panathinaikos Olympiacos""}","club_prestige_tier, market_size_proxy, signature_moment_flag are agent-inferred proxies per Requirements A.4, not sourced from post-hoc narrative articles (to avoid leakage per Key Focus Area §3)","heuristic based on trophy winners (UCL, World Cup, Euros, Copa) + club prestige tier list operationalized from UEFA coefficient / revenue"
2004,2004,Paolo Maldini,Milan,Italy,1,3,3,0,,"{""tier"": 1, ""score"": 3, ""matched"": ""Milan"", ""raw"": ""Milan""}","club_prestige_tier, market_size_proxy, signature_moment_flag are agent-inferred proxies per Requirements A.4, not sourced from post-hoc narrative articles (to avoid leakage per Key Focus Area §3)","heuristic based on trophy winners (UCL, World Cup, Euros, Copa) + club prestige tier list operationalized from UEFA coefficient / revenue"
2004,2004,Vicente,Valencia,Spain,2,2,2,0,,"{""tier"": 2, ""score"": 2, ""matched"": ""Valencia"", ""raw"": ""Valencia""}","club_prestige_tier, market_size_proxy, signature_moment_flag are agent-inferred proxies per Requirements A.4, not sourced from post-hoc narrative articles (to avoid leakage per Key Focus Area §3)","heuristic based on trophy winners (UCL, World Cup, Euros, Copa) + club prestige tier list operationalized from UEFA coefficient / revenue"
2005,2005,Ronaldinho,Barcelona,Brazil,1,3,3,1,UCL winner 2005 club Barcelona matches player's club Barcelona,"{""tier"": 1, ""score"": 3, ""matched"": ""Barcelona"", ""raw"": ""Barcelona""}","club_prestige_tier, market_size_proxy, signature_moment_flag are agent-inferred proxies per Requirements A.4, not sourced from post-hoc narrative articles (to avoid leakage per Key Focus Area §3)","heuristic based on trophy winners (UCL, World Cup, Euros, Copa) + club prestige tier list operationalized from UEFA coefficient / revenue"
2005,2005,Frank Lampard,Chelsea,England,1,3,3,0,,"{""tier"": 1, ""score"": 3, ""matched"": ""Chelsea"", ""raw"": ""Chelsea""}","club_prestige_tier, market_size_proxy, signature_moment_flag are agent-inferred proxies per Requirements A.4, not sourced from post-hoc narrative articles (to avoid leakage per Key Focus Area §3)","heuristic based on trophy winners (UCL, World Cup, Euros, Copa) + club prestige tier list operationalized from UEFA coefficient / revenue"
2005,2005,Steven Gerrard,Liverpool,England,1,3,3,0,,"{""tier"": 1, ""score"": 3, ""matched"": ""Liverpool"", ""raw"": ""Liverpool""}","club_prestige_tier, market_size_proxy, signature_moment_flag are agent-inferred proxies per Requirements A.4, not sourced from post-hoc narrative articles (to avoid leakage per Key Focus Area §3)","heuristic based on trophy winners (UCL, World Cup, Euros, Copa) + club prestige tier list operationalized from UEFA coefficient / revenue"
2005,2005,Thierry Henry,Arsenal,France,2,2,2,0,,"{""tier"": 2, ""score"": 2, ""matched"": ""Arsenal"", ""raw"": ""Arsenal""}","club_prestige_tier, market_size_proxy, signature_moment_flag are agent-inferred proxies per Requirements A.4, not sourced from post-hoc narrative articles (to avoid leakage per Key Focus Area §3)","heuristic based on trophy winners (UCL, World Cup, Euros, Copa) + club prestige tier list operationalized from UEFA coefficient / revenue"
2005,2005,Andriy Shevchenko,Milan,Ukraine,1,3,3,0,,"{""tier"": 1, ""score"": 3, ""matched"": ""Milan"", ""raw"": ""Milan""}","club_prestige_tier, market_size_proxy, signature_moment_flag are agent-inferred proxies per Requirements A.4, not sourced from post-hoc narrative articles (to avoid leakage per Key Focus Area §3)","heuristic based on trophy winners (UCL, World Cup, Euros, Copa) + club prestige tier list operationalized from UEFA coefficient / revenue"
2005,2005,Paolo Maldini,Milan,Italy,1,3,3,0,,"{""tier"": 1, ""score"": 3, ""matched"": ""Milan"", ""raw"": ""Milan""}","club_prestige_tier, market_size_proxy, signature_moment_flag are agent-inferred proxies per Requirements A.4, not sourced from post-hoc narrative articles (to avoid leakage per Key Focus Area §3)","heuristic based on trophy winners (UCL, World Cup, Euros, Copa) + club prestige tier list operationalized from UEFA coefficient / revenue"
2005,2005,Adriano,Internazionale,Brazil,1,3,3,0,,"{""tier"": 1, ""score"": 3, ""matched"": ""Internazionale"", ""raw"": ""Internazionale""}","club_prestige_tier, market_size_proxy, signature_moment_flag are agent-inferred proxies per Requirements A.4, not sourced from post-hoc narrative articles (to avoid leakage per Key Focus Area §3)","heuristic based on trophy winners (UCL, World Cup, Euros, Copa) + club prestige tier list operationalized from UEFA coefficient / revenue"
2005,2005,Zlatan Ibrahimović,Juventus,Sweden,1,3,3,0,,"{""tier"": 1, ""score"": 3, ""matched"": ""Juventus"", ""raw"": ""Juventus""}","club_prestige_tier, market_size_proxy, signature_moment_flag are agent-inferred proxies per Requirements A.4, not sourced from post-hoc narrative articles (to avoid leakage per Key Focus Area §3)","heuristic based on trophy winners (UCL, World Cup, Euros, Copa) + club prestige tier list operationalized from UEFA coefficient / revenue"
2005,2005,Kaká,Milan,Brazil,1,3,3,0,,"{""tier"": 1, ""score"": 3, ""matched"": ""Milan"", ""raw"": ""Milan""}","club_prestige_tier, market_size_proxy, signature_moment_flag are agent-inferred proxies per Requirements A.4, not sourced from post-hoc narrative articles (to avoid leakage per Key Focus Area §3)","heuristic based on trophy winners (UCL, World Cup, Euros, Copa) + club prestige tier list operationalized from UEFA coefficient / revenue"
2005,2005,Samuel Eto'o,Barcelona,Cameroon,1,3,3,1,UCL winner 2005 club Barcelona matches player's club Barcelona,"{""tier"": 1, ""score"": 3, ""matched"": ""Barcelona"", ""raw"": ""Barcelona""}","club_prestige_tier, market_size_proxy, signature_moment_flag are agent-inferred proxies per Requirements A.4, not sourced from post-hoc narrative articles (to avoid leakage per Key Focus Area §3)","heuristic based on trophy winners (UCL, World Cup, Euros, Copa) + club prestige tier list operationalized from UEFA coefficient / revenue"
2005,2005,John Terry,Chelsea,England,1,3,3,0,,"{""tier"": 1, ""score"": 3, ""matched"": ""Chelsea"", ""raw"": ""Chelsea""}","club_prestige_tier, market_size_proxy, signature_moment_flag are agent-inferred proxies per Requirements A.4, not sourced from post-hoc narrative articles (to avoid leakage per Key Focus Area §3)","heuristic based on trophy winners (UCL, World Cup, Euros, Copa) + club prestige tier list operationalized from UEFA coefficient / revenue"
2005,2005,Juninho,Lyon,Brazil,2,2,2,0,,"{""tier"": 2, ""score"": 2, ""matched"": ""Lyon"", ""raw"": ""Lyon""}","club_prestige_tier, market_size_proxy, signature_moment_flag are agent-inferred proxies per Requirements A.4, not sourced from post-hoc narrative articles (to avoid leakage per Key Focus Area §3)","heuristic based on trophy winners (UCL, World Cup, Euros, Copa) + club prestige tier list operationalized from UEFA coefficient / revenue"
2005,2005,Claude Makélélé,Chelsea,France,1,3,3,0,,"{""tier"": 1, ""score"": 3, ""matched"": ""Chelsea"", ""raw"": ""Chelsea""}","club_prestige_tier, market_size_proxy, signature_moment_flag are agent-inferred proxies per Requirements A.4, not sourced from post-hoc narrative articles (to avoid leakage per Key Focus Area §3)","heuristic based on trophy winners (UCL, World Cup, Euros, Copa) + club prestige tier list operationalized from UEFA coefficient / revenue"
2005,2005,Juan Román Riquelme,Villarreal,Argentina,2,2,2,0,,"{""tier"": 2, ""score"": 2, ""matched"": ""Villarreal"", ""raw"": ""Villarreal""}","club_prestige_tier, market_size_proxy, signature_moment_flag are agent-inferred proxies per Requirements A.4, not sourced from post-hoc narrative articles (to avoid leakage per Key Focus Area §3)","heuristic based on trophy winners (UCL, World Cup, Euros, Copa) + club prestige tier list operationalized from UEFA coefficient / revenue"
2005,2005,Petr Čech,Chelsea,Czech Republic,1,3,3,0,,"{""tier"": 1, ""score"": 3, ""matched"": ""Chelsea"", ""raw"": ""Chelsea""}","club_prestige_tier, market_size_proxy, signature_moment_flag are agent-inferred proxies per Requirements A.4, not sourced from post-hoc narrative articles (to avoid leakage per Key Focus Area §3)","heuristic based on trophy winners (UCL, World Cup, Euros, Copa) + club prestige tier list operationalized from UEFA coefficient / revenue"
2005,2005,Didier Drogba,Chelsea,Ivory Coast,1,3,3,0,,"{""tier"": 1, ""score"": 3, ""matched"": ""Chelsea"", ""raw"": ""Chelsea""}","club_prestige_tier, market_size_proxy, signature_moment_flag are agent-inferred proxies per Requirements A.4, not sourced from post-hoc narrative articles (to avoid leakage per Key Focus Area §3)","heuristic based on trophy winners (UCL, World Cup, Euros, Copa) + club prestige tier list operationalized from UEFA coefficient / revenue"
2005,2005,Michael Ballack,Bayern Munich,Germany,1,3,3,0,,"{""tier"": 1, ""score"": 3, ""matched"": ""Bayern Munich"", ""raw"": ""Bayern Munich""}","club_prestige_tier, market_size_proxy, signature_moment_flag are agent-inferred proxies per Requirements A.4, not sourced from post-hoc narrative articles (to avoid leakage per Key Focus Area §3)","heuristic based on trophy winners (UCL, World Cup, Euros, Copa) + club prestige tier list operationalized from UEFA coefficient / revenue"
2005,2005,Zinedine Zidane,Real Madrid,France,1,3,3,0,,"{""tier"": 1, ""score"": 3, ""matched"": ""Real Madrid"", ""raw"": ""Real Madrid""}","club_prestige_tier, market_size_proxy, signature_moment_flag are agent-inferred proxies per Requirements A.4, not sourced from post-hoc narrative articles (to avoid leakage per Key Focus Area §3)","heuristic based on trophy winners (UCL, World Cup, Euros, Copa) + club prestige tier list operationalized from UEFA coefficient / revenue"
2005,2005,Gianluigi Buffon,Juventus,Italy,1,3,3,0,,"{""tier"": 1, ""score"": 3, ""matched"": ""Juventus"", ""raw"": ""Juventus""}","club_prestige_tier, market_size_proxy, signature_moment_flag are agent-inferred proxies per Requirements A.4, not sourced from post-hoc narrative articles (to avoid leakage per Key Focus Area §3)","heuristic based on trophy winners (UCL, World Cup, Euros, Copa) + club prestige tier list operationalized from UEFA coefficient / revenue"
2005,2005,Jamie Carragher,Liverpool,England,1,3,3,0,,"{""tier"": 1, ""score"": 3, ""matched"": ""Liverpool"", ""raw"": ""Liverpool""}","club_prestige_tier, market_size_proxy, signature_moment_flag are agent-inferred proxies per Requirements A.4, not sourced from post-hoc narrative articles (to avoid leakage per Key Focus Area §3)","heuristic based on trophy winners (UCL, World Cup, Euros, Copa) + club prestige tier list operationalized from UEFA coefficient / revenue"
2005,2005,Cristiano Ronaldo,Manchester United,Portugal,1,3,3,0,,"{""tier"": 1, ""score"": 3, ""matched"": ""Manchester United"", ""raw"": ""Manchester United""}","club_prestige_tier, market_size_proxy, signature_moment_flag are agent-inferred proxies per Requirements A.4, not sourced from post-hoc narrative articles (to avoid leakage per Key Focus Area §3)","heuristic based on trophy winners (UCL, World Cup, Euros, Copa) + club prestige tier list operationalized from UEFA coefficient / revenue"
2005,2005,Michael Essien,Lyon Chelsea,Ghana,1,3,3,0,,"{""tier"": 1, ""score"": 3, ""matched"": ""Chelsea"", ""raw"": ""Lyon Chelsea""}","club_prestige_tier, market_size_proxy, signature_moment_flag are agent-inferred proxies per Requirements A.4, not sourced from post-hoc narrative articles (to avoid leakage per Key Focus Area §3)","heuristic based on trophy winners (UCL, World Cup, Euros, Copa) + club prestige tier list operationalized from UEFA coefficient / revenue"
2005,2005,Luis García,Liverpool,Spain,1,3,3,0,,"{""tier"": 1, ""score"": 3, ""matched"": ""Liverpool"", ""raw"": ""Liverpool""}","club_prestige_tier, market_size_proxy, signature_moment_flag are agent-inferred proxies per Requirements A.4, not sourced from post-hoc narrative articles (to avoid leakage per Key Focus Area §3)","heuristic based on trophy winners (UCL, World Cup, Euros, Copa) + club prestige tier list operationalized from UEFA coefficient / revenue"
2005,2005,Pavel Nedvěd,Juventus,Czech Republic,1,3,3,0,,"{""tier"": 1, ""score"": 3, ""matched"": ""Juventus"", ""raw"": ""Juventus""}","club_prestige_tier, market_size_proxy, signature_moment_flag are agent-inferred proxies per Requirements A.4, not sourced from post-hoc narrative articles (to avoid leakage per Key Focus Area §3)","heuristic based on trophy winners (UCL, World Cup, Euros, Copa) + club prestige tier list operationalized from UEFA coefficient / revenue"
2006,2006,Fabio Cannavaro,Juventus Real Madrid,Italy,1,3,3,1,WorldCup winner 2006 country Italy matches player's nation Italy,"{""tier"": 1, ""score"": 3, ""matched"": ""Juventus"", ""raw"": ""Juventus Real Madrid""}","club_prestige_tier, market_size_proxy, signature_moment_flag are agent-inferred proxies per Requirements A.4, not sourced from post-hoc narrative articles (to avoid leakage per Key Focus Area §3)","heuristic based on trophy winners (UCL, World Cup, Euros, Copa) + club prestige tier list operationalized from UEFA coefficient / revenue"
2006,2006,Gianluigi Buffon,Juventus,Italy,1,3,3,1,WorldCup winner 2006 country Italy matches player's nation Italy,"{""tier"": 1, ""score"": 3, ""matched"": ""Juventus"", ""raw"": ""Juventus""}","club_prestige_tier, market_size_proxy, signature_moment_flag are agent-inferred proxies per Requirements A.4, not sourced from post-hoc narrative articles (to avoid leakage per Key Focus Area §3)","heuristic based on trophy winners (UCL, World Cup, Euros, Copa) + club prestige tier list operationalized from UEFA coefficient / revenue"
2006,2006,Thierry Henry,Arsenal,France,2,2,2,0,,"{""tier"": 2, ""score"": 2, ""matched"": ""Arsenal"", ""raw"": ""Arsenal""}","club_prestige_tier, market_size_proxy, signature_moment_flag are agent-inferred proxies per Requirements A.4, not sourced from post-hoc narrative articles (to avoid leakage per Key Focus Area §3)","heuristic based on trophy winners (UCL, World Cup, Euros, Copa) + club prestige tier list operationalized from UEFA coefficient / revenue"
2006,2006,Ronaldinho,Barcelona,Brazil,1,3,3,0,,"{""tier"": 1, ""score"": 3, ""matched"": ""Barcelona"", ""raw"": ""Barcelona""}","club_prestige_tier, market_size_proxy, signature_moment_flag are agent-inferred proxies per Requirements A.4, not sourced from post-hoc narrative articles (to avoid leakage per Key Focus Area §3)","heuristic based on trophy winners (UCL, World Cup, Euros, Copa) + club prestige tier list operationalized from UEFA coefficient / revenue"
2006,2006,Zinedine Zidane,Real Madrid,France,1,3,3,0,,"{""tier"": 1, ""score"": 3, ""matched"": ""Real Madrid"", ""raw"": ""Real Madrid""}","club_prestige_tier, market_size_proxy, signature_moment_flag are agent-inferred proxies per Requirements A.4, not sourced from post-hoc narrative articles (to avoid leakage per Key Focus Area §3)","heuristic based on trophy winners (UCL, World Cup, Euros, Copa) + club prestige tier list operationalized from UEFA coefficient / revenue"
2006,2006,Samuel Eto'o,Barcelona,Cameroon,1,3,3,0,,"{""tier"": 1, ""score"": 3, ""matched"": ""Barcelona"", ""raw"": ""Barcelona""}","club_prestige_tier, market_size_proxy, signature_moment_flag are agent-inferred proxies per Requirements A.4, not sourced from post-hoc narrative articles (to avoid leakage per Key Focus Area §3)","heuristic based on trophy winners (UCL, World Cup, Euros, Copa) + club prestige tier list operationalized from UEFA coefficient / revenue"
2006,2006,Miroslav Klose,Werder Bremen,Germany,3,1,1,0,,"{""tier"": 3, ""score"": 1, ""matched"": ""other"", ""raw"": ""Werder Bremen""}","club_prestige_tier, market_size_proxy, signature_moment_flag are agent-inferred proxies per Requirements A.4, not sourced from post-hoc narrative articles (to avoid leakage per Key Focus Area §3)","heuristic based on trophy winners (UCL, World Cup, Euros, Copa) + club prestige tier list operationalized from UEFA coefficient / revenue"
2006,2006,Didier Drogba,Chelsea,Ivory Coast,1,3,3,0,,"{""tier"": 1, ""score"": 3, ""matched"": ""Chelsea"", ""raw"": ""Chelsea""}","club_prestige_tier, market_size_proxy, signature_moment_flag are agent-inferred proxies per Requirements A.4, not sourced from post-hoc narrative articles (to avoid leakage per Key Focus Area §3)","heuristic based on trophy winners (UCL, World Cup, Euros, Copa) + club prestige tier list operationalized from UEFA coefficient / revenue"
2006,2006,Andrea Pirlo,Milan,Italy,1,3,3,1,UCL winner 2006 club Milan matches player's club Milan; WorldCup winner 2006 country Italy matches player's nation Italy,"{""tier"": 1, ""score"": 3, ""matched"": ""Milan"", ""raw"": ""Milan""}","club_prestige_tier, market_size_proxy, signature_moment_flag are agent-inferred proxies per Requirements A.4, not sourced from post-hoc narrative articles (to avoid leakage per Key Focus Area §3)","heuristic based on trophy winners (UCL, World Cup, Euros, Copa) + club prestige tier list operationalized from UEFA coefficient / revenue"
2006,2006,Jens Lehmann,Arsenal,Germany,2,2,2,0,,"{""tier"": 2, ""score"": 2, ""matched"": ""Arsenal"", ""raw"": ""Arsenal""}","club_prestige_tier, market_size_proxy, signature_moment_flag are agent-inferred proxies per Requirements A.4, not sourced from post-hoc narrative articles (to avoid leakage per Key Focus Area §3)","heuristic based on trophy winners (UCL, World Cup, Euros, Copa) + club prestige tier list operationalized from UEFA coefficient / revenue"
2006,2006,Deco,Barcelona,Portugal,1,3,3,0,,"{""tier"": 1, ""score"": 3, ""matched"": ""Barcelona"", ""raw"": ""Barcelona""}","club_prestige_tier, market_size_proxy, signature_moment_flag are agent-inferred proxies per Requirements A.4, not sourced from post-hoc narrative articles (to avoid leakage per Key Focus Area §3)","heuristic based on trophy winners (UCL, World Cup, Euros, Copa) + club prestige tier list operationalized from UEFA coefficient / revenue"
2006,2006,Kaká,Milan,Brazil,1,3,3,1,UCL winner 2006 club Milan matches player's club Milan,"{""tier"": 1, ""score"": 3, ""matched"": ""Milan"", ""raw"": ""Milan""}","club_prestige_tier, market_size_proxy, signature_moment_flag are agent-inferred proxies per Requirements A.4, not sourced from post-hoc narrative articles (to avoid leakage per Key Focus Area §3)","heuristic based on trophy winners (UCL, World Cup, Euros, Copa) + club prestige tier list operationalized from UEFA coefficient / revenue"
2006,2006,Franck Ribéry,Marseille,France,2,2,2,0,,"{""tier"": 2, ""score"": 2, ""matched"": ""Marseille"", ""raw"": ""Marseille""}","club_prestige_tier, market_size_proxy, signature_moment_flag are agent-inferred proxies per Requirements A.4, not sourced from post-hoc narrative articles (to avoid leakage per Key Focus Area §3)","heuristic based on trophy winners (UCL, World Cup, Euros, Copa) + club prestige tier list operationalized from UEFA coefficient / revenue"
2006,2006,Gennaro Gattuso,Milan,Italy,1,3,3,1,UCL winner 2006 club Milan matches player's club Milan; WorldCup winner 2006 country Italy matches player's nation Italy,"{""tier"": 1, ""score"": 3, ""matched"": ""Milan"", ""raw"": ""Milan""}","club_prestige_tier, market_size_proxy, signature_moment_flag are agent-inferred proxies per Requirements A.4, not sourced from post-hoc narrative articles (to avoid leakage per Key Focus Area §3)","heuristic based on trophy winners (UCL, World Cup, Euros, Copa) + club prestige tier list operationalized from UEFA coefficient / revenue"
2006,2006,Patrick Vieira,Juventus Internazionale,France,1,3,3,0,,"{""tier"": 1, ""score"": 3, ""matched"": ""Internazionale"", ""raw"": ""Juventus Internazionale""}","club_prestige_tier, market_size_proxy, signature_moment_flag are agent-inferred proxies per Requirements A.4, not sourced from post-hoc narrative articles (to avoid leakage per Key Focus Area §3)","heuristic based on trophy winners (UCL, World Cup, Euros, Copa) + club prestige tier list operationalized from UEFA coefficient / revenue"
2006,2006,Cristiano Ronaldo,Manchester United,Portugal,1,3,3,0,,"{""tier"": 1, ""score"": 3, ""matched"": ""Manchester United"", ""raw"": ""Manchester United""}","club_prestige_tier, market_size_proxy, signature_moment_flag are agent-inferred proxies per Requirements A.4, not sourced from post-hoc narrative articles (to avoid leakage per Key Focus Area §3)","heuristic based on trophy winners (UCL, World Cup, Euros, Copa) + club prestige tier list operationalized from UEFA coefficient / revenue"
2006,2006,Frank Lampard,Chelsea,England,1,3,3,0,,"{""tier"": 1, ""score"": 3, ""matched"": ""Chelsea"", ""raw"": ""Chelsea""}","club_prestige_tier, market_size_proxy, signature_moment_flag are agent-inferred proxies per Requirements A.4, not sourced from post-hoc narrative articles (to avoid leakage per Key Focus Area §3)","heuristic based on trophy winners (UCL, World Cup, Euros, Copa) + club prestige tier list operationalized from UEFA coefficient / revenue"
2006,2006,Lukas Podolski,1. FC Köln Bayern Munich,Germany,1,3,3,0,,"{""tier"": 1, ""score"": 3, ""matched"": ""Bayern Munich"", ""raw"": ""1. FC K\u00f6ln Bayern Munich""}","club_prestige_tier, market_size_proxy, signature_moment_flag are agent-inferred proxies per Requirements A.4, not sourced from post-hoc narrative articles (to avoid leakage per Key Focus Area §3)","heuristic based on trophy winners (UCL, World Cup, Euros, Copa) + club prestige tier list operationalized from UEFA coefficient / revenue"
2006,2006,Carles Puyol,Barcelona,Spain,1,3,3,0,,"{""tier"": 1, ""score"": 3, ""matched"": ""Barcelona"", ""raw"": ""Barcelona""}","club_prestige_tier, market_size_proxy, signature_moment_flag are agent-inferred proxies per Requirements A.4, not sourced from post-hoc narrative articles (to avoid leakage per Key Focus Area §3)","heuristic based on trophy winners (UCL, World Cup, Euros, Copa) + club prestige tier list operationalized from UEFA coefficient / revenue"
2006,2006,Juninho,Lyon,Brazil,2,2,2,0,,"{""tier"": 2, ""score"": 2, ""matched"": ""Lyon"", ""raw"": ""Lyon""}","club_prestige_tier, market_size_proxy, signature_moment_flag are agent-inferred proxies per Requirements A.4, not sourced from post-hoc narrative articles (to avoid leakage per Key Focus Area §3)","heuristic based on trophy winners (UCL, World Cup, Euros, Copa) + club prestige tier list operationalized from UEFA coefficient / revenue"
2006,2006,Lionel Messi,Barcelona,Argentina,1,3,3,0,,"{""tier"": 1, ""score"": 3, ""matched"": ""Barcelona"", ""raw"": ""Barcelona""}","club_prestige_tier, market_size_proxy, signature_moment_flag are agent-inferred proxies per Requirements A.4, not sourced from post-hoc narrative articles (to avoid leakage per Key Focus Area §3)","heuristic based on trophy winners (UCL, World Cup, Euros, Copa) + club prestige tier list operationalized from UEFA coefficient / revenue"
2006,2006,Luca Toni,Fiorentina,Italy,2,2,2,1,WorldCup winner 2006 country Italy matches player's nation Italy,"{""tier"": 2, ""score"": 2, ""matched"": ""Fiorentina"", ""raw"": ""Fiorentina""}","club_prestige_tier, market_size_proxy, signature_moment_flag are agent-inferred proxies per Requirements A.4, not sourced from post-hoc narrative articles (to avoid leakage per Key Focus Area §3)","heuristic based on trophy winners (UCL, World Cup, Euros, Copa) + club prestige tier list operationalized from UEFA coefficient / revenue"
2006,2006,John Terry,Chelsea,England,1,3,3,0,,"{""tier"": 1, ""score"": 3, ""matched"": ""Chelsea"", ""raw"": ""Chelsea""}","club_prestige_tier, market_size_proxy, signature_moment_flag are agent-inferred proxies per Requirements A.4, not sourced from post-hoc narrative articles (to avoid leakage per Key Focus Area §3)","heuristic based on trophy winners (UCL, World Cup, Euros, Copa) + club prestige tier list operationalized from UEFA coefficient / revenue"
2006,2006,Gianluca Zambrotta,Juventus Barcelona,Italy,1,3,3,1,WorldCup winner 2006 country Italy matches player's nation Italy,"{""tier"": 1, ""score"": 3, ""matched"": ""Barcelona"", ""raw"": ""Juventus Barcelona""}","club_prestige_tier, market_size_proxy, signature_moment_flag are agent-inferred proxies per Requirements A.4, not sourced from post-hoc narrative articles (to avoid leakage per Key Focus Area §3)","heuristic based on trophy winners (UCL, World Cup, Euros, Copa) + club prestige tier list operationalized from UEFA coefficient / revenue"
2006,2006,Philipp Lahm,Bayern Munich,Germany,1,3,3,0,,"{""tier"": 1, ""score"": 3, ""matched"": ""Bayern Munich"", ""raw"": ""Bayern Munich""}","club_prestige_tier, market_size_proxy, signature_moment_flag are agent-inferred proxies per Requirements A.4, not sourced from post-hoc narrative articles (to avoid leakage per Key Focus Area §3)","heuristic based on trophy winners (UCL, World Cup, Euros, Copa) + club prestige tier list operationalized from UEFA coefficient / revenue"
2006,2006,David Villa,Valencia,Spain,2,2,2,0,,"{""tier"": 2, ""score"": 2, ""matched"": ""Valencia"", ""raw"": ""Valencia""}","club_prestige_tier, market_size_proxy, signature_moment_flag are agent-inferred proxies per Requirements A.4, not sourced from post-hoc narrative articles (to avoid leakage per Key Focus Area §3)","heuristic based on trophy winners (UCL, World Cup, Euros, Copa) + club prestige tier list operationalized from UEFA coefficient / revenue"
2007,2007,Kaká,Milan,Brazil,1,3,3,1,CopaAmerica winner 2007 country Brazil matches player's nation Brazil,"{""tier"": 1, ""score"": 3, ""matched"": ""Milan"", ""raw"": ""Milan""}","club_prestige_tier, market_size_proxy, signature_moment_flag are agent-inferred proxies per Requirements A.4, not sourced from post-hoc narrative articles (to avoid leakage per Key Focus Area §3)","heuristic based on trophy winners (UCL, World Cup, Euros, Copa) + club prestige tier list operationalized from UEFA coefficient / revenue"
2007,2007,Cristiano Ronaldo,Manchester United,Portugal,1,3,3,1,UCL winner 2007 club Manchester United matches player's club Manchester United,"{""tier"": 1, ""score"": 3, ""matched"": ""Manchester United"", ""raw"": ""Manchester United""}","club_prestige_tier, market_size_proxy, signature_moment_flag are agent-inferred proxies per Requirements A.4, not sourced from post-hoc narrative articles (to avoid leakage per Key Focus Area §3)","heuristic based on trophy winners (UCL, World Cup, Euros, Copa) + club prestige tier list operationalized from UEFA coefficient / revenue"
2007,2007,Lionel Messi,Barcelona,Argentina,1,3,3,0,,"{""tier"": 1, ""score"": 3, ""matched"": ""Barcelona"", ""raw"": ""Barcelona""}","club_prestige_tier, market_size_proxy, signature_moment_flag are agent-inferred proxies per Requirements A.4, not sourced from post-hoc narrative articles (to avoid leakage per Key Focus Area §3)","heuristic based on trophy winners (UCL, World Cup, Euros, Copa) + club prestige tier list operationalized from UEFA coefficient / revenue"
2007,2007,Didier Drogba,Chelsea,Ivory Coast,1,3,3,0,,"{""tier"": 1, ""score"": 3, ""matched"": ""Chelsea"", ""raw"": ""Chelsea""}","club_prestige_tier, market_size_proxy, signature_moment_flag are agent-inferred proxies per Requirements A.4, not sourced from post-hoc narrative articles (to avoid leakage per Key Focus Area §3)","heuristic based on trophy winners (UCL, World Cup, Euros, Copa) + club prestige tier list operationalized from UEFA coefficient / revenue"
2007,2007,Andrea Pirlo,Milan,Italy,1,3,3,0,,"{""tier"": 1, ""score"": 3, ""matched"": ""Milan"", ""raw"": ""Milan""}","club_prestige_tier, market_size_proxy, signature_moment_flag are agent-inferred proxies per Requirements A.4, not sourced from post-hoc narrative articles (to avoid leakage per Key Focus Area §3)","heuristic based on trophy winners (UCL, World Cup, Euros, Copa) + club prestige tier list operationalized from UEFA coefficient / revenue"
2007,2007,Ruud van Nistelrooy,Real Madrid,Netherlands,1,3,3,0,,"{""tier"": 1, ""score"": 3, ""matched"": ""Real Madrid"", ""raw"": ""Real Madrid""}","club_prestige_tier, market_size_proxy, signature_moment_flag are agent-inferred proxies per Requirements A.4, not sourced from post-hoc narrative articles (to avoid leakage per Key Focus Area §3)","heuristic based on trophy winners (UCL, World Cup, Euros, Copa) + club prestige tier list operationalized from UEFA coefficient / revenue"
2007,2007,Zlatan Ibrahimović,Internazionale,Sweden,1,3,3,0,,"{""tier"": 1, ""score"": 3, ""matched"": ""Internazionale"", ""raw"": ""Internazionale""}","club_prestige_tier, market_size_proxy, signature_moment_flag are agent-inferred proxies per Requirements A.4, not sourced from post-hoc narrative articles (to avoid leakage per Key Focus Area §3)","heuristic based on trophy winners (UCL, World Cup, Euros, Copa) + club prestige tier list operationalized from UEFA coefficient / revenue"
2007,2007,Cesc Fàbregas,Arsenal,Spain,2,2,2,0,,"{""tier"": 2, ""score"": 2, ""matched"": ""Arsenal"", ""raw"": ""Arsenal""}","club_prestige_tier, market_size_proxy, signature_moment_flag are agent-inferred proxies per Requirements A.4, not sourced from post-hoc narrative articles (to avoid leakage per Key Focus Area §3)","heuristic based on trophy winners (UCL, World Cup, Euros, Copa) + club prestige tier list operationalized from UEFA coefficient / revenue"
2007,2007,Robinho,Real Madrid,Brazil,1,3,3,1,CopaAmerica winner 2007 country Brazil matches player's nation Brazil,"{""tier"": 1, ""score"": 3, ""matched"": ""Real Madrid"", ""raw"": ""Real Madrid""}","club_prestige_tier, market_size_proxy, signature_moment_flag are agent-inferred proxies per Requirements A.4, not sourced from post-hoc narrative articles (to avoid leakage per Key Focus Area §3)","heuristic based on trophy winners (UCL, World Cup, Euros, Copa) + club prestige tier list operationalized from UEFA coefficient / revenue"
2007,2007,Francesco Totti,Roma,Italy,2,2,2,0,,"{""tier"": 2, ""score"": 2, ""matched"": ""Roma"", ""raw"": ""Roma""}","club_prestige_tier, market_size_proxy, signature_moment_flag are agent-inferred proxies per Requirements A.4, not sourced from post-hoc narrative articles (to avoid leakage per Key Focus Area §3)","heuristic based on trophy winners (UCL, World Cup, Euros, Copa) + club prestige tier list operationalized from UEFA coefficient / revenue"
2007,2007,Frédéric Kanouté,Sevilla,Mali,2,2,2,0,,"{""tier"": 2, ""score"": 2, ""matched"": ""Sevilla"", ""raw"": ""Sevilla""}","club_prestige_tier, market_size_proxy, signature_moment_flag are agent-inferred proxies per Requirements A.4, not sourced from post-hoc narrative articles (to avoid leakage per Key Focus Area §3)","heuristic based on trophy winners (UCL, World Cup, Euros, Copa) + club prestige tier list operationalized from UEFA coefficient / revenue"
2007,2007,Ronaldinho,Barcelona,Brazil,1,3,3,1,CopaAmerica winner 2007 country Brazil matches player's nation Brazil,"{""tier"": 1, ""score"": 3, ""matched"": ""Barcelona"", ""raw"": ""Barcelona""}","club_prestige_tier, market_size_proxy, signature_moment_flag are agent-inferred proxies per Requirements A.4, not sourced from post-hoc narrative articles (to avoid leakage per Key Focus Area §3)","heuristic based on trophy winners (UCL, World Cup, Euros, Copa) + club prestige tier list operationalized from UEFA coefficient / revenue"
2007,2007,Steven Gerrard,Liverpool,England,1,3,3,0,,"{""tier"": 1, ""score"": 3, ""matched"": ""Liverpool"", ""raw"": ""Liverpool""}","club_prestige_tier, market_size_proxy, signature_moment_flag are agent-inferred proxies per Requirements A.4, not sourced from post-hoc narrative articles (to avoid leakage per Key Focus Area §3)","heuristic based on trophy winners (UCL, World Cup, Euros, Copa) + club prestige tier list operationalized from UEFA coefficient / revenue"
2007,2007,Juan Román Riquelme,Villarreal Boca Juniors,Argentina,2,2,2,0,,"{""tier"": 2, ""score"": 2, ""matched"": ""Villarreal"", ""raw"": ""Villarreal Boca Juniors""}","club_prestige_tier, market_size_proxy, signature_moment_flag are agent-inferred proxies per Requirements A.4, not sourced from post-hoc narrative articles (to avoid leakage per Key Focus Area §3)","heuristic based on trophy winners (UCL, World Cup, Euros, Copa) + club prestige tier list operationalized from UEFA coefficient / revenue"
2007,2007,Dani Alves,Sevilla,Brazil,2,2,2,1,CopaAmerica winner 2007 country Brazil matches player's nation Brazil,"{""tier"": 2, ""score"": 2, ""matched"": ""Sevilla"", ""raw"": ""Sevilla""}","club_prestige_tier, market_size_proxy, signature_moment_flag are agent-inferred proxies per Requirements A.4, not sourced from post-hoc narrative articles (to avoid leakage per Key Focus Area §3)","heuristic based on trophy winners (UCL, World Cup, Euros, Copa) + club prestige tier list operationalized from UEFA coefficient / revenue"
2007,2007,Filippo Inzaghi,Milan,Italy,1,3,3,0,,"{""tier"": 1, ""score"": 3, ""matched"": ""Milan"", ""raw"": ""Milan""}","club_prestige_tier, market_size_proxy, signature_moment_flag are agent-inferred proxies per Requirements A.4, not sourced from post-hoc narrative articles (to avoid leakage per Key Focus Area §3)","heuristic based on trophy winners (UCL, World Cup, Euros, Copa) + club prestige tier list operationalized from UEFA coefficient / revenue"
2007,2007,Franck Ribéry,Marseille Bayern Munich,France,1,3,3,0,,"{""tier"": 1, ""score"": 3, ""matched"": ""Bayern Munich"", ""raw"": ""Marseille Bayern Munich""}","club_prestige_tier, market_size_proxy, signature_moment_flag are agent-inferred proxies per Requirements A.4, not sourced from post-hoc narrative articles (to avoid leakage per Key Focus Area §3)","heuristic based on trophy winners (UCL, World Cup, Euros, Copa) + club prestige tier list operationalized from UEFA coefficient / revenue"
2007,2007,Paolo Maldini,Milan,Italy,1,3,3,0,,"{""tier"": 1, ""score"": 3, ""matched"": ""Milan"", ""raw"": ""Milan""}","club_prestige_tier, market_size_proxy, signature_moment_flag are agent-inferred proxies per Requirements A.4, not sourced from post-hoc narrative articles (to avoid leakage per Key Focus Area §3)","heuristic based on trophy winners (UCL, World Cup, Euros, Copa) + club prestige tier list operationalized from UEFA coefficient / revenue"
2007,2007,Gianluigi Buffon,Juventus,Italy,1,3,3,0,,"{""tier"": 1, ""score"": 3, ""matched"": ""Juventus"", ""raw"": ""Juventus""}","club_prestige_tier, market_size_proxy, signature_moment_flag are agent-inferred proxies per Requirements A.4, not sourced from post-hoc narrative articles (to avoid leakage per Key Focus Area §3)","heuristic based on trophy winners (UCL, World Cup, Euros, Copa) + club prestige tier list operationalized from UEFA coefficient / revenue"
2007,2007,Petr Čech,Chelsea,Czech Republic,1,3,3,0,,"{""tier"": 1, ""score"": 3, ""matched"": ""Chelsea"", ""raw"": ""Chelsea""}","club_prestige_tier, market_size_proxy, signature_moment_flag are agent-inferred proxies per Requirements A.4, not sourced from post-hoc narrative articles (to avoid leakage per Key Focus Area §3)","heuristic based on trophy winners (UCL, World Cup, Euros, Copa) + club prestige tier list operationalized from UEFA coefficient / revenue"
2007,2007,Gennaro Gattuso,Milan,Italy,1,3,3,0,,"{""tier"": 1, ""score"": 3, ""matched"": ""Milan"", ""raw"": ""Milan""}","club_prestige_tier, market_size_proxy, signature_moment_flag are agent-inferred proxies per Requirements A.4, not sourced from post-hoc narrative articles (to avoid leakage per Key Focus Area §3)","heuristic based on trophy winners (UCL, World Cup, Euros, Copa) + club prestige tier list operationalized from UEFA coefficient / revenue"
2007,2007,Thierry Henry,Arsenal Barcelona,France,1,3,3,0,,"{""tier"": 1, ""score"": 3, ""matched"": ""Barcelona"", ""raw"": ""Arsenal Barcelona""}","club_prestige_tier, market_size_proxy, signature_moment_flag are agent-inferred proxies per Requirements A.4, not sourced from post-hoc narrative articles (to avoid leakage per Key Focus Area §3)","heuristic based on trophy winners (UCL, World Cup, Euros, Copa) + club prestige tier list operationalized from UEFA coefficient / revenue"
2007,2007,Clarence Seedorf,Milan,Netherlands,1,3,3,0,,"{""tier"": 1, ""score"": 3, ""matched"": ""Milan"", ""raw"": ""Milan""}","club_prestige_tier, market_size_proxy, signature_moment_flag are agent-inferred proxies per Requirements A.4, not sourced from post-hoc narrative articles (to avoid leakage per Key Focus Area §3)","heuristic based on trophy winners (UCL, World Cup, Euros, Copa) + club prestige tier list operationalized from UEFA coefficient / revenue"
2007,2007,Fabio Cannavaro,Real Madrid,Italy,1,3,3,0,,"{""tier"": 1, ""score"": 3, ""matched"": ""Real Madrid"", ""raw"": ""Real Madrid""}","club_prestige_tier, market_size_proxy, signature_moment_flag are agent-inferred proxies per Requirements A.4, not sourced from post-hoc narrative articles (to avoid leakage per Key Focus Area §3)","heuristic based on trophy winners (UCL, World Cup, Euros, Copa) + club prestige tier list operationalized from UEFA coefficient / revenue"
2007,2007,Michael Essien,Chelsea,Ghana,1,3,3,0,,"{""tier"": 1, ""score"": 3, ""matched"": ""Chelsea"", ""raw"": ""Chelsea""}","club_prestige_tier, market_size_proxy, signature_moment_flag are agent-inferred proxies per Requirements A.4, not sourced from post-hoc narrative articles (to avoid leakage per Key Focus Area §3)","heuristic based on trophy winners (UCL, World Cup, Euros, Copa) + club prestige tier list operationalized from UEFA coefficient / revenue"
2007,2007,Wayne Rooney,Manchester United,England,1,3,3,1,UCL winner 2007 club Manchester United matches player's club Manchester United,"{""tier"": 1, ""score"": 3, ""matched"": ""Manchester United"", ""raw"": ""Manchester United""}","club_prestige_tier, market_size_proxy, signature_moment_flag are agent-inferred proxies per Requirements A.4, not sourced from post-hoc narrative articles (to avoid leakage per Key Focus Area §3)","heuristic based on trophy winners (UCL, World Cup, Euros, Copa) + club prestige tier list operationalized from UEFA coefficient / revenue"
2007,2007,Iker Casillas,Real Madrid,Spain,1,3,3,0,,"{""tier"": 1, ""score"": 3, ""matched"": ""Real Madrid"", ""raw"": ""Real Madrid""}","club_prestige_tier, market_size_proxy, signature_moment_flag are agent-inferred proxies per Requirements A.4, not sourced from post-hoc narrative articles (to avoid leakage per Key Focus Area §3)","heuristic based on trophy winners (UCL, World Cup, Euros, Copa) + club prestige tier list operationalized from UEFA coefficient / revenue"
2007,2007,Rogério Ceni,São Paulo,Brazil,3,1,1,1,CopaAmerica winner 2007 country Brazil matches player's nation Brazil,"{""tier"": 3, ""score"": 1, ""matched"": ""other"", ""raw"": ""S\u00e3o Paulo""}","club_prestige_tier, market_size_proxy, signature_moment_flag are agent-inferred proxies per Requirements A.4, not sourced from post-hoc narrative articles (to avoid leakage per Key Focus Area §3)","heuristic based on trophy winners (UCL, World Cup, Euros, Copa) + club prestige tier list operationalized from UEFA coefficient / revenue"
2007,2007,Younis Mahmoud,Al-Gharafa,Iraq,3,1,1,0,,"{""tier"": 3, ""score"": 1, ""matched"": ""other"", ""raw"": ""Al-Gharafa""}","club_prestige_tier, market_size_proxy, signature_moment_flag are agent-inferred proxies per Requirements A.4, not sourced from post-hoc narrative articles (to avoid leakage per Key Focus Area §3)","heuristic based on trophy winners (UCL, World Cup, Euros, Copa) + club prestige tier list operationalized from UEFA coefficient / revenue"
2007,2007,Guillermo Ochoa,América,Mexico,3,1,1,0,,"{""tier"": 3, ""score"": 1, ""matched"": ""other"", ""raw"": ""Am\u00e9rica""}","club_prestige_tier, market_size_proxy, signature_moment_flag are agent-inferred proxies per Requirements A.4, not sourced from post-hoc narrative articles (to avoid leakage per Key Focus Area §3)","heuristic based on trophy winners (UCL, World Cup, Euros, Copa) + club prestige tier list operationalized from UEFA coefficient / revenue"
2007,2007,Dimitar Berbatov,Tottenham Hotspur,Bulgaria,2,2,2,0,,"{""tier"": 2, ""score"": 2, ""matched"": ""Tottenham Hotspur"", ""raw"": ""Tottenham Hotspur""}","club_prestige_tier, market_size_proxy, signature_moment_flag are agent-inferred proxies per Requirements A.4, not sourced from post-hoc narrative articles (to avoid leakage per Key Focus Area §3)","heuristic based on trophy winners (UCL, World Cup, Euros, Copa) + club prestige tier list operationalized from UEFA coefficient / revenue"
2007,2007,Samuel Eto'o,Barcelona,Cameroon,1,3,3,0,,"{""tier"": 1, ""score"": 3, ""matched"": ""Barcelona"", ""raw"": ""Barcelona""}","club_prestige_tier, market_size_proxy, signature_moment_flag are agent-inferred proxies per Requirements A.4, not sourced from post-hoc narrative articles (to avoid leakage per Key Focus Area §3)","heuristic based on trophy winners (UCL, World Cup, Euros, Copa) + club prestige tier list operationalized from UEFA coefficient / revenue"
2007,2007,Ryan Giggs,Manchester United,Wales,1,3,3,1,UCL winner 2007 club Manchester United matches player's club Manchester United,"{""tier"": 1, ""score"": 3, ""matched"": ""Manchester United"", ""raw"": ""Manchester United""}","club_prestige_tier, market_size_proxy, signature_moment_flag are agent-inferred proxies per Requirements A.4, not sourced from post-hoc narrative articles (to avoid leakage per Key Focus Area §3)","heuristic based on trophy winners (UCL, World Cup, Euros, Copa) + club prestige tier list operationalized from UEFA coefficient / revenue"
2007,2007,Carlos Tevez,West Ham United Manchester United,Argentina,1,3,3,1,UCL winner 2007 club Manchester United matches player's club West Ham United Manchester United,"{""tier"": 1, ""score"": 3, ""matched"": ""Manchester United"", ""raw"": ""West Ham United Manchester United""}","club_prestige_tier, market_size_proxy, signature_moment_flag are agent-inferred proxies per Requirements A.4, not sourced from post-hoc narrative articles (to avoid leakage per Key Focus Area §3)","heuristic based on trophy winners (UCL, World Cup, Euros, Copa) + club prestige tier list operationalized from UEFA coefficient / revenue"
2007,2007,Robin van Persie,Arsenal,Netherlands,2,2,2,0,,"{""tier"": 2, ""score"": 2, ""matched"": ""Arsenal"", ""raw"": ""Arsenal""}","club_prestige_tier, market_size_proxy, signature_moment_flag are agent-inferred proxies per Requirements A.4, not sourced from post-hoc narrative articles (to avoid leakage per Key Focus Area §3)","heuristic based on trophy winners (UCL, World Cup, Euros, Copa) + club prestige tier list operationalized from UEFA coefficient / revenue"
2007,2007,Eric Abidal,Lyon Barcelona,France,1,3,3,0,,"{""tier"": 1, ""score"": 3, ""matched"": ""Barcelona"", ""raw"": ""Lyon Barcelona""}","club_prestige_tier, market_size_proxy, signature_moment_flag are agent-inferred proxies per Requirements A.4, not sourced from post-hoc narrative articles (to avoid leakage per Key Focus Area §3)","heuristic based on trophy winners (UCL, World Cup, Euros, Copa) + club prestige tier list operationalized from UEFA coefficient / revenue"
2007,2007,David Beckham,Real Madrid LA Galaxy,England,1,3,3,0,,"{""tier"": 1, ""score"": 3, ""matched"": ""Real Madrid"", ""raw"": ""Real Madrid LA Galaxy""}","club_prestige_tier, market_size_proxy, signature_moment_flag are agent-inferred proxies per Requirements A.4, not sourced from post-hoc narrative articles (to avoid leakage per Key Focus Area §3)","heuristic based on trophy winners (UCL, World Cup, Euros, Copa) + club prestige tier list operationalized from UEFA coefficient / revenue"
2007,2007,Deco,Barcelona,Portugal,1,3,3,0,,"{""tier"": 1, ""score"": 3, ""matched"": ""Barcelona"", ""raw"": ""Barcelona""}","club_prestige_tier, market_size_proxy, signature_moment_flag are agent-inferred proxies per Requirements A.4, not sourced from post-hoc narrative articles (to avoid leakage per Key Focus Area §3)","heuristic based on trophy winners (UCL, World Cup, Euros, Copa) + club prestige tier list operationalized from UEFA coefficient / revenue"
2007,2007,Mahamadou Diarra,Real Madrid,Mali,1,3,3,0,,"{""tier"": 1, ""score"": 3, ""matched"": ""Real Madrid"", ""raw"": ""Real Madrid""}","club_prestige_tier, market_size_proxy, signature_moment_flag are agent-inferred proxies per Requirements A.4, not sourced from post-hoc narrative articles (to avoid leakage per Key Focus Area §3)","heuristic based on trophy winners (UCL, World Cup, Euros, Copa) + club prestige tier list operationalized from UEFA coefficient / revenue"
2007,2007,Diego,Werder Bremen,Brazil,3,1,1,1,CopaAmerica winner 2007 country Brazil matches player's nation Brazil,"{""tier"": 3, ""score"": 1, ""matched"": ""other"", ""raw"": ""Werder Bremen""}","club_prestige_tier, market_size_proxy, signature_moment_flag are agent-inferred proxies per Requirements A.4, not sourced from post-hoc narrative articles (to avoid leakage per Key Focus Area §3)","heuristic based on trophy winners (UCL, World Cup, Euros, Copa) + club prestige tier list operationalized from UEFA coefficient / revenue"
2007,2007,Miroslav Klose,Werder Bremen Bayern Munich,Germany,1,3,3,0,,"{""tier"": 1, ""score"": 3, ""matched"": ""Bayern Munich"", ""raw"": ""Werder Bremen Bayern Munich""}","club_prestige_tier, market_size_proxy, signature_moment_flag are agent-inferred proxies per Requirements A.4, not sourced from post-hoc narrative articles (to avoid leakage per Key Focus Area §3)","heuristic based on trophy winners (UCL, World Cup, Euros, Copa) + club prestige tier list operationalized from UEFA coefficient / revenue"
2007,2007,Florent Malouda,Lyon Chelsea,France,1,3,3,0,,"{""tier"": 1, ""score"": 3, ""matched"": ""Chelsea"", ""raw"": ""Lyon Chelsea""}","club_prestige_tier, market_size_proxy, signature_moment_flag are agent-inferred proxies per Requirements A.4, not sourced from post-hoc narrative articles (to avoid leakage per Key Focus Area §3)","heuristic based on trophy winners (UCL, World Cup, Euros, Copa) + club prestige tier list operationalized from UEFA coefficient / revenue"
2007,2007,Shunsuke Nakamura,Celtic,Japan,3,1,1,0,,"{""tier"": 3, ""score"": 1, ""matched"": ""other"", ""raw"": ""Celtic""}","club_prestige_tier, market_size_proxy, signature_moment_flag are agent-inferred proxies per Requirements A.4, not sourced from post-hoc narrative articles (to avoid leakage per Key Focus Area §3)","heuristic based on trophy winners (UCL, World Cup, Euros, Copa) + club prestige tier list operationalized from UEFA coefficient / revenue"
2007,2007,Ricardo Quaresma,Porto,Portugal,2,2,2,0,,"{""tier"": 2, ""score"": 2, ""matched"": ""Porto"", ""raw"": ""Porto""}","club_prestige_tier, market_size_proxy, signature_moment_flag are agent-inferred proxies per Requirements A.4, not sourced from post-hoc narrative articles (to avoid leakage per Key Focus Area §3)","heuristic based on trophy winners (UCL, World Cup, Euros, Copa) + club prestige tier list operationalized from UEFA coefficient / revenue"
2007,2007,Raúl,Real Madrid,Spain,1,3,3,0,,"{""tier"": 1, ""score"": 3, ""matched"": ""Real Madrid"", ""raw"": ""Real Madrid""}","club_prestige_tier, market_size_proxy, signature_moment_flag are agent-inferred proxies per Requirements A.4, not sourced from post-hoc narrative articles (to avoid leakage per Key Focus Area §3)","heuristic based on trophy winners (UCL, World Cup, Euros, Copa) + club prestige tier list operationalized from UEFA coefficient / revenue"
2007,2007,Paul Scholes,Manchester United,England,1,3,3,1,UCL winner 2007 club Manchester United matches player's club Manchester United,"{""tier"": 1, ""score"": 3, ""matched"": ""Manchester United"", ""raw"": ""Manchester United""}","club_prestige_tier, market_size_proxy, signature_moment_flag are agent-inferred proxies per Requirements A.4, not sourced from post-hoc narrative articles (to avoid leakage per Key Focus Area §3)","heuristic based on trophy winners (UCL, World Cup, Euros, Copa) + club prestige tier list operationalized from UEFA coefficient / revenue"
2007,2007,Luca Toni,Bayern Munich,Italy,1,3,3,0,,"{""tier"": 1, ""score"": 3, ""matched"": ""Bayern Munich"", ""raw"": ""Bayern Munich""}","club_prestige_tier, market_size_proxy, signature_moment_flag are agent-inferred proxies per Requirements A.4, not sourced from post-hoc narrative articles (to avoid leakage per Key Focus Area §3)","heuristic based on trophy winners (UCL, World Cup, Euros, Copa) + club prestige tier list operationalized from UEFA coefficient / revenue"
2007,2007,Kolo Touré,Arsenal,Ivory Coast,2,2,2,0,,"{""tier"": 2, ""score"": 2, ""matched"": ""Arsenal"", ""raw"": ""Arsenal""}","club_prestige_tier, market_size_proxy, signature_moment_flag are agent-inferred proxies per Requirements A.4, not sourced from post-hoc narrative articles (to avoid leakage per Key Focus Area §3)","heuristic based on trophy winners (UCL, World Cup, Euros, Copa) + club prestige tier list operationalized from UEFA coefficient / revenue"
2007,2007,Fernando Torres,Atlético Madrid Liverpool,Spain,1,3,3,0,,"{""tier"": 1, ""score"": 3, ""matched"": ""Liverpool"", ""raw"": ""Atl\u00e9tico Madrid Liverpool""}","club_prestige_tier, market_size_proxy, signature_moment_flag are agent-inferred proxies per Requirements A.4, not sourced from post-hoc narrative articles (to avoid leakage per Key Focus Area §3)","heuristic based on trophy winners (UCL, World Cup, Euros, Copa) + club prestige tier list operationalized from UEFA coefficient / revenue"
2007,2007,David Villa,Valencia,Spain,2,2,2,0,,"{""tier"": 2, ""score"": 2, ""matched"": ""Valencia"", ""raw"": ""Valencia""}","club_prestige_tier, market_size_proxy, signature_moment_flag are agent-inferred proxies per Requirements A.4, not sourced from post-hoc narrative articles (to avoid leakage per Key Focus Area §3)","heuristic based on trophy winners (UCL, World Cup, Euros, Copa) + club prestige tier list operationalized from UEFA coefficient / revenue"
2008,2008,Cristiano Ronaldo,Manchester United,Portugal,1,3,3,0,,"{""tier"": 1, ""score"": 3, ""matched"": ""Manchester United"", ""raw"": ""Manchester United""}","club_prestige_tier, market_size_proxy, signature_moment_flag are agent-inferred proxies per Requirements A.4, not sourced from post-hoc narrative articles (to avoid leakage per Key Focus Area §3)","heuristic based on trophy winners (UCL, World Cup, Euros, Copa) + club prestige tier list operationalized from UEFA coefficient / revenue"
2008,2008,Lionel Messi,Barcelona,Argentina,1,3,3,1,UCL winner 2008 club Barcelona matches player's club Barcelona,"{""tier"": 1, ""score"": 3, ""matched"": ""Barcelona"", ""raw"": ""Barcelona""}","club_prestige_tier, market_size_proxy, signature_moment_flag are agent-inferred proxies per Requirements A.4, not sourced from post-hoc narrative articles (to avoid leakage per Key Focus Area §3)","heuristic based on trophy winners (UCL, World Cup, Euros, Copa) + club prestige tier list operationalized from UEFA coefficient / revenue"
2008,2008,Fernando Torres,Liverpool,Spain,1,3,3,1,Euros winner 2008 country Spain matches player's nation Spain,"{""tier"": 1, ""score"": 3, ""matched"": ""Liverpool"", ""raw"": ""Liverpool""}","club_prestige_tier, market_size_proxy, signature_moment_flag are agent-inferred proxies per Requirements A.4, not sourced from post-hoc narrative articles (to avoid leakage per Key Focus Area §3)","heuristic based on trophy winners (UCL, World Cup, Euros, Copa) + club prestige tier list operationalized from UEFA coefficient / revenue"
2008,2008,Iker Casillas,Real Madrid,Spain,1,3,3,1,Euros winner 2008 country Spain matches player's nation Spain,"{""tier"": 1, ""score"": 3, ""matched"": ""Real Madrid"", ""raw"": ""Real Madrid""}","club_prestige_tier, market_size_proxy, signature_moment_flag are agent-inferred proxies per Requirements A.4, not sourced from post-hoc narrative articles (to avoid leakage per Key Focus Area §3)","heuristic based on trophy winners (UCL, World Cup, Euros, Copa) + club prestige tier list operationalized from UEFA coefficient / revenue"
2008,2008,Xavi,Barcelona,Spain,1,3,3,1,UCL winner 2008 club Barcelona matches player's club Barcelona; Euros winner 2008 country Spain matches player's nation Spain,"{""tier"": 1, ""score"": 3, ""matched"": ""Barcelona"", ""raw"": ""Barcelona""}","club_prestige_tier, market_size_proxy, signature_moment_flag are agent-inferred proxies per Requirements A.4, not sourced from post-hoc narrative articles (to avoid leakage per Key Focus Area §3)","heuristic based on trophy winners (UCL, World Cup, Euros, Copa) + club prestige tier list operationalized from UEFA coefficient / revenue"
2008,2008,Andrey Arshavin,Zenit Saint Petersburg,Russia,3,1,1,0,,"{""tier"": 3, ""score"": 1, ""matched"": ""other"", ""raw"": ""Zenit Saint Petersburg""}","club_prestige_tier, market_size_proxy, signature_moment_flag are agent-inferred proxies per Requirements A.4, not sourced from post-hoc narrative articles (to avoid leakage per Key Focus Area §3)","heuristic based on trophy winners (UCL, World Cup, Euros, Copa) + club prestige tier list operationalized from UEFA coefficient / revenue"
2008,2008,David Villa,Valencia,Spain,2,2,2,1,Euros winner 2008 country Spain matches player's nation Spain,"{""tier"": 2, ""score"": 2, ""matched"": ""Valencia"", ""raw"": ""Valencia""}","club_prestige_tier, market_size_proxy, signature_moment_flag are agent-inferred proxies per Requirements A.4, not sourced from post-hoc narrative articles (to avoid leakage per Key Focus Area §3)","heuristic based on trophy winners (UCL, World Cup, Euros, Copa) + club prestige tier list operationalized from UEFA coefficient / revenue"
2008,2008,Zlatan Ibrahimović,Internazionale,Sweden,1,3,3,0,,"{""tier"": 1, ""score"": 3, ""matched"": ""Internazionale"", ""raw"": ""Internazionale""}","club_prestige_tier, market_size_proxy, signature_moment_flag are agent-inferred proxies per Requirements A.4, not sourced from post-hoc narrative articles (to avoid leakage per Key Focus Area §3)","heuristic based on trophy winners (UCL, World Cup, Euros, Copa) + club prestige tier list operationalized from UEFA coefficient / revenue"
2008,2008,Kaká,Milan,Brazil,1,3,3,0,,"{""tier"": 1, ""score"": 3, ""matched"": ""Milan"", ""raw"": ""Milan""}","club_prestige_tier, market_size_proxy, signature_moment_flag are agent-inferred proxies per Requirements A.4, not sourced from post-hoc narrative articles (to avoid leakage per Key Focus Area §3)","heuristic based on trophy winners (UCL, World Cup, Euros, Copa) + club prestige tier list operationalized from UEFA coefficient / revenue"
2008,2008,Steven Gerrard,Liverpool,England,1,3,3,0,,"{""tier"": 1, ""score"": 3, ""matched"": ""Liverpool"", ""raw"": ""Liverpool""}","club_prestige_tier, market_size_proxy, signature_moment_flag are agent-inferred proxies per Requirements A.4, not sourced from post-hoc narrative articles (to avoid leakage per Key Focus Area §3)","heuristic based on trophy winners (UCL, World Cup, Euros, Copa) + club prestige tier list operationalized from UEFA coefficient / revenue"
2008,2008,Marcos Senna,Villarreal,Spain,2,2,2,1,Euros winner 2008 country Spain matches player's nation Spain,"{""tier"": 2, ""score"": 2, ""matched"": ""Villarreal"", ""raw"": ""Villarreal""}","club_prestige_tier, market_size_proxy, signature_moment_flag are agent-inferred proxies per Requirements A.4, not sourced from post-hoc narrative articles (to avoid leakage per Key Focus Area §3)","heuristic based on trophy winners (UCL, World Cup, Euros, Copa) + club prestige tier list operationalized from UEFA coefficient / revenue"
2008,2008,Emmanuel Adebayor,Arsenal,Togo,2,2,2,0,,"{""tier"": 2, ""score"": 2, ""matched"": ""Arsenal"", ""raw"": ""Arsenal""}","club_prestige_tier, market_size_proxy, signature_moment_flag are agent-inferred proxies per Requirements A.4, not sourced from post-hoc narrative articles (to avoid leakage per Key Focus Area §3)","heuristic based on trophy winners (UCL, World Cup, Euros, Copa) + club prestige tier list operationalized from UEFA coefficient / revenue"
2008,2008,Wayne Rooney,Manchester United,England,1,3,3,0,,"{""tier"": 1, ""score"": 3, ""matched"": ""Manchester United"", ""raw"": ""Manchester United""}","club_prestige_tier, market_size_proxy, signature_moment_flag are agent-inferred proxies per Requirements A.4, not sourced from post-hoc narrative articles (to avoid leakage per Key Focus Area §3)","heuristic based on trophy winners (UCL, World Cup, Euros, Copa) + club prestige tier list operationalized from UEFA coefficient / revenue"
2008,2008,Sergio Agüero,Atlético Madrid,Argentina,2,2,2,0,,"{""tier"": 2, ""score"": 2, ""matched"": ""Atl\u00e9tico Madrid"", ""raw"": ""Atl\u00e9tico Madrid""}","club_prestige_tier, market_size_proxy, signature_moment_flag are agent-inferred proxies per Requirements A.4, not sourced from post-hoc narrative articles (to avoid leakage per Key Focus Area §3)","heuristic based on trophy winners (UCL, World Cup, Euros, Copa) + club prestige tier list operationalized from UEFA coefficient / revenue"
2008,2008,Frank Lampard,Chelsea,England,1,3,3,0,,"{""tier"": 1, ""score"": 3, ""matched"": ""Chelsea"", ""raw"": ""Chelsea""}","club_prestige_tier, market_size_proxy, signature_moment_flag are agent-inferred proxies per Requirements A.4, not sourced from post-hoc narrative articles (to avoid leakage per Key Focus Area §3)","heuristic based on trophy winners (UCL, World Cup, Euros, Copa) + club prestige tier list operationalized from UEFA coefficient / revenue"
2008,2008,Franck Ribéry,Bayern Munich,France,1,3,3,0,,"{""tier"": 1, ""score"": 3, ""matched"": ""Bayern Munich"", ""raw"": ""Bayern Munich""}","club_prestige_tier, market_size_proxy, signature_moment_flag are agent-inferred proxies per Requirements A.4, not sourced from post-hoc narrative articles (to avoid leakage per Key Focus Area §3)","heuristic based on trophy winners (UCL, World Cup, Euros, Copa) + club prestige tier list operationalized from UEFA coefficient / revenue"
2008,2008,Samuel Eto'o,Barcelona,Cameroon,1,3,3,1,UCL winner 2008 club Barcelona matches player's club Barcelona,"{""tier"": 1, ""score"": 3, ""matched"": ""Barcelona"", ""raw"": ""Barcelona""}","club_prestige_tier, market_size_proxy, signature_moment_flag are agent-inferred proxies per Requirements A.4, not sourced from post-hoc narrative articles (to avoid leakage per Key Focus Area §3)","heuristic based on trophy winners (UCL, World Cup, Euros, Copa) + club prestige tier list operationalized from UEFA coefficient / revenue"
2008,2008,Gianluigi Buffon,Juventus,Italy,1,3,3,0,,"{""tier"": 1, ""score"": 3, ""matched"": ""Juventus"", ""raw"": ""Juventus""}","club_prestige_tier, market_size_proxy, signature_moment_flag are agent-inferred proxies per Requirements A.4, not sourced from post-hoc narrative articles (to avoid leakage per Key Focus Area §3)","heuristic based on trophy winners (UCL, World Cup, Euros, Copa) + club prestige tier list operationalized from UEFA coefficient / revenue"
2008,2008,Michael Ballack,Chelsea,Germany,1,3,3,0,,"{""tier"": 1, ""score"": 3, ""matched"": ""Chelsea"", ""raw"": ""Chelsea""}","club_prestige_tier, market_size_proxy, signature_moment_flag are agent-inferred proxies per Requirements A.4, not sourced from post-hoc narrative articles (to avoid leakage per Key Focus Area §3)","heuristic based on trophy winners (UCL, World Cup, Euros, Copa) + club prestige tier list operationalized from UEFA coefficient / revenue"
2008,2008,Cesc Fàbregas,Arsenal,Spain,2,2,2,1,Euros winner 2008 country Spain matches player's nation Spain,"{""tier"": 2, ""score"": 2, ""matched"": ""Arsenal"", ""raw"": ""Arsenal""}","club_prestige_tier, market_size_proxy, signature_moment_flag are agent-inferred proxies per Requirements A.4, not sourced from post-hoc narrative articles (to avoid leakage per Key Focus Area §3)","heuristic based on trophy winners (UCL, World Cup, Euros, Copa) + club prestige tier list operationalized from UEFA coefficient / revenue"
2008,2008,Didier Drogba,Chelsea,Ivory Coast,1,3,3,0,,"{""tier"": 1, ""score"": 3, ""matched"": ""Chelsea"", ""raw"": ""Chelsea""}","club_prestige_tier, market_size_proxy, signature_moment_flag are agent-inferred proxies per Requirements A.4, not sourced from post-hoc narrative articles (to avoid leakage per Key Focus Area §3)","heuristic based on trophy winners (UCL, World Cup, Euros, Copa) + club prestige tier list operationalized from UEFA coefficient / revenue"
2008,2008,Sergio Ramos,Real Madrid,Spain,1,3,3,1,Euros winner 2008 country Spain matches player's nation Spain,"{""tier"": 1, ""score"": 3, ""matched"": ""Real Madrid"", ""raw"": ""Real Madrid""}","club_prestige_tier, market_size_proxy, signature_moment_flag are agent-inferred proxies per Requirements A.4, not sourced from post-hoc narrative articles (to avoid leakage per Key Focus Area §3)","heuristic based on trophy winners (UCL, World Cup, Euros, Copa) + club prestige tier list operationalized from UEFA coefficient / revenue"
2008,2008,Nemanja Vidić,Manchester United,Serbia,1,3,3,0,,"{""tier"": 1, ""score"": 3, ""matched"": ""Manchester United"", ""raw"": ""Manchester United""}","club_prestige_tier, market_size_proxy, signature_moment_flag are agent-inferred proxies per Requirements A.4, not sourced from post-hoc narrative articles (to avoid leakage per Key Focus Area §3)","heuristic based on trophy winners (UCL, World Cup, Euros, Copa) + club prestige tier list operationalized from UEFA coefficient / revenue"
2008,2008,Edwin van der Sar,Manchester United,Netherlands,1,3,3,0,,"{""tier"": 1, ""score"": 3, ""matched"": ""Manchester United"", ""raw"": ""Manchester United""}","club_prestige_tier, market_size_proxy, signature_moment_flag are agent-inferred proxies per Requirements A.4, not sourced from post-hoc narrative articles (to avoid leakage per Key Focus Area §3)","heuristic based on trophy winners (UCL, World Cup, Euros, Copa) + club prestige tier list operationalized from UEFA coefficient / revenue"
2008,2008,Ruud van Nistelrooy,Real Madrid,Netherlands,1,3,3,0,,"{""tier"": 1, ""score"": 3, ""matched"": ""Real Madrid"", ""raw"": ""Real Madrid""}","club_prestige_tier, market_size_proxy, signature_moment_flag are agent-inferred proxies per Requirements A.4, not sourced from post-hoc narrative articles (to avoid leakage per Key Focus Area §3)","heuristic based on trophy winners (UCL, World Cup, Euros, Copa) + club prestige tier list operationalized from UEFA coefficient / revenue"
2008,2008,Karim Benzema,Lyon,France,2,2,2,0,,"{""tier"": 2, ""score"": 2, ""matched"": ""Lyon"", ""raw"": ""Lyon""}","club_prestige_tier, market_size_proxy, signature_moment_flag are agent-inferred proxies per Requirements A.4, not sourced from post-hoc narrative articles (to avoid leakage per Key Focus Area §3)","heuristic based on trophy winners (UCL, World Cup, Euros, Copa) + club prestige tier list operationalized from UEFA coefficient / revenue"
2008,2008,Pepe,Real Madrid,Portugal,1,3,3,0,,"{""tier"": 1, ""score"": 3, ""matched"": ""Real Madrid"", ""raw"": ""Real Madrid""}","club_prestige_tier, market_size_proxy, signature_moment_flag are agent-inferred proxies per Requirements A.4, not sourced from post-hoc narrative articles (to avoid leakage per Key Focus Area §3)","heuristic based on trophy winners (UCL, World Cup, Euros, Copa) + club prestige tier list operationalized from UEFA coefficient / revenue"
2008,2008,Luca Toni,Bayern Munich,Italy,1,3,3,0,,"{""tier"": 1, ""score"": 3, ""matched"": ""Bayern Munich"", ""raw"": ""Bayern Munich""}","club_prestige_tier, market_size_proxy, signature_moment_flag are agent-inferred proxies per Requirements A.4, not sourced from post-hoc narrative articles (to avoid leakage per Key Focus Area §3)","heuristic based on trophy winners (UCL, World Cup, Euros, Copa) + club prestige tier list operationalized from UEFA coefficient / revenue"
2008,2008,Rafael van der Vaart,Hamburg Real Madrid,Netherlands,1,3,3,0,,"{""tier"": 1, ""score"": 3, ""matched"": ""Real Madrid"", ""raw"": ""Hamburg Real Madrid""}","club_prestige_tier, market_size_proxy, signature_moment_flag are agent-inferred proxies per Requirements A.4, not sourced from post-hoc narrative articles (to avoid leakage per Key Focus Area §3)","heuristic based on trophy winners (UCL, World Cup, Euros, Copa) + club prestige tier list operationalized from UEFA coefficient / revenue"
2008,2008,Yuri Zhirkov,CSKA Moscow,Russia,3,1,1,0,,"{""tier"": 3, ""score"": 1, ""matched"": ""other"", ""raw"": ""CSKA Moscow""}","club_prestige_tier, market_size_proxy, signature_moment_flag are agent-inferred proxies per Requirements A.4, not sourced from post-hoc narrative articles (to avoid leakage per Key Focus Area §3)","heuristic based on trophy winners (UCL, World Cup, Euros, Copa) + club prestige tier list operationalized from UEFA coefficient / revenue"
2009,2009,Lionel Messi,Barcelona,Argentina,1,3,3,0,,"{""tier"": 1, ""score"": 3, ""matched"": ""Barcelona"", ""raw"": ""Barcelona""}","club_prestige_tier, market_size_proxy, signature_moment_flag are agent-inferred proxies per Requirements A.4, not sourced from post-hoc narrative articles (to avoid leakage per Key Focus Area §3)","heuristic based on trophy winners (UCL, World Cup, Euros, Copa) + club prestige tier list operationalized from UEFA coefficient / revenue"
2009,2009,Cristiano Ronaldo,Manchester United Real Madrid,Portugal,1,3,3,0,,"{""tier"": 1, ""score"": 3, ""matched"": ""Manchester United"", ""raw"": ""Manchester United Real Madrid""}","club_prestige_tier, market_size_proxy, signature_moment_flag are agent-inferred proxies per Requirements A.4, not sourced from post-hoc narrative articles (to avoid leakage per Key Focus Area §3)","heuristic based on trophy winners (UCL, World Cup, Euros, Copa) + club prestige tier list operationalized from UEFA coefficient / revenue"
2009,2009,Xavi,Barcelona,Spain,1,3,3,0,,"{""tier"": 1, ""score"": 3, ""matched"": ""Barcelona"", ""raw"": ""Barcelona""}","club_prestige_tier, market_size_proxy, signature_moment_flag are agent-inferred proxies per Requirements A.4, not sourced from post-hoc narrative articles (to avoid leakage per Key Focus Area §3)","heuristic based on trophy winners (UCL, World Cup, Euros, Copa) + club prestige tier list operationalized from UEFA coefficient / revenue"
2009,2009,Andrés Iniesta,Barcelona,Spain,1,3,3,0,,"{""tier"": 1, ""score"": 3, ""matched"": ""Barcelona"", ""raw"": ""Barcelona""}","club_prestige_tier, market_size_proxy, signature_moment_flag are agent-inferred proxies per Requirements A.4, not sourced from post-hoc narrative articles (to avoid leakage per Key Focus Area §3)","heuristic based on trophy winners (UCL, World Cup, Euros, Copa) + club prestige tier list operationalized from UEFA coefficient / revenue"
2009,2009,Samuel Eto'o,Barcelona Internazionale,Cameroon,1,3,3,0,,"{""tier"": 1, ""score"": 3, ""matched"": ""Internazionale"", ""raw"": ""Barcelona Internazionale""}","club_prestige_tier, market_size_proxy, signature_moment_flag are agent-inferred proxies per Requirements A.4, not sourced from post-hoc narrative articles (to avoid leakage per Key Focus Area §3)","heuristic based on trophy winners (UCL, World Cup, Euros, Copa) + club prestige tier list operationalized from UEFA coefficient / revenue"
2009,2009,Kaká,Milan Real Madrid,Brazil,1,3,3,0,,"{""tier"": 1, ""score"": 3, ""matched"": ""Milan"", ""raw"": ""Milan Real Madrid""}","club_prestige_tier, market_size_proxy, signature_moment_flag are agent-inferred proxies per Requirements A.4, not sourced from post-hoc narrative articles (to avoid leakage per Key Focus Area §3)","heuristic based on trophy winners (UCL, World Cup, Euros, Copa) + club prestige tier list operationalized from UEFA coefficient / revenue"
2009,2009,Zlatan Ibrahimović,Internazionale Barcelona,Sweden,1,3,3,0,,"{""tier"": 1, ""score"": 3, ""matched"": ""Internazionale"", ""raw"": ""Internazionale Barcelona""}","club_prestige_tier, market_size_proxy, signature_moment_flag are agent-inferred proxies per Requirements A.4, not sourced from post-hoc narrative articles (to avoid leakage per Key Focus Area §3)","heuristic based on trophy winners (UCL, World Cup, Euros, Copa) + club prestige tier list operationalized from UEFA coefficient / revenue"
2009,2009,Wayne Rooney,Manchester United,England,1,3,3,0,,"{""tier"": 1, ""score"": 3, ""matched"": ""Manchester United"", ""raw"": ""Manchester United""}","club_prestige_tier, market_size_proxy, signature_moment_flag are agent-inferred proxies per Requirements A.4, not sourced from post-hoc narrative articles (to avoid leakage per Key Focus Area §3)","heuristic based on trophy winners (UCL, World Cup, Euros, Copa) + club prestige tier list operationalized from UEFA coefficient / revenue"
2009,2009,Didier Drogba,Chelsea,Ivory Coast,1,3,3,0,,"{""tier"": 1, ""score"": 3, ""matched"": ""Chelsea"", ""raw"": ""Chelsea""}","club_prestige_tier, market_size_proxy, signature_moment_flag are agent-inferred proxies per Requirements A.4, not sourced from post-hoc narrative articles (to avoid leakage per Key Focus Area §3)","heuristic based on trophy winners (UCL, World Cup, Euros, Copa) + club prestige tier list operationalized from UEFA coefficient / revenue"
2009,2009,Steven Gerrard,Liverpool,England,1,3,3,0,,"{""tier"": 1, ""score"": 3, ""matched"": ""Liverpool"", ""raw"": ""Liverpool""}","club_prestige_tier, market_size_proxy, signature_moment_flag are agent-inferred proxies per Requirements A.4, not sourced from post-hoc narrative articles (to avoid leakage per Key Focus Area §3)","heuristic based on trophy winners (UCL, World Cup, Euros, Copa) + club prestige tier list operationalized from UEFA coefficient / revenue"
2009,2009,Fernando Torres,Liverpool,Spain,1,3,3,0,,"{""tier"": 1, ""score"": 3, ""matched"": ""Liverpool"", ""raw"": ""Liverpool""}","club_prestige_tier, market_size_proxy, signature_moment_flag are agent-inferred proxies per Requirements A.4, not sourced from post-hoc narrative articles (to avoid leakage per Key Focus Area §3)","heuristic based on trophy winners (UCL, World Cup, Euros, Copa) + club prestige tier list operationalized from UEFA coefficient / revenue"
2009,2009,Cesc Fàbregas,Arsenal,Spain,2,2,2,0,,"{""tier"": 2, ""score"": 2, ""matched"": ""Arsenal"", ""raw"": ""Arsenal""}","club_prestige_tier, market_size_proxy, signature_moment_flag are agent-inferred proxies per Requirements A.4, not sourced from post-hoc narrative articles (to avoid leakage per Key Focus Area §3)","heuristic based on trophy winners (UCL, World Cup, Euros, Copa) + club prestige tier list operationalized from UEFA coefficient / revenue"
2009,2009,Edin Džeko,VfL Wolfsburg,Bosnia and Herzegovina,3,1,1,0,,"{""tier"": 3, ""score"": 1, ""matched"": ""other"", ""raw"": ""VfL Wolfsburg""}","club_prestige_tier, market_size_proxy, signature_moment_flag are agent-inferred proxies per Requirements A.4, not sourced from post-hoc narrative articles (to avoid leakage per Key Focus Area §3)","heuristic based on trophy winners (UCL, World Cup, Euros, Copa) + club prestige tier list operationalized from UEFA coefficient / revenue"
2009,2009,Ryan Giggs,Manchester United,Wales,1,3,3,0,,"{""tier"": 1, ""score"": 3, ""matched"": ""Manchester United"", ""raw"": ""Manchester United""}","club_prestige_tier, market_size_proxy, signature_moment_flag are agent-inferred proxies per Requirements A.4, not sourced from post-hoc narrative articles (to avoid leakage per Key Focus Area §3)","heuristic based on trophy winners (UCL, World Cup, Euros, Copa) + club prestige tier list operationalized from UEFA coefficient / revenue"
2009,2009,Thierry Henry,Barcelona,France,1,3,3,0,,"{""tier"": 1, ""score"": 3, ""matched"": ""Barcelona"", ""raw"": ""Barcelona""}","club_prestige_tier, market_size_proxy, signature_moment_flag are agent-inferred proxies per Requirements A.4, not sourced from post-hoc narrative articles (to avoid leakage per Key Focus Area §3)","heuristic based on trophy winners (UCL, World Cup, Euros, Copa) + club prestige tier list operationalized from UEFA coefficient / revenue"
2009,2009,Luís Fabiano,Sevilla,Brazil,2,2,2,0,,"{""tier"": 2, ""score"": 2, ""matched"": ""Sevilla"", ""raw"": ""Sevilla""}","club_prestige_tier, market_size_proxy, signature_moment_flag are agent-inferred proxies per Requirements A.4, not sourced from post-hoc narrative articles (to avoid leakage per Key Focus Area §3)","heuristic based on trophy winners (UCL, World Cup, Euros, Copa) + club prestige tier list operationalized from UEFA coefficient / revenue"
2009,2009,Nemanja Vidić,Manchester United,Serbia,1,3,3,0,,"{""tier"": 1, ""score"": 3, ""matched"": ""Manchester United"", ""raw"": ""Manchester United""}","club_prestige_tier, market_size_proxy, signature_moment_flag are agent-inferred proxies per Requirements A.4, not sourced from post-hoc narrative articles (to avoid leakage per Key Focus Area §3)","heuristic based on trophy winners (UCL, World Cup, Euros, Copa) + club prestige tier list operationalized from UEFA coefficient / revenue"
2009,2009,Iker Casillas,Real Madrid,Spain,1,3,3,0,,"{""tier"": 1, ""score"": 3, ""matched"": ""Real Madrid"", ""raw"": ""Real Madrid""}","club_prestige_tier, market_size_proxy, signature_moment_flag are agent-inferred proxies per Requirements A.4, not sourced from post-hoc narrative articles (to avoid leakage per Key Focus Area §3)","heuristic based on trophy winners (UCL, World Cup, Euros, Copa) + club prestige tier list operationalized from UEFA coefficient / revenue"
2009,2009,Diego Forlán,Atlético Madrid,Uruguay,2,2,2,0,,"{""tier"": 2, ""score"": 2, ""matched"": ""Atl\u00e9tico Madrid"", ""raw"": ""Atl\u00e9tico Madrid""}","club_prestige_tier, market_size_proxy, signature_moment_flag are agent-inferred proxies per Requirements A.4, not sourced from post-hoc narrative articles (to avoid leakage per Key Focus Area §3)","heuristic based on trophy winners (UCL, World Cup, Euros, Copa) + club prestige tier list operationalized from UEFA coefficient / revenue"
2009,2009,Yoann Gourcuff,Bordeaux,France,3,1,1,0,,"{""tier"": 3, ""score"": 1, ""matched"": ""other"", ""raw"": ""Bordeaux""}","club_prestige_tier, market_size_proxy, signature_moment_flag are agent-inferred proxies per Requirements A.4, not sourced from post-hoc narrative articles (to avoid leakage per Key Focus Area §3)","heuristic based on trophy winners (UCL, World Cup, Euros, Copa) + club prestige tier list operationalized from UEFA coefficient / revenue"
2009,2009,Andrey Arshavin,Arsenal,Russia,2,2,2,0,,"{""tier"": 2, ""score"": 2, ""matched"": ""Arsenal"", ""raw"": ""Arsenal""}","club_prestige_tier, market_size_proxy, signature_moment_flag are agent-inferred proxies per Requirements A.4, not sourced from post-hoc narrative articles (to avoid leakage per Key Focus Area §3)","heuristic based on trophy winners (UCL, World Cup, Euros, Copa) + club prestige tier list operationalized from UEFA coefficient / revenue"
2009,2009,Júlio César,Internazionale,Brazil,1,3,3,0,,"{""tier"": 1, ""score"": 3, ""matched"": ""Internazionale"", ""raw"": ""Internazionale""}","club_prestige_tier, market_size_proxy, signature_moment_flag are agent-inferred proxies per Requirements A.4, not sourced from post-hoc narrative articles (to avoid leakage per Key Focus Area §3)","heuristic based on trophy winners (UCL, World Cup, Euros, Copa) + club prestige tier list operationalized from UEFA coefficient / revenue"
2009,2009,Frank Lampard,Chelsea,England,1,3,3,0,,"{""tier"": 1, ""score"": 3, ""matched"": ""Chelsea"", ""raw"": ""Chelsea""}","club_prestige_tier, market_size_proxy, signature_moment_flag are agent-inferred proxies per Requirements A.4, not sourced from post-hoc narrative articles (to avoid leakage per Key Focus Area §3)","heuristic based on trophy winners (UCL, World Cup, Euros, Copa) + club prestige tier list operationalized from UEFA coefficient / revenue"
2009,2009,Maicon,Internazionale,Brazil,1,3,3,0,,"{""tier"": 1, ""score"": 3, ""matched"": ""Internazionale"", ""raw"": ""Internazionale""}","club_prestige_tier, market_size_proxy, signature_moment_flag are agent-inferred proxies per Requirements A.4, not sourced from post-hoc narrative articles (to avoid leakage per Key Focus Area §3)","heuristic based on trophy winners (UCL, World Cup, Euros, Copa) + club prestige tier list operationalized from UEFA coefficient / revenue"
2009,2009,Diego,Werder Bremen Juventus,Brazil,1,3,3,0,,"{""tier"": 1, ""score"": 3, ""matched"": ""Juventus"", ""raw"": ""Werder Bremen Juventus""}","club_prestige_tier, market_size_proxy, signature_moment_flag are agent-inferred proxies per Requirements A.4, not sourced from post-hoc narrative articles (to avoid leakage per Key Focus Area §3)","heuristic based on trophy winners (UCL, World Cup, Euros, Copa) + club prestige tier list operationalized from UEFA coefficient / revenue"
2009,2009,David Villa,Valencia,Spain,2,2,2,0,,"{""tier"": 2, ""score"": 2, ""matched"": ""Valencia"", ""raw"": ""Valencia""}","club_prestige_tier, market_size_proxy, signature_moment_flag are agent-inferred proxies per Requirements A.4, not sourced from post-hoc narrative articles (to avoid leakage per Key Focus Area §3)","heuristic based on trophy winners (UCL, World Cup, Euros, Copa) + club prestige tier list operationalized from UEFA coefficient / revenue"
2009,2009,John Terry,Chelsea,England,1,3,3,0,,"{""tier"": 1, ""score"": 3, ""matched"": ""Chelsea"", ""raw"": ""Chelsea""}","club_prestige_tier, market_size_proxy, signature_moment_flag are agent-inferred proxies per Requirements A.4, not sourced from post-hoc narrative articles (to avoid leakage per Key Focus Area §3)","heuristic based on trophy winners (UCL, World Cup, Euros, Copa) + club prestige tier list operationalized from UEFA coefficient / revenue"
2009,2009,Franck Ribéry,Bayern Munich,France,1,3,3,0,,"{""tier"": 1, ""score"": 3, ""matched"": ""Bayern Munich"", ""raw"": ""Bayern Munich""}","club_prestige_tier, market_size_proxy, signature_moment_flag are agent-inferred proxies per Requirements A.4, not sourced from post-hoc narrative articles (to avoid leakage per Key Focus Area §3)","heuristic based on trophy winners (UCL, World Cup, Euros, Copa) + club prestige tier list operationalized from UEFA coefficient / revenue"
2009,2009,Yaya Touré,Barcelona,Ivory Coast,1,3,3,0,,"{""tier"": 1, ""score"": 3, ""matched"": ""Barcelona"", ""raw"": ""Barcelona""}","club_prestige_tier, market_size_proxy, signature_moment_flag are agent-inferred proxies per Requirements A.4, not sourced from post-hoc narrative articles (to avoid leakage per Key Focus Area §3)","heuristic based on trophy winners (UCL, World Cup, Euros, Copa) + club prestige tier list operationalized from UEFA coefficient / revenue"
2009,2009,Karim Benzema,Lyon Real Madrid,France,1,3,3,0,,"{""tier"": 1, ""score"": 3, ""matched"": ""Real Madrid"", ""raw"": ""Lyon Real Madrid""}","club_prestige_tier, market_size_proxy, signature_moment_flag are agent-inferred proxies per Requirements A.4, not sourced from post-hoc narrative articles (to avoid leakage per Key Focus Area §3)","heuristic based on trophy winners (UCL, World Cup, Euros, Copa) + club prestige tier list operationalized from UEFA coefficient / revenue"
2010,2010,Lionel Messi,Barcelona,Argentina,1,3,3,1,UCL winner 2010 club Barcelona matches player's club Barcelona,"{""tier"": 1, ""score"": 3, ""matched"": ""Barcelona"", ""raw"": ""Barcelona""}","club_prestige_tier, market_size_proxy, signature_moment_flag are agent-inferred proxies per Requirements A.4, not sourced from post-hoc narrative articles (to avoid leakage per Key Focus Area §3)","heuristic based on trophy winners (UCL, World Cup, Euros, Copa) + club prestige tier list operationalized from UEFA coefficient / revenue"
2010,2010,Andrés Iniesta,Barcelona,Spain,1,3,3,1,UCL winner 2010 club Barcelona matches player's club Barcelona; WorldCup winner 2010 country Spain matches player's nation Spain,"{""tier"": 1, ""score"": 3, ""matched"": ""Barcelona"", ""raw"": ""Barcelona""}","club_prestige_tier, market_size_proxy, signature_moment_flag are agent-inferred proxies per Requirements A.4, not sourced from post-hoc narrative articles (to avoid leakage per Key Focus Area §3)","heuristic based on trophy winners (UCL, World Cup, Euros, Copa) + club prestige tier list operationalized from UEFA coefficient / revenue"
2010,2010,Xavi,Barcelona,Spain,1,3,3,1,UCL winner 2010 club Barcelona matches player's club Barcelona; WorldCup winner 2010 country Spain matches player's nation Spain,"{""tier"": 1, ""score"": 3, ""matched"": ""Barcelona"", ""raw"": ""Barcelona""}","club_prestige_tier, market_size_proxy, signature_moment_flag are agent-inferred proxies per Requirements A.4, not sourced from post-hoc narrative articles (to avoid leakage per Key Focus Area §3)","heuristic based on trophy winners (UCL, World Cup, Euros, Copa) + club prestige tier list operationalized from UEFA coefficient / revenue"
2010,2010,Wesley Sneijder,Internazionale,Netherlands,1,3,3,0,,"{""tier"": 1, ""score"": 3, ""matched"": ""Internazionale"", ""raw"": ""Internazionale""}","club_prestige_tier, market_size_proxy, signature_moment_flag are agent-inferred proxies per Requirements A.4, not sourced from post-hoc narrative articles (to avoid leakage per Key Focus Area §3)","heuristic based on trophy winners (UCL, World Cup, Euros, Copa) + club prestige tier list operationalized from UEFA coefficient / revenue"
2010,2010,Diego Forlán,Atlético Madrid,Uruguay,2,2,2,0,,"{""tier"": 2, ""score"": 2, ""matched"": ""Atl\u00e9tico Madrid"", ""raw"": ""Atl\u00e9tico Madrid""}","club_prestige_tier, market_size_proxy, signature_moment_flag are agent-inferred proxies per Requirements A.4, not sourced from post-hoc narrative articles (to avoid leakage per Key Focus Area §3)","heuristic based on trophy winners (UCL, World Cup, Euros, Copa) + club prestige tier list operationalized from UEFA coefficient / revenue"
2010,2010,Cristiano Ronaldo,Real Madrid,Portugal,1,3,3,0,,"{""tier"": 1, ""score"": 3, ""matched"": ""Real Madrid"", ""raw"": ""Real Madrid""}","club_prestige_tier, market_size_proxy, signature_moment_flag are agent-inferred proxies per Requirements A.4, not sourced from post-hoc narrative articles (to avoid leakage per Key Focus Area §3)","heuristic based on trophy winners (UCL, World Cup, Euros, Copa) + club prestige tier list operationalized from UEFA coefficient / revenue"
2010,2010,Iker Casillas,Real Madrid,Spain,1,3,3,1,WorldCup winner 2010 country Spain matches player's nation Spain,"{""tier"": 1, ""score"": 3, ""matched"": ""Real Madrid"", ""raw"": ""Real Madrid""}","club_prestige_tier, market_size_proxy, signature_moment_flag are agent-inferred proxies per Requirements A.4, not sourced from post-hoc narrative articles (to avoid leakage per Key Focus Area §3)","heuristic based on trophy winners (UCL, World Cup, Euros, Copa) + club prestige tier list operationalized from UEFA coefficient / revenue"
2010,2010,David Villa,Valencia Barcelona,Spain,1,3,3,1,UCL winner 2010 club Barcelona matches player's club Valencia Barcelona; WorldCup winner 2010 country Spain matches player's nation Spain,"{""tier"": 1, ""score"": 3, ""matched"": ""Barcelona"", ""raw"": ""Valencia Barcelona""}","club_prestige_tier, market_size_proxy, signature_moment_flag are agent-inferred proxies per Requirements A.4, not sourced from post-hoc narrative articles (to avoid leakage per Key Focus Area §3)","heuristic based on trophy winners (UCL, World Cup, Euros, Copa) + club prestige tier list operationalized from UEFA coefficient / revenue"
2010,2010,Didier Drogba,Chelsea,Ivory Coast,1,3,3,0,,"{""tier"": 1, ""score"": 3, ""matched"": ""Chelsea"", ""raw"": ""Chelsea""}","club_prestige_tier, market_size_proxy, signature_moment_flag are agent-inferred proxies per Requirements A.4, not sourced from post-hoc narrative articles (to avoid leakage per Key Focus Area §3)","heuristic based on trophy winners (UCL, World Cup, Euros, Copa) + club prestige tier list operationalized from UEFA coefficient / revenue"
2010,2010,Xabi Alonso,Real Madrid,Spain,1,3,3,1,WorldCup winner 2010 country Spain matches player's nation Spain,"{""tier"": 1, ""score"": 3, ""matched"": ""Real Madrid"", ""raw"": ""Real Madrid""}","club_prestige_tier, market_size_proxy, signature_moment_flag are agent-inferred proxies per Requirements A.4, not sourced from post-hoc narrative articles (to avoid leakage per Key Focus Area §3)","heuristic based on trophy winners (UCL, World Cup, Euros, Copa) + club prestige tier list operationalized from UEFA coefficient / revenue"
2010,2010,Carles Puyol,Barcelona,Spain,1,3,3,1,UCL winner 2010 club Barcelona matches player's club Barcelona; WorldCup winner 2010 country Spain matches player's nation Spain,"{""tier"": 1, ""score"": 3, ""matched"": ""Barcelona"", ""raw"": ""Barcelona""}","club_prestige_tier, market_size_proxy, signature_moment_flag are agent-inferred proxies per Requirements A.4, not sourced from post-hoc narrative articles (to avoid leakage per Key Focus Area §3)","heuristic based on trophy winners (UCL, World Cup, Euros, Copa) + club prestige tier list operationalized from UEFA coefficient / revenue"
2010,2010,Samuel Eto'o,Internazionale,Cameroon,1,3,3,0,,"{""tier"": 1, ""score"": 3, ""matched"": ""Internazionale"", ""raw"": ""Internazionale""}","club_prestige_tier, market_size_proxy, signature_moment_flag are agent-inferred proxies per Requirements A.4, not sourced from post-hoc narrative articles (to avoid leakage per Key Focus Area §3)","heuristic based on trophy winners (UCL, World Cup, Euros, Copa) + club prestige tier list operationalized from UEFA coefficient / revenue"
2010,2010,Mesut Özil,Real Madrid,Germany,1,3,3,0,,"{""tier"": 1, ""score"": 3, ""matched"": ""Real Madrid"", ""raw"": ""Real Madrid""}","club_prestige_tier, market_size_proxy, signature_moment_flag are agent-inferred proxies per Requirements A.4, not sourced from post-hoc narrative articles (to avoid leakage per Key Focus Area §3)","heuristic based on trophy winners (UCL, World Cup, Euros, Copa) + club prestige tier list operationalized from UEFA coefficient / revenue"
2010,2010,Arjen Robben,Bayern Munich,Netherlands,1,3,3,0,,"{""tier"": 1, ""score"": 3, ""matched"": ""Bayern Munich"", ""raw"": ""Bayern Munich""}","club_prestige_tier, market_size_proxy, signature_moment_flag are agent-inferred proxies per Requirements A.4, not sourced from post-hoc narrative articles (to avoid leakage per Key Focus Area §3)","heuristic based on trophy winners (UCL, World Cup, Euros, Copa) + club prestige tier list operationalized from UEFA coefficient / revenue"
2010,2010,Thomas Müller,Bayern Munich,Germany,1,3,3,0,,"{""tier"": 1, ""score"": 3, ""matched"": ""Bayern Munich"", ""raw"": ""Bayern Munich""}","club_prestige_tier, market_size_proxy, signature_moment_flag are agent-inferred proxies per Requirements A.4, not sourced from post-hoc narrative articles (to avoid leakage per Key Focus Area §3)","heuristic based on trophy winners (UCL, World Cup, Euros, Copa) + club prestige tier list operationalized from UEFA coefficient / revenue"
2010,2010,Bastian Schweinsteiger,Bayern Munich,Germany,1,3,3,0,,"{""tier"": 1, ""score"": 3, ""matched"": ""Bayern Munich"", ""raw"": ""Bayern Munich""}","club_prestige_tier, market_size_proxy, signature_moment_flag are agent-inferred proxies per Requirements A.4, not sourced from post-hoc narrative articles (to avoid leakage per Key Focus Area §3)","heuristic based on trophy winners (UCL, World Cup, Euros, Copa) + club prestige tier list operationalized from UEFA coefficient / revenue"
2010,2010,Maicon,Internazionale,Brazil,1,3,3,0,,"{""tier"": 1, ""score"": 3, ""matched"": ""Internazionale"", ""raw"": ""Internazionale""}","club_prestige_tier, market_size_proxy, signature_moment_flag are agent-inferred proxies per Requirements A.4, not sourced from post-hoc narrative articles (to avoid leakage per Key Focus Area §3)","heuristic based on trophy winners (UCL, World Cup, Euros, Copa) + club prestige tier list operationalized from UEFA coefficient / revenue"
2010,2010,Asamoah Gyan,Sunderland,Ghana,3,1,1,0,,"{""tier"": 3, ""score"": 1, ""matched"": ""other"", ""raw"": ""Sunderland""}","club_prestige_tier, market_size_proxy, signature_moment_flag are agent-inferred proxies per Requirements A.4, not sourced from post-hoc narrative articles (to avoid leakage per Key Focus Area §3)","heuristic based on trophy winners (UCL, World Cup, Euros, Copa) + club prestige tier list operationalized from UEFA coefficient / revenue"
2010,2010,Júlio César,Internazionale,Brazil,1,3,3,0,,"{""tier"": 1, ""score"": 3, ""matched"": ""Internazionale"", ""raw"": ""Internazionale""}","club_prestige_tier, market_size_proxy, signature_moment_flag are agent-inferred proxies per Requirements A.4, not sourced from post-hoc narrative articles (to avoid leakage per Key Focus Area §3)","heuristic based on trophy winners (UCL, World Cup, Euros, Copa) + club prestige tier list operationalized from UEFA coefficient / revenue"
2010,2010,Cesc Fàbregas,Arsenal,Spain,2,2,2,1,WorldCup winner 2010 country Spain matches player's nation Spain,"{""tier"": 2, ""score"": 2, ""matched"": ""Arsenal"", ""raw"": ""Arsenal""}","club_prestige_tier, market_size_proxy, signature_moment_flag are agent-inferred proxies per Requirements A.4, not sourced from post-hoc narrative articles (to avoid leakage per Key Focus Area §3)","heuristic based on trophy winners (UCL, World Cup, Euros, Copa) + club prestige tier list operationalized from UEFA coefficient / revenue"
2010,2010,Miroslav Klose,Bayern Munich,Germany,1,3,3,0,,"{""tier"": 1, ""score"": 3, ""matched"": ""Bayern Munich"", ""raw"": ""Bayern Munich""}","club_prestige_tier, market_size_proxy, signature_moment_flag are agent-inferred proxies per Requirements A.4, not sourced from post-hoc narrative articles (to avoid leakage per Key Focus Area §3)","heuristic based on trophy winners (UCL, World Cup, Euros, Copa) + club prestige tier list operationalized from UEFA coefficient / revenue"
2010,2010,Philipp Lahm,Bayern Munich,Germany,1,3,3,0,,"{""tier"": 1, ""score"": 3, ""matched"": ""Bayern Munich"", ""raw"": ""Bayern Munich""}","club_prestige_tier, market_size_proxy, signature_moment_flag are agent-inferred proxies per Requirements A.4, not sourced from post-hoc narrative articles (to avoid leakage per Key Focus Area §3)","heuristic based on trophy winners (UCL, World Cup, Euros, Copa) + club prestige tier list operationalized from UEFA coefficient / revenue"
2010,2010,Dani Alves,Barcelona,Brazil,1,3,3,1,UCL winner 2010 club Barcelona matches player's club Barcelona,"{""tier"": 1, ""score"": 3, ""matched"": ""Barcelona"", ""raw"": ""Barcelona""}","club_prestige_tier, market_size_proxy, signature_moment_flag are agent-inferred proxies per Requirements A.4, not sourced from post-hoc narrative articles (to avoid leakage per Key Focus Area §3)","heuristic based on trophy winners (UCL, World Cup, Euros, Copa) + club prestige tier list operationalized from UEFA coefficient / revenue"
2011,2011,Lionel Messi,Barcelona,Argentina,1,3,3,0,,"{""tier"": 1, ""score"": 3, ""matched"": ""Barcelona"", ""raw"": ""Barcelona""}","club_prestige_tier, market_size_proxy, signature_moment_flag are agent-inferred proxies per Requirements A.4, not sourced from post-hoc narrative articles (to avoid leakage per Key Focus Area §3)","heuristic based on trophy winners (UCL, World Cup, Euros, Copa) + club prestige tier list operationalized from UEFA coefficient / revenue"
2011,2011,Cristiano Ronaldo,Real Madrid,Portugal,1,3,3,0,,"{""tier"": 1, ""score"": 3, ""matched"": ""Real Madrid"", ""raw"": ""Real Madrid""}","club_prestige_tier, market_size_proxy, signature_moment_flag are agent-inferred proxies per Requirements A.4, not sourced from post-hoc narrative articles (to avoid leakage per Key Focus Area §3)","heuristic based on trophy winners (UCL, World Cup, Euros, Copa) + club prestige tier list operationalized from UEFA coefficient / revenue"
2011,2011,Xavi,Barcelona,Spain,1,3,3,0,,"{""tier"": 1, ""score"": 3, ""matched"": ""Barcelona"", ""raw"": ""Barcelona""}","club_prestige_tier, market_size_proxy, signature_moment_flag are agent-inferred proxies per Requirements A.4, not sourced from post-hoc narrative articles (to avoid leakage per Key Focus Area §3)","heuristic based on trophy winners (UCL, World Cup, Euros, Copa) + club prestige tier list operationalized from UEFA coefficient / revenue"
2011,2011,Andrés Iniesta,Barcelona,Spain,1,3,3,0,,"{""tier"": 1, ""score"": 3, ""matched"": ""Barcelona"", ""raw"": ""Barcelona""}","club_prestige_tier, market_size_proxy, signature_moment_flag are agent-inferred proxies per Requirements A.4, not sourced from post-hoc narrative articles (to avoid leakage per Key Focus Area §3)","heuristic based on trophy winners (UCL, World Cup, Euros, Copa) + club prestige tier list operationalized from UEFA coefficient / revenue"
2011,2011,Wayne Rooney,Manchester United,England,1,3,3,0,,"{""tier"": 1, ""score"": 3, ""matched"": ""Manchester United"", ""raw"": ""Manchester United""}","club_prestige_tier, market_size_proxy, signature_moment_flag are agent-inferred proxies per Requirements A.4, not sourced from post-hoc narrative articles (to avoid leakage per Key Focus Area §3)","heuristic based on trophy winners (UCL, World Cup, Euros, Copa) + club prestige tier list operationalized from UEFA coefficient / revenue"
2011,2011,Luis Suárez,Ajax Liverpool,Uruguay,1,3,3,1,CopaAmerica winner 2011 country Uruguay matches player's nation Uruguay,"{""tier"": 1, ""score"": 3, ""matched"": ""Liverpool"", ""raw"": ""Ajax Liverpool""}","club_prestige_tier, market_size_proxy, signature_moment_flag are agent-inferred proxies per Requirements A.4, not sourced from post-hoc narrative articles (to avoid leakage per Key Focus Area §3)","heuristic based on trophy winners (UCL, World Cup, Euros, Copa) + club prestige tier list operationalized from UEFA coefficient / revenue"
2011,2011,Diego Forlán,Atlético Madrid Internazionale,Uruguay,1,3,3,1,CopaAmerica winner 2011 country Uruguay matches player's nation Uruguay,"{""tier"": 1, ""score"": 3, ""matched"": ""Internazionale"", ""raw"": ""Atl\u00e9tico Madrid Internazionale""}","club_prestige_tier, market_size_proxy, signature_moment_flag are agent-inferred proxies per Requirements A.4, not sourced from post-hoc narrative articles (to avoid leakage per Key Focus Area §3)","heuristic based on trophy winners (UCL, World Cup, Euros, Copa) + club prestige tier list operationalized from UEFA coefficient / revenue"
2011,2011,Samuel Eto'o,Internazionale Anzhi Makhachkala,Cameroon,1,3,3,0,,"{""tier"": 1, ""score"": 3, ""matched"": ""Internazionale"", ""raw"": ""Internazionale Anzhi Makhachkala""}","club_prestige_tier, market_size_proxy, signature_moment_flag are agent-inferred proxies per Requirements A.4, not sourced from post-hoc narrative articles (to avoid leakage per Key Focus Area §3)","heuristic based on trophy winners (UCL, World Cup, Euros, Copa) + club prestige tier list operationalized from UEFA coefficient / revenue"
2011,2011,Iker Casillas,Real Madrid,Spain,1,3,3,0,,"{""tier"": 1, ""score"": 3, ""matched"": ""Real Madrid"", ""raw"": ""Real Madrid""}","club_prestige_tier, market_size_proxy, signature_moment_flag are agent-inferred proxies per Requirements A.4, not sourced from post-hoc narrative articles (to avoid leakage per Key Focus Area §3)","heuristic based on trophy winners (UCL, World Cup, Euros, Copa) + club prestige tier list operationalized from UEFA coefficient / revenue"
2011,2011,Neymar,Santos,Brazil,3,1,1,0,,"{""tier"": 3, ""score"": 1, ""matched"": ""other"", ""raw"": ""Santos""}","club_prestige_tier, market_size_proxy, signature_moment_flag are agent-inferred proxies per Requirements A.4, not sourced from post-hoc narrative articles (to avoid leakage per Key Focus Area §3)","heuristic based on trophy winners (UCL, World Cup, Euros, Copa) + club prestige tier list operationalized from UEFA coefficient / revenue"
2011,2011,Mesut Özil,Real Madrid,Germany,1,3,3,0,,"{""tier"": 1, ""score"": 3, ""matched"": ""Real Madrid"", ""raw"": ""Real Madrid""}","club_prestige_tier, market_size_proxy, signature_moment_flag are agent-inferred proxies per Requirements A.4, not sourced from post-hoc narrative articles (to avoid leakage per Key Focus Area §3)","heuristic based on trophy winners (UCL, World Cup, Euros, Copa) + club prestige tier list operationalized from UEFA coefficient / revenue"
2011,2011,Wesley Sneijder,Internazionale,Netherlands,1,3,3,0,,"{""tier"": 1, ""score"": 3, ""matched"": ""Internazionale"", ""raw"": ""Internazionale""}","club_prestige_tier, market_size_proxy, signature_moment_flag are agent-inferred proxies per Requirements A.4, not sourced from post-hoc narrative articles (to avoid leakage per Key Focus Area §3)","heuristic based on trophy winners (UCL, World Cup, Euros, Copa) + club prestige tier list operationalized from UEFA coefficient / revenue"
2011,2011,Thomas Müller,Bayern Munich,Germany,1,3,3,0,,"{""tier"": 1, ""score"": 3, ""matched"": ""Bayern Munich"", ""raw"": ""Bayern Munich""}","club_prestige_tier, market_size_proxy, signature_moment_flag are agent-inferred proxies per Requirements A.4, not sourced from post-hoc narrative articles (to avoid leakage per Key Focus Area §3)","heuristic based on trophy winners (UCL, World Cup, Euros, Copa) + club prestige tier list operationalized from UEFA coefficient / revenue"
2011,2011,David Villa,Barcelona,Spain,1,3,3,0,,"{""tier"": 1, ""score"": 3, ""matched"": ""Barcelona"", ""raw"": ""Barcelona""}","club_prestige_tier, market_size_proxy, signature_moment_flag are agent-inferred proxies per Requirements A.4, not sourced from post-hoc narrative articles (to avoid leakage per Key Focus Area §3)","heuristic based on trophy winners (UCL, World Cup, Euros, Copa) + club prestige tier list operationalized from UEFA coefficient / revenue"
2011,2011,Bastian Schweinsteiger,Bayern Munich,Germany,1,3,3,0,,"{""tier"": 1, ""score"": 3, ""matched"": ""Bayern Munich"", ""raw"": ""Bayern Munich""}","club_prestige_tier, market_size_proxy, signature_moment_flag are agent-inferred proxies per Requirements A.4, not sourced from post-hoc narrative articles (to avoid leakage per Key Focus Area §3)","heuristic based on trophy winners (UCL, World Cup, Euros, Copa) + club prestige tier list operationalized from UEFA coefficient / revenue"
2011,2011,Xabi Alonso,Real Madrid,Spain,1,3,3,0,,"{""tier"": 1, ""score"": 3, ""matched"": ""Real Madrid"", ""raw"": ""Real Madrid""}","club_prestige_tier, market_size_proxy, signature_moment_flag are agent-inferred proxies per Requirements A.4, not sourced from post-hoc narrative articles (to avoid leakage per Key Focus Area §3)","heuristic based on trophy winners (UCL, World Cup, Euros, Copa) + club prestige tier list operationalized from UEFA coefficient / revenue"
2011,2011,Sergio Agüero,Atlético Madrid Manchester City,Argentina,1,3,3,0,,"{""tier"": 1, ""score"": 3, ""matched"": ""Manchester City"", ""raw"": ""Atl\u00e9tico Madrid Manchester City""}","club_prestige_tier, market_size_proxy, signature_moment_flag are agent-inferred proxies per Requirements A.4, not sourced from post-hoc narrative articles (to avoid leakage per Key Focus Area §3)","heuristic based on trophy winners (UCL, World Cup, Euros, Copa) + club prestige tier list operationalized from UEFA coefficient / revenue"
2011,2011,Eric Abidal,Barcelona,France,1,3,3,0,,"{""tier"": 1, ""score"": 3, ""matched"": ""Barcelona"", ""raw"": ""Barcelona""}","club_prestige_tier, market_size_proxy, signature_moment_flag are agent-inferred proxies per Requirements A.4, not sourced from post-hoc narrative articles (to avoid leakage per Key Focus Area §3)","heuristic based on trophy winners (UCL, World Cup, Euros, Copa) + club prestige tier list operationalized from UEFA coefficient / revenue"
2011,2011,Dani Alves,Barcelona,Brazil,1,3,3,0,,"{""tier"": 1, ""score"": 3, ""matched"": ""Barcelona"", ""raw"": ""Barcelona""}","club_prestige_tier, market_size_proxy, signature_moment_flag are agent-inferred proxies per Requirements A.4, not sourced from post-hoc narrative articles (to avoid leakage per Key Focus Area §3)","heuristic based on trophy winners (UCL, World Cup, Euros, Copa) + club prestige tier list operationalized from UEFA coefficient / revenue"
2011,2011,Karim Benzema,Real Madrid,France,1,3,3,0,,"{""tier"": 1, ""score"": 3, ""matched"": ""Real Madrid"", ""raw"": ""Real Madrid""}","club_prestige_tier, market_size_proxy, signature_moment_flag are agent-inferred proxies per Requirements A.4, not sourced from post-hoc narrative articles (to avoid leakage per Key Focus Area §3)","heuristic based on trophy winners (UCL, World Cup, Euros, Copa) + club prestige tier list operationalized from UEFA coefficient / revenue"
2011,2011,Cesc Fàbregas,Arsenal Barcelona,Spain,1,3,3,0,,"{""tier"": 1, ""score"": 3, ""matched"": ""Barcelona"", ""raw"": ""Arsenal Barcelona""}","club_prestige_tier, market_size_proxy, signature_moment_flag are agent-inferred proxies per Requirements A.4, not sourced from post-hoc narrative articles (to avoid leakage per Key Focus Area §3)","heuristic based on trophy winners (UCL, World Cup, Euros, Copa) + club prestige tier list operationalized from UEFA coefficient / revenue"
2011,2011,Nani,Manchester United,Portugal,1,3,3,0,,"{""tier"": 1, ""score"": 3, ""matched"": ""Manchester United"", ""raw"": ""Manchester United""}","club_prestige_tier, market_size_proxy, signature_moment_flag are agent-inferred proxies per Requirements A.4, not sourced from post-hoc narrative articles (to avoid leakage per Key Focus Area §3)","heuristic based on trophy winners (UCL, World Cup, Euros, Copa) + club prestige tier list operationalized from UEFA coefficient / revenue"
2011,2011,Gerard Piqué,Barcelona,Spain,1,3,3,0,,"{""tier"": 1, ""score"": 3, ""matched"": ""Barcelona"", ""raw"": ""Barcelona""}","club_prestige_tier, market_size_proxy, signature_moment_flag are agent-inferred proxies per Requirements A.4, not sourced from post-hoc narrative articles (to avoid leakage per Key Focus Area §3)","heuristic based on trophy winners (UCL, World Cup, Euros, Copa) + club prestige tier list operationalized from UEFA coefficient / revenue"
2012,2012,Lionel Messi,Barcelona,Argentina,1,3,3,0,,"{""tier"": 1, ""score"": 3, ""matched"": ""Barcelona"", ""raw"": ""Barcelona""}","club_prestige_tier, market_size_proxy, signature_moment_flag are agent-inferred proxies per Requirements A.4, not sourced from post-hoc narrative articles (to avoid leakage per Key Focus Area §3)","heuristic based on trophy winners (UCL, World Cup, Euros, Copa) + club prestige tier list operationalized from UEFA coefficient / revenue"
2012,2012,Cristiano Ronaldo,Real Madrid,Portugal,1,3,3,0,,"{""tier"": 1, ""score"": 3, ""matched"": ""Real Madrid"", ""raw"": ""Real Madrid""}","club_prestige_tier, market_size_proxy, signature_moment_flag are agent-inferred proxies per Requirements A.4, not sourced from post-hoc narrative articles (to avoid leakage per Key Focus Area §3)","heuristic based on trophy winners (UCL, World Cup, Euros, Copa) + club prestige tier list operationalized from UEFA coefficient / revenue"
2012,2012,Andrés Iniesta,Barcelona,Spain,1,3,3,1,Euros winner 2012 country Spain matches player's nation Spain,"{""tier"": 1, ""score"": 3, ""matched"": ""Barcelona"", ""raw"": ""Barcelona""}","club_prestige_tier, market_size_proxy, signature_moment_flag are agent-inferred proxies per Requirements A.4, not sourced from post-hoc narrative articles (to avoid leakage per Key Focus Area §3)","heuristic based on trophy winners (UCL, World Cup, Euros, Copa) + club prestige tier list operationalized from UEFA coefficient / revenue"
2012,2012,Xavi,Barcelona,Spain,1,3,3,1,Euros winner 2012 country Spain matches player's nation Spain,"{""tier"": 1, ""score"": 3, ""matched"": ""Barcelona"", ""raw"": ""Barcelona""}","club_prestige_tier, market_size_proxy, signature_moment_flag are agent-inferred proxies per Requirements A.4, not sourced from post-hoc narrative articles (to avoid leakage per Key Focus Area §3)","heuristic based on trophy winners (UCL, World Cup, Euros, Copa) + club prestige tier list operationalized from UEFA coefficient / revenue"
2012,2012,Radamel Falcao,Atlético Madrid,Colombia,2,2,2,0,,"{""tier"": 2, ""score"": 2, ""matched"": ""Atl\u00e9tico Madrid"", ""raw"": ""Atl\u00e9tico Madrid""}","club_prestige_tier, market_size_proxy, signature_moment_flag are agent-inferred proxies per Requirements A.4, not sourced from post-hoc narrative articles (to avoid leakage per Key Focus Area §3)","heuristic based on trophy winners (UCL, World Cup, Euros, Copa) + club prestige tier list operationalized from UEFA coefficient / revenue"
2012,2012,Iker Casillas,Real Madrid,Spain,1,3,3,1,Euros winner 2012 country Spain matches player's nation Spain,"{""tier"": 1, ""score"": 3, ""matched"": ""Real Madrid"", ""raw"": ""Real Madrid""}","club_prestige_tier, market_size_proxy, signature_moment_flag are agent-inferred proxies per Requirements A.4, not sourced from post-hoc narrative articles (to avoid leakage per Key Focus Area §3)","heuristic based on trophy winners (UCL, World Cup, Euros, Copa) + club prestige tier list operationalized from UEFA coefficient / revenue"
2012,2012,Andrea Pirlo,Juventus,Italy,1,3,3,0,,"{""tier"": 1, ""score"": 3, ""matched"": ""Juventus"", ""raw"": ""Juventus""}","club_prestige_tier, market_size_proxy, signature_moment_flag are agent-inferred proxies per Requirements A.4, not sourced from post-hoc narrative articles (to avoid leakage per Key Focus Area §3)","heuristic based on trophy winners (UCL, World Cup, Euros, Copa) + club prestige tier list operationalized from UEFA coefficient / revenue"
2012,2012,Didier Drogba,Chelsea Shanghai Shenhua,Ivory Coast,1,3,3,0,,"{""tier"": 1, ""score"": 3, ""matched"": ""Chelsea"", ""raw"": ""Chelsea Shanghai Shenhua""}","club_prestige_tier, market_size_proxy, signature_moment_flag are agent-inferred proxies per Requirements A.4, not sourced from post-hoc narrative articles (to avoid leakage per Key Focus Area §3)","heuristic based on trophy winners (UCL, World Cup, Euros, Copa) + club prestige tier list operationalized from UEFA coefficient / revenue"
2012,2012,Robin van Persie,Arsenal Manchester United,Netherlands,1,3,3,0,,"{""tier"": 1, ""score"": 3, ""matched"": ""Manchester United"", ""raw"": ""Arsenal Manchester United""}","club_prestige_tier, market_size_proxy, signature_moment_flag are agent-inferred proxies per Requirements A.4, not sourced from post-hoc narrative articles (to avoid leakage per Key Focus Area §3)","heuristic based on trophy winners (UCL, World Cup, Euros, Copa) + club prestige tier list operationalized from UEFA coefficient / revenue"
2012,2012,Zlatan Ibrahimović,Milan Paris Saint-Germain,Sweden,1,3,3,0,,"{""tier"": 1, ""score"": 3, ""matched"": ""Paris Saint-Germain"", ""raw"": ""Milan Paris Saint-Germain""}","club_prestige_tier, market_size_proxy, signature_moment_flag are agent-inferred proxies per Requirements A.4, not sourced from post-hoc narrative articles (to avoid leakage per Key Focus Area §3)","heuristic based on trophy winners (UCL, World Cup, Euros, Copa) + club prestige tier list operationalized from UEFA coefficient / revenue"
2012,2012,Xabi Alonso,Real Madrid,Spain,1,3,3,1,Euros winner 2012 country Spain matches player's nation Spain,"{""tier"": 1, ""score"": 3, ""matched"": ""Real Madrid"", ""raw"": ""Real Madrid""}","club_prestige_tier, market_size_proxy, signature_moment_flag are agent-inferred proxies per Requirements A.4, not sourced from post-hoc narrative articles (to avoid leakage per Key Focus Area §3)","heuristic based on trophy winners (UCL, World Cup, Euros, Copa) + club prestige tier list operationalized from UEFA coefficient / revenue"
2012,2012,Yaya Touré,Manchester City,Ivory Coast,1,3,3,0,,"{""tier"": 1, ""score"": 3, ""matched"": ""Manchester City"", ""raw"": ""Manchester City""}","club_prestige_tier, market_size_proxy, signature_moment_flag are agent-inferred proxies per Requirements A.4, not sourced from post-hoc narrative articles (to avoid leakage per Key Focus Area §3)","heuristic based on trophy winners (UCL, World Cup, Euros, Copa) + club prestige tier list operationalized from UEFA coefficient / revenue"
2012,2012,Neymar,Santos,Brazil,3,1,1,0,,"{""tier"": 3, ""score"": 1, ""matched"": ""other"", ""raw"": ""Santos""}","club_prestige_tier, market_size_proxy, signature_moment_flag are agent-inferred proxies per Requirements A.4, not sourced from post-hoc narrative articles (to avoid leakage per Key Focus Area §3)","heuristic based on trophy winners (UCL, World Cup, Euros, Copa) + club prestige tier list operationalized from UEFA coefficient / revenue"
2012,2012,Mesut Özil,Real Madrid,Germany,1,3,3,0,,"{""tier"": 1, ""score"": 3, ""matched"": ""Real Madrid"", ""raw"": ""Real Madrid""}","club_prestige_tier, market_size_proxy, signature_moment_flag are agent-inferred proxies per Requirements A.4, not sourced from post-hoc narrative articles (to avoid leakage per Key Focus Area §3)","heuristic based on trophy winners (UCL, World Cup, Euros, Copa) + club prestige tier list operationalized from UEFA coefficient / revenue"
2012,2012,Wayne Rooney,Manchester United,England,1,3,3,0,,"{""tier"": 1, ""score"": 3, ""matched"": ""Manchester United"", ""raw"": ""Manchester United""}","club_prestige_tier, market_size_proxy, signature_moment_flag are agent-inferred proxies per Requirements A.4, not sourced from post-hoc narrative articles (to avoid leakage per Key Focus Area §3)","heuristic based on trophy winners (UCL, World Cup, Euros, Copa) + club prestige tier list operationalized from UEFA coefficient / revenue"
2012,2012,Gianluigi Buffon,Juventus,Italy,1,3,3,0,,"{""tier"": 1, ""score"": 3, ""matched"": ""Juventus"", ""raw"": ""Juventus""}","club_prestige_tier, market_size_proxy, signature_moment_flag are agent-inferred proxies per Requirements A.4, not sourced from post-hoc narrative articles (to avoid leakage per Key Focus Area §3)","heuristic based on trophy winners (UCL, World Cup, Euros, Copa) + club prestige tier list operationalized from UEFA coefficient / revenue"
2012,2012,Sergio Agüero,Manchester City,Argentina,1,3,3,0,,"{""tier"": 1, ""score"": 3, ""matched"": ""Manchester City"", ""raw"": ""Manchester City""}","club_prestige_tier, market_size_proxy, signature_moment_flag are agent-inferred proxies per Requirements A.4, not sourced from post-hoc narrative articles (to avoid leakage per Key Focus Area §3)","heuristic based on trophy winners (UCL, World Cup, Euros, Copa) + club prestige tier list operationalized from UEFA coefficient / revenue"
2012,2012,Sergio Ramos,Real Madrid,Spain,1,3,3,1,Euros winner 2012 country Spain matches player's nation Spain,"{""tier"": 1, ""score"": 3, ""matched"": ""Real Madrid"", ""raw"": ""Real Madrid""}","club_prestige_tier, market_size_proxy, signature_moment_flag are agent-inferred proxies per Requirements A.4, not sourced from post-hoc narrative articles (to avoid leakage per Key Focus Area §3)","heuristic based on trophy winners (UCL, World Cup, Euros, Copa) + club prestige tier list operationalized from UEFA coefficient / revenue"
2012,2012,Manuel Neuer,Bayern Munich,Germany,1,3,3,1,UCL winner 2012 club Bayern Munich matches player's club Bayern Munich,"{""tier"": 1, ""score"": 3, ""matched"": ""Bayern Munich"", ""raw"": ""Bayern Munich""}","club_prestige_tier, market_size_proxy, signature_moment_flag are agent-inferred proxies per Requirements A.4, not sourced from post-hoc narrative articles (to avoid leakage per Key Focus Area §3)","heuristic based on trophy winners (UCL, World Cup, Euros, Copa) + club prestige tier list operationalized from UEFA coefficient / revenue"
2012,2012,Sergio Busquets,Barcelona,Spain,1,3,3,1,Euros winner 2012 country Spain matches player's nation Spain,"{""tier"": 1, ""score"": 3, ""matched"": ""Barcelona"", ""raw"": ""Barcelona""}","club_prestige_tier, market_size_proxy, signature_moment_flag are agent-inferred proxies per Requirements A.4, not sourced from post-hoc narrative articles (to avoid leakage per Key Focus Area §3)","heuristic based on trophy winners (UCL, World Cup, Euros, Copa) + club prestige tier list operationalized from UEFA coefficient / revenue"
2012,2012,Gerard Piqué,Barcelona,Spain,1,3,3,1,Euros winner 2012 country Spain matches player's nation Spain,"{""tier"": 1, ""score"": 3, ""matched"": ""Barcelona"", ""raw"": ""Barcelona""}","club_prestige_tier, market_size_proxy, signature_moment_flag are agent-inferred proxies per Requirements A.4, not sourced from post-hoc narrative articles (to avoid leakage per Key Focus Area §3)","heuristic based on trophy winners (UCL, World Cup, Euros, Copa) + club prestige tier list operationalized from UEFA coefficient / revenue"
2012,2012,Karim Benzema,Real Madrid,France,1,3,3,0,,"{""tier"": 1, ""score"": 3, ""matched"": ""Real Madrid"", ""raw"": ""Real Madrid""}","club_prestige_tier, market_size_proxy, signature_moment_flag are agent-inferred proxies per Requirements A.4, not sourced from post-hoc narrative articles (to avoid leakage per Key Focus Area §3)","heuristic based on trophy winners (UCL, World Cup, Euros, Copa) + club prestige tier list operationalized from UEFA coefficient / revenue"
2012,2012,Mario Balotelli,Manchester City,Italy,1,3,3,0,,"{""tier"": 1, ""score"": 3, ""matched"": ""Manchester City"", ""raw"": ""Manchester City""}","club_prestige_tier, market_size_proxy, signature_moment_flag are agent-inferred proxies per Requirements A.4, not sourced from post-hoc narrative articles (to avoid leakage per Key Focus Area §3)","heuristic based on trophy winners (UCL, World Cup, Euros, Copa) + club prestige tier list operationalized from UEFA coefficient / revenue"
2013,2013,Cristiano Ronaldo,Real Madrid,Portugal,1,3,3,1,UCL winner 2013 club Real Madrid matches player's club Real Madrid,"{""tier"": 1, ""score"": 3, ""matched"": ""Real Madrid"", ""raw"": ""Real Madrid""}","club_prestige_tier, market_size_proxy, signature_moment_flag are agent-inferred proxies per Requirements A.4, not sourced from post-hoc narrative articles (to avoid leakage per Key Focus Area §3)","heuristic based on trophy winners (UCL, World Cup, Euros, Copa) + club prestige tier list operationalized from UEFA coefficient / revenue"
2013,2013,Lionel Messi,Barcelona,Argentina,1,3,3,0,,"{""tier"": 1, ""score"": 3, ""matched"": ""Barcelona"", ""raw"": ""Barcelona""}","club_prestige_tier, market_size_proxy, signature_moment_flag are agent-inferred proxies per Requirements A.4, not sourced from post-hoc narrative articles (to avoid leakage per Key Focus Area §3)","heuristic based on trophy winners (UCL, World Cup, Euros, Copa) + club prestige tier list operationalized from UEFA coefficient / revenue"
2013,2013,Franck Ribéry,Bayern Munich,France,1,3,3,0,,"{""tier"": 1, ""score"": 3, ""matched"": ""Bayern Munich"", ""raw"": ""Bayern Munich""}","club_prestige_tier, market_size_proxy, signature_moment_flag are agent-inferred proxies per Requirements A.4, not sourced from post-hoc narrative articles (to avoid leakage per Key Focus Area §3)","heuristic based on trophy winners (UCL, World Cup, Euros, Copa) + club prestige tier list operationalized from UEFA coefficient / revenue"
2013,2013,Zlatan Ibrahimović,Paris Saint-Germain,Sweden,1,3,3,0,,"{""tier"": 1, ""score"": 3, ""matched"": ""Paris Saint-Germain"", ""raw"": ""Paris Saint-Germain""}","club_prestige_tier, market_size_proxy, signature_moment_flag are agent-inferred proxies per Requirements A.4, not sourced from post-hoc narrative articles (to avoid leakage per Key Focus Area §3)","heuristic based on trophy winners (UCL, World Cup, Euros, Copa) + club prestige tier list operationalized from UEFA coefficient / revenue"
2013,2013,Neymar,Santos Barcelona,Brazil,1,3,3,0,,"{""tier"": 1, ""score"": 3, ""matched"": ""Barcelona"", ""raw"": ""Santos Barcelona""}","club_prestige_tier, market_size_proxy, signature_moment_flag are agent-inferred proxies per Requirements A.4, not sourced from post-hoc narrative articles (to avoid leakage per Key Focus Area §3)","heuristic based on trophy winners (UCL, World Cup, Euros, Copa) + club prestige tier list operationalized from UEFA coefficient / revenue"
2013,2013,Andrés Iniesta,Barcelona,Spain,1,3,3,0,,"{""tier"": 1, ""score"": 3, ""matched"": ""Barcelona"", ""raw"": ""Barcelona""}","club_prestige_tier, market_size_proxy, signature_moment_flag are agent-inferred proxies per Requirements A.4, not sourced from post-hoc narrative articles (to avoid leakage per Key Focus Area §3)","heuristic based on trophy winners (UCL, World Cup, Euros, Copa) + club prestige tier list operationalized from UEFA coefficient / revenue"
2013,2013,Robin van Persie,Manchester United,Netherlands,1,3,3,0,,"{""tier"": 1, ""score"": 3, ""matched"": ""Manchester United"", ""raw"": ""Manchester United""}","club_prestige_tier, market_size_proxy, signature_moment_flag are agent-inferred proxies per Requirements A.4, not sourced from post-hoc narrative articles (to avoid leakage per Key Focus Area §3)","heuristic based on trophy winners (UCL, World Cup, Euros, Copa) + club prestige tier list operationalized from UEFA coefficient / revenue"
2013,2013,Arjen Robben,Bayern Munich,Netherlands,1,3,3,0,,"{""tier"": 1, ""score"": 3, ""matched"": ""Bayern Munich"", ""raw"": ""Bayern Munich""}","club_prestige_tier, market_size_proxy, signature_moment_flag are agent-inferred proxies per Requirements A.4, not sourced from post-hoc narrative articles (to avoid leakage per Key Focus Area §3)","heuristic based on trophy winners (UCL, World Cup, Euros, Copa) + club prestige tier list operationalized from UEFA coefficient / revenue"
2013,2013,Gareth Bale,Tottenham Hotspur Real Madrid,Wales,1,3,3,1,UCL winner 2013 club Real Madrid matches player's club Tottenham Hotspur Real Madrid,"{""tier"": 1, ""score"": 3, ""matched"": ""Real Madrid"", ""raw"": ""Tottenham Hotspur Real Madrid""}","club_prestige_tier, market_size_proxy, signature_moment_flag are agent-inferred proxies per Requirements A.4, not sourced from post-hoc narrative articles (to avoid leakage per Key Focus Area §3)","heuristic based on trophy winners (UCL, World Cup, Euros, Copa) + club prestige tier list operationalized from UEFA coefficient / revenue"
2013,2013,Andrea Pirlo,Juventus,Italy,1,3,3,0,,"{""tier"": 1, ""score"": 3, ""matched"": ""Juventus"", ""raw"": ""Juventus""}","club_prestige_tier, market_size_proxy, signature_moment_flag are agent-inferred proxies per Requirements A.4, not sourced from post-hoc narrative articles (to avoid leakage per Key Focus Area §3)","heuristic based on trophy winners (UCL, World Cup, Euros, Copa) + club prestige tier list operationalized from UEFA coefficient / revenue"
2013,2013,Radamel Falcao,Atlético Madrid Monaco,Colombia,2,2,2,0,,"{""tier"": 2, ""score"": 2, ""matched"": ""Monaco"", ""raw"": ""Atl\u00e9tico Madrid Monaco""}","club_prestige_tier, market_size_proxy, signature_moment_flag are agent-inferred proxies per Requirements A.4, not sourced from post-hoc narrative articles (to avoid leakage per Key Focus Area §3)","heuristic based on trophy winners (UCL, World Cup, Euros, Copa) + club prestige tier list operationalized from UEFA coefficient / revenue"
2013,2013,Yaya Touré,Manchester City,Ivory Coast,1,3,3,0,,"{""tier"": 1, ""score"": 3, ""matched"": ""Manchester City"", ""raw"": ""Manchester City""}","club_prestige_tier, market_size_proxy, signature_moment_flag are agent-inferred proxies per Requirements A.4, not sourced from post-hoc narrative articles (to avoid leakage per Key Focus Area §3)","heuristic based on trophy winners (UCL, World Cup, Euros, Copa) + club prestige tier list operationalized from UEFA coefficient / revenue"
2013,2013,Robert Lewandowski,Borussia Dortmund,Poland,2,2,2,0,,"{""tier"": 2, ""score"": 2, ""matched"": ""Dortmund"", ""raw"": ""Borussia Dortmund""}","club_prestige_tier, market_size_proxy, signature_moment_flag are agent-inferred proxies per Requirements A.4, not sourced from post-hoc narrative articles (to avoid leakage per Key Focus Area §3)","heuristic based on trophy winners (UCL, World Cup, Euros, Copa) + club prestige tier list operationalized from UEFA coefficient / revenue"
2013,2013,Philipp Lahm,Bayern Munich,Germany,1,3,3,0,,"{""tier"": 1, ""score"": 3, ""matched"": ""Bayern Munich"", ""raw"": ""Bayern Munich""}","club_prestige_tier, market_size_proxy, signature_moment_flag are agent-inferred proxies per Requirements A.4, not sourced from post-hoc narrative articles (to avoid leakage per Key Focus Area §3)","heuristic based on trophy winners (UCL, World Cup, Euros, Copa) + club prestige tier list operationalized from UEFA coefficient / revenue"
2013,2013,Xavi,Barcelona,Spain,1,3,3,0,,"{""tier"": 1, ""score"": 3, ""matched"": ""Barcelona"", ""raw"": ""Barcelona""}","club_prestige_tier, market_size_proxy, signature_moment_flag are agent-inferred proxies per Requirements A.4, not sourced from post-hoc narrative articles (to avoid leakage per Key Focus Area §3)","heuristic based on trophy winners (UCL, World Cup, Euros, Copa) + club prestige tier list operationalized from UEFA coefficient / revenue"
2013,2013,Mesut Özil,Real Madrid Arsenal,Germany,1,3,3,1,UCL winner 2013 club Real Madrid matches player's club Real Madrid Arsenal,"{""tier"": 1, ""score"": 3, ""matched"": ""Real Madrid"", ""raw"": ""Real Madrid Arsenal""}","club_prestige_tier, market_size_proxy, signature_moment_flag are agent-inferred proxies per Requirements A.4, not sourced from post-hoc narrative articles (to avoid leakage per Key Focus Area §3)","heuristic based on trophy winners (UCL, World Cup, Euros, Copa) + club prestige tier list operationalized from UEFA coefficient / revenue"
2013,2013,Bastian Schweinsteiger,Bayern Munich,Germany,1,3,3,0,,"{""tier"": 1, ""score"": 3, ""matched"": ""Bayern Munich"", ""raw"": ""Bayern Munich""}","club_prestige_tier, market_size_proxy, signature_moment_flag are agent-inferred proxies per Requirements A.4, not sourced from post-hoc narrative articles (to avoid leakage per Key Focus Area §3)","heuristic based on trophy winners (UCL, World Cup, Euros, Copa) + club prestige tier list operationalized from UEFA coefficient / revenue"
2013,2013,Thomas Müller,Bayern Munich,Germany,1,3,3,0,,"{""tier"": 1, ""score"": 3, ""matched"": ""Bayern Munich"", ""raw"": ""Bayern Munich""}","club_prestige_tier, market_size_proxy, signature_moment_flag are agent-inferred proxies per Requirements A.4, not sourced from post-hoc narrative articles (to avoid leakage per Key Focus Area §3)","heuristic based on trophy winners (UCL, World Cup, Euros, Copa) + club prestige tier list operationalized from UEFA coefficient / revenue"
2013,2013,Luis Suárez,Liverpool,Uruguay,1,3,3,0,,"{""tier"": 1, ""score"": 3, ""matched"": ""Liverpool"", ""raw"": ""Liverpool""}","club_prestige_tier, market_size_proxy, signature_moment_flag are agent-inferred proxies per Requirements A.4, not sourced from post-hoc narrative articles (to avoid leakage per Key Focus Area §3)","heuristic based on trophy winners (UCL, World Cup, Euros, Copa) + club prestige tier list operationalized from UEFA coefficient / revenue"
2013,2013,Edinson Cavani,Napoli Paris Saint-Germain,Uruguay,1,3,3,0,,"{""tier"": 1, ""score"": 3, ""matched"": ""Paris Saint-Germain"", ""raw"": ""Napoli Paris Saint-Germain""}","club_prestige_tier, market_size_proxy, signature_moment_flag are agent-inferred proxies per Requirements A.4, not sourced from post-hoc narrative articles (to avoid leakage per Key Focus Area §3)","heuristic based on trophy winners (UCL, World Cup, Euros, Copa) + club prestige tier list operationalized from UEFA coefficient / revenue"
2013,2013,Thiago Silva,Paris Saint-Germain,Brazil,1,3,3,0,,"{""tier"": 1, ""score"": 3, ""matched"": ""Paris Saint-Germain"", ""raw"": ""Paris Saint-Germain""}","club_prestige_tier, market_size_proxy, signature_moment_flag are agent-inferred proxies per Requirements A.4, not sourced from post-hoc narrative articles (to avoid leakage per Key Focus Area §3)","heuristic based on trophy winners (UCL, World Cup, Euros, Copa) + club prestige tier list operationalized from UEFA coefficient / revenue"
2013,2013,Eden Hazard,Chelsea,Belgium,1,3,3,0,,"{""tier"": 1, ""score"": 3, ""matched"": ""Chelsea"", ""raw"": ""Chelsea""}","club_prestige_tier, market_size_proxy, signature_moment_flag are agent-inferred proxies per Requirements A.4, not sourced from post-hoc narrative articles (to avoid leakage per Key Focus Area §3)","heuristic based on trophy winners (UCL, World Cup, Euros, Copa) + club prestige tier list operationalized from UEFA coefficient / revenue"
2013,2013,Manuel Neuer,Bayern Munich,Germany,1,3,3,0,,"{""tier"": 1, ""score"": 3, ""matched"": ""Bayern Munich"", ""raw"": ""Bayern Munich""}","club_prestige_tier, market_size_proxy, signature_moment_flag are agent-inferred proxies per Requirements A.4, not sourced from post-hoc narrative articles (to avoid leakage per Key Focus Area §3)","heuristic based on trophy winners (UCL, World Cup, Euros, Copa) + club prestige tier list operationalized from UEFA coefficient / revenue"
2014,2014,Cristiano Ronaldo,Real Madrid,Portugal,1,3,3,0,,"{""tier"": 1, ""score"": 3, ""matched"": ""Real Madrid"", ""raw"": ""Real Madrid""}","club_prestige_tier, market_size_proxy, signature_moment_flag are agent-inferred proxies per Requirements A.4, not sourced from post-hoc narrative articles (to avoid leakage per Key Focus Area §3)","heuristic based on trophy winners (UCL, World Cup, Euros, Copa) + club prestige tier list operationalized from UEFA coefficient / revenue"
2014,2014,Lionel Messi,Barcelona,Argentina,1,3,3,1,UCL winner 2014 club Barcelona matches player's club Barcelona,"{""tier"": 1, ""score"": 3, ""matched"": ""Barcelona"", ""raw"": ""Barcelona""}","club_prestige_tier, market_size_proxy, signature_moment_flag are agent-inferred proxies per Requirements A.4, not sourced from post-hoc narrative articles (to avoid leakage per Key Focus Area §3)","heuristic based on trophy winners (UCL, World Cup, Euros, Copa) + club prestige tier list operationalized from UEFA coefficient / revenue"
2014,2014,Manuel Neuer,Bayern Munich,Germany,1,3,3,1,WorldCup winner 2014 country Germany matches player's nation Germany,"{""tier"": 1, ""score"": 3, ""matched"": ""Bayern Munich"", ""raw"": ""Bayern Munich""}","club_prestige_tier, market_size_proxy, signature_moment_flag are agent-inferred proxies per Requirements A.4, not sourced from post-hoc narrative articles (to avoid leakage per Key Focus Area §3)","heuristic based on trophy winners (UCL, World Cup, Euros, Copa) + club prestige tier list operationalized from UEFA coefficient / revenue"
2014,2014,Arjen Robben,Bayern Munich,Netherlands,1,3,3,0,,"{""tier"": 1, ""score"": 3, ""matched"": ""Bayern Munich"", ""raw"": ""Bayern Munich""}","club_prestige_tier, market_size_proxy, signature_moment_flag are agent-inferred proxies per Requirements A.4, not sourced from post-hoc narrative articles (to avoid leakage per Key Focus Area §3)","heuristic based on trophy winners (UCL, World Cup, Euros, Copa) + club prestige tier list operationalized from UEFA coefficient / revenue"
2014,2014,Thomas Müller,Bayern Munich,Germany,1,3,3,1,WorldCup winner 2014 country Germany matches player's nation Germany,"{""tier"": 1, ""score"": 3, ""matched"": ""Bayern Munich"", ""raw"": ""Bayern Munich""}","club_prestige_tier, market_size_proxy, signature_moment_flag are agent-inferred proxies per Requirements A.4, not sourced from post-hoc narrative articles (to avoid leakage per Key Focus Area §3)","heuristic based on trophy winners (UCL, World Cup, Euros, Copa) + club prestige tier list operationalized from UEFA coefficient / revenue"
2014,2014,Philipp Lahm,Bayern Munich,Germany,1,3,3,1,WorldCup winner 2014 country Germany matches player's nation Germany,"{""tier"": 1, ""score"": 3, ""matched"": ""Bayern Munich"", ""raw"": ""Bayern Munich""}","club_prestige_tier, market_size_proxy, signature_moment_flag are agent-inferred proxies per Requirements A.4, not sourced from post-hoc narrative articles (to avoid leakage per Key Focus Area §3)","heuristic based on trophy winners (UCL, World Cup, Euros, Copa) + club prestige tier list operationalized from UEFA coefficient / revenue"
2014,2014,Neymar,Barcelona,Brazil,1,3,3,1,UCL winner 2014 club Barcelona matches player's club Barcelona,"{""tier"": 1, ""score"": 3, ""matched"": ""Barcelona"", ""raw"": ""Barcelona""}","club_prestige_tier, market_size_proxy, signature_moment_flag are agent-inferred proxies per Requirements A.4, not sourced from post-hoc narrative articles (to avoid leakage per Key Focus Area §3)","heuristic based on trophy winners (UCL, World Cup, Euros, Copa) + club prestige tier list operationalized from UEFA coefficient / revenue"
2014,2014,James Rodríguez,Monaco Real Madrid,Colombia,1,3,3,0,,"{""tier"": 1, ""score"": 3, ""matched"": ""Real Madrid"", ""raw"": ""Monaco Real Madrid""}","club_prestige_tier, market_size_proxy, signature_moment_flag are agent-inferred proxies per Requirements A.4, not sourced from post-hoc narrative articles (to avoid leakage per Key Focus Area §3)","heuristic based on trophy winners (UCL, World Cup, Euros, Copa) + club prestige tier list operationalized from UEFA coefficient / revenue"
2014,2014,Toni Kroos,Bayern Munich Real Madrid,Germany,1,3,3,1,WorldCup winner 2014 country Germany matches player's nation Germany,"{""tier"": 1, ""score"": 3, ""matched"": ""Bayern Munich"", ""raw"": ""Bayern Munich Real Madrid""}","club_prestige_tier, market_size_proxy, signature_moment_flag are agent-inferred proxies per Requirements A.4, not sourced from post-hoc narrative articles (to avoid leakage per Key Focus Area §3)","heuristic based on trophy winners (UCL, World Cup, Euros, Copa) + club prestige tier list operationalized from UEFA coefficient / revenue"
2014,2014,Ángel Di María,Real Madrid Manchester United,Argentina,1,3,3,0,,"{""tier"": 1, ""score"": 3, ""matched"": ""Manchester United"", ""raw"": ""Real Madrid Manchester United""}","club_prestige_tier, market_size_proxy, signature_moment_flag are agent-inferred proxies per Requirements A.4, not sourced from post-hoc narrative articles (to avoid leakage per Key Focus Area §3)","heuristic based on trophy winners (UCL, World Cup, Euros, Copa) + club prestige tier list operationalized from UEFA coefficient / revenue"
2014,2014,Diego Costa,Atlético Madrid Chelsea,Spain,1,3,3,0,,"{""tier"": 1, ""score"": 3, ""matched"": ""Chelsea"", ""raw"": ""Atl\u00e9tico Madrid Chelsea""}","club_prestige_tier, market_size_proxy, signature_moment_flag are agent-inferred proxies per Requirements A.4, not sourced from post-hoc narrative articles (to avoid leakage per Key Focus Area §3)","heuristic based on trophy winners (UCL, World Cup, Euros, Copa) + club prestige tier list operationalized from UEFA coefficient / revenue"
2014,2014,Gareth Bale,Real Madrid,Wales,1,3,3,0,,"{""tier"": 1, ""score"": 3, ""matched"": ""Real Madrid"", ""raw"": ""Real Madrid""}","club_prestige_tier, market_size_proxy, signature_moment_flag are agent-inferred proxies per Requirements A.4, not sourced from post-hoc narrative articles (to avoid leakage per Key Focus Area §3)","heuristic based on trophy winners (UCL, World Cup, Euros, Copa) + club prestige tier list operationalized from UEFA coefficient / revenue"
2014,2014,Zlatan Ibrahimović,Paris Saint-Germain,Sweden,1,3,3,0,,"{""tier"": 1, ""score"": 3, ""matched"": ""Paris Saint-Germain"", ""raw"": ""Paris Saint-Germain""}","club_prestige_tier, market_size_proxy, signature_moment_flag are agent-inferred proxies per Requirements A.4, not sourced from post-hoc narrative articles (to avoid leakage per Key Focus Area §3)","heuristic based on trophy winners (UCL, World Cup, Euros, Copa) + club prestige tier list operationalized from UEFA coefficient / revenue"
2014,2014,Yaya Touré,Manchester City,Ivory Coast,1,3,3,0,,"{""tier"": 1, ""score"": 3, ""matched"": ""Manchester City"", ""raw"": ""Manchester City""}","club_prestige_tier, market_size_proxy, signature_moment_flag are agent-inferred proxies per Requirements A.4, not sourced from post-hoc narrative articles (to avoid leakage per Key Focus Area §3)","heuristic based on trophy winners (UCL, World Cup, Euros, Copa) + club prestige tier list operationalized from UEFA coefficient / revenue"
2014,2014,Mario Götze,Bayern Munich,Germany,1,3,3,1,WorldCup winner 2014 country Germany matches player's nation Germany,"{""tier"": 1, ""score"": 3, ""matched"": ""Bayern Munich"", ""raw"": ""Bayern Munich""}","club_prestige_tier, market_size_proxy, signature_moment_flag are agent-inferred proxies per Requirements A.4, not sourced from post-hoc narrative articles (to avoid leakage per Key Focus Area §3)","heuristic based on trophy winners (UCL, World Cup, Euros, Copa) + club prestige tier list operationalized from UEFA coefficient / revenue"
2014,2014,Karim Benzema,Real Madrid,France,1,3,3,0,,"{""tier"": 1, ""score"": 3, ""matched"": ""Real Madrid"", ""raw"": ""Real Madrid""}","club_prestige_tier, market_size_proxy, signature_moment_flag are agent-inferred proxies per Requirements A.4, not sourced from post-hoc narrative articles (to avoid leakage per Key Focus Area §3)","heuristic based on trophy winners (UCL, World Cup, Euros, Copa) + club prestige tier list operationalized from UEFA coefficient / revenue"
2014,2014,Andrés Iniesta,Barcelona,Spain,1,3,3,1,UCL winner 2014 club Barcelona matches player's club Barcelona,"{""tier"": 1, ""score"": 3, ""matched"": ""Barcelona"", ""raw"": ""Barcelona""}","club_prestige_tier, market_size_proxy, signature_moment_flag are agent-inferred proxies per Requirements A.4, not sourced from post-hoc narrative articles (to avoid leakage per Key Focus Area §3)","heuristic based on trophy winners (UCL, World Cup, Euros, Copa) + club prestige tier list operationalized from UEFA coefficient / revenue"
2014,2014,Bastian Schweinsteiger,Bayern Munich,Germany,1,3,3,1,WorldCup winner 2014 country Germany matches player's nation Germany,"{""tier"": 1, ""score"": 3, ""matched"": ""Bayern Munich"", ""raw"": ""Bayern Munich""}","club_prestige_tier, market_size_proxy, signature_moment_flag are agent-inferred proxies per Requirements A.4, not sourced from post-hoc narrative articles (to avoid leakage per Key Focus Area §3)","heuristic based on trophy winners (UCL, World Cup, Euros, Copa) + club prestige tier list operationalized from UEFA coefficient / revenue"
2014,2014,Javier Mascherano,Barcelona,Argentina,1,3,3,1,UCL winner 2014 club Barcelona matches player's club Barcelona,"{""tier"": 1, ""score"": 3, ""matched"": ""Barcelona"", ""raw"": ""Barcelona""}","club_prestige_tier, market_size_proxy, signature_moment_flag are agent-inferred proxies per Requirements A.4, not sourced from post-hoc narrative articles (to avoid leakage per Key Focus Area §3)","heuristic based on trophy winners (UCL, World Cup, Euros, Copa) + club prestige tier list operationalized from UEFA coefficient / revenue"
2014,2014,Thibaut Courtois,Atlético Madrid Chelsea,Belgium,1,3,3,0,,"{""tier"": 1, ""score"": 3, ""matched"": ""Chelsea"", ""raw"": ""Atl\u00e9tico Madrid Chelsea""}","club_prestige_tier, market_size_proxy, signature_moment_flag are agent-inferred proxies per Requirements A.4, not sourced from post-hoc narrative articles (to avoid leakage per Key Focus Area §3)","heuristic based on trophy winners (UCL, World Cup, Euros, Copa) + club prestige tier list operationalized from UEFA coefficient / revenue"
2014,2014,David Luiz,Chelsea Paris Saint-Germain,Brazil,1,3,3,0,,"{""tier"": 1, ""score"": 3, ""matched"": ""Paris Saint-Germain"", ""raw"": ""Chelsea Paris Saint-Germain""}","club_prestige_tier, market_size_proxy, signature_moment_flag are agent-inferred proxies per Requirements A.4, not sourced from post-hoc narrative articles (to avoid leakage per Key Focus Area §3)","heuristic based on trophy winners (UCL, World Cup, Euros, Copa) + club prestige tier list operationalized from UEFA coefficient / revenue"
2014,2014,Paul Pogba,Juventus,France,1,3,3,0,,"{""tier"": 1, ""score"": 3, ""matched"": ""Juventus"", ""raw"": ""Juventus""}","club_prestige_tier, market_size_proxy, signature_moment_flag are agent-inferred proxies per Requirements A.4, not sourced from post-hoc narrative articles (to avoid leakage per Key Focus Area §3)","heuristic based on trophy winners (UCL, World Cup, Euros, Copa) + club prestige tier list operationalized from UEFA coefficient / revenue"
2014,2014,Sergio Ramos,Real Madrid,Spain,1,3,3,0,,"{""tier"": 1, ""score"": 3, ""matched"": ""Real Madrid"", ""raw"": ""Real Madrid""}","club_prestige_tier, market_size_proxy, signature_moment_flag are agent-inferred proxies per Requirements A.4, not sourced from post-hoc narrative articles (to avoid leakage per Key Focus Area §3)","heuristic based on trophy winners (UCL, World Cup, Euros, Copa) + club prestige tier list operationalized from UEFA coefficient / revenue"
2015,2015,Lionel Messi,Barcelona,Argentina,1,3,3,0,,"{""tier"": 1, ""score"": 3, ""matched"": ""Barcelona"", ""raw"": ""Barcelona""}","club_prestige_tier, market_size_proxy, signature_moment_flag are agent-inferred proxies per Requirements A.4, not sourced from post-hoc narrative articles (to avoid leakage per Key Focus Area §3)","heuristic based on trophy winners (UCL, World Cup, Euros, Copa) + club prestige tier list operationalized from UEFA coefficient / revenue"
2015,2015,Cristiano Ronaldo,Real Madrid,Portugal,1,3,3,1,UCL winner 2015 club Real Madrid matches player's club Real Madrid,"{""tier"": 1, ""score"": 3, ""matched"": ""Real Madrid"", ""raw"": ""Real Madrid""}","club_prestige_tier, market_size_proxy, signature_moment_flag are agent-inferred proxies per Requirements A.4, not sourced from post-hoc narrative articles (to avoid leakage per Key Focus Area §3)","heuristic based on trophy winners (UCL, World Cup, Euros, Copa) + club prestige tier list operationalized from UEFA coefficient / revenue"
2015,2015,Neymar,Barcelona,Brazil,1,3,3,0,,"{""tier"": 1, ""score"": 3, ""matched"": ""Barcelona"", ""raw"": ""Barcelona""}","club_prestige_tier, market_size_proxy, signature_moment_flag are agent-inferred proxies per Requirements A.4, not sourced from post-hoc narrative articles (to avoid leakage per Key Focus Area §3)","heuristic based on trophy winners (UCL, World Cup, Euros, Copa) + club prestige tier list operationalized from UEFA coefficient / revenue"
2015,2015,Robert Lewandowski,Bayern Munich,Poland,1,3,3,0,,"{""tier"": 1, ""score"": 3, ""matched"": ""Bayern Munich"", ""raw"": ""Bayern Munich""}","club_prestige_tier, market_size_proxy, signature_moment_flag are agent-inferred proxies per Requirements A.4, not sourced from post-hoc narrative articles (to avoid leakage per Key Focus Area §3)","heuristic based on trophy winners (UCL, World Cup, Euros, Copa) + club prestige tier list operationalized from UEFA coefficient / revenue"
2015,2015,Luis Suárez,Barcelona,Uruguay,1,3,3,0,,"{""tier"": 1, ""score"": 3, ""matched"": ""Barcelona"", ""raw"": ""Barcelona""}","club_prestige_tier, market_size_proxy, signature_moment_flag are agent-inferred proxies per Requirements A.4, not sourced from post-hoc narrative articles (to avoid leakage per Key Focus Area §3)","heuristic based on trophy winners (UCL, World Cup, Euros, Copa) + club prestige tier list operationalized from UEFA coefficient / revenue"
2015,2015,Thomas Müller,Bayern Munich,Germany,1,3,3,0,,"{""tier"": 1, ""score"": 3, ""matched"": ""Bayern Munich"", ""raw"": ""Bayern Munich""}","club_prestige_tier, market_size_proxy, signature_moment_flag are agent-inferred proxies per Requirements A.4, not sourced from post-hoc narrative articles (to avoid leakage per Key Focus Area §3)","heuristic based on trophy winners (UCL, World Cup, Euros, Copa) + club prestige tier list operationalized from UEFA coefficient / revenue"
2015,2015,Manuel Neuer,Bayern Munich,Germany,1,3,3,0,,"{""tier"": 1, ""score"": 3, ""matched"": ""Bayern Munich"", ""raw"": ""Bayern Munich""}","club_prestige_tier, market_size_proxy, signature_moment_flag are agent-inferred proxies per Requirements A.4, not sourced from post-hoc narrative articles (to avoid leakage per Key Focus Area §3)","heuristic based on trophy winners (UCL, World Cup, Euros, Copa) + club prestige tier list operationalized from UEFA coefficient / revenue"
2015,2015,Eden Hazard,Chelsea,Belgium,1,3,3,0,,"{""tier"": 1, ""score"": 3, ""matched"": ""Chelsea"", ""raw"": ""Chelsea""}","club_prestige_tier, market_size_proxy, signature_moment_flag are agent-inferred proxies per Requirements A.4, not sourced from post-hoc narrative articles (to avoid leakage per Key Focus Area §3)","heuristic based on trophy winners (UCL, World Cup, Euros, Copa) + club prestige tier list operationalized from UEFA coefficient / revenue"
2015,2015,Andrés Iniesta,Barcelona,Spain,1,3,3,0,,"{""tier"": 1, ""score"": 3, ""matched"": ""Barcelona"", ""raw"": ""Barcelona""}","club_prestige_tier, market_size_proxy, signature_moment_flag are agent-inferred proxies per Requirements A.4, not sourced from post-hoc narrative articles (to avoid leakage per Key Focus Area §3)","heuristic based on trophy winners (UCL, World Cup, Euros, Copa) + club prestige tier list operationalized from UEFA coefficient / revenue"
2015,2015,Alexis Sánchez,Arsenal,Chile,2,2,2,1,CopaAmerica winner 2015 country Chile matches player's nation Chile,"{""tier"": 2, ""score"": 2, ""matched"": ""Arsenal"", ""raw"": ""Arsenal""}","club_prestige_tier, market_size_proxy, signature_moment_flag are agent-inferred proxies per Requirements A.4, not sourced from post-hoc narrative articles (to avoid leakage per Key Focus Area §3)","heuristic based on trophy winners (UCL, World Cup, Euros, Copa) + club prestige tier list operationalized from UEFA coefficient / revenue"
2015,2015,Zlatan Ibrahimović,Paris Saint-Germain,Sweden,1,3,3,0,,"{""tier"": 1, ""score"": 3, ""matched"": ""Paris Saint-Germain"", ""raw"": ""Paris Saint-Germain""}","club_prestige_tier, market_size_proxy, signature_moment_flag are agent-inferred proxies per Requirements A.4, not sourced from post-hoc narrative articles (to avoid leakage per Key Focus Area §3)","heuristic based on trophy winners (UCL, World Cup, Euros, Copa) + club prestige tier list operationalized from UEFA coefficient / revenue"
2015,2015,Yaya Touré,Manchester City,Ivory Coast,1,3,3,0,,"{""tier"": 1, ""score"": 3, ""matched"": ""Manchester City"", ""raw"": ""Manchester City""}","club_prestige_tier, market_size_proxy, signature_moment_flag are agent-inferred proxies per Requirements A.4, not sourced from post-hoc narrative articles (to avoid leakage per Key Focus Area §3)","heuristic based on trophy winners (UCL, World Cup, Euros, Copa) + club prestige tier list operationalized from UEFA coefficient / revenue"
2015,2015,Sergio Agüero,Manchester City,Argentina,1,3,3,0,,"{""tier"": 1, ""score"": 3, ""matched"": ""Manchester City"", ""raw"": ""Manchester City""}","club_prestige_tier, market_size_proxy, signature_moment_flag are agent-inferred proxies per Requirements A.4, not sourced from post-hoc narrative articles (to avoid leakage per Key Focus Area §3)","heuristic based on trophy winners (UCL, World Cup, Euros, Copa) + club prestige tier list operationalized from UEFA coefficient / revenue"
2015,2015,Javier Mascherano,Barcelona,Argentina,1,3,3,0,,"{""tier"": 1, ""score"": 3, ""matched"": ""Barcelona"", ""raw"": ""Barcelona""}","club_prestige_tier, market_size_proxy, signature_moment_flag are agent-inferred proxies per Requirements A.4, not sourced from post-hoc narrative articles (to avoid leakage per Key Focus Area §3)","heuristic based on trophy winners (UCL, World Cup, Euros, Copa) + club prestige tier list operationalized from UEFA coefficient / revenue"
2015,2015,Paul Pogba,Juventus,France,1,3,3,0,,"{""tier"": 1, ""score"": 3, ""matched"": ""Juventus"", ""raw"": ""Juventus""}","club_prestige_tier, market_size_proxy, signature_moment_flag are agent-inferred proxies per Requirements A.4, not sourced from post-hoc narrative articles (to avoid leakage per Key Focus Area §3)","heuristic based on trophy winners (UCL, World Cup, Euros, Copa) + club prestige tier list operationalized from UEFA coefficient / revenue"
2015,2015,Gareth Bale,Real Madrid,Wales,1,3,3,1,UCL winner 2015 club Real Madrid matches player's club Real Madrid,"{""tier"": 1, ""score"": 3, ""matched"": ""Real Madrid"", ""raw"": ""Real Madrid""}","club_prestige_tier, market_size_proxy, signature_moment_flag are agent-inferred proxies per Requirements A.4, not sourced from post-hoc narrative articles (to avoid leakage per Key Focus Area §3)","heuristic based on trophy winners (UCL, World Cup, Euros, Copa) + club prestige tier list operationalized from UEFA coefficient / revenue"
2015,2015,Arturo Vidal,Juventus Bayern Munich,Chile,1,3,3,1,CopaAmerica winner 2015 country Chile matches player's nation Chile,"{""tier"": 1, ""score"": 3, ""matched"": ""Bayern Munich"", ""raw"": ""Juventus Bayern Munich""}","club_prestige_tier, market_size_proxy, signature_moment_flag are agent-inferred proxies per Requirements A.4, not sourced from post-hoc narrative articles (to avoid leakage per Key Focus Area §3)","heuristic based on trophy winners (UCL, World Cup, Euros, Copa) + club prestige tier list operationalized from UEFA coefficient / revenue"
2015,2015,Kevin De Bruyne,VfL Wolfsburg Manchester City,Belgium,1,3,3,0,,"{""tier"": 1, ""score"": 3, ""matched"": ""Manchester City"", ""raw"": ""VfL Wolfsburg Manchester City""}","club_prestige_tier, market_size_proxy, signature_moment_flag are agent-inferred proxies per Requirements A.4, not sourced from post-hoc narrative articles (to avoid leakage per Key Focus Area §3)","heuristic based on trophy winners (UCL, World Cup, Euros, Copa) + club prestige tier list operationalized from UEFA coefficient / revenue"
2015,2015,James Rodríguez,Real Madrid,Colombia,1,3,3,1,UCL winner 2015 club Real Madrid matches player's club Real Madrid,"{""tier"": 1, ""score"": 3, ""matched"": ""Real Madrid"", ""raw"": ""Real Madrid""}","club_prestige_tier, market_size_proxy, signature_moment_flag are agent-inferred proxies per Requirements A.4, not sourced from post-hoc narrative articles (to avoid leakage per Key Focus Area §3)","heuristic based on trophy winners (UCL, World Cup, Euros, Copa) + club prestige tier list operationalized from UEFA coefficient / revenue"
2015,2015,Karim Benzema,Real Madrid,France,1,3,3,1,UCL winner 2015 club Real Madrid matches player's club Real Madrid,"{""tier"": 1, ""score"": 3, ""matched"": ""Real Madrid"", ""raw"": ""Real Madrid""}","club_prestige_tier, market_size_proxy, signature_moment_flag are agent-inferred proxies per Requirements A.4, not sourced from post-hoc narrative articles (to avoid leakage per Key Focus Area §3)","heuristic based on trophy winners (UCL, World Cup, Euros, Copa) + club prestige tier list operationalized from UEFA coefficient / revenue"
2015,2015,Toni Kroos,Real Madrid,Germany,1,3,3,1,UCL winner 2015 club Real Madrid matches player's club Real Madrid,"{""tier"": 1, ""score"": 3, ""matched"": ""Real Madrid"", ""raw"": ""Real Madrid""}","club_prestige_tier, market_size_proxy, signature_moment_flag are agent-inferred proxies per Requirements A.4, not sourced from post-hoc narrative articles (to avoid leakage per Key Focus Area §3)","heuristic based on trophy winners (UCL, World Cup, Euros, Copa) + club prestige tier list operationalized from UEFA coefficient / revenue"
2015,2015,Arjen Robben,Bayern Munich,Netherlands,1,3,3,0,,"{""tier"": 1, ""score"": 3, ""matched"": ""Bayern Munich"", ""raw"": ""Bayern Munich""}","club_prestige_tier, market_size_proxy, signature_moment_flag are agent-inferred proxies per Requirements A.4, not sourced from post-hoc narrative articles (to avoid leakage per Key Focus Area §3)","heuristic based on trophy winners (UCL, World Cup, Euros, Copa) + club prestige tier list operationalized from UEFA coefficient / revenue"
2015,2015,Ivan Rakitić,Barcelona,Croatia,1,3,3,0,,"{""tier"": 1, ""score"": 3, ""matched"": ""Barcelona"", ""raw"": ""Barcelona""}","club_prestige_tier, market_size_proxy, signature_moment_flag are agent-inferred proxies per Requirements A.4, not sourced from post-hoc narrative articles (to avoid leakage per Key Focus Area §3)","heuristic based on trophy winners (UCL, World Cup, Euros, Copa) + club prestige tier list operationalized from UEFA coefficient / revenue"
2016,2016,Cristiano Ronaldo,Real Madrid,,1,3,3,1,UCL winner 2016 club Real Madrid matches player's club Real Madrid,"{""tier"": 1, ""score"": 3, ""matched"": ""Real Madrid"", ""raw"": ""Real Madrid""}","club_prestige_tier, market_size_proxy, signature_moment_flag are agent-inferred proxies per Requirements A.4, not sourced from post-hoc narrative articles (to avoid leakage per Key Focus Area §3)","heuristic based on trophy winners (UCL, World Cup, Euros, Copa) + club prestige tier list operationalized from UEFA coefficient / revenue"
2016,2016,Lionel Messi,Barcelona,,1,3,3,0,,"{""tier"": 1, ""score"": 3, ""matched"": ""Barcelona"", ""raw"": ""Barcelona""}","club_prestige_tier, market_size_proxy, signature_moment_flag are agent-inferred proxies per Requirements A.4, not sourced from post-hoc narrative articles (to avoid leakage per Key Focus Area §3)","heuristic based on trophy winners (UCL, World Cup, Euros, Copa) + club prestige tier list operationalized from UEFA coefficient / revenue"
2016,2016,Antoine Griezmann,Atlético Madrid,,2,2,2,0,,"{""tier"": 2, ""score"": 2, ""matched"": ""Atl\u00e9tico Madrid"", ""raw"": ""Atl\u00e9tico Madrid""}","club_prestige_tier, market_size_proxy, signature_moment_flag are agent-inferred proxies per Requirements A.4, not sourced from post-hoc narrative articles (to avoid leakage per Key Focus Area §3)","heuristic based on trophy winners (UCL, World Cup, Euros, Copa) + club prestige tier list operationalized from UEFA coefficient / revenue"
2016,2016,Luis Suárez,Barcelona,,1,3,3,0,,"{""tier"": 1, ""score"": 3, ""matched"": ""Barcelona"", ""raw"": ""Barcelona""}","club_prestige_tier, market_size_proxy, signature_moment_flag are agent-inferred proxies per Requirements A.4, not sourced from post-hoc narrative articles (to avoid leakage per Key Focus Area §3)","heuristic based on trophy winners (UCL, World Cup, Euros, Copa) + club prestige tier list operationalized from UEFA coefficient / revenue"
2016,2016,Neymar,Barcelona,,1,3,3,0,,"{""tier"": 1, ""score"": 3, ""matched"": ""Barcelona"", ""raw"": ""Barcelona""}","club_prestige_tier, market_size_proxy, signature_moment_flag are agent-inferred proxies per Requirements A.4, not sourced from post-hoc narrative articles (to avoid leakage per Key Focus Area §3)","heuristic based on trophy winners (UCL, World Cup, Euros, Copa) + club prestige tier list operationalized from UEFA coefficient / revenue"
2016,2016,Gareth Bale,Real Madrid,,1,3,3,1,UCL winner 2016 club Real Madrid matches player's club Real Madrid,"{""tier"": 1, ""score"": 3, ""matched"": ""Real Madrid"", ""raw"": ""Real Madrid""}","club_prestige_tier, market_size_proxy, signature_moment_flag are agent-inferred proxies per Requirements A.4, not sourced from post-hoc narrative articles (to avoid leakage per Key Focus Area §3)","heuristic based on trophy winners (UCL, World Cup, Euros, Copa) + club prestige tier list operationalized from UEFA coefficient / revenue"
2016,2016,Riyad Mahrez,Leicester City,,2,2,2,0,,"{""tier"": 2, ""score"": 2, ""matched"": ""Leicester"", ""raw"": ""Leicester City""}","club_prestige_tier, market_size_proxy, signature_moment_flag are agent-inferred proxies per Requirements A.4, not sourced from post-hoc narrative articles (to avoid leakage per Key Focus Area §3)","heuristic based on trophy winners (UCL, World Cup, Euros, Copa) + club prestige tier list operationalized from UEFA coefficient / revenue"
2016,2016,Jamie Vardy,Leicester City,,2,2,2,0,,"{""tier"": 2, ""score"": 2, ""matched"": ""Leicester"", ""raw"": ""Leicester City""}","club_prestige_tier, market_size_proxy, signature_moment_flag are agent-inferred proxies per Requirements A.4, not sourced from post-hoc narrative articles (to avoid leakage per Key Focus Area §3)","heuristic based on trophy winners (UCL, World Cup, Euros, Copa) + club prestige tier list operationalized from UEFA coefficient / revenue"
2016,2016,Gianluigi Buffon,Juventus,,1,3,3,0,,"{""tier"": 1, ""score"": 3, ""matched"": ""Juventus"", ""raw"": ""Juventus""}","club_prestige_tier, market_size_proxy, signature_moment_flag are agent-inferred proxies per Requirements A.4, not sourced from post-hoc narrative articles (to avoid leakage per Key Focus Area §3)","heuristic based on trophy winners (UCL, World Cup, Euros, Copa) + club prestige tier list operationalized from UEFA coefficient / revenue"
2016,2016,Pepe,Real Madrid,,1,3,3,1,UCL winner 2016 club Real Madrid matches player's club Real Madrid,"{""tier"": 1, ""score"": 3, ""matched"": ""Real Madrid"", ""raw"": ""Real Madrid""}","club_prestige_tier, market_size_proxy, signature_moment_flag are agent-inferred proxies per Requirements A.4, not sourced from post-hoc narrative articles (to avoid leakage per Key Focus Area §3)","heuristic based on trophy winners (UCL, World Cup, Euros, Copa) + club prestige tier list operationalized from UEFA coefficient / revenue"
2016,2016,Pierre-Emerick Aubameyang,Borussia Dortmund,,2,2,2,0,,"{""tier"": 2, ""score"": 2, ""matched"": ""Dortmund"", ""raw"": ""Borussia Dortmund""}","club_prestige_tier, market_size_proxy, signature_moment_flag are agent-inferred proxies per Requirements A.4, not sourced from post-hoc narrative articles (to avoid leakage per Key Focus Area §3)","heuristic based on trophy winners (UCL, World Cup, Euros, Copa) + club prestige tier list operationalized from UEFA coefficient / revenue"
2016,2016,Rui Patrício,Sporting CP,,2,2,2,0,,"{""tier"": 2, ""score"": 2, ""matched"": ""Sporting"", ""raw"": ""Sporting CP""}","club_prestige_tier, market_size_proxy, signature_moment_flag are agent-inferred proxies per Requirements A.4, not sourced from post-hoc narrative articles (to avoid leakage per Key Focus Area §3)","heuristic based on trophy winners (UCL, World Cup, Euros, Copa) + club prestige tier list operationalized from UEFA coefficient / revenue"
2016,2016,Zlatan Ibrahimović,Paris Saint-Germain Manchester United,,1,3,3,0,,"{""tier"": 1, ""score"": 3, ""matched"": ""Manchester United"", ""raw"": ""Paris Saint-Germain Manchester United""}","club_prestige_tier, market_size_proxy, signature_moment_flag are agent-inferred proxies per Requirements A.4, not sourced from post-hoc narrative articles (to avoid leakage per Key Focus Area §3)","heuristic based on trophy winners (UCL, World Cup, Euros, Copa) + club prestige tier list operationalized from UEFA coefficient / revenue"
2016,2016,Paul Pogba,Juventus Manchester United,,1,3,3,0,,"{""tier"": 1, ""score"": 3, ""matched"": ""Manchester United"", ""raw"": ""Juventus Manchester United""}","club_prestige_tier, market_size_proxy, signature_moment_flag are agent-inferred proxies per Requirements A.4, not sourced from post-hoc narrative articles (to avoid leakage per Key Focus Area §3)","heuristic based on trophy winners (UCL, World Cup, Euros, Copa) + club prestige tier list operationalized from UEFA coefficient / revenue"
2016,2016,Arturo Vidal,Bayern Munich,,1,3,3,0,,"{""tier"": 1, ""score"": 3, ""matched"": ""Bayern Munich"", ""raw"": ""Bayern Munich""}","club_prestige_tier, market_size_proxy, signature_moment_flag are agent-inferred proxies per Requirements A.4, not sourced from post-hoc narrative articles (to avoid leakage per Key Focus Area §3)","heuristic based on trophy winners (UCL, World Cup, Euros, Copa) + club prestige tier list operationalized from UEFA coefficient / revenue"
2016,2016,Robert Lewandowski,Bayern Munich,,1,3,3,0,,"{""tier"": 1, ""score"": 3, ""matched"": ""Bayern Munich"", ""raw"": ""Bayern Munich""}","club_prestige_tier, market_size_proxy, signature_moment_flag are agent-inferred proxies per Requirements A.4, not sourced from post-hoc narrative articles (to avoid leakage per Key Focus Area §3)","heuristic based on trophy winners (UCL, World Cup, Euros, Copa) + club prestige tier list operationalized from UEFA coefficient / revenue"
2016,2016,Toni Kroos,Real Madrid,,1,3,3,1,UCL winner 2016 club Real Madrid matches player's club Real Madrid,"{""tier"": 1, ""score"": 3, ""matched"": ""Real Madrid"", ""raw"": ""Real Madrid""}","club_prestige_tier, market_size_proxy, signature_moment_flag are agent-inferred proxies per Requirements A.4, not sourced from post-hoc narrative articles (to avoid leakage per Key Focus Area §3)","heuristic based on trophy winners (UCL, World Cup, Euros, Copa) + club prestige tier list operationalized from UEFA coefficient / revenue"
2016,2016,Luka Modrić,Real Madrid,,1,3,3,1,UCL winner 2016 club Real Madrid matches player's club Real Madrid,"{""tier"": 1, ""score"": 3, ""matched"": ""Real Madrid"", ""raw"": ""Real Madrid""}","club_prestige_tier, market_size_proxy, signature_moment_flag are agent-inferred proxies per Requirements A.4, not sourced from post-hoc narrative articles (to avoid leakage per Key Focus Area §3)","heuristic based on trophy winners (UCL, World Cup, Euros, Copa) + club prestige tier list operationalized from UEFA coefficient / revenue"
2016,2016,Dimitri Payet,West Ham United,,2,2,2,0,,"{""tier"": 2, ""score"": 2, ""matched"": ""West Ham"", ""raw"": ""West Ham United""}","club_prestige_tier, market_size_proxy, signature_moment_flag are agent-inferred proxies per Requirements A.4, not sourced from post-hoc narrative articles (to avoid leakage per Key Focus Area §3)","heuristic based on trophy winners (UCL, World Cup, Euros, Copa) + club prestige tier list operationalized from UEFA coefficient / revenue"
2016,2016,Sergio Agüero,Manchester City,,1,3,3,0,,"{""tier"": 1, ""score"": 3, ""matched"": ""Manchester City"", ""raw"": ""Manchester City""}","club_prestige_tier, market_size_proxy, signature_moment_flag are agent-inferred proxies per Requirements A.4, not sourced from post-hoc narrative articles (to avoid leakage per Key Focus Area §3)","heuristic based on trophy winners (UCL, World Cup, Euros, Copa) + club prestige tier list operationalized from UEFA coefficient / revenue"
2016,2016,Kevin De Bruyne,Manchester City,,1,3,3,0,,"{""tier"": 1, ""score"": 3, ""matched"": ""Manchester City"", ""raw"": ""Manchester City""}","club_prestige_tier, market_size_proxy, signature_moment_flag are agent-inferred proxies per Requirements A.4, not sourced from post-hoc narrative articles (to avoid leakage per Key Focus Area §3)","heuristic based on trophy winners (UCL, World Cup, Euros, Copa) + club prestige tier list operationalized from UEFA coefficient / revenue"
2016,2016,Paulo Dybala,Juventus,,1,3,3,0,,"{""tier"": 1, ""score"": 3, ""matched"": ""Juventus"", ""raw"": ""Juventus""}","club_prestige_tier, market_size_proxy, signature_moment_flag are agent-inferred proxies per Requirements A.4, not sourced from post-hoc narrative articles (to avoid leakage per Key Focus Area §3)","heuristic based on trophy winners (UCL, World Cup, Euros, Copa) + club prestige tier list operationalized from UEFA coefficient / revenue"
2016,2016,Diego Godín,Atlético Madrid,,2,2,2,0,,"{""tier"": 2, ""score"": 2, ""matched"": ""Atl\u00e9tico Madrid"", ""raw"": ""Atl\u00e9tico Madrid""}","club_prestige_tier, market_size_proxy, signature_moment_flag are agent-inferred proxies per Requirements A.4, not sourced from post-hoc narrative articles (to avoid leakage per Key Focus Area §3)","heuristic based on trophy winners (UCL, World Cup, Euros, Copa) + club prestige tier list operationalized from UEFA coefficient / revenue"
2016,2016,Gonzalo Higuaín,Napoli Juventus,,1,3,3,0,,"{""tier"": 1, ""score"": 3, ""matched"": ""Juventus"", ""raw"": ""Napoli Juventus""}","club_prestige_tier, market_size_proxy, signature_moment_flag are agent-inferred proxies per Requirements A.4, not sourced from post-hoc narrative articles (to avoid leakage per Key Focus Area §3)","heuristic based on trophy winners (UCL, World Cup, Euros, Copa) + club prestige tier list operationalized from UEFA coefficient / revenue"
2016,2016,Andrés Iniesta,Barcelona,,1,3,3,0,,"{""tier"": 1, ""score"": 3, ""matched"": ""Barcelona"", ""raw"": ""Barcelona""}","club_prestige_tier, market_size_proxy, signature_moment_flag are agent-inferred proxies per Requirements A.4, not sourced from post-hoc narrative articles (to avoid leakage per Key Focus Area §3)","heuristic based on trophy winners (UCL, World Cup, Euros, Copa) + club prestige tier list operationalized from UEFA coefficient / revenue"
2016,2016,Koke,Atlético Madrid,,2,2,2,0,,"{""tier"": 2, ""score"": 2, ""matched"": ""Atl\u00e9tico Madrid"", ""raw"": ""Atl\u00e9tico Madrid""}","club_prestige_tier, market_size_proxy, signature_moment_flag are agent-inferred proxies per Requirements A.4, not sourced from post-hoc narrative articles (to avoid leakage per Key Focus Area §3)","heuristic based on trophy winners (UCL, World Cup, Euros, Copa) + club prestige tier list operationalized from UEFA coefficient / revenue"
2016,2016,Hugo Lloris,Tottenham Hotspur,,2,2,2,0,,"{""tier"": 2, ""score"": 2, ""matched"": ""Tottenham Hotspur"", ""raw"": ""Tottenham Hotspur""}","club_prestige_tier, market_size_proxy, signature_moment_flag are agent-inferred proxies per Requirements A.4, not sourced from post-hoc narrative articles (to avoid leakage per Key Focus Area §3)","heuristic based on trophy winners (UCL, World Cup, Euros, Copa) + club prestige tier list operationalized from UEFA coefficient / revenue"
2016,2016,Thomas Müller,Bayern Munich,,1,3,3,0,,"{""tier"": 1, ""score"": 3, ""matched"": ""Bayern Munich"", ""raw"": ""Bayern Munich""}","club_prestige_tier, market_size_proxy, signature_moment_flag are agent-inferred proxies per Requirements A.4, not sourced from post-hoc narrative articles (to avoid leakage per Key Focus Area §3)","heuristic based on trophy winners (UCL, World Cup, Euros, Copa) + club prestige tier list operationalized from UEFA coefficient / revenue"
2016,2016,Manuel Neuer,Bayern Munich,,1,3,3,0,,"{""tier"": 1, ""score"": 3, ""matched"": ""Bayern Munich"", ""raw"": ""Bayern Munich""}","club_prestige_tier, market_size_proxy, signature_moment_flag are agent-inferred proxies per Requirements A.4, not sourced from post-hoc narrative articles (to avoid leakage per Key Focus Area §3)","heuristic based on trophy winners (UCL, World Cup, Euros, Copa) + club prestige tier list operationalized from UEFA coefficient / revenue"
2016,2016,Sergio Ramos,Real Madrid,,1,3,3,1,UCL winner 2016 club Real Madrid matches player's club Real Madrid,"{""tier"": 1, ""score"": 3, ""matched"": ""Real Madrid"", ""raw"": ""Real Madrid""}","club_prestige_tier, market_size_proxy, signature_moment_flag are agent-inferred proxies per Requirements A.4, not sourced from post-hoc narrative articles (to avoid leakage per Key Focus Area §3)","heuristic based on trophy winners (UCL, World Cup, Euros, Copa) + club prestige tier list operationalized from UEFA coefficient / revenue"
2017,2017,Cristiano Ronaldo,Real Madrid,,1,3,3,1,UCL winner 2017 club Real Madrid matches player's club Real Madrid,"{""tier"": 1, ""score"": 3, ""matched"": ""Real Madrid"", ""raw"": ""Real Madrid""}","club_prestige_tier, market_size_proxy, signature_moment_flag are agent-inferred proxies per Requirements A.4, not sourced from post-hoc narrative articles (to avoid leakage per Key Focus Area §3)","heuristic based on trophy winners (UCL, World Cup, Euros, Copa) + club prestige tier list operationalized from UEFA coefficient / revenue"
2017,2017,Lionel Messi,Barcelona,,1,3,3,0,,"{""tier"": 1, ""score"": 3, ""matched"": ""Barcelona"", ""raw"": ""Barcelona""}","club_prestige_tier, market_size_proxy, signature_moment_flag are agent-inferred proxies per Requirements A.4, not sourced from post-hoc narrative articles (to avoid leakage per Key Focus Area §3)","heuristic based on trophy winners (UCL, World Cup, Euros, Copa) + club prestige tier list operationalized from UEFA coefficient / revenue"
2017,2017,Neymar,Barcelona Paris Saint-Germain,,1,3,3,0,,"{""tier"": 1, ""score"": 3, ""matched"": ""Paris Saint-Germain"", ""raw"": ""Barcelona Paris Saint-Germain""}","club_prestige_tier, market_size_proxy, signature_moment_flag are agent-inferred proxies per Requirements A.4, not sourced from post-hoc narrative articles (to avoid leakage per Key Focus Area §3)","heuristic based on trophy winners (UCL, World Cup, Euros, Copa) + club prestige tier list operationalized from UEFA coefficient / revenue"
2017,2017,Gianluigi Buffon,Juventus,,1,3,3,0,,"{""tier"": 1, ""score"": 3, ""matched"": ""Juventus"", ""raw"": ""Juventus""}","club_prestige_tier, market_size_proxy, signature_moment_flag are agent-inferred proxies per Requirements A.4, not sourced from post-hoc narrative articles (to avoid leakage per Key Focus Area §3)","heuristic based on trophy winners (UCL, World Cup, Euros, Copa) + club prestige tier list operationalized from UEFA coefficient / revenue"
2017,2017,Luka Modrić,Real Madrid,,1,3,3,1,UCL winner 2017 club Real Madrid matches player's club Real Madrid,"{""tier"": 1, ""score"": 3, ""matched"": ""Real Madrid"", ""raw"": ""Real Madrid""}","club_prestige_tier, market_size_proxy, signature_moment_flag are agent-inferred proxies per Requirements A.4, not sourced from post-hoc narrative articles (to avoid leakage per Key Focus Area §3)","heuristic based on trophy winners (UCL, World Cup, Euros, Copa) + club prestige tier list operationalized from UEFA coefficient / revenue"
2017,2017,Sergio Ramos,Real Madrid,,1,3,3,1,UCL winner 2017 club Real Madrid matches player's club Real Madrid,"{""tier"": 1, ""score"": 3, ""matched"": ""Real Madrid"", ""raw"": ""Real Madrid""}","club_prestige_tier, market_size_proxy, signature_moment_flag are agent-inferred proxies per Requirements A.4, not sourced from post-hoc narrative articles (to avoid leakage per Key Focus Area §3)","heuristic based on trophy winners (UCL, World Cup, Euros, Copa) + club prestige tier list operationalized from UEFA coefficient / revenue"
2017,2017,Kylian Mbappé,Monaco Paris Saint-Germain,,1,3,3,0,,"{""tier"": 1, ""score"": 3, ""matched"": ""Paris Saint-Germain"", ""raw"": ""Monaco Paris Saint-Germain""}","club_prestige_tier, market_size_proxy, signature_moment_flag are agent-inferred proxies per Requirements A.4, not sourced from post-hoc narrative articles (to avoid leakage per Key Focus Area §3)","heuristic based on trophy winners (UCL, World Cup, Euros, Copa) + club prestige tier list operationalized from UEFA coefficient / revenue"
2017,2017,N'Golo Kanté,Chelsea,,1,3,3,0,,"{""tier"": 1, ""score"": 3, ""matched"": ""Chelsea"", ""raw"": ""Chelsea""}","club_prestige_tier, market_size_proxy, signature_moment_flag are agent-inferred proxies per Requirements A.4, not sourced from post-hoc narrative articles (to avoid leakage per Key Focus Area §3)","heuristic based on trophy winners (UCL, World Cup, Euros, Copa) + club prestige tier list operationalized from UEFA coefficient / revenue"
2017,2017,Robert Lewandowski,Bayern Munich,,1,3,3,0,,"{""tier"": 1, ""score"": 3, ""matched"": ""Bayern Munich"", ""raw"": ""Bayern Munich""}","club_prestige_tier, market_size_proxy, signature_moment_flag are agent-inferred proxies per Requirements A.4, not sourced from post-hoc narrative articles (to avoid leakage per Key Focus Area §3)","heuristic based on trophy winners (UCL, World Cup, Euros, Copa) + club prestige tier list operationalized from UEFA coefficient / revenue"
2017,2017,Harry Kane,Tottenham Hotspur,,2,2,2,0,,"{""tier"": 2, ""score"": 2, ""matched"": ""Tottenham Hotspur"", ""raw"": ""Tottenham Hotspur""}","club_prestige_tier, market_size_proxy, signature_moment_flag are agent-inferred proxies per Requirements A.4, not sourced from post-hoc narrative articles (to avoid leakage per Key Focus Area §3)","heuristic based on trophy winners (UCL, World Cup, Euros, Copa) + club prestige tier list operationalized from UEFA coefficient / revenue"
2017,2017,Edinson Cavani,Paris Saint-Germain,,1,3,3,0,,"{""tier"": 1, ""score"": 3, ""matched"": ""Paris Saint-Germain"", ""raw"": ""Paris Saint-Germain""}","club_prestige_tier, market_size_proxy, signature_moment_flag are agent-inferred proxies per Requirements A.4, not sourced from post-hoc narrative articles (to avoid leakage per Key Focus Area §3)","heuristic based on trophy winners (UCL, World Cup, Euros, Copa) + club prestige tier list operationalized from UEFA coefficient / revenue"
2017,2017,Isco,Real Madrid,,1,3,3,1,UCL winner 2017 club Real Madrid matches player's club Real Madrid,"{""tier"": 1, ""score"": 3, ""matched"": ""Real Madrid"", ""raw"": ""Real Madrid""}","club_prestige_tier, market_size_proxy, signature_moment_flag are agent-inferred proxies per Requirements A.4, not sourced from post-hoc narrative articles (to avoid leakage per Key Focus Area §3)","heuristic based on trophy winners (UCL, World Cup, Euros, Copa) + club prestige tier list operationalized from UEFA coefficient / revenue"
2017,2017,Luis Suárez,Barcelona,,1,3,3,0,,"{""tier"": 1, ""score"": 3, ""matched"": ""Barcelona"", ""raw"": ""Barcelona""}","club_prestige_tier, market_size_proxy, signature_moment_flag are agent-inferred proxies per Requirements A.4, not sourced from post-hoc narrative articles (to avoid leakage per Key Focus Area §3)","heuristic based on trophy winners (UCL, World Cup, Euros, Copa) + club prestige tier list operationalized from UEFA coefficient / revenue"
2017,2017,Kevin De Bruyne,Manchester City,,1,3,3,0,,"{""tier"": 1, ""score"": 3, ""matched"": ""Manchester City"", ""raw"": ""Manchester City""}","club_prestige_tier, market_size_proxy, signature_moment_flag are agent-inferred proxies per Requirements A.4, not sourced from post-hoc narrative articles (to avoid leakage per Key Focus Area §3)","heuristic based on trophy winners (UCL, World Cup, Euros, Copa) + club prestige tier list operationalized from UEFA coefficient / revenue"
2017,2017,Paulo Dybala,Juventus,,1,3,3,0,,"{""tier"": 1, ""score"": 3, ""matched"": ""Juventus"", ""raw"": ""Juventus""}","club_prestige_tier, market_size_proxy, signature_moment_flag are agent-inferred proxies per Requirements A.4, not sourced from post-hoc narrative articles (to avoid leakage per Key Focus Area §3)","heuristic based on trophy winners (UCL, World Cup, Euros, Copa) + club prestige tier list operationalized from UEFA coefficient / revenue"
2017,2017,Marcelo,Real Madrid,,1,3,3,1,UCL winner 2017 club Real Madrid matches player's club Real Madrid,"{""tier"": 1, ""score"": 3, ""matched"": ""Real Madrid"", ""raw"": ""Real Madrid""}","club_prestige_tier, market_size_proxy, signature_moment_flag are agent-inferred proxies per Requirements A.4, not sourced from post-hoc narrative articles (to avoid leakage per Key Focus Area §3)","heuristic based on trophy winners (UCL, World Cup, Euros, Copa) + club prestige tier list operationalized from UEFA coefficient / revenue"
2017,2017,Toni Kroos,Real Madrid,,1,3,3,1,UCL winner 2017 club Real Madrid matches player's club Real Madrid,"{""tier"": 1, ""score"": 3, ""matched"": ""Real Madrid"", ""raw"": ""Real Madrid""}","club_prestige_tier, market_size_proxy, signature_moment_flag are agent-inferred proxies per Requirements A.4, not sourced from post-hoc narrative articles (to avoid leakage per Key Focus Area §3)","heuristic based on trophy winners (UCL, World Cup, Euros, Copa) + club prestige tier list operationalized from UEFA coefficient / revenue"
2017,2017,Antoine Griezmann,Atlético Madrid,,2,2,2,0,,"{""tier"": 2, ""score"": 2, ""matched"": ""Atl\u00e9tico Madrid"", ""raw"": ""Atl\u00e9tico Madrid""}","club_prestige_tier, market_size_proxy, signature_moment_flag are agent-inferred proxies per Requirements A.4, not sourced from post-hoc narrative articles (to avoid leakage per Key Focus Area §3)","heuristic based on trophy winners (UCL, World Cup, Euros, Copa) + club prestige tier list operationalized from UEFA coefficient / revenue"
2017,2017,Eden Hazard,Chelsea,,1,3,3,0,,"{""tier"": 1, ""score"": 3, ""matched"": ""Chelsea"", ""raw"": ""Chelsea""}","club_prestige_tier, market_size_proxy, signature_moment_flag are agent-inferred proxies per Requirements A.4, not sourced from post-hoc narrative articles (to avoid leakage per Key Focus Area §3)","heuristic based on trophy winners (UCL, World Cup, Euros, Copa) + club prestige tier list operationalized from UEFA coefficient / revenue"
2017,2017,David de Gea,Manchester United,,1,3,3,0,,"{""tier"": 1, ""score"": 3, ""matched"": ""Manchester United"", ""raw"": ""Manchester United""}","club_prestige_tier, market_size_proxy, signature_moment_flag are agent-inferred proxies per Requirements A.4, not sourced from post-hoc narrative articles (to avoid leakage per Key Focus Area §3)","heuristic based on trophy winners (UCL, World Cup, Euros, Copa) + club prestige tier list operationalized from UEFA coefficient / revenue"
2017,2017,Pierre-Emerick Aubameyang,Borussia Dortmund,,2,2,2,0,,"{""tier"": 2, ""score"": 2, ""matched"": ""Dortmund"", ""raw"": ""Borussia Dortmund""}","club_prestige_tier, market_size_proxy, signature_moment_flag are agent-inferred proxies per Requirements A.4, not sourced from post-hoc narrative articles (to avoid leakage per Key Focus Area §3)","heuristic based on trophy winners (UCL, World Cup, Euros, Copa) + club prestige tier list operationalized from UEFA coefficient / revenue"
2017,2017,Leonardo Bonucci,Juventus Milan,,1,3,3,0,,"{""tier"": 1, ""score"": 3, ""matched"": ""Milan"", ""raw"": ""Juventus Milan""}","club_prestige_tier, market_size_proxy, signature_moment_flag are agent-inferred proxies per Requirements A.4, not sourced from post-hoc narrative articles (to avoid leakage per Key Focus Area §3)","heuristic based on trophy winners (UCL, World Cup, Euros, Copa) + club prestige tier list operationalized from UEFA coefficient / revenue"
2017,2017,Sadio Mané,Liverpool,,1,3,3,0,,"{""tier"": 1, ""score"": 3, ""matched"": ""Liverpool"", ""raw"": ""Liverpool""}","club_prestige_tier, market_size_proxy, signature_moment_flag are agent-inferred proxies per Requirements A.4, not sourced from post-hoc narrative articles (to avoid leakage per Key Focus Area §3)","heuristic based on trophy winners (UCL, World Cup, Euros, Copa) + club prestige tier list operationalized from UEFA coefficient / revenue"
2017,2017,Radamel Falcao,Monaco,,2,2,2,0,,"{""tier"": 2, ""score"": 2, ""matched"": ""Monaco"", ""raw"": ""Monaco""}","club_prestige_tier, market_size_proxy, signature_moment_flag are agent-inferred proxies per Requirements A.4, not sourced from post-hoc narrative articles (to avoid leakage per Key Focus Area §3)","heuristic based on trophy winners (UCL, World Cup, Euros, Copa) + club prestige tier list operationalized from UEFA coefficient / revenue"
2017,2017,Karim Benzema,Real Madrid,,1,3,3,1,UCL winner 2017 club Real Madrid matches player's club Real Madrid,"{""tier"": 1, ""score"": 3, ""matched"": ""Real Madrid"", ""raw"": ""Real Madrid""}","club_prestige_tier, market_size_proxy, signature_moment_flag are agent-inferred proxies per Requirements A.4, not sourced from post-hoc narrative articles (to avoid leakage per Key Focus Area §3)","heuristic based on trophy winners (UCL, World Cup, Euros, Copa) + club prestige tier list operationalized from UEFA coefficient / revenue"
2017,2017,Jan Oblak,Atlético Madrid,,2,2,2,0,,"{""tier"": 2, ""score"": 2, ""matched"": ""Atl\u00e9tico Madrid"", ""raw"": ""Atl\u00e9tico Madrid""}","club_prestige_tier, market_size_proxy, signature_moment_flag are agent-inferred proxies per Requirements A.4, not sourced from post-hoc narrative articles (to avoid leakage per Key Focus Area §3)","heuristic based on trophy winners (UCL, World Cup, Euros, Copa) + club prestige tier list operationalized from UEFA coefficient / revenue"
2017,2017,Mats Hummels,Bayern Munich,,1,3,3,0,,"{""tier"": 1, ""score"": 3, ""matched"": ""Bayern Munich"", ""raw"": ""Bayern Munich""}","club_prestige_tier, market_size_proxy, signature_moment_flag are agent-inferred proxies per Requirements A.4, not sourced from post-hoc narrative articles (to avoid leakage per Key Focus Area §3)","heuristic based on trophy winners (UCL, World Cup, Euros, Copa) + club prestige tier list operationalized from UEFA coefficient / revenue"
2017,2017,Edin Džeko,Roma,,2,2,2,0,,"{""tier"": 2, ""score"": 2, ""matched"": ""Roma"", ""raw"": ""Roma""}","club_prestige_tier, market_size_proxy, signature_moment_flag are agent-inferred proxies per Requirements A.4, not sourced from post-hoc narrative articles (to avoid leakage per Key Focus Area §3)","heuristic based on trophy winners (UCL, World Cup, Euros, Copa) + club prestige tier list operationalized from UEFA coefficient / revenue"
2017,2017,Philippe Coutinho,Liverpool,,1,3,3,0,,"{""tier"": 1, ""score"": 3, ""matched"": ""Liverpool"", ""raw"": ""Liverpool""}","club_prestige_tier, market_size_proxy, signature_moment_flag are agent-inferred proxies per Requirements A.4, not sourced from post-hoc narrative articles (to avoid leakage per Key Focus Area §3)","heuristic based on trophy winners (UCL, World Cup, Euros, Copa) + club prestige tier list operationalized from UEFA coefficient / revenue"
2017,2017,Dries Mertens,Napoli,,2,2,2,0,,"{""tier"": 2, ""score"": 2, ""matched"": ""Napoli"", ""raw"": ""Napoli""}","club_prestige_tier, market_size_proxy, signature_moment_flag are agent-inferred proxies per Requirements A.4, not sourced from post-hoc narrative articles (to avoid leakage per Key Focus Area §3)","heuristic based on trophy winners (UCL, World Cup, Euros, Copa) + club prestige tier list operationalized from UEFA coefficient / revenue"
2018,2018,Luka Modrić,Real Madrid,,1,3,3,0,,"{""tier"": 1, ""score"": 3, ""matched"": ""Real Madrid"", ""raw"": ""Real Madrid""}","club_prestige_tier, market_size_proxy, signature_moment_flag are agent-inferred proxies per Requirements A.4, not sourced from post-hoc narrative articles (to avoid leakage per Key Focus Area §3)","heuristic based on trophy winners (UCL, World Cup, Euros, Copa) + club prestige tier list operationalized from UEFA coefficient / revenue"
2018,2018,Cristiano Ronaldo,Real Madrid Juventus,,1,3,3,0,,"{""tier"": 1, ""score"": 3, ""matched"": ""Juventus"", ""raw"": ""Real Madrid Juventus""}","club_prestige_tier, market_size_proxy, signature_moment_flag are agent-inferred proxies per Requirements A.4, not sourced from post-hoc narrative articles (to avoid leakage per Key Focus Area §3)","heuristic based on trophy winners (UCL, World Cup, Euros, Copa) + club prestige tier list operationalized from UEFA coefficient / revenue"
2018,2018,Antoine Griezmann,Atlético Madrid,,2,2,2,0,,"{""tier"": 2, ""score"": 2, ""matched"": ""Atl\u00e9tico Madrid"", ""raw"": ""Atl\u00e9tico Madrid""}","club_prestige_tier, market_size_proxy, signature_moment_flag are agent-inferred proxies per Requirements A.4, not sourced from post-hoc narrative articles (to avoid leakage per Key Focus Area §3)","heuristic based on trophy winners (UCL, World Cup, Euros, Copa) + club prestige tier list operationalized from UEFA coefficient / revenue"
2018,2018,Kylian Mbappé,Paris Saint-Germain,,1,3,3,0,,"{""tier"": 1, ""score"": 3, ""matched"": ""Paris Saint-Germain"", ""raw"": ""Paris Saint-Germain""}","club_prestige_tier, market_size_proxy, signature_moment_flag are agent-inferred proxies per Requirements A.4, not sourced from post-hoc narrative articles (to avoid leakage per Key Focus Area §3)","heuristic based on trophy winners (UCL, World Cup, Euros, Copa) + club prestige tier list operationalized from UEFA coefficient / revenue"
2018,2018,Lionel Messi,Barcelona,,1,3,3,0,,"{""tier"": 1, ""score"": 3, ""matched"": ""Barcelona"", ""raw"": ""Barcelona""}","club_prestige_tier, market_size_proxy, signature_moment_flag are agent-inferred proxies per Requirements A.4, not sourced from post-hoc narrative articles (to avoid leakage per Key Focus Area §3)","heuristic based on trophy winners (UCL, World Cup, Euros, Copa) + club prestige tier list operationalized from UEFA coefficient / revenue"
2018,2018,Mohamed Salah,Liverpool,,1,3,3,1,UCL winner 2018 club Liverpool matches player's club Liverpool,"{""tier"": 1, ""score"": 3, ""matched"": ""Liverpool"", ""raw"": ""Liverpool""}","club_prestige_tier, market_size_proxy, signature_moment_flag are agent-inferred proxies per Requirements A.4, not sourced from post-hoc narrative articles (to avoid leakage per Key Focus Area §3)","heuristic based on trophy winners (UCL, World Cup, Euros, Copa) + club prestige tier list operationalized from UEFA coefficient / revenue"
2018,2018,Raphaël Varane,Real Madrid,,1,3,3,0,,"{""tier"": 1, ""score"": 3, ""matched"": ""Real Madrid"", ""raw"": ""Real Madrid""}","club_prestige_tier, market_size_proxy, signature_moment_flag are agent-inferred proxies per Requirements A.4, not sourced from post-hoc narrative articles (to avoid leakage per Key Focus Area §3)","heuristic based on trophy winners (UCL, World Cup, Euros, Copa) + club prestige tier list operationalized from UEFA coefficient / revenue"
2018,2018,Eden Hazard,Chelsea,,1,3,3,0,,"{""tier"": 1, ""score"": 3, ""matched"": ""Chelsea"", ""raw"": ""Chelsea""}","club_prestige_tier, market_size_proxy, signature_moment_flag are agent-inferred proxies per Requirements A.4, not sourced from post-hoc narrative articles (to avoid leakage per Key Focus Area §3)","heuristic based on trophy winners (UCL, World Cup, Euros, Copa) + club prestige tier list operationalized from UEFA coefficient / revenue"
2018,2018,Kevin De Bruyne,Manchester City,,1,3,3,0,,"{""tier"": 1, ""score"": 3, ""matched"": ""Manchester City"", ""raw"": ""Manchester City""}","club_prestige_tier, market_size_proxy, signature_moment_flag are agent-inferred proxies per Requirements A.4, not sourced from post-hoc narrative articles (to avoid leakage per Key Focus Area §3)","heuristic based on trophy winners (UCL, World Cup, Euros, Copa) + club prestige tier list operationalized from UEFA coefficient / revenue"
2018,2018,Harry Kane,Tottenham Hotspur,,2,2,2,0,,"{""tier"": 2, ""score"": 2, ""matched"": ""Tottenham Hotspur"", ""raw"": ""Tottenham Hotspur""}","club_prestige_tier, market_size_proxy, signature_moment_flag are agent-inferred proxies per Requirements A.4, not sourced from post-hoc narrative articles (to avoid leakage per Key Focus Area §3)","heuristic based on trophy winners (UCL, World Cup, Euros, Copa) + club prestige tier list operationalized from UEFA coefficient / revenue"
2018,2018,N'Golo Kanté,Chelsea,,1,3,3,0,,"{""tier"": 1, ""score"": 3, ""matched"": ""Chelsea"", ""raw"": ""Chelsea""}","club_prestige_tier, market_size_proxy, signature_moment_flag are agent-inferred proxies per Requirements A.4, not sourced from post-hoc narrative articles (to avoid leakage per Key Focus Area §3)","heuristic based on trophy winners (UCL, World Cup, Euros, Copa) + club prestige tier list operationalized from UEFA coefficient / revenue"
2018,2018,Neymar,Paris Saint-Germain,,1,3,3,0,,"{""tier"": 1, ""score"": 3, ""matched"": ""Paris Saint-Germain"", ""raw"": ""Paris Saint-Germain""}","club_prestige_tier, market_size_proxy, signature_moment_flag are agent-inferred proxies per Requirements A.4, not sourced from post-hoc narrative articles (to avoid leakage per Key Focus Area §3)","heuristic based on trophy winners (UCL, World Cup, Euros, Copa) + club prestige tier list operationalized from UEFA coefficient / revenue"
2018,2018,Luis Suárez,Barcelona,,1,3,3,0,,"{""tier"": 1, ""score"": 3, ""matched"": ""Barcelona"", ""raw"": ""Barcelona""}","club_prestige_tier, market_size_proxy, signature_moment_flag are agent-inferred proxies per Requirements A.4, not sourced from post-hoc narrative articles (to avoid leakage per Key Focus Area §3)","heuristic based on trophy winners (UCL, World Cup, Euros, Copa) + club prestige tier list operationalized from UEFA coefficient / revenue"
2018,2018,Thibaut Courtois,Chelsea Real Madrid,,1,3,3,0,,"{""tier"": 1, ""score"": 3, ""matched"": ""Real Madrid"", ""raw"": ""Chelsea Real Madrid""}","club_prestige_tier, market_size_proxy, signature_moment_flag are agent-inferred proxies per Requirements A.4, not sourced from post-hoc narrative articles (to avoid leakage per Key Focus Area §3)","heuristic based on trophy winners (UCL, World Cup, Euros, Copa) + club prestige tier list operationalized from UEFA coefficient / revenue"
2018,2018,Paul Pogba,Manchester United,,1,3,3,0,,"{""tier"": 1, ""score"": 3, ""matched"": ""Manchester United"", ""raw"": ""Manchester United""}","club_prestige_tier, market_size_proxy, signature_moment_flag are agent-inferred proxies per Requirements A.4, not sourced from post-hoc narrative articles (to avoid leakage per Key Focus Area §3)","heuristic based on trophy winners (UCL, World Cup, Euros, Copa) + club prestige tier list operationalized from UEFA coefficient / revenue"
2018,2018,Sergio Agüero,Manchester City,,1,3,3,0,,"{""tier"": 1, ""score"": 3, ""matched"": ""Manchester City"", ""raw"": ""Manchester City""}","club_prestige_tier, market_size_proxy, signature_moment_flag are agent-inferred proxies per Requirements A.4, not sourced from post-hoc narrative articles (to avoid leakage per Key Focus Area §3)","heuristic based on trophy winners (UCL, World Cup, Euros, Copa) + club prestige tier list operationalized from UEFA coefficient / revenue"
2018,2018,Gareth Bale,Real Madrid,,1,3,3,0,,"{""tier"": 1, ""score"": 3, ""matched"": ""Real Madrid"", ""raw"": ""Real Madrid""}","club_prestige_tier, market_size_proxy, signature_moment_flag are agent-inferred proxies per Requirements A.4, not sourced from post-hoc narrative articles (to avoid leakage per Key Focus Area §3)","heuristic based on trophy winners (UCL, World Cup, Euros, Copa) + club prestige tier list operationalized from UEFA coefficient / revenue"
2018,2018,Karim Benzema,Real Madrid,,1,3,3,0,,"{""tier"": 1, ""score"": 3, ""matched"": ""Real Madrid"", ""raw"": ""Real Madrid""}","club_prestige_tier, market_size_proxy, signature_moment_flag are agent-inferred proxies per Requirements A.4, not sourced from post-hoc narrative articles (to avoid leakage per Key Focus Area §3)","heuristic based on trophy winners (UCL, World Cup, Euros, Copa) + club prestige tier list operationalized from UEFA coefficient / revenue"
2018,2018,Roberto Firmino,Liverpool,,1,3,3,1,UCL winner 2018 club Liverpool matches player's club Liverpool,"{""tier"": 1, ""score"": 3, ""matched"": ""Liverpool"", ""raw"": ""Liverpool""}","club_prestige_tier, market_size_proxy, signature_moment_flag are agent-inferred proxies per Requirements A.4, not sourced from post-hoc narrative articles (to avoid leakage per Key Focus Area §3)","heuristic based on trophy winners (UCL, World Cup, Euros, Copa) + club prestige tier list operationalized from UEFA coefficient / revenue"
2018,2018,Ivan Rakitić,Barcelona,,1,3,3,0,,"{""tier"": 1, ""score"": 3, ""matched"": ""Barcelona"", ""raw"": ""Barcelona""}","club_prestige_tier, market_size_proxy, signature_moment_flag are agent-inferred proxies per Requirements A.4, not sourced from post-hoc narrative articles (to avoid leakage per Key Focus Area §3)","heuristic based on trophy winners (UCL, World Cup, Euros, Copa) + club prestige tier list operationalized from UEFA coefficient / revenue"
2018,2018,Sergio Ramos,Real Madrid,,1,3,3,0,,"{""tier"": 1, ""score"": 3, ""matched"": ""Real Madrid"", ""raw"": ""Real Madrid""}","club_prestige_tier, market_size_proxy, signature_moment_flag are agent-inferred proxies per Requirements A.4, not sourced from post-hoc narrative articles (to avoid leakage per Key Focus Area §3)","heuristic based on trophy winners (UCL, World Cup, Euros, Copa) + club prestige tier list operationalized from UEFA coefficient / revenue"
2018,2018,Edinson Cavani,Paris Saint-Germain,,1,3,3,0,,"{""tier"": 1, ""score"": 3, ""matched"": ""Paris Saint-Germain"", ""raw"": ""Paris Saint-Germain""}","club_prestige_tier, market_size_proxy, signature_moment_flag are agent-inferred proxies per Requirements A.4, not sourced from post-hoc narrative articles (to avoid leakage per Key Focus Area §3)","heuristic based on trophy winners (UCL, World Cup, Euros, Copa) + club prestige tier list operationalized from UEFA coefficient / revenue"
2018,2018,Sadio Mané,Liverpool,,1,3,3,1,UCL winner 2018 club Liverpool matches player's club Liverpool,"{""tier"": 1, ""score"": 3, ""matched"": ""Liverpool"", ""raw"": ""Liverpool""}","club_prestige_tier, market_size_proxy, signature_moment_flag are agent-inferred proxies per Requirements A.4, not sourced from post-hoc narrative articles (to avoid leakage per Key Focus Area §3)","heuristic based on trophy winners (UCL, World Cup, Euros, Copa) + club prestige tier list operationalized from UEFA coefficient / revenue"
2018,2018,Marcelo,Real Madrid,,1,3,3,0,,"{""tier"": 1, ""score"": 3, ""matched"": ""Real Madrid"", ""raw"": ""Real Madrid""}","club_prestige_tier, market_size_proxy, signature_moment_flag are agent-inferred proxies per Requirements A.4, not sourced from post-hoc narrative articles (to avoid leakage per Key Focus Area §3)","heuristic based on trophy winners (UCL, World Cup, Euros, Copa) + club prestige tier list operationalized from UEFA coefficient / revenue"
2018,2018,Alisson,Roma Liverpool,,1,3,3,1,UCL winner 2018 club Liverpool matches player's club Roma Liverpool,"{""tier"": 1, ""score"": 3, ""matched"": ""Liverpool"", ""raw"": ""Roma Liverpool""}","club_prestige_tier, market_size_proxy, signature_moment_flag are agent-inferred proxies per Requirements A.4, not sourced from post-hoc narrative articles (to avoid leakage per Key Focus Area §3)","heuristic based on trophy winners (UCL, World Cup, Euros, Copa) + club prestige tier list operationalized from UEFA coefficient / revenue"
2018,2018,Mario Mandžukić,Juventus,,1,3,3,0,,"{""tier"": 1, ""score"": 3, ""matched"": ""Juventus"", ""raw"": ""Juventus""}","club_prestige_tier, market_size_proxy, signature_moment_flag are agent-inferred proxies per Requirements A.4, not sourced from post-hoc narrative articles (to avoid leakage per Key Focus Area §3)","heuristic based on trophy winners (UCL, World Cup, Euros, Copa) + club prestige tier list operationalized from UEFA coefficient / revenue"
2018,2018,Jan Oblak,Atlético Madrid,,2,2,2,0,,"{""tier"": 2, ""score"": 2, ""matched"": ""Atl\u00e9tico Madrid"", ""raw"": ""Atl\u00e9tico Madrid""}","club_prestige_tier, market_size_proxy, signature_moment_flag are agent-inferred proxies per Requirements A.4, not sourced from post-hoc narrative articles (to avoid leakage per Key Focus Area §3)","heuristic based on trophy winners (UCL, World Cup, Euros, Copa) + club prestige tier list operationalized from UEFA coefficient / revenue"
2018,2018,Diego Godín,Atlético Madrid,,2,2,2,0,,"{""tier"": 2, ""score"": 2, ""matched"": ""Atl\u00e9tico Madrid"", ""raw"": ""Atl\u00e9tico Madrid""}","club_prestige_tier, market_size_proxy, signature_moment_flag are agent-inferred proxies per Requirements A.4, not sourced from post-hoc narrative articles (to avoid leakage per Key Focus Area §3)","heuristic based on trophy winners (UCL, World Cup, Euros, Copa) + club prestige tier list operationalized from UEFA coefficient / revenue"
2018,2018,Isco,Real Madrid,,1,3,3,0,,"{""tier"": 1, ""score"": 3, ""matched"": ""Real Madrid"", ""raw"": ""Real Madrid""}","club_prestige_tier, market_size_proxy, signature_moment_flag are agent-inferred proxies per Requirements A.4, not sourced from post-hoc narrative articles (to avoid leakage per Key Focus Area §3)","heuristic based on trophy winners (UCL, World Cup, Euros, Copa) + club prestige tier list operationalized from UEFA coefficient / revenue"
2018,2018,Hugo Lloris,Tottenham Hotspur,,2,2,2,0,,"{""tier"": 2, ""score"": 2, ""matched"": ""Tottenham Hotspur"", ""raw"": ""Tottenham Hotspur""}","club_prestige_tier, market_size_proxy, signature_moment_flag are agent-inferred proxies per Requirements A.4, not sourced from post-hoc narrative articles (to avoid leakage per Key Focus Area §3)","heuristic based on trophy winners (UCL, World Cup, Euros, Copa) + club prestige tier list operationalized from UEFA coefficient / revenue"
2019,2019,Lionel Messi,Barcelona,,1,3,3,0,,"{""tier"": 1, ""score"": 3, ""matched"": ""Barcelona"", ""raw"": ""Barcelona""}","club_prestige_tier, market_size_proxy, signature_moment_flag are agent-inferred proxies per Requirements A.4, not sourced from post-hoc narrative articles (to avoid leakage per Key Focus Area §3)","heuristic based on trophy winners (UCL, World Cup, Euros, Copa) + club prestige tier list operationalized from UEFA coefficient / revenue"
2019,2019,Virgil van Dijk,Liverpool,,1,3,3,0,,"{""tier"": 1, ""score"": 3, ""matched"": ""Liverpool"", ""raw"": ""Liverpool""}","club_prestige_tier, market_size_proxy, signature_moment_flag are agent-inferred proxies per Requirements A.4, not sourced from post-hoc narrative articles (to avoid leakage per Key Focus Area §3)","heuristic based on trophy winners (UCL, World Cup, Euros, Copa) + club prestige tier list operationalized from UEFA coefficient / revenue"
2019,2019,Cristiano Ronaldo,Juventus,,1,3,3,0,,"{""tier"": 1, ""score"": 3, ""matched"": ""Juventus"", ""raw"": ""Juventus""}","club_prestige_tier, market_size_proxy, signature_moment_flag are agent-inferred proxies per Requirements A.4, not sourced from post-hoc narrative articles (to avoid leakage per Key Focus Area §3)","heuristic based on trophy winners (UCL, World Cup, Euros, Copa) + club prestige tier list operationalized from UEFA coefficient / revenue"
2019,2019,Sadio Mané,Liverpool,,1,3,3,0,,"{""tier"": 1, ""score"": 3, ""matched"": ""Liverpool"", ""raw"": ""Liverpool""}","club_prestige_tier, market_size_proxy, signature_moment_flag are agent-inferred proxies per Requirements A.4, not sourced from post-hoc narrative articles (to avoid leakage per Key Focus Area §3)","heuristic based on trophy winners (UCL, World Cup, Euros, Copa) + club prestige tier list operationalized from UEFA coefficient / revenue"
2019,2019,Mohamed Salah,Liverpool,,1,3,3,0,,"{""tier"": 1, ""score"": 3, ""matched"": ""Liverpool"", ""raw"": ""Liverpool""}","club_prestige_tier, market_size_proxy, signature_moment_flag are agent-inferred proxies per Requirements A.4, not sourced from post-hoc narrative articles (to avoid leakage per Key Focus Area §3)","heuristic based on trophy winners (UCL, World Cup, Euros, Copa) + club prestige tier list operationalized from UEFA coefficient / revenue"
2019,2019,Kylian Mbappé,Paris Saint-Germain,,1,3,3,0,,"{""tier"": 1, ""score"": 3, ""matched"": ""Paris Saint-Germain"", ""raw"": ""Paris Saint-Germain""}","club_prestige_tier, market_size_proxy, signature_moment_flag are agent-inferred proxies per Requirements A.4, not sourced from post-hoc narrative articles (to avoid leakage per Key Focus Area §3)","heuristic based on trophy winners (UCL, World Cup, Euros, Copa) + club prestige tier list operationalized from UEFA coefficient / revenue"
2019,2019,Alisson,Liverpool,,1,3,3,0,,"{""tier"": 1, ""score"": 3, ""matched"": ""Liverpool"", ""raw"": ""Liverpool""}","club_prestige_tier, market_size_proxy, signature_moment_flag are agent-inferred proxies per Requirements A.4, not sourced from post-hoc narrative articles (to avoid leakage per Key Focus Area §3)","heuristic based on trophy winners (UCL, World Cup, Euros, Copa) + club prestige tier list operationalized from UEFA coefficient / revenue"
2019,2019,Robert Lewandowski,Bayern Munich,,1,3,3,1,UCL winner 2019 club Bayern Munich matches player's club Bayern Munich,"{""tier"": 1, ""score"": 3, ""matched"": ""Bayern Munich"", ""raw"": ""Bayern Munich""}","club_prestige_tier, market_size_proxy, signature_moment_flag are agent-inferred proxies per Requirements A.4, not sourced from post-hoc narrative articles (to avoid leakage per Key Focus Area §3)","heuristic based on trophy winners (UCL, World Cup, Euros, Copa) + club prestige tier list operationalized from UEFA coefficient / revenue"
2019,2019,Bernardo Silva,Manchester City,,1,3,3,0,,"{""tier"": 1, ""score"": 3, ""matched"": ""Manchester City"", ""raw"": ""Manchester City""}","club_prestige_tier, market_size_proxy, signature_moment_flag are agent-inferred proxies per Requirements A.4, not sourced from post-hoc narrative articles (to avoid leakage per Key Focus Area §3)","heuristic based on trophy winners (UCL, World Cup, Euros, Copa) + club prestige tier list operationalized from UEFA coefficient / revenue"
2019,2019,Riyad Mahrez,Manchester City,,1,3,3,0,,"{""tier"": 1, ""score"": 3, ""matched"": ""Manchester City"", ""raw"": ""Manchester City""}","club_prestige_tier, market_size_proxy, signature_moment_flag are agent-inferred proxies per Requirements A.4, not sourced from post-hoc narrative articles (to avoid leakage per Key Focus Area §3)","heuristic based on trophy winners (UCL, World Cup, Euros, Copa) + club prestige tier list operationalized from UEFA coefficient / revenue"
2019,2019,Frenkie de Jong,Ajax Barcelona,,1,3,3,0,,"{""tier"": 1, ""score"": 3, ""matched"": ""Barcelona"", ""raw"": ""Ajax Barcelona""}","club_prestige_tier, market_size_proxy, signature_moment_flag are agent-inferred proxies per Requirements A.4, not sourced from post-hoc narrative articles (to avoid leakage per Key Focus Area §3)","heuristic based on trophy winners (UCL, World Cup, Euros, Copa) + club prestige tier list operationalized from UEFA coefficient / revenue"
2019,2019,Raheem Sterling,Manchester City,,1,3,3,0,,"{""tier"": 1, ""score"": 3, ""matched"": ""Manchester City"", ""raw"": ""Manchester City""}","club_prestige_tier, market_size_proxy, signature_moment_flag are agent-inferred proxies per Requirements A.4, not sourced from post-hoc narrative articles (to avoid leakage per Key Focus Area §3)","heuristic based on trophy winners (UCL, World Cup, Euros, Copa) + club prestige tier list operationalized from UEFA coefficient / revenue"
2019,2019,Eden Hazard,Chelsea Real Madrid,,1,3,3,0,,"{""tier"": 1, ""score"": 3, ""matched"": ""Real Madrid"", ""raw"": ""Chelsea Real Madrid""}","club_prestige_tier, market_size_proxy, signature_moment_flag are agent-inferred proxies per Requirements A.4, not sourced from post-hoc narrative articles (to avoid leakage per Key Focus Area §3)","heuristic based on trophy winners (UCL, World Cup, Euros, Copa) + club prestige tier list operationalized from UEFA coefficient / revenue"
2019,2019,Kevin De Bruyne,Manchester City,,1,3,3,0,,"{""tier"": 1, ""score"": 3, ""matched"": ""Manchester City"", ""raw"": ""Manchester City""}","club_prestige_tier, market_size_proxy, signature_moment_flag are agent-inferred proxies per Requirements A.4, not sourced from post-hoc narrative articles (to avoid leakage per Key Focus Area §3)","heuristic based on trophy winners (UCL, World Cup, Euros, Copa) + club prestige tier list operationalized from UEFA coefficient / revenue"
2019,2019,Matthijs de Ligt,Ajax Juventus,,1,3,3,0,,"{""tier"": 1, ""score"": 3, ""matched"": ""Juventus"", ""raw"": ""Ajax Juventus""}","club_prestige_tier, market_size_proxy, signature_moment_flag are agent-inferred proxies per Requirements A.4, not sourced from post-hoc narrative articles (to avoid leakage per Key Focus Area §3)","heuristic based on trophy winners (UCL, World Cup, Euros, Copa) + club prestige tier list operationalized from UEFA coefficient / revenue"
2019,2019,Sergio Agüero,Manchester City,,1,3,3,0,,"{""tier"": 1, ""score"": 3, ""matched"": ""Manchester City"", ""raw"": ""Manchester City""}","club_prestige_tier, market_size_proxy, signature_moment_flag are agent-inferred proxies per Requirements A.4, not sourced from post-hoc narrative articles (to avoid leakage per Key Focus Area §3)","heuristic based on trophy winners (UCL, World Cup, Euros, Copa) + club prestige tier list operationalized from UEFA coefficient / revenue"
2019,2019,Roberto Firmino,Liverpool,,1,3,3,0,,"{""tier"": 1, ""score"": 3, ""matched"": ""Liverpool"", ""raw"": ""Liverpool""}","club_prestige_tier, market_size_proxy, signature_moment_flag are agent-inferred proxies per Requirements A.4, not sourced from post-hoc narrative articles (to avoid leakage per Key Focus Area §3)","heuristic based on trophy winners (UCL, World Cup, Euros, Copa) + club prestige tier list operationalized from UEFA coefficient / revenue"
2019,2019,Antoine Griezmann,Atlético Madrid Barcelona,,1,3,3,0,,"{""tier"": 1, ""score"": 3, ""matched"": ""Barcelona"", ""raw"": ""Atl\u00e9tico Madrid Barcelona""}","club_prestige_tier, market_size_proxy, signature_moment_flag are agent-inferred proxies per Requirements A.4, not sourced from post-hoc narrative articles (to avoid leakage per Key Focus Area §3)","heuristic based on trophy winners (UCL, World Cup, Euros, Copa) + club prestige tier list operationalized from UEFA coefficient / revenue"
2019,2019,Trent Alexander-Arnold,Liverpool,,1,3,3,0,,"{""tier"": 1, ""score"": 3, ""matched"": ""Liverpool"", ""raw"": ""Liverpool""}","club_prestige_tier, market_size_proxy, signature_moment_flag are agent-inferred proxies per Requirements A.4, not sourced from post-hoc narrative articles (to avoid leakage per Key Focus Area §3)","heuristic based on trophy winners (UCL, World Cup, Euros, Copa) + club prestige tier list operationalized from UEFA coefficient / revenue"
2019,2019,Pierre-Emerick Aubameyang,Arsenal,,2,2,2,0,,"{""tier"": 2, ""score"": 2, ""matched"": ""Arsenal"", ""raw"": ""Arsenal""}","club_prestige_tier, market_size_proxy, signature_moment_flag are agent-inferred proxies per Requirements A.4, not sourced from post-hoc narrative articles (to avoid leakage per Key Focus Area §3)","heuristic based on trophy winners (UCL, World Cup, Euros, Copa) + club prestige tier list operationalized from UEFA coefficient / revenue"
2019,2019,Dušan Tadić,Ajax,,2,2,2,0,,"{""tier"": 2, ""score"": 2, ""matched"": ""Ajax"", ""raw"": ""Ajax""}","club_prestige_tier, market_size_proxy, signature_moment_flag are agent-inferred proxies per Requirements A.4, not sourced from post-hoc narrative articles (to avoid leakage per Key Focus Area §3)","heuristic based on trophy winners (UCL, World Cup, Euros, Copa) + club prestige tier list operationalized from UEFA coefficient / revenue"
2019,2019,Son Heung-min,Tottenham Hotspur,,2,2,2,0,,"{""tier"": 2, ""score"": 2, ""matched"": ""Tottenham Hotspur"", ""raw"": ""Tottenham Hotspur""}","club_prestige_tier, market_size_proxy, signature_moment_flag are agent-inferred proxies per Requirements A.4, not sourced from post-hoc narrative articles (to avoid leakage per Key Focus Area §3)","heuristic based on trophy winners (UCL, World Cup, Euros, Copa) + club prestige tier list operationalized from UEFA coefficient / revenue"
2019,2019,Hugo Lloris,Tottenham Hotspur,,2,2,2,0,,"{""tier"": 2, ""score"": 2, ""matched"": ""Tottenham Hotspur"", ""raw"": ""Tottenham Hotspur""}","club_prestige_tier, market_size_proxy, signature_moment_flag are agent-inferred proxies per Requirements A.4, not sourced from post-hoc narrative articles (to avoid leakage per Key Focus Area §3)","heuristic based on trophy winners (UCL, World Cup, Euros, Copa) + club prestige tier list operationalized from UEFA coefficient / revenue"
2019,2019,Kalidou Koulibaly,Napoli,,2,2,2,0,,"{""tier"": 2, ""score"": 2, ""matched"": ""Napoli"", ""raw"": ""Napoli""}","club_prestige_tier, market_size_proxy, signature_moment_flag are agent-inferred proxies per Requirements A.4, not sourced from post-hoc narrative articles (to avoid leakage per Key Focus Area §3)","heuristic based on trophy winners (UCL, World Cup, Euros, Copa) + club prestige tier list operationalized from UEFA coefficient / revenue"
2019,2019,Marc-André ter Stegen,Barcelona,,1,3,3,0,,"{""tier"": 1, ""score"": 3, ""matched"": ""Barcelona"", ""raw"": ""Barcelona""}","club_prestige_tier, market_size_proxy, signature_moment_flag are agent-inferred proxies per Requirements A.4, not sourced from post-hoc narrative articles (to avoid leakage per Key Focus Area §3)","heuristic based on trophy winners (UCL, World Cup, Euros, Copa) + club prestige tier list operationalized from UEFA coefficient / revenue"
2019,2019,Karim Benzema,Real Madrid,,1,3,3,0,,"{""tier"": 1, ""score"": 3, ""matched"": ""Real Madrid"", ""raw"": ""Real Madrid""}","club_prestige_tier, market_size_proxy, signature_moment_flag are agent-inferred proxies per Requirements A.4, not sourced from post-hoc narrative articles (to avoid leakage per Key Focus Area §3)","heuristic based on trophy winners (UCL, World Cup, Euros, Copa) + club prestige tier list operationalized from UEFA coefficient / revenue"
2019,2019,Georginio Wijnaldum,Liverpool,,1,3,3,0,,"{""tier"": 1, ""score"": 3, ""matched"": ""Liverpool"", ""raw"": ""Liverpool""}","club_prestige_tier, market_size_proxy, signature_moment_flag are agent-inferred proxies per Requirements A.4, not sourced from post-hoc narrative articles (to avoid leakage per Key Focus Area §3)","heuristic based on trophy winners (UCL, World Cup, Euros, Copa) + club prestige tier list operationalized from UEFA coefficient / revenue"
2019,2019,João Félix,Benfica Atlético Madrid,,2,2,2,0,,"{""tier"": 2, ""score"": 2, ""matched"": ""Benfica"", ""raw"": ""Benfica Atl\u00e9tico Madrid""}","club_prestige_tier, market_size_proxy, signature_moment_flag are agent-inferred proxies per Requirements A.4, not sourced from post-hoc narrative articles (to avoid leakage per Key Focus Area §3)","heuristic based on trophy winners (UCL, World Cup, Euros, Copa) + club prestige tier list operationalized from UEFA coefficient / revenue"
2019,2019,Marquinhos,Paris Saint-Germain,,1,3,3,0,,"{""tier"": 1, ""score"": 3, ""matched"": ""Paris Saint-Germain"", ""raw"": ""Paris Saint-Germain""}","club_prestige_tier, market_size_proxy, signature_moment_flag are agent-inferred proxies per Requirements A.4, not sourced from post-hoc narrative articles (to avoid leakage per Key Focus Area §3)","heuristic based on trophy winners (UCL, World Cup, Euros, Copa) + club prestige tier list operationalized from UEFA coefficient / revenue"
2019,2019,Donny van de Beek,Ajax,,2,2,2,0,,"{""tier"": 2, ""score"": 2, ""matched"": ""Ajax"", ""raw"": ""Ajax""}","club_prestige_tier, market_size_proxy, signature_moment_flag are agent-inferred proxies per Requirements A.4, not sourced from post-hoc narrative articles (to avoid leakage per Key Focus Area §3)","heuristic based on trophy winners (UCL, World Cup, Euros, Copa) + club prestige tier list operationalized from UEFA coefficient / revenue"
2021,2021,Lionel Messi,Paris Saint-Germain,,1,3,3,0,,"{""tier"": 1, ""score"": 3, ""matched"": ""Paris Saint-Germain"", ""raw"": ""Paris Saint-Germain""}","club_prestige_tier, market_size_proxy, signature_moment_flag are agent-inferred proxies per Requirements A.4, not sourced from post-hoc narrative articles (to avoid leakage per Key Focus Area §3)","heuristic based on trophy winners (UCL, World Cup, Euros, Copa) + club prestige tier list operationalized from UEFA coefficient / revenue"
2021,2021,Robert Lewandowski,Bayern Munich,,1,3,3,0,,"{""tier"": 1, ""score"": 3, ""matched"": ""Bayern Munich"", ""raw"": ""Bayern Munich""}","club_prestige_tier, market_size_proxy, signature_moment_flag are agent-inferred proxies per Requirements A.4, not sourced from post-hoc narrative articles (to avoid leakage per Key Focus Area §3)","heuristic based on trophy winners (UCL, World Cup, Euros, Copa) + club prestige tier list operationalized from UEFA coefficient / revenue"
2021,2021,Jorginho,Chelsea,,1,3,3,0,,"{""tier"": 1, ""score"": 3, ""matched"": ""Chelsea"", ""raw"": ""Chelsea""}","club_prestige_tier, market_size_proxy, signature_moment_flag are agent-inferred proxies per Requirements A.4, not sourced from post-hoc narrative articles (to avoid leakage per Key Focus Area §3)","heuristic based on trophy winners (UCL, World Cup, Euros, Copa) + club prestige tier list operationalized from UEFA coefficient / revenue"
2021,2021,Karim Benzema,Real Madrid,,1,3,3,1,UCL winner 2021 club Real Madrid matches player's club Real Madrid,"{""tier"": 1, ""score"": 3, ""matched"": ""Real Madrid"", ""raw"": ""Real Madrid""}","club_prestige_tier, market_size_proxy, signature_moment_flag are agent-inferred proxies per Requirements A.4, not sourced from post-hoc narrative articles (to avoid leakage per Key Focus Area §3)","heuristic based on trophy winners (UCL, World Cup, Euros, Copa) + club prestige tier list operationalized from UEFA coefficient / revenue"
2021,2021,N'Golo Kanté,Chelsea,,1,3,3,0,,"{""tier"": 1, ""score"": 3, ""matched"": ""Chelsea"", ""raw"": ""Chelsea""}","club_prestige_tier, market_size_proxy, signature_moment_flag are agent-inferred proxies per Requirements A.4, not sourced from post-hoc narrative articles (to avoid leakage per Key Focus Area §3)","heuristic based on trophy winners (UCL, World Cup, Euros, Copa) + club prestige tier list operationalized from UEFA coefficient / revenue"
2021,2021,Cristiano Ronaldo,Manchester United,,1,3,3,0,,"{""tier"": 1, ""score"": 3, ""matched"": ""Manchester United"", ""raw"": ""Manchester United""}","club_prestige_tier, market_size_proxy, signature_moment_flag are agent-inferred proxies per Requirements A.4, not sourced from post-hoc narrative articles (to avoid leakage per Key Focus Area §3)","heuristic based on trophy winners (UCL, World Cup, Euros, Copa) + club prestige tier list operationalized from UEFA coefficient / revenue"
2021,2021,Mohamed Salah,Liverpool,,1,3,3,0,,"{""tier"": 1, ""score"": 3, ""matched"": ""Liverpool"", ""raw"": ""Liverpool""}","club_prestige_tier, market_size_proxy, signature_moment_flag are agent-inferred proxies per Requirements A.4, not sourced from post-hoc narrative articles (to avoid leakage per Key Focus Area §3)","heuristic based on trophy winners (UCL, World Cup, Euros, Copa) + club prestige tier list operationalized from UEFA coefficient / revenue"
2021,2021,Kevin De Bruyne,Manchester City,,1,3,3,0,,"{""tier"": 1, ""score"": 3, ""matched"": ""Manchester City"", ""raw"": ""Manchester City""}","club_prestige_tier, market_size_proxy, signature_moment_flag are agent-inferred proxies per Requirements A.4, not sourced from post-hoc narrative articles (to avoid leakage per Key Focus Area §3)","heuristic based on trophy winners (UCL, World Cup, Euros, Copa) + club prestige tier list operationalized from UEFA coefficient / revenue"
2021,2021,Kylian Mbappé,Paris Saint-Germain,,1,3,3,0,,"{""tier"": 1, ""score"": 3, ""matched"": ""Paris Saint-Germain"", ""raw"": ""Paris Saint-Germain""}","club_prestige_tier, market_size_proxy, signature_moment_flag are agent-inferred proxies per Requirements A.4, not sourced from post-hoc narrative articles (to avoid leakage per Key Focus Area §3)","heuristic based on trophy winners (UCL, World Cup, Euros, Copa) + club prestige tier list operationalized from UEFA coefficient / revenue"
2021,2021,Gianluigi Donnarumma,Paris Saint-Germain,,1,3,3,0,,"{""tier"": 1, ""score"": 3, ""matched"": ""Paris Saint-Germain"", ""raw"": ""Paris Saint-Germain""}","club_prestige_tier, market_size_proxy, signature_moment_flag are agent-inferred proxies per Requirements A.4, not sourced from post-hoc narrative articles (to avoid leakage per Key Focus Area §3)","heuristic based on trophy winners (UCL, World Cup, Euros, Copa) + club prestige tier list operationalized from UEFA coefficient / revenue"
2021,2021,Erling Haaland,Borussia Dortmund,,2,2,2,0,,"{""tier"": 2, ""score"": 2, ""matched"": ""Dortmund"", ""raw"": ""Borussia Dortmund""}","club_prestige_tier, market_size_proxy, signature_moment_flag are agent-inferred proxies per Requirements A.4, not sourced from post-hoc narrative articles (to avoid leakage per Key Focus Area §3)","heuristic based on trophy winners (UCL, World Cup, Euros, Copa) + club prestige tier list operationalized from UEFA coefficient / revenue"
2021,2021,Romelu Lukaku,Chelsea,,1,3,3,0,,"{""tier"": 1, ""score"": 3, ""matched"": ""Chelsea"", ""raw"": ""Chelsea""}","club_prestige_tier, market_size_proxy, signature_moment_flag are agent-inferred proxies per Requirements A.4, not sourced from post-hoc narrative articles (to avoid leakage per Key Focus Area §3)","heuristic based on trophy winners (UCL, World Cup, Euros, Copa) + club prestige tier list operationalized from UEFA coefficient / revenue"
2021,2021,Giorgio Chiellini,Juventus,,1,3,3,0,,"{""tier"": 1, ""score"": 3, ""matched"": ""Juventus"", ""raw"": ""Juventus""}","club_prestige_tier, market_size_proxy, signature_moment_flag are agent-inferred proxies per Requirements A.4, not sourced from post-hoc narrative articles (to avoid leakage per Key Focus Area §3)","heuristic based on trophy winners (UCL, World Cup, Euros, Copa) + club prestige tier list operationalized from UEFA coefficient / revenue"
2021,2021,Leonardo Bonucci,Juventus,,1,3,3,0,,"{""tier"": 1, ""score"": 3, ""matched"": ""Juventus"", ""raw"": ""Juventus""}","club_prestige_tier, market_size_proxy, signature_moment_flag are agent-inferred proxies per Requirements A.4, not sourced from post-hoc narrative articles (to avoid leakage per Key Focus Area §3)","heuristic based on trophy winners (UCL, World Cup, Euros, Copa) + club prestige tier list operationalized from UEFA coefficient / revenue"
2021,2021,Raheem Sterling,Manchester City,,1,3,3,0,,"{""tier"": 1, ""score"": 3, ""matched"": ""Manchester City"", ""raw"": ""Manchester City""}","club_prestige_tier, market_size_proxy, signature_moment_flag are agent-inferred proxies per Requirements A.4, not sourced from post-hoc narrative articles (to avoid leakage per Key Focus Area §3)","heuristic based on trophy winners (UCL, World Cup, Euros, Copa) + club prestige tier list operationalized from UEFA coefficient / revenue"
2021,2021,Neymar,Paris Saint-Germain,,1,3,3,0,,"{""tier"": 1, ""score"": 3, ""matched"": ""Paris Saint-Germain"", ""raw"": ""Paris Saint-Germain""}","club_prestige_tier, market_size_proxy, signature_moment_flag are agent-inferred proxies per Requirements A.4, not sourced from post-hoc narrative articles (to avoid leakage per Key Focus Area §3)","heuristic based on trophy winners (UCL, World Cup, Euros, Copa) + club prestige tier list operationalized from UEFA coefficient / revenue"
2021,2021,Luis Suárez,Atlético Madrid,,2,2,2,0,,"{""tier"": 2, ""score"": 2, ""matched"": ""Atl\u00e9tico Madrid"", ""raw"": ""Atl\u00e9tico Madrid""}","club_prestige_tier, market_size_proxy, signature_moment_flag are agent-inferred proxies per Requirements A.4, not sourced from post-hoc narrative articles (to avoid leakage per Key Focus Area §3)","heuristic based on trophy winners (UCL, World Cup, Euros, Copa) + club prestige tier list operationalized from UEFA coefficient / revenue"
2021,2021,Simon Kjær,Milan,,1,3,3,0,,"{""tier"": 1, ""score"": 3, ""matched"": ""Milan"", ""raw"": ""Milan""}","club_prestige_tier, market_size_proxy, signature_moment_flag are agent-inferred proxies per Requirements A.4, not sourced from post-hoc narrative articles (to avoid leakage per Key Focus Area §3)","heuristic based on trophy winners (UCL, World Cup, Euros, Copa) + club prestige tier list operationalized from UEFA coefficient / revenue"
2021,2021,Mason Mount,Chelsea,,1,3,3,0,,"{""tier"": 1, ""score"": 3, ""matched"": ""Chelsea"", ""raw"": ""Chelsea""}","club_prestige_tier, market_size_proxy, signature_moment_flag are agent-inferred proxies per Requirements A.4, not sourced from post-hoc narrative articles (to avoid leakage per Key Focus Area §3)","heuristic based on trophy winners (UCL, World Cup, Euros, Copa) + club prestige tier list operationalized from UEFA coefficient / revenue"
2021,2021,Riyad Mahrez,Manchester City,,1,3,3,0,,"{""tier"": 1, ""score"": 3, ""matched"": ""Manchester City"", ""raw"": ""Manchester City""}","club_prestige_tier, market_size_proxy, signature_moment_flag are agent-inferred proxies per Requirements A.4, not sourced from post-hoc narrative articles (to avoid leakage per Key Focus Area §3)","heuristic based on trophy winners (UCL, World Cup, Euros, Copa) + club prestige tier list operationalized from UEFA coefficient / revenue"
2021,2021,Bruno Fernandes,Manchester United,,1,3,3,0,,"{""tier"": 1, ""score"": 3, ""matched"": ""Manchester United"", ""raw"": ""Manchester United""}","club_prestige_tier, market_size_proxy, signature_moment_flag are agent-inferred proxies per Requirements A.4, not sourced from post-hoc narrative articles (to avoid leakage per Key Focus Area §3)","heuristic based on trophy winners (UCL, World Cup, Euros, Copa) + club prestige tier list operationalized from UEFA coefficient / revenue"
2021,2021,Lautaro Martínez,Inter Milan,,1,3,3,0,,"{""tier"": 1, ""score"": 3, ""matched"": ""Milan"", ""raw"": ""Inter Milan""}","club_prestige_tier, market_size_proxy, signature_moment_flag are agent-inferred proxies per Requirements A.4, not sourced from post-hoc narrative articles (to avoid leakage per Key Focus Area §3)","heuristic based on trophy winners (UCL, World Cup, Euros, Copa) + club prestige tier list operationalized from UEFA coefficient / revenue"
2021,2021,Harry Kane,Tottenham Hotspur,,2,2,2,0,,"{""tier"": 2, ""score"": 2, ""matched"": ""Tottenham Hotspur"", ""raw"": ""Tottenham Hotspur""}","club_prestige_tier, market_size_proxy, signature_moment_flag are agent-inferred proxies per Requirements A.4, not sourced from post-hoc narrative articles (to avoid leakage per Key Focus Area §3)","heuristic based on trophy winners (UCL, World Cup, Euros, Copa) + club prestige tier list operationalized from UEFA coefficient / revenue"
2021,2021,Pedri,Barcelona,,1,3,3,0,,"{""tier"": 1, ""score"": 3, ""matched"": ""Barcelona"", ""raw"": ""Barcelona""}","club_prestige_tier, market_size_proxy, signature_moment_flag are agent-inferred proxies per Requirements A.4, not sourced from post-hoc narrative articles (to avoid leakage per Key Focus Area §3)","heuristic based on trophy winners (UCL, World Cup, Euros, Copa) + club prestige tier list operationalized from UEFA coefficient / revenue"
2021,2021,Phil Foden,Manchester City,,1,3,3,0,,"{""tier"": 1, ""score"": 3, ""matched"": ""Manchester City"", ""raw"": ""Manchester City""}","club_prestige_tier, market_size_proxy, signature_moment_flag are agent-inferred proxies per Requirements A.4, not sourced from post-hoc narrative articles (to avoid leakage per Key Focus Area §3)","heuristic based on trophy winners (UCL, World Cup, Euros, Copa) + club prestige tier list operationalized from UEFA coefficient / revenue"
2021,2021,Gerard Moreno,Villarreal,,2,2,2,0,,"{""tier"": 2, ""score"": 2, ""matched"": ""Villarreal"", ""raw"": ""Villarreal""}","club_prestige_tier, market_size_proxy, signature_moment_flag are agent-inferred proxies per Requirements A.4, not sourced from post-hoc narrative articles (to avoid leakage per Key Focus Area §3)","heuristic based on trophy winners (UCL, World Cup, Euros, Copa) + club prestige tier list operationalized from UEFA coefficient / revenue"
2021,2021,Nicolò Barella,Inter Milan,,1,3,3,0,,"{""tier"": 1, ""score"": 3, ""matched"": ""Milan"", ""raw"": ""Inter Milan""}","club_prestige_tier, market_size_proxy, signature_moment_flag are agent-inferred proxies per Requirements A.4, not sourced from post-hoc narrative articles (to avoid leakage per Key Focus Area §3)","heuristic based on trophy winners (UCL, World Cup, Euros, Copa) + club prestige tier list operationalized from UEFA coefficient / revenue"
2021,2021,Rúben Dias,Manchester City,,1,3,3,0,,"{""tier"": 1, ""score"": 3, ""matched"": ""Manchester City"", ""raw"": ""Manchester City""}","club_prestige_tier, market_size_proxy, signature_moment_flag are agent-inferred proxies per Requirements A.4, not sourced from post-hoc narrative articles (to avoid leakage per Key Focus Area §3)","heuristic based on trophy winners (UCL, World Cup, Euros, Copa) + club prestige tier list operationalized from UEFA coefficient / revenue"
2021,2021,Luka Modrić,Real Madrid,,1,3,3,1,UCL winner 2021 club Real Madrid matches player's club Real Madrid,"{""tier"": 1, ""score"": 3, ""matched"": ""Real Madrid"", ""raw"": ""Real Madrid""}","club_prestige_tier, market_size_proxy, signature_moment_flag are agent-inferred proxies per Requirements A.4, not sourced from post-hoc narrative articles (to avoid leakage per Key Focus Area §3)","heuristic based on trophy winners (UCL, World Cup, Euros, Copa) + club prestige tier list operationalized from UEFA coefficient / revenue"
2021,2021,Cesar Azpilicueta,Chelsea,,1,3,3,0,,"{""tier"": 1, ""score"": 3, ""matched"": ""Chelsea"", ""raw"": ""Chelsea""}","club_prestige_tier, market_size_proxy, signature_moment_flag are agent-inferred proxies per Requirements A.4, not sourced from post-hoc narrative articles (to avoid leakage per Key Focus Area §3)","heuristic based on trophy winners (UCL, World Cup, Euros, Copa) + club prestige tier list operationalized from UEFA coefficient / revenue"
2022,2022,Karim Benzema,Real Madrid,France,1,3,3,0,,"{""tier"": 1, ""score"": 3, ""matched"": ""Real Madrid"", ""raw"": ""Real Madrid""}","club_prestige_tier, market_size_proxy, signature_moment_flag are agent-inferred proxies per Requirements A.4, not sourced from post-hoc narrative articles (to avoid leakage per Key Focus Area §3)","heuristic based on trophy winners (UCL, World Cup, Euros, Copa) + club prestige tier list operationalized from UEFA coefficient / revenue"
2022,2022,Sadio Mané,Liverpool,Senegal,1,3,3,0,,"{""tier"": 1, ""score"": 3, ""matched"": ""Liverpool"", ""raw"": ""Liverpool""}","club_prestige_tier, market_size_proxy, signature_moment_flag are agent-inferred proxies per Requirements A.4, not sourced from post-hoc narrative articles (to avoid leakage per Key Focus Area §3)","heuristic based on trophy winners (UCL, World Cup, Euros, Copa) + club prestige tier list operationalized from UEFA coefficient / revenue"
2022,2022,Kevin De Bruyne,Manchester City,Belgium,1,3,3,1,UCL winner 2022 club Manchester City matches player's club Manchester City,"{""tier"": 1, ""score"": 3, ""matched"": ""Manchester City"", ""raw"": ""Manchester City""}","club_prestige_tier, market_size_proxy, signature_moment_flag are agent-inferred proxies per Requirements A.4, not sourced from post-hoc narrative articles (to avoid leakage per Key Focus Area §3)","heuristic based on trophy winners (UCL, World Cup, Euros, Copa) + club prestige tier list operationalized from UEFA coefficient / revenue"
2022,2022,Robert Lewandowski,Bayern Munich,Poland,1,3,3,0,,"{""tier"": 1, ""score"": 3, ""matched"": ""Bayern Munich"", ""raw"": ""Bayern Munich""}","club_prestige_tier, market_size_proxy, signature_moment_flag are agent-inferred proxies per Requirements A.4, not sourced from post-hoc narrative articles (to avoid leakage per Key Focus Area §3)","heuristic based on trophy winners (UCL, World Cup, Euros, Copa) + club prestige tier list operationalized from UEFA coefficient / revenue"
2022,2022,Mohamed Salah,Liverpool,Egypt,1,3,3,0,,"{""tier"": 1, ""score"": 3, ""matched"": ""Liverpool"", ""raw"": ""Liverpool""}","club_prestige_tier, market_size_proxy, signature_moment_flag are agent-inferred proxies per Requirements A.4, not sourced from post-hoc narrative articles (to avoid leakage per Key Focus Area §3)","heuristic based on trophy winners (UCL, World Cup, Euros, Copa) + club prestige tier list operationalized from UEFA coefficient / revenue"
2022,2022,Kylian Mbappé,Paris Saint-Germain,France,1,3,3,0,,"{""tier"": 1, ""score"": 3, ""matched"": ""Paris Saint-Germain"", ""raw"": ""Paris Saint-Germain""}","club_prestige_tier, market_size_proxy, signature_moment_flag are agent-inferred proxies per Requirements A.4, not sourced from post-hoc narrative articles (to avoid leakage per Key Focus Area §3)","heuristic based on trophy winners (UCL, World Cup, Euros, Copa) + club prestige tier list operationalized from UEFA coefficient / revenue"
2022,2022,Thibaut Courtois,Real Madrid,Belgium,1,3,3,0,,"{""tier"": 1, ""score"": 3, ""matched"": ""Real Madrid"", ""raw"": ""Real Madrid""}","club_prestige_tier, market_size_proxy, signature_moment_flag are agent-inferred proxies per Requirements A.4, not sourced from post-hoc narrative articles (to avoid leakage per Key Focus Area §3)","heuristic based on trophy winners (UCL, World Cup, Euros, Copa) + club prestige tier list operationalized from UEFA coefficient / revenue"
2022,2022,Vinícius Júnior,Real Madrid,Brazil,1,3,3,0,,"{""tier"": 1, ""score"": 3, ""matched"": ""Real Madrid"", ""raw"": ""Real Madrid""}","club_prestige_tier, market_size_proxy, signature_moment_flag are agent-inferred proxies per Requirements A.4, not sourced from post-hoc narrative articles (to avoid leakage per Key Focus Area §3)","heuristic based on trophy winners (UCL, World Cup, Euros, Copa) + club prestige tier list operationalized from UEFA coefficient / revenue"
2022,2022,Luka Modrić,Real Madrid,Croatia,1,3,3,0,,"{""tier"": 1, ""score"": 3, ""matched"": ""Real Madrid"", ""raw"": ""Real Madrid""}","club_prestige_tier, market_size_proxy, signature_moment_flag are agent-inferred proxies per Requirements A.4, not sourced from post-hoc narrative articles (to avoid leakage per Key Focus Area §3)","heuristic based on trophy winners (UCL, World Cup, Euros, Copa) + club prestige tier list operationalized from UEFA coefficient / revenue"
2022,2022,Erling Haaland,Borussia Dortmund,Norway,2,2,2,0,,"{""tier"": 2, ""score"": 2, ""matched"": ""Dortmund"", ""raw"": ""Borussia Dortmund""}","club_prestige_tier, market_size_proxy, signature_moment_flag are agent-inferred proxies per Requirements A.4, not sourced from post-hoc narrative articles (to avoid leakage per Key Focus Area §3)","heuristic based on trophy winners (UCL, World Cup, Euros, Copa) + club prestige tier list operationalized from UEFA coefficient / revenue"
2022,2022,Son Heung-min,Tottenham Hotspur,South Korea,2,2,2,0,,"{""tier"": 2, ""score"": 2, ""matched"": ""Tottenham Hotspur"", ""raw"": ""Tottenham Hotspur""}","club_prestige_tier, market_size_proxy, signature_moment_flag are agent-inferred proxies per Requirements A.4, not sourced from post-hoc narrative articles (to avoid leakage per Key Focus Area §3)","heuristic based on trophy winners (UCL, World Cup, Euros, Copa) + club prestige tier list operationalized from UEFA coefficient / revenue"
2022,2022,Riyad Mahrez,Manchester City,Algeria,1,3,3,1,UCL winner 2022 club Manchester City matches player's club Manchester City,"{""tier"": 1, ""score"": 3, ""matched"": ""Manchester City"", ""raw"": ""Manchester City""}","club_prestige_tier, market_size_proxy, signature_moment_flag are agent-inferred proxies per Requirements A.4, not sourced from post-hoc narrative articles (to avoid leakage per Key Focus Area §3)","heuristic based on trophy winners (UCL, World Cup, Euros, Copa) + club prestige tier list operationalized from UEFA coefficient / revenue"
2022,2022,Sébastien Haller,Ajax,Ivory Coast,2,2,2,0,,"{""tier"": 2, ""score"": 2, ""matched"": ""Ajax"", ""raw"": ""Ajax""}","club_prestige_tier, market_size_proxy, signature_moment_flag are agent-inferred proxies per Requirements A.4, not sourced from post-hoc narrative articles (to avoid leakage per Key Focus Area §3)","heuristic based on trophy winners (UCL, World Cup, Euros, Copa) + club prestige tier list operationalized from UEFA coefficient / revenue"
2022,2022,Fabinho,Liverpool,Brazil,1,3,3,0,,"{""tier"": 1, ""score"": 3, ""matched"": ""Liverpool"", ""raw"": ""Liverpool""}","club_prestige_tier, market_size_proxy, signature_moment_flag are agent-inferred proxies per Requirements A.4, not sourced from post-hoc narrative articles (to avoid leakage per Key Focus Area §3)","heuristic based on trophy winners (UCL, World Cup, Euros, Copa) + club prestige tier list operationalized from UEFA coefficient / revenue"
2022,2022,Rafael Leão,AC Milan,Portugal,1,3,3,0,,"{""tier"": 1, ""score"": 3, ""matched"": ""Milan"", ""raw"": ""AC Milan""}","club_prestige_tier, market_size_proxy, signature_moment_flag are agent-inferred proxies per Requirements A.4, not sourced from post-hoc narrative articles (to avoid leakage per Key Focus Area §3)","heuristic based on trophy winners (UCL, World Cup, Euros, Copa) + club prestige tier list operationalized from UEFA coefficient / revenue"
2022,2022,Virgil van Dijk,Liverpool,Netherlands,1,3,3,0,,"{""tier"": 1, ""score"": 3, ""matched"": ""Liverpool"", ""raw"": ""Liverpool""}","club_prestige_tier, market_size_proxy, signature_moment_flag are agent-inferred proxies per Requirements A.4, not sourced from post-hoc narrative articles (to avoid leakage per Key Focus Area §3)","heuristic based on trophy winners (UCL, World Cup, Euros, Copa) + club prestige tier list operationalized from UEFA coefficient / revenue"
2022,2022,Casemiro,Real Madrid,Brazil,1,3,3,0,,"{""tier"": 1, ""score"": 3, ""matched"": ""Real Madrid"", ""raw"": ""Real Madrid""}","club_prestige_tier, market_size_proxy, signature_moment_flag are agent-inferred proxies per Requirements A.4, not sourced from post-hoc narrative articles (to avoid leakage per Key Focus Area §3)","heuristic based on trophy winners (UCL, World Cup, Euros, Copa) + club prestige tier list operationalized from UEFA coefficient / revenue"
2022,2022,Luis Díaz,Liverpool,Colombia,1,3,3,0,,"{""tier"": 1, ""score"": 3, ""matched"": ""Liverpool"", ""raw"": ""Liverpool""}","club_prestige_tier, market_size_proxy, signature_moment_flag are agent-inferred proxies per Requirements A.4, not sourced from post-hoc narrative articles (to avoid leakage per Key Focus Area §3)","heuristic based on trophy winners (UCL, World Cup, Euros, Copa) + club prestige tier list operationalized from UEFA coefficient / revenue"
2022,2022,Dušan Vlahović,Juventus,Serbia,1,3,3,0,,"{""tier"": 1, ""score"": 3, ""matched"": ""Juventus"", ""raw"": ""Juventus""}","club_prestige_tier, market_size_proxy, signature_moment_flag are agent-inferred proxies per Requirements A.4, not sourced from post-hoc narrative articles (to avoid leakage per Key Focus Area §3)","heuristic based on trophy winners (UCL, World Cup, Euros, Copa) + club prestige tier list operationalized from UEFA coefficient / revenue"
2022,2022,Cristiano Ronaldo,Manchester United,Portugal,1,3,3,0,,"{""tier"": 1, ""score"": 3, ""matched"": ""Manchester United"", ""raw"": ""Manchester United""}","club_prestige_tier, market_size_proxy, signature_moment_flag are agent-inferred proxies per Requirements A.4, not sourced from post-hoc narrative articles (to avoid leakage per Key Focus Area §3)","heuristic based on trophy winners (UCL, World Cup, Euros, Copa) + club prestige tier list operationalized from UEFA coefficient / revenue"
2022,2022,Harry Kane,Tottenham Hotspur,England,2,2,2,0,,"{""tier"": 2, ""score"": 2, ""matched"": ""Tottenham Hotspur"", ""raw"": ""Tottenham Hotspur""}","club_prestige_tier, market_size_proxy, signature_moment_flag are agent-inferred proxies per Requirements A.4, not sourced from post-hoc narrative articles (to avoid leakage per Key Focus Area §3)","heuristic based on trophy winners (UCL, World Cup, Euros, Copa) + club prestige tier list operationalized from UEFA coefficient / revenue"
2022,2022,Trent Alexander-Arnold,Liverpool,England,1,3,3,0,,"{""tier"": 1, ""score"": 3, ""matched"": ""Liverpool"", ""raw"": ""Liverpool""}","club_prestige_tier, market_size_proxy, signature_moment_flag are agent-inferred proxies per Requirements A.4, not sourced from post-hoc narrative articles (to avoid leakage per Key Focus Area §3)","heuristic based on trophy winners (UCL, World Cup, Euros, Copa) + club prestige tier list operationalized from UEFA coefficient / revenue"
2022,2022,Phil Foden,Manchester City,England,1,3,3,1,UCL winner 2022 club Manchester City matches player's club Manchester City,"{""tier"": 1, ""score"": 3, ""matched"": ""Manchester City"", ""raw"": ""Manchester City""}","club_prestige_tier, market_size_proxy, signature_moment_flag are agent-inferred proxies per Requirements A.4, not sourced from post-hoc narrative articles (to avoid leakage per Key Focus Area §3)","heuristic based on trophy winners (UCL, World Cup, Euros, Copa) + club prestige tier list operationalized from UEFA coefficient / revenue"
2022,2022,Bernardo Silva,Manchester City,Portugal,1,3,3,1,UCL winner 2022 club Manchester City matches player's club Manchester City,"{""tier"": 1, ""score"": 3, ""matched"": ""Manchester City"", ""raw"": ""Manchester City""}","club_prestige_tier, market_size_proxy, signature_moment_flag are agent-inferred proxies per Requirements A.4, not sourced from post-hoc narrative articles (to avoid leakage per Key Focus Area §3)","heuristic based on trophy winners (UCL, World Cup, Euros, Copa) + club prestige tier list operationalized from UEFA coefficient / revenue"
2022,2022,João Cancelo,Manchester City,Portugal,1,3,3,1,UCL winner 2022 club Manchester City matches player's club Manchester City,"{""tier"": 1, ""score"": 3, ""matched"": ""Manchester City"", ""raw"": ""Manchester City""}","club_prestige_tier, market_size_proxy, signature_moment_flag are agent-inferred proxies per Requirements A.4, not sourced from post-hoc narrative articles (to avoid leakage per Key Focus Area §3)","heuristic based on trophy winners (UCL, World Cup, Euros, Copa) + club prestige tier list operationalized from UEFA coefficient / revenue"
2022,2022,Joshua Kimmich,Bayern Munich,Germany,1,3,3,0,,"{""tier"": 1, ""score"": 3, ""matched"": ""Bayern Munich"", ""raw"": ""Bayern Munich""}","club_prestige_tier, market_size_proxy, signature_moment_flag are agent-inferred proxies per Requirements A.4, not sourced from post-hoc narrative articles (to avoid leakage per Key Focus Area §3)","heuristic based on trophy winners (UCL, World Cup, Euros, Copa) + club prestige tier list operationalized from UEFA coefficient / revenue"
2022,2022,Mike Maignan,AC Milan,France,1,3,3,0,,"{""tier"": 1, ""score"": 3, ""matched"": ""Milan"", ""raw"": ""AC Milan""}","club_prestige_tier, market_size_proxy, signature_moment_flag are agent-inferred proxies per Requirements A.4, not sourced from post-hoc narrative articles (to avoid leakage per Key Focus Area §3)","heuristic based on trophy winners (UCL, World Cup, Euros, Copa) + club prestige tier list operationalized from UEFA coefficient / revenue"
2022,2022,Christopher Nkunku,RB Leipzig,France,2,2,2,0,,"{""tier"": 2, ""score"": 2, ""matched"": ""RB Leipzig"", ""raw"": ""RB Leipzig""}","club_prestige_tier, market_size_proxy, signature_moment_flag are agent-inferred proxies per Requirements A.4, not sourced from post-hoc narrative articles (to avoid leakage per Key Focus Area §3)","heuristic based on trophy winners (UCL, World Cup, Euros, Copa) + club prestige tier list operationalized from UEFA coefficient / revenue"
2022,2022,Darwin Núñez,Benfica,Uruguay,2,2,2,0,,"{""tier"": 2, ""score"": 2, ""matched"": ""Benfica"", ""raw"": ""Benfica""}","club_prestige_tier, market_size_proxy, signature_moment_flag are agent-inferred proxies per Requirements A.4, not sourced from post-hoc narrative articles (to avoid leakage per Key Focus Area §3)","heuristic based on trophy winners (UCL, World Cup, Euros, Copa) + club prestige tier list operationalized from UEFA coefficient / revenue"
2022,2022,Antonio Rüdiger,Chelsea,Germany,1,3,3,0,,"{""tier"": 1, ""score"": 3, ""matched"": ""Chelsea"", ""raw"": ""Chelsea""}","club_prestige_tier, market_size_proxy, signature_moment_flag are agent-inferred proxies per Requirements A.4, not sourced from post-hoc narrative articles (to avoid leakage per Key Focus Area §3)","heuristic based on trophy winners (UCL, World Cup, Euros, Copa) + club prestige tier list operationalized from UEFA coefficient / revenue"
2023,2023,Lionel Messi,Inter Miami,Argentina,1,3,3,0,,"{""tier"": 1, ""score"": 3, ""matched"": ""Inter"", ""raw"": ""Inter Miami""}","club_prestige_tier, market_size_proxy, signature_moment_flag are agent-inferred proxies per Requirements A.4, not sourced from post-hoc narrative articles (to avoid leakage per Key Focus Area §3)","heuristic based on trophy winners (UCL, World Cup, Euros, Copa) + club prestige tier list operationalized from UEFA coefficient / revenue"
2023,2023,Erling Haaland,Manchester City,Norway,1,3,3,0,,"{""tier"": 1, ""score"": 3, ""matched"": ""Manchester City"", ""raw"": ""Manchester City""}","club_prestige_tier, market_size_proxy, signature_moment_flag are agent-inferred proxies per Requirements A.4, not sourced from post-hoc narrative articles (to avoid leakage per Key Focus Area §3)","heuristic based on trophy winners (UCL, World Cup, Euros, Copa) + club prestige tier list operationalized from UEFA coefficient / revenue"
2023,2023,Kylian Mbappé,Paris Saint-Germain,France,1,3,3,0,,"{""tier"": 1, ""score"": 3, ""matched"": ""Paris Saint-Germain"", ""raw"": ""Paris Saint-Germain""}","club_prestige_tier, market_size_proxy, signature_moment_flag are agent-inferred proxies per Requirements A.4, not sourced from post-hoc narrative articles (to avoid leakage per Key Focus Area §3)","heuristic based on trophy winners (UCL, World Cup, Euros, Copa) + club prestige tier list operationalized from UEFA coefficient / revenue"
2023,2023,Kevin De Bruyne,Manchester City,Belgium,1,3,3,0,,"{""tier"": 1, ""score"": 3, ""matched"": ""Manchester City"", ""raw"": ""Manchester City""}","club_prestige_tier, market_size_proxy, signature_moment_flag are agent-inferred proxies per Requirements A.4, not sourced from post-hoc narrative articles (to avoid leakage per Key Focus Area §3)","heuristic based on trophy winners (UCL, World Cup, Euros, Copa) + club prestige tier list operationalized from UEFA coefficient / revenue"
2023,2023,Rodri,Manchester City,Spain,1,3,3,0,,"{""tier"": 1, ""score"": 3, ""matched"": ""Manchester City"", ""raw"": ""Manchester City""}","club_prestige_tier, market_size_proxy, signature_moment_flag are agent-inferred proxies per Requirements A.4, not sourced from post-hoc narrative articles (to avoid leakage per Key Focus Area §3)","heuristic based on trophy winners (UCL, World Cup, Euros, Copa) + club prestige tier list operationalized from UEFA coefficient / revenue"
2023,2023,Vinícius Júnior,Real Madrid,Brazil,1,3,3,1,UCL winner 2023 club Real Madrid matches player's club Real Madrid,"{""tier"": 1, ""score"": 3, ""matched"": ""Real Madrid"", ""raw"": ""Real Madrid""}","club_prestige_tier, market_size_proxy, signature_moment_flag are agent-inferred proxies per Requirements A.4, not sourced from post-hoc narrative articles (to avoid leakage per Key Focus Area §3)","heuristic based on trophy winners (UCL, World Cup, Euros, Copa) + club prestige tier list operationalized from UEFA coefficient / revenue"
2023,2023,Julián Álvarez,Manchester City,Argentina,1,3,3,0,,"{""tier"": 1, ""score"": 3, ""matched"": ""Manchester City"", ""raw"": ""Manchester City""}","club_prestige_tier, market_size_proxy, signature_moment_flag are agent-inferred proxies per Requirements A.4, not sourced from post-hoc narrative articles (to avoid leakage per Key Focus Area §3)","heuristic based on trophy winners (UCL, World Cup, Euros, Copa) + club prestige tier list operationalized from UEFA coefficient / revenue"
2023,2023,Victor Osimhen,Napoli,Nigeria,2,2,2,0,,"{""tier"": 2, ""score"": 2, ""matched"": ""Napoli"", ""raw"": ""Napoli""}","club_prestige_tier, market_size_proxy, signature_moment_flag are agent-inferred proxies per Requirements A.4, not sourced from post-hoc narrative articles (to avoid leakage per Key Focus Area §3)","heuristic based on trophy winners (UCL, World Cup, Euros, Copa) + club prestige tier list operationalized from UEFA coefficient / revenue"
2023,2023,Bernardo Silva,Manchester City,Portugal,1,3,3,0,,"{""tier"": 1, ""score"": 3, ""matched"": ""Manchester City"", ""raw"": ""Manchester City""}","club_prestige_tier, market_size_proxy, signature_moment_flag are agent-inferred proxies per Requirements A.4, not sourced from post-hoc narrative articles (to avoid leakage per Key Focus Area §3)","heuristic based on trophy winners (UCL, World Cup, Euros, Copa) + club prestige tier list operationalized from UEFA coefficient / revenue"
2023,2023,Luka Modrić,Real Madrid,Croatia,1,3,3,1,UCL winner 2023 club Real Madrid matches player's club Real Madrid,"{""tier"": 1, ""score"": 3, ""matched"": ""Real Madrid"", ""raw"": ""Real Madrid""}","club_prestige_tier, market_size_proxy, signature_moment_flag are agent-inferred proxies per Requirements A.4, not sourced from post-hoc narrative articles (to avoid leakage per Key Focus Area §3)","heuristic based on trophy winners (UCL, World Cup, Euros, Copa) + club prestige tier list operationalized from UEFA coefficient / revenue"
2023,2023,Mohamed Salah,Liverpool,Egypt,1,3,3,0,,"{""tier"": 1, ""score"": 3, ""matched"": ""Liverpool"", ""raw"": ""Liverpool""}","club_prestige_tier, market_size_proxy, signature_moment_flag are agent-inferred proxies per Requirements A.4, not sourced from post-hoc narrative articles (to avoid leakage per Key Focus Area §3)","heuristic based on trophy winners (UCL, World Cup, Euros, Copa) + club prestige tier list operationalized from UEFA coefficient / revenue"
2023,2023,Robert Lewandowski,Barcelona,Poland,1,3,3,0,,"{""tier"": 1, ""score"": 3, ""matched"": ""Barcelona"", ""raw"": ""Barcelona""}","club_prestige_tier, market_size_proxy, signature_moment_flag are agent-inferred proxies per Requirements A.4, not sourced from post-hoc narrative articles (to avoid leakage per Key Focus Area §3)","heuristic based on trophy winners (UCL, World Cup, Euros, Copa) + club prestige tier list operationalized from UEFA coefficient / revenue"
2023,2023,Yassine Bounou,Sevilla,Morocco,2,2,2,0,,"{""tier"": 2, ""score"": 2, ""matched"": ""Sevilla"", ""raw"": ""Sevilla""}","club_prestige_tier, market_size_proxy, signature_moment_flag are agent-inferred proxies per Requirements A.4, not sourced from post-hoc narrative articles (to avoid leakage per Key Focus Area §3)","heuristic based on trophy winners (UCL, World Cup, Euros, Copa) + club prestige tier list operationalized from UEFA coefficient / revenue"
2023,2023,İlkay Gündoğan,Manchester City,Germany,1,3,3,0,,"{""tier"": 1, ""score"": 3, ""matched"": ""Manchester City"", ""raw"": ""Manchester City""}","club_prestige_tier, market_size_proxy, signature_moment_flag are agent-inferred proxies per Requirements A.4, not sourced from post-hoc narrative articles (to avoid leakage per Key Focus Area §3)","heuristic based on trophy winners (UCL, World Cup, Euros, Copa) + club prestige tier list operationalized from UEFA coefficient / revenue"
2023,2023,Emiliano Martínez,Aston Villa,Argentina,2,2,2,0,,"{""tier"": 2, ""score"": 2, ""matched"": ""Aston Villa"", ""raw"": ""Aston Villa""}","club_prestige_tier, market_size_proxy, signature_moment_flag are agent-inferred proxies per Requirements A.4, not sourced from post-hoc narrative articles (to avoid leakage per Key Focus Area §3)","heuristic based on trophy winners (UCL, World Cup, Euros, Copa) + club prestige tier list operationalized from UEFA coefficient / revenue"
2023,2023,Karim Benzema,Real Madrid,France,1,3,3,1,UCL winner 2023 club Real Madrid matches player's club Real Madrid,"{""tier"": 1, ""score"": 3, ""matched"": ""Real Madrid"", ""raw"": ""Real Madrid""}","club_prestige_tier, market_size_proxy, signature_moment_flag are agent-inferred proxies per Requirements A.4, not sourced from post-hoc narrative articles (to avoid leakage per Key Focus Area §3)","heuristic based on trophy winners (UCL, World Cup, Euros, Copa) + club prestige tier list operationalized from UEFA coefficient / revenue"
2023,2023,Khvicha Kvaratskhelia,Napoli,Georgia,2,2,2,0,,"{""tier"": 2, ""score"": 2, ""matched"": ""Napoli"", ""raw"": ""Napoli""}","club_prestige_tier, market_size_proxy, signature_moment_flag are agent-inferred proxies per Requirements A.4, not sourced from post-hoc narrative articles (to avoid leakage per Key Focus Area §3)","heuristic based on trophy winners (UCL, World Cup, Euros, Copa) + club prestige tier list operationalized from UEFA coefficient / revenue"
2023,2023,Jude Bellingham,Borussia Dortmund,England,2,2,2,0,,"{""tier"": 2, ""score"": 2, ""matched"": ""Dortmund"", ""raw"": ""Borussia Dortmund""}","club_prestige_tier, market_size_proxy, signature_moment_flag are agent-inferred proxies per Requirements A.4, not sourced from post-hoc narrative articles (to avoid leakage per Key Focus Area §3)","heuristic based on trophy winners (UCL, World Cup, Euros, Copa) + club prestige tier list operationalized from UEFA coefficient / revenue"
2023,2023,Harry Kane,Tottenham Hotspur,England,2,2,2,0,,"{""tier"": 2, ""score"": 2, ""matched"": ""Tottenham Hotspur"", ""raw"": ""Tottenham Hotspur""}","club_prestige_tier, market_size_proxy, signature_moment_flag are agent-inferred proxies per Requirements A.4, not sourced from post-hoc narrative articles (to avoid leakage per Key Focus Area §3)","heuristic based on trophy winners (UCL, World Cup, Euros, Copa) + club prestige tier list operationalized from UEFA coefficient / revenue"
2023,2023,Lautaro Martínez,Inter Milan,Argentina,1,3,3,0,,"{""tier"": 1, ""score"": 3, ""matched"": ""Milan"", ""raw"": ""Inter Milan""}","club_prestige_tier, market_size_proxy, signature_moment_flag are agent-inferred proxies per Requirements A.4, not sourced from post-hoc narrative articles (to avoid leakage per Key Focus Area §3)","heuristic based on trophy winners (UCL, World Cup, Euros, Copa) + club prestige tier list operationalized from UEFA coefficient / revenue"
2023,2023,Antoine Griezmann,Atlético Madrid,France,2,2,2,0,,"{""tier"": 2, ""score"": 2, ""matched"": ""Atl\u00e9tico Madrid"", ""raw"": ""Atl\u00e9tico Madrid""}","club_prestige_tier, market_size_proxy, signature_moment_flag are agent-inferred proxies per Requirements A.4, not sourced from post-hoc narrative articles (to avoid leakage per Key Focus Area §3)","heuristic based on trophy winners (UCL, World Cup, Euros, Copa) + club prestige tier list operationalized from UEFA coefficient / revenue"
2023,2023,Kim Min-jae,Napoli,South Korea,2,2,2,0,,"{""tier"": 2, ""score"": 2, ""matched"": ""Napoli"", ""raw"": ""Napoli""}","club_prestige_tier, market_size_proxy, signature_moment_flag are agent-inferred proxies per Requirements A.4, not sourced from post-hoc narrative articles (to avoid leakage per Key Focus Area §3)","heuristic based on trophy winners (UCL, World Cup, Euros, Copa) + club prestige tier list operationalized from UEFA coefficient / revenue"
2023,2023,André Onana,Inter Milan,Cameroon,1,3,3,0,,"{""tier"": 1, ""score"": 3, ""matched"": ""Milan"", ""raw"": ""Inter Milan""}","club_prestige_tier, market_size_proxy, signature_moment_flag are agent-inferred proxies per Requirements A.4, not sourced from post-hoc narrative articles (to avoid leakage per Key Focus Area §3)","heuristic based on trophy winners (UCL, World Cup, Euros, Copa) + club prestige tier list operationalized from UEFA coefficient / revenue"
2023,2023,Bukayo Saka,Arsenal,England,2,2,2,0,,"{""tier"": 2, ""score"": 2, ""matched"": ""Arsenal"", ""raw"": ""Arsenal""}","club_prestige_tier, market_size_proxy, signature_moment_flag are agent-inferred proxies per Requirements A.4, not sourced from post-hoc narrative articles (to avoid leakage per Key Focus Area §3)","heuristic based on trophy winners (UCL, World Cup, Euros, Copa) + club prestige tier list operationalized from UEFA coefficient / revenue"
2023,2023,Joško Gvardiol,RB Leipzig,Croatia,2,2,2,0,,"{""tier"": 2, ""score"": 2, ""matched"": ""RB Leipzig"", ""raw"": ""RB Leipzig""}","club_prestige_tier, market_size_proxy, signature_moment_flag are agent-inferred proxies per Requirements A.4, not sourced from post-hoc narrative articles (to avoid leakage per Key Focus Area §3)","heuristic based on trophy winners (UCL, World Cup, Euros, Copa) + club prestige tier list operationalized from UEFA coefficient / revenue"
2023,2023,Jamal Musiala,Bayern Munich,Germany,1,3,3,0,,"{""tier"": 1, ""score"": 3, ""matched"": ""Bayern Munich"", ""raw"": ""Bayern Munich""}","club_prestige_tier, market_size_proxy, signature_moment_flag are agent-inferred proxies per Requirements A.4, not sourced from post-hoc narrative articles (to avoid leakage per Key Focus Area §3)","heuristic based on trophy winners (UCL, World Cup, Euros, Copa) + club prestige tier list operationalized from UEFA coefficient / revenue"
2023,2023,Nicolò Barella,Inter Milan,Italy,1,3,3,0,,"{""tier"": 1, ""score"": 3, ""matched"": ""Milan"", ""raw"": ""Inter Milan""}","club_prestige_tier, market_size_proxy, signature_moment_flag are agent-inferred proxies per Requirements A.4, not sourced from post-hoc narrative articles (to avoid leakage per Key Focus Area §3)","heuristic based on trophy winners (UCL, World Cup, Euros, Copa) + club prestige tier list operationalized from UEFA coefficient / revenue"
2023,2023,Randal Kolo Muani,Eintracht Frankfurt,France,3,1,1,0,,"{""tier"": 3, ""score"": 1, ""matched"": ""other"", ""raw"": ""Eintracht Frankfurt""}","club_prestige_tier, market_size_proxy, signature_moment_flag are agent-inferred proxies per Requirements A.4, not sourced from post-hoc narrative articles (to avoid leakage per Key Focus Area §3)","heuristic based on trophy winners (UCL, World Cup, Euros, Copa) + club prestige tier list operationalized from UEFA coefficient / revenue"
2023,2023,Martin Ødegaard,Arsenal,Norway,2,2,2,0,,"{""tier"": 2, ""score"": 2, ""matched"": ""Arsenal"", ""raw"": ""Arsenal""}","club_prestige_tier, market_size_proxy, signature_moment_flag are agent-inferred proxies per Requirements A.4, not sourced from post-hoc narrative articles (to avoid leakage per Key Focus Area §3)","heuristic based on trophy winners (UCL, World Cup, Euros, Copa) + club prestige tier list operationalized from UEFA coefficient / revenue"
2023,2023,Rúben Dias,Manchester City,Portugal,1,3,3,0,,"{""tier"": 1, ""score"": 3, ""matched"": ""Manchester City"", ""raw"": ""Manchester City""}","club_prestige_tier, market_size_proxy, signature_moment_flag are agent-inferred proxies per Requirements A.4, not sourced from post-hoc narrative articles (to avoid leakage per Key Focus Area §3)","heuristic based on trophy winners (UCL, World Cup, Euros, Copa) + club prestige tier list operationalized from UEFA coefficient / revenue"
2024,2024,Rodri,Manchester City,Spain,1,3,3,1,Euros winner 2024 country Spain matches player's nation Spain,"{""tier"": 1, ""score"": 3, ""matched"": ""Manchester City"", ""raw"": ""Manchester City""}","club_prestige_tier, market_size_proxy, signature_moment_flag are agent-inferred proxies per Requirements A.4, not sourced from post-hoc narrative articles (to avoid leakage per Key Focus Area §3)","heuristic based on trophy winners (UCL, World Cup, Euros, Copa) + club prestige tier list operationalized from UEFA coefficient / revenue"
2024,2024,Vinícius Júnior,Real Madrid,Brazil,1,3,3,0,,"{""tier"": 1, ""score"": 3, ""matched"": ""Real Madrid"", ""raw"": ""Real Madrid""}","club_prestige_tier, market_size_proxy, signature_moment_flag are agent-inferred proxies per Requirements A.4, not sourced from post-hoc narrative articles (to avoid leakage per Key Focus Area §3)","heuristic based on trophy winners (UCL, World Cup, Euros, Copa) + club prestige tier list operationalized from UEFA coefficient / revenue"
2024,2024,Jude Bellingham,Real Madrid,England,1,3,3,0,,"{""tier"": 1, ""score"": 3, ""matched"": ""Real Madrid"", ""raw"": ""Real Madrid""}","club_prestige_tier, market_size_proxy, signature_moment_flag are agent-inferred proxies per Requirements A.4, not sourced from post-hoc narrative articles (to avoid leakage per Key Focus Area §3)","heuristic based on trophy winners (UCL, World Cup, Euros, Copa) + club prestige tier list operationalized from UEFA coefficient / revenue"
2024,2024,Dani Carvajal,Real Madrid,Spain,1,3,3,1,Euros winner 2024 country Spain matches player's nation Spain,"{""tier"": 1, ""score"": 3, ""matched"": ""Real Madrid"", ""raw"": ""Real Madrid""}","club_prestige_tier, market_size_proxy, signature_moment_flag are agent-inferred proxies per Requirements A.4, not sourced from post-hoc narrative articles (to avoid leakage per Key Focus Area §3)","heuristic based on trophy winners (UCL, World Cup, Euros, Copa) + club prestige tier list operationalized from UEFA coefficient / revenue"
2024,2024,Erling Haaland,Manchester City,Norway,1,3,3,0,,"{""tier"": 1, ""score"": 3, ""matched"": ""Manchester City"", ""raw"": ""Manchester City""}","club_prestige_tier, market_size_proxy, signature_moment_flag are agent-inferred proxies per Requirements A.4, not sourced from post-hoc narrative articles (to avoid leakage per Key Focus Area §3)","heuristic based on trophy winners (UCL, World Cup, Euros, Copa) + club prestige tier list operationalized from UEFA coefficient / revenue"
2024,2024,Kylian Mbappé,Paris Saint-Germain,France,1,3,3,1,UCL winner 2024 club Paris Saint-Germain matches player's club Paris Saint-Germain,"{""tier"": 1, ""score"": 3, ""matched"": ""Paris Saint-Germain"", ""raw"": ""Paris Saint-Germain""}","club_prestige_tier, market_size_proxy, signature_moment_flag are agent-inferred proxies per Requirements A.4, not sourced from post-hoc narrative articles (to avoid leakage per Key Focus Area §3)","heuristic based on trophy winners (UCL, World Cup, Euros, Copa) + club prestige tier list operationalized from UEFA coefficient / revenue"
2024,2024,Lautaro Martínez,Inter Milan,Argentina,1,3,3,1,CopaAmerica winner 2024 country Argentina matches player's nation Argentina,"{""tier"": 1, ""score"": 3, ""matched"": ""Milan"", ""raw"": ""Inter Milan""}","club_prestige_tier, market_size_proxy, signature_moment_flag are agent-inferred proxies per Requirements A.4, not sourced from post-hoc narrative articles (to avoid leakage per Key Focus Area §3)","heuristic based on trophy winners (UCL, World Cup, Euros, Copa) + club prestige tier list operationalized from UEFA coefficient / revenue"
2024,2024,Lamine Yamal,Barcelona,Spain,1,3,3,1,Euros winner 2024 country Spain matches player's nation Spain,"{""tier"": 1, ""score"": 3, ""matched"": ""Barcelona"", ""raw"": ""Barcelona""}","club_prestige_tier, market_size_proxy, signature_moment_flag are agent-inferred proxies per Requirements A.4, not sourced from post-hoc narrative articles (to avoid leakage per Key Focus Area §3)","heuristic based on trophy winners (UCL, World Cup, Euros, Copa) + club prestige tier list operationalized from UEFA coefficient / revenue"
2024,2024,Toni Kroos,Real Madrid,Germany,1,3,3,0,,"{""tier"": 1, ""score"": 3, ""matched"": ""Real Madrid"", ""raw"": ""Real Madrid""}","club_prestige_tier, market_size_proxy, signature_moment_flag are agent-inferred proxies per Requirements A.4, not sourced from post-hoc narrative articles (to avoid leakage per Key Focus Area §3)","heuristic based on trophy winners (UCL, World Cup, Euros, Copa) + club prestige tier list operationalized from UEFA coefficient / revenue"
2024,2024,Harry Kane,Bayern Munich,England,1,3,3,0,,"{""tier"": 1, ""score"": 3, ""matched"": ""Bayern Munich"", ""raw"": ""Bayern Munich""}","club_prestige_tier, market_size_proxy, signature_moment_flag are agent-inferred proxies per Requirements A.4, not sourced from post-hoc narrative articles (to avoid leakage per Key Focus Area §3)","heuristic based on trophy winners (UCL, World Cup, Euros, Copa) + club prestige tier list operationalized from UEFA coefficient / revenue"
2024,2024,Phil Foden,Manchester City,England,1,3,3,0,,"{""tier"": 1, ""score"": 3, ""matched"": ""Manchester City"", ""raw"": ""Manchester City""}","club_prestige_tier, market_size_proxy, signature_moment_flag are agent-inferred proxies per Requirements A.4, not sourced from post-hoc narrative articles (to avoid leakage per Key Focus Area §3)","heuristic based on trophy winners (UCL, World Cup, Euros, Copa) + club prestige tier list operationalized from UEFA coefficient / revenue"
2024,2024,Florian Wirtz,Bayer Leverkusen,Germany,2,2,2,0,,"{""tier"": 2, ""score"": 2, ""matched"": ""Bayer Leverkusen"", ""raw"": ""Bayer Leverkusen""}","club_prestige_tier, market_size_proxy, signature_moment_flag are agent-inferred proxies per Requirements A.4, not sourced from post-hoc narrative articles (to avoid leakage per Key Focus Area §3)","heuristic based on trophy winners (UCL, World Cup, Euros, Copa) + club prestige tier list operationalized from UEFA coefficient / revenue"
2024,2024,Dani Olmo,RB Leipzig,Spain,2,2,2,1,Euros winner 2024 country Spain matches player's nation Spain,"{""tier"": 2, ""score"": 2, ""matched"": ""RB Leipzig"", ""raw"": ""RB Leipzig""}","club_prestige_tier, market_size_proxy, signature_moment_flag are agent-inferred proxies per Requirements A.4, not sourced from post-hoc narrative articles (to avoid leakage per Key Focus Area §3)","heuristic based on trophy winners (UCL, World Cup, Euros, Copa) + club prestige tier list operationalized from UEFA coefficient / revenue"
2024,2024,Ademola Lookman,Atalanta,Nigeria,2,2,2,0,,"{""tier"": 2, ""score"": 2, ""matched"": ""Atalanta"", ""raw"": ""Atalanta""}","club_prestige_tier, market_size_proxy, signature_moment_flag are agent-inferred proxies per Requirements A.4, not sourced from post-hoc narrative articles (to avoid leakage per Key Focus Area §3)","heuristic based on trophy winners (UCL, World Cup, Euros, Copa) + club prestige tier list operationalized from UEFA coefficient / revenue"
2024,2024,Nico Williams,Athletic Bilbao,Spain,3,1,1,1,Euros winner 2024 country Spain matches player's nation Spain,"{""tier"": 3, ""score"": 1, ""matched"": ""other"", ""raw"": ""Athletic Bilbao""}","club_prestige_tier, market_size_proxy, signature_moment_flag are agent-inferred proxies per Requirements A.4, not sourced from post-hoc narrative articles (to avoid leakage per Key Focus Area §3)","heuristic based on trophy winners (UCL, World Cup, Euros, Copa) + club prestige tier list operationalized from UEFA coefficient / revenue"
2024,2024,Granit Xhaka,Bayer Leverkusen,Switzerland,2,2,2,0,,"{""tier"": 2, ""score"": 2, ""matched"": ""Bayer Leverkusen"", ""raw"": ""Bayer Leverkusen""}","club_prestige_tier, market_size_proxy, signature_moment_flag are agent-inferred proxies per Requirements A.4, not sourced from post-hoc narrative articles (to avoid leakage per Key Focus Area §3)","heuristic based on trophy winners (UCL, World Cup, Euros, Copa) + club prestige tier list operationalized from UEFA coefficient / revenue"
2024,2024,Federico Valverde,Real Madrid,Uruguay,1,3,3,0,,"{""tier"": 1, ""score"": 3, ""matched"": ""Real Madrid"", ""raw"": ""Real Madrid""}","club_prestige_tier, market_size_proxy, signature_moment_flag are agent-inferred proxies per Requirements A.4, not sourced from post-hoc narrative articles (to avoid leakage per Key Focus Area §3)","heuristic based on trophy winners (UCL, World Cup, Euros, Copa) + club prestige tier list operationalized from UEFA coefficient / revenue"
2024,2024,Emiliano Martínez,Aston Villa,Argentina,2,2,2,1,CopaAmerica winner 2024 country Argentina matches player's nation Argentina,"{""tier"": 2, ""score"": 2, ""matched"": ""Aston Villa"", ""raw"": ""Aston Villa""}","club_prestige_tier, market_size_proxy, signature_moment_flag are agent-inferred proxies per Requirements A.4, not sourced from post-hoc narrative articles (to avoid leakage per Key Focus Area §3)","heuristic based on trophy winners (UCL, World Cup, Euros, Copa) + club prestige tier list operationalized from UEFA coefficient / revenue"
2024,2024,Martin Ødegaard,Arsenal,Norway,2,2,2,0,,"{""tier"": 2, ""score"": 2, ""matched"": ""Arsenal"", ""raw"": ""Arsenal""}","club_prestige_tier, market_size_proxy, signature_moment_flag are agent-inferred proxies per Requirements A.4, not sourced from post-hoc narrative articles (to avoid leakage per Key Focus Area §3)","heuristic based on trophy winners (UCL, World Cup, Euros, Copa) + club prestige tier list operationalized from UEFA coefficient / revenue"
2024,2024,Hakan Çalhanoğlu,Inter Milan,Turkey,1,3,3,0,,"{""tier"": 1, ""score"": 3, ""matched"": ""Milan"", ""raw"": ""Inter Milan""}","club_prestige_tier, market_size_proxy, signature_moment_flag are agent-inferred proxies per Requirements A.4, not sourced from post-hoc narrative articles (to avoid leakage per Key Focus Area §3)","heuristic based on trophy winners (UCL, World Cup, Euros, Copa) + club prestige tier list operationalized from UEFA coefficient / revenue"
2024,2024,Bukayo Saka,Arsenal,England,2,2,2,0,,"{""tier"": 2, ""score"": 2, ""matched"": ""Arsenal"", ""raw"": ""Arsenal""}","club_prestige_tier, market_size_proxy, signature_moment_flag are agent-inferred proxies per Requirements A.4, not sourced from post-hoc narrative articles (to avoid leakage per Key Focus Area §3)","heuristic based on trophy winners (UCL, World Cup, Euros, Copa) + club prestige tier list operationalized from UEFA coefficient / revenue"
2024,2024,Antonio Rüdiger,Real Madrid,Germany,1,3,3,0,,"{""tier"": 1, ""score"": 3, ""matched"": ""Real Madrid"", ""raw"": ""Real Madrid""}","club_prestige_tier, market_size_proxy, signature_moment_flag are agent-inferred proxies per Requirements A.4, not sourced from post-hoc narrative articles (to avoid leakage per Key Focus Area §3)","heuristic based on trophy winners (UCL, World Cup, Euros, Copa) + club prestige tier list operationalized from UEFA coefficient / revenue"
2024,2024,Rúben Dias,Manchester City,Portugal,1,3,3,0,,"{""tier"": 1, ""score"": 3, ""matched"": ""Manchester City"", ""raw"": ""Manchester City""}","club_prestige_tier, market_size_proxy, signature_moment_flag are agent-inferred proxies per Requirements A.4, not sourced from post-hoc narrative articles (to avoid leakage per Key Focus Area §3)","heuristic based on trophy winners (UCL, World Cup, Euros, Copa) + club prestige tier list operationalized from UEFA coefficient / revenue"
2024,2024,William Saliba,Arsenal,France,2,2,2,0,,"{""tier"": 2, ""score"": 2, ""matched"": ""Arsenal"", ""raw"": ""Arsenal""}","club_prestige_tier, market_size_proxy, signature_moment_flag are agent-inferred proxies per Requirements A.4, not sourced from post-hoc narrative articles (to avoid leakage per Key Focus Area §3)","heuristic based on trophy winners (UCL, World Cup, Euros, Copa) + club prestige tier list operationalized from UEFA coefficient / revenue"
2024,2024,Cole Palmer,Chelsea,England,1,3,3,0,,"{""tier"": 1, ""score"": 3, ""matched"": ""Chelsea"", ""raw"": ""Chelsea""}","club_prestige_tier, market_size_proxy, signature_moment_flag are agent-inferred proxies per Requirements A.4, not sourced from post-hoc narrative articles (to avoid leakage per Key Focus Area §3)","heuristic based on trophy winners (UCL, World Cup, Euros, Copa) + club prestige tier list operationalized from UEFA coefficient / revenue"
2024,2024,Declan Rice,Arsenal,England,2,2,2,0,,"{""tier"": 2, ""score"": 2, ""matched"": ""Arsenal"", ""raw"": ""Arsenal""}","club_prestige_tier, market_size_proxy, signature_moment_flag are agent-inferred proxies per Requirements A.4, not sourced from post-hoc narrative articles (to avoid leakage per Key Focus Area §3)","heuristic based on trophy winners (UCL, World Cup, Euros, Copa) + club prestige tier list operationalized from UEFA coefficient / revenue"
2024,2024,Vitinha,Paris Saint-Germain,Portugal,1,3,3,1,UCL winner 2024 club Paris Saint-Germain matches player's club Paris Saint-Germain,"{""tier"": 1, ""score"": 3, ""matched"": ""Paris Saint-Germain"", ""raw"": ""Paris Saint-Germain""}","club_prestige_tier, market_size_proxy, signature_moment_flag are agent-inferred proxies per Requirements A.4, not sourced from post-hoc narrative articles (to avoid leakage per Key Focus Area §3)","heuristic based on trophy winners (UCL, World Cup, Euros, Copa) + club prestige tier list operationalized from UEFA coefficient / revenue"
2024,2024,Álex Grimaldo,Bayer Leverkusen,Spain,2,2,2,1,Euros winner 2024 country Spain matches player's nation Spain,"{""tier"": 2, ""score"": 2, ""matched"": ""Bayer Leverkusen"", ""raw"": ""Bayer Leverkusen""}","club_prestige_tier, market_size_proxy, signature_moment_flag are agent-inferred proxies per Requirements A.4, not sourced from post-hoc narrative articles (to avoid leakage per Key Focus Area §3)","heuristic based on trophy winners (UCL, World Cup, Euros, Copa) + club prestige tier list operationalized from UEFA coefficient / revenue"
2024,2024,Artem Dovbyk,Girona,Ukraine,3,1,1,0,,"{""tier"": 3, ""score"": 1, ""matched"": ""other"", ""raw"": ""Girona""}","club_prestige_tier, market_size_proxy, signature_moment_flag are agent-inferred proxies per Requirements A.4, not sourced from post-hoc narrative articles (to avoid leakage per Key Focus Area §3)","heuristic based on trophy winners (UCL, World Cup, Euros, Copa) + club prestige tier list operationalized from UEFA coefficient / revenue"
2024,2024,Mats Hummels,Borussia Dortmund,Germany,2,2,2,0,,"{""tier"": 2, ""score"": 2, ""matched"": ""Dortmund"", ""raw"": ""Borussia Dortmund""}","club_prestige_tier, market_size_proxy, signature_moment_flag are agent-inferred proxies per Requirements A.4, not sourced from post-hoc narrative articles (to avoid leakage per Key Focus Area §3)","heuristic based on trophy winners (UCL, World Cup, Euros, Copa) + club prestige tier list operationalized from UEFA coefficient / revenue"
2025,2025,Ousmane Dembélé,Paris Saint-Germain,France,1,3,3,1,UCL winner 2025 club Paris Saint-Germain matches player's club Paris Saint-Germain,"{""tier"": 1, ""score"": 3, ""matched"": ""Paris Saint-Germain"", ""raw"": ""Paris Saint-Germain""}","club_prestige_tier, market_size_proxy, signature_moment_flag are agent-inferred proxies per Requirements A.4, not sourced from post-hoc narrative articles (to avoid leakage per Key Focus Area §3)","heuristic based on trophy winners (UCL, World Cup, Euros, Copa) + club prestige tier list operationalized from UEFA coefficient / revenue"
2025,2025,Lamine Yamal,Barcelona,Spain,1,3,3,0,,"{""tier"": 1, ""score"": 3, ""matched"": ""Barcelona"", ""raw"": ""Barcelona""}","club_prestige_tier, market_size_proxy, signature_moment_flag are agent-inferred proxies per Requirements A.4, not sourced from post-hoc narrative articles (to avoid leakage per Key Focus Area §3)","heuristic based on trophy winners (UCL, World Cup, Euros, Copa) + club prestige tier list operationalized from UEFA coefficient / revenue"
2025,2025,Vitinha,Paris Saint-Germain,Portugal,1,3,3,1,UCL winner 2025 club Paris Saint-Germain matches player's club Paris Saint-Germain,"{""tier"": 1, ""score"": 3, ""matched"": ""Paris Saint-Germain"", ""raw"": ""Paris Saint-Germain""}","club_prestige_tier, market_size_proxy, signature_moment_flag are agent-inferred proxies per Requirements A.4, not sourced from post-hoc narrative articles (to avoid leakage per Key Focus Area §3)","heuristic based on trophy winners (UCL, World Cup, Euros, Copa) + club prestige tier list operationalized from UEFA coefficient / revenue"
2025,2025,Mohamed Salah,Liverpool,Egypt,1,3,3,0,,"{""tier"": 1, ""score"": 3, ""matched"": ""Liverpool"", ""raw"": ""Liverpool""}","club_prestige_tier, market_size_proxy, signature_moment_flag are agent-inferred proxies per Requirements A.4, not sourced from post-hoc narrative articles (to avoid leakage per Key Focus Area §3)","heuristic based on trophy winners (UCL, World Cup, Euros, Copa) + club prestige tier list operationalized from UEFA coefficient / revenue"
2025,2025,Raphinha,Barcelona,Brazil,1,3,3,0,,"{""tier"": 1, ""score"": 3, ""matched"": ""Barcelona"", ""raw"": ""Barcelona""}","club_prestige_tier, market_size_proxy, signature_moment_flag are agent-inferred proxies per Requirements A.4, not sourced from post-hoc narrative articles (to avoid leakage per Key Focus Area §3)","heuristic based on trophy winners (UCL, World Cup, Euros, Copa) + club prestige tier list operationalized from UEFA coefficient / revenue"
2025,2025,Achraf Hakimi,Paris Saint-Germain,Morocco,1,3,3,1,UCL winner 2025 club Paris Saint-Germain matches player's club Paris Saint-Germain,"{""tier"": 1, ""score"": 3, ""matched"": ""Paris Saint-Germain"", ""raw"": ""Paris Saint-Germain""}","club_prestige_tier, market_size_proxy, signature_moment_flag are agent-inferred proxies per Requirements A.4, not sourced from post-hoc narrative articles (to avoid leakage per Key Focus Area §3)","heuristic based on trophy winners (UCL, World Cup, Euros, Copa) + club prestige tier list operationalized from UEFA coefficient / revenue"
2025,2025,Kylian Mbappé,Real Madrid,France,1,3,3,0,,"{""tier"": 1, ""score"": 3, ""matched"": ""Real Madrid"", ""raw"": ""Real Madrid""}","club_prestige_tier, market_size_proxy, signature_moment_flag are agent-inferred proxies per Requirements A.4, not sourced from post-hoc narrative articles (to avoid leakage per Key Focus Area §3)","heuristic based on trophy winners (UCL, World Cup, Euros, Copa) + club prestige tier list operationalized from UEFA coefficient / revenue"
2025,2025,Cole Palmer,Chelsea,England,1,3,3,0,,"{""tier"": 1, ""score"": 3, ""matched"": ""Chelsea"", ""raw"": ""Chelsea""}","club_prestige_tier, market_size_proxy, signature_moment_flag are agent-inferred proxies per Requirements A.4, not sourced from post-hoc narrative articles (to avoid leakage per Key Focus Area §3)","heuristic based on trophy winners (UCL, World Cup, Euros, Copa) + club prestige tier list operationalized from UEFA coefficient / revenue"
2025,2025,Gianluigi Donnarumma,Paris Saint-Germain,Italy,1,3,3,1,UCL winner 2025 club Paris Saint-Germain matches player's club Paris Saint-Germain,"{""tier"": 1, ""score"": 3, ""matched"": ""Paris Saint-Germain"", ""raw"": ""Paris Saint-Germain""}","club_prestige_tier, market_size_proxy, signature_moment_flag are agent-inferred proxies per Requirements A.4, not sourced from post-hoc narrative articles (to avoid leakage per Key Focus Area §3)","heuristic based on trophy winners (UCL, World Cup, Euros, Copa) + club prestige tier list operationalized from UEFA coefficient / revenue"
2025,2025,Nuno Mendes,Paris Saint-Germain,Portugal,1,3,3,1,UCL winner 2025 club Paris Saint-Germain matches player's club Paris Saint-Germain,"{""tier"": 1, ""score"": 3, ""matched"": ""Paris Saint-Germain"", ""raw"": ""Paris Saint-Germain""}","club_prestige_tier, market_size_proxy, signature_moment_flag are agent-inferred proxies per Requirements A.4, not sourced from post-hoc narrative articles (to avoid leakage per Key Focus Area §3)","heuristic based on trophy winners (UCL, World Cup, Euros, Copa) + club prestige tier list operationalized from UEFA coefficient / revenue"
2025,2025,Pedri,Barcelona,Spain,1,3,3,0,,"{""tier"": 1, ""score"": 3, ""matched"": ""Barcelona"", ""raw"": ""Barcelona""}","club_prestige_tier, market_size_proxy, signature_moment_flag are agent-inferred proxies per Requirements A.4, not sourced from post-hoc narrative articles (to avoid leakage per Key Focus Area §3)","heuristic based on trophy winners (UCL, World Cup, Euros, Copa) + club prestige tier list operationalized from UEFA coefficient / revenue"
2025,2025,Khvicha Kvaratskhelia,Napoli Paris Saint-Germain,Georgia,1,3,3,1,UCL winner 2025 club Paris Saint-Germain matches player's club Napoli Paris Saint-Germain,"{""tier"": 1, ""score"": 3, ""matched"": ""Paris Saint-Germain"", ""raw"": ""Napoli Paris Saint-Germain""}","club_prestige_tier, market_size_proxy, signature_moment_flag are agent-inferred proxies per Requirements A.4, not sourced from post-hoc narrative articles (to avoid leakage per Key Focus Area §3)","heuristic based on trophy winners (UCL, World Cup, Euros, Copa) + club prestige tier list operationalized from UEFA coefficient / revenue"
2025,2025,Harry Kane,Bayern Munich,England,1,3,3,0,,"{""tier"": 1, ""score"": 3, ""matched"": ""Bayern Munich"", ""raw"": ""Bayern Munich""}","club_prestige_tier, market_size_proxy, signature_moment_flag are agent-inferred proxies per Requirements A.4, not sourced from post-hoc narrative articles (to avoid leakage per Key Focus Area §3)","heuristic based on trophy winners (UCL, World Cup, Euros, Copa) + club prestige tier list operationalized from UEFA coefficient / revenue"
2025,2025,Désiré Doué,Paris Saint-Germain,France,1,3,3,1,UCL winner 2025 club Paris Saint-Germain matches player's club Paris Saint-Germain,"{""tier"": 1, ""score"": 3, ""matched"": ""Paris Saint-Germain"", ""raw"": ""Paris Saint-Germain""}","club_prestige_tier, market_size_proxy, signature_moment_flag are agent-inferred proxies per Requirements A.4, not sourced from post-hoc narrative articles (to avoid leakage per Key Focus Area §3)","heuristic based on trophy winners (UCL, World Cup, Euros, Copa) + club prestige tier list operationalized from UEFA coefficient / revenue"
2025,2025,Viktor Gyökeres,Sporting CP,Sweden,2,2,2,0,,"{""tier"": 2, ""score"": 2, ""matched"": ""Sporting"", ""raw"": ""Sporting CP""}","club_prestige_tier, market_size_proxy, signature_moment_flag are agent-inferred proxies per Requirements A.4, not sourced from post-hoc narrative articles (to avoid leakage per Key Focus Area §3)","heuristic based on trophy winners (UCL, World Cup, Euros, Copa) + club prestige tier list operationalized from UEFA coefficient / revenue"
2025,2025,Vinícius Júnior,Real Madrid,Brazil,1,3,3,0,,"{""tier"": 1, ""score"": 3, ""matched"": ""Real Madrid"", ""raw"": ""Real Madrid""}","club_prestige_tier, market_size_proxy, signature_moment_flag are agent-inferred proxies per Requirements A.4, not sourced from post-hoc narrative articles (to avoid leakage per Key Focus Area §3)","heuristic based on trophy winners (UCL, World Cup, Euros, Copa) + club prestige tier list operationalized from UEFA coefficient / revenue"
2025,2025,Robert Lewandowski,Barcelona,Poland,1,3,3,0,,"{""tier"": 1, ""score"": 3, ""matched"": ""Barcelona"", ""raw"": ""Barcelona""}","club_prestige_tier, market_size_proxy, signature_moment_flag are agent-inferred proxies per Requirements A.4, not sourced from post-hoc narrative articles (to avoid leakage per Key Focus Area §3)","heuristic based on trophy winners (UCL, World Cup, Euros, Copa) + club prestige tier list operationalized from UEFA coefficient / revenue"
2025,2025,Scott McTominay,Manchester United Napoli,Scotland,1,3,3,0,,"{""tier"": 1, ""score"": 3, ""matched"": ""Manchester United"", ""raw"": ""Manchester United Napoli""}","club_prestige_tier, market_size_proxy, signature_moment_flag are agent-inferred proxies per Requirements A.4, not sourced from post-hoc narrative articles (to avoid leakage per Key Focus Area §3)","heuristic based on trophy winners (UCL, World Cup, Euros, Copa) + club prestige tier list operationalized from UEFA coefficient / revenue"
2025,2025,João Neves,Paris Saint-Germain,Portugal,1,3,3,1,UCL winner 2025 club Paris Saint-Germain matches player's club Paris Saint-Germain,"{""tier"": 1, ""score"": 3, ""matched"": ""Paris Saint-Germain"", ""raw"": ""Paris Saint-Germain""}","club_prestige_tier, market_size_proxy, signature_moment_flag are agent-inferred proxies per Requirements A.4, not sourced from post-hoc narrative articles (to avoid leakage per Key Focus Area §3)","heuristic based on trophy winners (UCL, World Cup, Euros, Copa) + club prestige tier list operationalized from UEFA coefficient / revenue"
2025,2025,Lautaro Martínez,Inter Milan,Argentina,1,3,3,0,,"{""tier"": 1, ""score"": 3, ""matched"": ""Milan"", ""raw"": ""Inter Milan""}","club_prestige_tier, market_size_proxy, signature_moment_flag are agent-inferred proxies per Requirements A.4, not sourced from post-hoc narrative articles (to avoid leakage per Key Focus Area §3)","heuristic based on trophy winners (UCL, World Cup, Euros, Copa) + club prestige tier list operationalized from UEFA coefficient / revenue"
2025,2025,Serhou Guirassy,Borussia Dortmund,Guinea,2,2,2,0,,"{""tier"": 2, ""score"": 2, ""matched"": ""Dortmund"", ""raw"": ""Borussia Dortmund""}","club_prestige_tier, market_size_proxy, signature_moment_flag are agent-inferred proxies per Requirements A.4, not sourced from post-hoc narrative articles (to avoid leakage per Key Focus Area §3)","heuristic based on trophy winners (UCL, World Cup, Euros, Copa) + club prestige tier list operationalized from UEFA coefficient / revenue"
2025,2025,Alexis Mac Allister,Liverpool,Argentina,1,3,3,0,,"{""tier"": 1, ""score"": 3, ""matched"": ""Liverpool"", ""raw"": ""Liverpool""}","club_prestige_tier, market_size_proxy, signature_moment_flag are agent-inferred proxies per Requirements A.4, not sourced from post-hoc narrative articles (to avoid leakage per Key Focus Area §3)","heuristic based on trophy winners (UCL, World Cup, Euros, Copa) + club prestige tier list operationalized from UEFA coefficient / revenue"
2025,2025,Jude Bellingham,Real Madrid,England,1,3,3,0,,"{""tier"": 1, ""score"": 3, ""matched"": ""Real Madrid"", ""raw"": ""Real Madrid""}","club_prestige_tier, market_size_proxy, signature_moment_flag are agent-inferred proxies per Requirements A.4, not sourced from post-hoc narrative articles (to avoid leakage per Key Focus Area §3)","heuristic based on trophy winners (UCL, World Cup, Euros, Copa) + club prestige tier list operationalized from UEFA coefficient / revenue"
2025,2025,Fabián Ruiz,Paris Saint-Germain,Spain,1,3,3,1,UCL winner 2025 club Paris Saint-Germain matches player's club Paris Saint-Germain,"{""tier"": 1, ""score"": 3, ""matched"": ""Paris Saint-Germain"", ""raw"": ""Paris Saint-Germain""}","club_prestige_tier, market_size_proxy, signature_moment_flag are agent-inferred proxies per Requirements A.4, not sourced from post-hoc narrative articles (to avoid leakage per Key Focus Area §3)","heuristic based on trophy winners (UCL, World Cup, Euros, Copa) + club prestige tier list operationalized from UEFA coefficient / revenue"
2025,2025,Denzel Dumfries,Inter Milan,Netherlands,1,3,3,0,,"{""tier"": 1, ""score"": 3, ""matched"": ""Milan"", ""raw"": ""Inter Milan""}","club_prestige_tier, market_size_proxy, signature_moment_flag are agent-inferred proxies per Requirements A.4, not sourced from post-hoc narrative articles (to avoid leakage per Key Focus Area §3)","heuristic based on trophy winners (UCL, World Cup, Euros, Copa) + club prestige tier list operationalized from UEFA coefficient / revenue"
2025,2025,Erling Haaland,Manchester City,Norway,1,3,3,0,,"{""tier"": 1, ""score"": 3, ""matched"": ""Manchester City"", ""raw"": ""Manchester City""}","club_prestige_tier, market_size_proxy, signature_moment_flag are agent-inferred proxies per Requirements A.4, not sourced from post-hoc narrative articles (to avoid leakage per Key Focus Area §3)","heuristic based on trophy winners (UCL, World Cup, Euros, Copa) + club prestige tier list operationalized from UEFA coefficient / revenue"
2025,2025,Declan Rice,Arsenal,England,2,2,2,0,,"{""tier"": 2, ""score"": 2, ""matched"": ""Arsenal"", ""raw"": ""Arsenal""}","club_prestige_tier, market_size_proxy, signature_moment_flag are agent-inferred proxies per Requirements A.4, not sourced from post-hoc narrative articles (to avoid leakage per Key Focus Area §3)","heuristic based on trophy winners (UCL, World Cup, Euros, Copa) + club prestige tier list operationalized from UEFA coefficient / revenue"
2025,2025,Virgil van Dijk,Liverpool,Netherlands,1,3,3,0,,"{""tier"": 1, ""score"": 3, ""matched"": ""Liverpool"", ""raw"": ""Liverpool""}","club_prestige_tier, market_size_proxy, signature_moment_flag are agent-inferred proxies per Requirements A.4, not sourced from post-hoc narrative articles (to avoid leakage per Key Focus Area §3)","heuristic based on trophy winners (UCL, World Cup, Euros, Copa) + club prestige tier list operationalized from UEFA coefficient / revenue"
2025,2025,Florian Wirtz,Bayer Leverkusen,Germany,2,2,2,0,,"{""tier"": 2, ""score"": 2, ""matched"": ""Bayer Leverkusen"", ""raw"": ""Bayer Leverkusen""}","club_prestige_tier, market_size_proxy, signature_moment_flag are agent-inferred proxies per Requirements A.4, not sourced from post-hoc narrative articles (to avoid leakage per Key Focus Area §3)","heuristic based on trophy winners (UCL, World Cup, Euros, Copa) + club prestige tier list operationalized from UEFA coefficient / revenue"
2025,2025,Michael Olise,Bayern Munich,France,1,3,3,0,,"{""tier"": 1, ""score"": 3, ""matched"": ""Bayern Munich"", ""raw"": ""Bayern Munich""}","club_prestige_tier, market_size_proxy, signature_moment_flag are agent-inferred proxies per Requirements A.4, not sourced from post-hoc narrative articles (to avoid leakage per Key Focus Area §3)","heuristic based on trophy winners (UCL, World Cup, Euros, Copa) + club prestige tier list operationalized from UEFA coefficient / revenue"
